/* Generated by tools/mkassets.py. Do not edit by hand. */
#include "lvgl.h"

static const uint8_t app_icon_games_map[] = {
    0x00,0x00,0x00,0x00,0x00,0x00,0x00,0x00,0x00,0x00,0x00,0x00,0x00,0x00,0x00,0x00,
    0x00,0x00,0x00,0x00,0x00,0x00,0x00,0x00,0x00,0x00,0x00,0x00,0x00,0x00,0x00,0x00,
    0x00,0x00,0x00,0x00,0x00,0x00,0x00,0x00,0x00,0x00,0x00,0x00,0x00,0x00,0x00,0x00,
    0x00,0x00,0x00,0x00,0x00,0x00,0x00,0x00,0x00,0x00,0x00,0x00,0x00,0x00,0x00,0x00,
    0x00,0x00,0x00,0x00,0x00,0x00,0x00,0x00,0xA3,0x08,0xA4,0x10,0xA3,0x10,0xA3,0x10,
    0xA3,0x10,0xA4,0x10,0xA4,0x10,0xA3,0x10,0xA4,0x10,0xA4,0x10,0xA3,0x10,0xA4,0x10,
    0xA4,0x10,0xA3,0x10,0xA3,0x10,0xA3,0x10,0xA4,0x10,0xA3,0x08,0x00,0x00,0x00,0x00,
    0x00,0x00,0x00,0x00,0x00,0x00,0x00,0x00,0x00,0x00,0x00,0x00,0x00,0x00,0x00,0x00,
    0x00,0x00,0x00,0x00,0x00,0x00,0x00,0x00,0x00,0x00,0x00,0x00,0x00,0x00,0x00,0x00,
    0x00,0x00,0x00,0x00,0x00,0x00,0x00,0x00,0x00,0x00,0x00,0x00,0x00,0x00,0x00,0x00,
    0x00,0x00,0x00,0x00,0x00,0x00,0x00,0x00,0x00,0x00,0x00,0x00,0x00,0x00,0x00,0x00,
    0x00,0x00,0x00,0x00,0x00,0x00,0x00,0x00,0x00,0x00,0x00,0x00,0x00,0x00,0x00,0x00,
    0x00,0x00,0x00,0x00,0x00,0x00,0x00,0x00,0x00,0x00,0x00,0x00,0x00,0x00,0x00,0x00,
    0x00,0x00,0x00,0x00,0x00,0x00,0x00,0x00,0x00,0x00,0x00,0x00,0x00,0x00,0x00,0x00,
    0x00,0x00,0x00,0x00,0x00,0x00,0x00,0x00,0x00,0x00,0x00,0x00,0x00,0x00,0x00,0x00,
    0x00,0x00,0xE3,0x18,0xA4,0x10,0xA4,0x10,0xA3,0x10,0xA4,0x10,0xA4,0x10,0xA4,0x10,
    0xA4,0x10,0xA4,0x10,0xA4,0x10,0xA4,0x10,0xA4,0x10,0xA4,0x10,0xA4,0x10,0xA4,0x10,
    0xA4,0x10,0xA4,0x10,0xA4,0x10,0xA4,0x10,0xA4,0x10,0xA4,0x10,0xA4,0x10,0xA4,0x10,
    0xA4,0x10,0xA3,0x10,0xA4,0x10,0xA4,0x10,0xE3,0x18,0x00,0x00,0x00,0x00,0x00,0x00,
    0x00,0x00,0x00,0x00,0x00,0x00,0x00,0x00,0x00,0x00,0x00,0x00,0x00,0x00,0x00,0x00,
    0x00,0x00,0x00,0x00,0x00,0x00,0x00,0x00,0x00,0x00,0x00,0x00,0x00,0x00,0x00,0x00,
    0x00,0x00,0x00,0x00,0x00,0x00,0x00,0x00,0x00,0x00,0x00,0x00,0x00,0x00,0x00,0x00,
    0x00,0x00,0x00,0x00,0x00,0x00,0x00,0x00,0x00,0x00,0x00,0x00,0x00,0x00,0x00,0x00,
    0x00,0x00,0x00,0x00,0x00,0x00,0x00,0x00,0x00,0x00,0x00,0x00,0x00,0x00,0x00,0x00,
    0x00,0x00,0x00,0x00,0x00,0x00,0x00,0x00,0x00,0x00,0x00,0x00,0x00,0x00,0x00,0x00,
    0x00,0x00,0x00,0x00,0x00,0x00,0x00,0x00,0x00,0x00,0x00,0x00,0x00,0x00,0x00,0x00,
    0x00,0x00,0xA4,0x10,0xA4,0x10,0xA3,0x10,0xA4,0x10,0xA4,0x10,0xA4,0x10,0xA4,0x10,
    0xA4,0x10,0xA4,0x10,0xA4,0x10,0xA4,0x10,0xA4,0x10,0xA4,0x10,0xA4,0x10,0xA4,0x10,
    0xA4,0x10,0xA4,0x10,0xA4,0x10,0xA4,0x10,0xA4,0x10,0xA4,0x10,0xA4,0x10,0xA4,0x10,
    0xA4,0x10,0xA4,0x10,0xA4,0x10,0xA4,0x10,0xA4,0x10,0xA4,0x10,0xA3,0x10,0xA4,0x10,
    0xA4,0x10,0x00,0x00,0x00,0x00,0x00,0x00,0x00,0x00,0x00,0x00,0x00,0x00,0x00,0x00,
    0x00,0x00,0x00,0x00,0x00,0x00,0x00,0x00,0x00,0x00,0x00,0x00,0x00,0x00,0x00,0x00,
    0x00,0x00,0x00,0x00,0x00,0x00,0x00,0x00,0x00,0x00,0x00,0x00,0x00,0x00,0x00,0x00,
    0x00,0x00,0x00,0x00,0x00,0x00,0x00,0x00,0x00,0x00,0x00,0x00,0x00,0x00,0x00,0x00,
    0x00,0x00,0x00,0x00,0x00,0x00,0x00,0x00,0x00,0x00,0x00,0x00,0x00,0x00,0x00,0x00,
    0x00,0x00,0x00,0x00,0x00,0x00,0x00,0x00,0x00,0x00,0x00,0x00,0x00,0x00,0x00,0x00,
    0x00,0x00,0x00,0x00,0x00,0x00,0x00,0x00,0x00,0x00,0x00,0x00,0x00,0x00,0x00,0x00,
    0xA2,0x10,0xA4,0x10,0xA4,0x10,0xA4,0x10,0xA4,0x10,0xA4,0x10,0xA4,0x10,0xA4,0x10,
    0xA4,0x10,0xA4,0x10,0xA4,0x10,0xA4,0x10,0xA4,0x10,0xA4,0x10,0xA4,0x10,0xA4,0x10,
    0xA4,0x10,0xA4,0x10,0xA4,0x10,0xA4,0x10,0xA4,0x10,0xA4,0x10,0xA4,0x10,0xA4,0x10,
    0xA4,0x10,0xA4,0x10,0xA4,0x10,0xA4,0x10,0xA4,0x10,0xA4,0x10,0xA4,0x10,0xA4,0x10,
    0xA4,0x10,0xA4,0x10,0xA4,0x10,0xA4,0x10,0xA4,0x10,0xA2,0x10,0x00,0x00,0x00,0x00,
    0x00,0x00,0x00,0x00,0x00,0x00,0x00,0x00,0x00,0x00,0x00,0x00,0x00,0x00,0x00,0x00,
    0x00,0x00,0x00,0x00,0x00,0x00,0x00,0x00,0x00,0x00,0x00,0x00,0x00,0x00,0x00,0x00,
    0x00,0x00,0x00,0x00,0x00,0x00,0x00,0x00,0x00,0x00,0x00,0x00,0x00,0x00,0x00,0x00,
    0x00,0x00,0x00,0x00,0x00,0x00,0x00,0x00,0x00,0x00,0x00,0x00,0x00,0x00,0x00,0x00,
    0x00,0x00,0x00,0x00,0x00,0x00,0x00,0x00,0x00,0x00,0x00,0x00,0x00,0x00,0x00,0x00,
    0x00,0x00,0x00,0x00,0x00,0x00,0x00,0x00,0x00,0x00,0x00,0x00,0x00,0x00,0x00,0x00,
    0x83,0x10,0xA3,0x10,0xA4,0x10,0xA4,0x10,0xA4,0x10,0xA4,0x10,0xA4,0x10,0xA4,0x10,
    0xA4,0x10,0xA4,0x10,0xA4,0x10,0xA4,0x10,0xA4,0x10,0xA4,0x10,0xA4,0x10,0xA4,0x10,
    0xA4,0x10,0xA4,0x10,0xA4,0x10,0xA4,0x10,0xA4,0x10,0xA4,0x10,0xA4,0x10,0xA4,0x10,
    0xA4,0x10,0xA4,0x10,0xA4,0x10,0xA4,0x10,0xA4,0x10,0xA4,0x10,0xA4,0x10,0xA4,0x10,
    0xA4,0x10,0xA4,0x10,0xA4,0x10,0xA4,0x10,0xA4,0x10,0xA4,0x10,0xA4,0x10,0xA4,0x10,
    0xA3,0x10,0x83,0x10,0x00,0x00,0x00,0x00,0x00,0x00,0x00,0x00,0x00,0x00,0x00,0x00,
    0x00,0x00,0x00,0x00,0x00,0x00,0x00,0x00,0x00,0x00,0x00,0x00,0x00,0x00,0x00,0x00,
    0x00,0x00,0x00,0x00,0x00,0x00,0x00,0x00,0x00,0x00,0x00,0x00,0x00,0x00,0x00,0x00,
    0x00,0x00,0x00,0x00,0x00,0x00,0x00,0x00,0x00,0x00,0x00,0x00,0x00,0x00,0x00,0x00,
    0x00,0x00,0x00,0x00,0x00,0x00,0x00,0x00,0x00,0x00,0x00,0x00,0x00,0x00,0x00,0x00,
    0x00,0x00,0x00,0x00,0x00,0x00,0x00,0x00,0x00,0x00,0x00,0x00,0x00,0x00,0x00,0x00,
    0xE3,0x08,0xA4,0x10,0xA3,0x10,0xA4,0x10,0xA4,0x10,0xA4,0x10,0xA4,0x10,0xA4,0x10,
    0xA4,0x10,0xA4,0x10,0xA4,0x10,0xA4,0x10,0xA4,0x10,0xA4,0x10,0xA4,0x10,0xA4,0x10,
    0xA4,0x10,0xA4,0x10,0xA4,0x10,0xA4,0x10,0xA4,0x10,0xA4,0x10,0xA4,0x10,0xA4,0x10,
    0xA4,0x10,0xA4,0x10,0xA4,0x10,0xA4,0x10,0xA4,0x10,0xA4,0x10,0xA4,0x10,0xA4,0x10,
    0xA4,0x10,0xA4,0x10,0xA4,0x10,0xA4,0x10,0xA4,0x10,0xA4,0x10,0xA4,0x10,0xA4,0x10,
    0xA4,0x10,0xA4,0x10,0xA4,0x10,0xA3,0x10,0xA4,0x10,0xE3,0x08,0x00,0x00,0x00,0x00,
    0x00,0x00,0x00,0x00,0x00,0x00,0x00,0x00,0x00,0x00,0x00,0x00,0x00,0x00,0x00,0x00,
    0x00,0x00,0x00,0x00,0x00,0x00,0x00,0x00,0x00,0x00,0x00,0x00,0x00,0x00,0x00,0x00,
    0x00,0x00,0x00,0x00,0x00,0x00,0x00,0x00,0x00,0x00,0x00,0x00,0x00,0x00,0x00,0x00,
    0x00,0x00,0x00,0x00,0x00,0x00,0x00,0x00,0x00,0x00,0x00,0x00,0x00,0x00,0x00,0x00,
    0x00,0x00,0x00,0x00,0x00,0x00,0x00,0x00,0x00,0x00,0x00,0x00,0x00,0x00,0x00,0x00,
    0x00,0x00,0xA4,0x10,0xA4,0x10,0xA4,0x10,0xA4,0x10,0xA4,0x10,0xA4,0x10,0xA4,0x10,
    0xA4,0x10,0xA4,0x10,0xA4,0x10,0xA4,0x10,0xA4,0x10,0xA4,0x10,0xA4,0x10,0xA4,0x10,
    0xA4,0x10,0xA4,0x10,0xA4,0x10,0xA4,0x10,0xA4,0x10,0xA4,0x10,0xA4,0x10,0xA4,0x10,
    0xA4,0x10,0xA4,0x10,0xA4,0x10,0xA4,0x10,0xA4,0x10,0xA4,0x10,0xA4,0x10,0xA4,0x10,
    0xA4,0x10,0xA4,0x10,0xA4,0x10,0xA4,0x10,0xA4,0x10,0xA4,0x10,0xA4,0x10,0xA4,0x10,
    0xA4,0x10,0xA4,0x10,0xA4,0x10,0xA4,0x10,0xA4,0x10,0xA4,0x10,0xA4,0x10,0xA4,0x10,
    0xA4,0x10,0x00,0x00,0x00,0x00,0x00,0x00,0x00,0x00,0x00,0x00,0x00,0x00,0x00,0x00,
    0x00,0x00,0x00,0x00,0x00,0x00,0x00,0x00,0x00,0x00,0x00,0x00,0x00,0x00,0x00,0x00,
    0x00,0x00,0x00,0x00,0x00,0x00,0x00,0x00,0x00,0x00,0x00,0x00,0x00,0x00,0x00,0x00,
    0x00,0x00,0x00,0x00,0x00,0x00,0x00,0x00,0x00,0x00,0x00,0x00,0x00,0x00,0x00,0x00,
    0x00,0x00,0x00,0x00,0x00,0x00,0x00,0x00,0x00,0x00,0x00,0x00,0x00,0x00,0x00,0x00,
    0x00,0x00,0xC3,0x10,0xA3,0x10,0xA4,0x10,0xA4,0x10,0xA4,0x10,0xA4,0x10,0xA4,0x10,
    0xA4,0x10,0xA4,0x10,0xA4,0x10,0xA4,0x10,0xA4,0x10,0xA4,0x10,0xA4,0x10,0xA4,0x10,
    0xA4,0x10,0xA4,0x10,0xA4,0x10,0xA4,0x10,0xA4,0x10,0xA4,0x10,0xA4,0x10,0xA4,0x10,
    0xA4,0x10,0xA4,0x10,0xA4,0x10,0xA4,0x10,0xA4,0x10,0xA4,0x10,0xA4,0x10,0xA4,0x10,
    0xA4,0x10,0xA4,0x10,0xA4,0x10,0xA4,0x10,0xA4,0x10,0xA4,0x10,0xA4,0x10,0xA4,0x10,
    0xA4,0x10,0xA4,0x10,0xA4,0x10,0xA4,0x10,0xA4,0x10,0xA4,0x10,0xA4,0x10,0xA4,0x10,
    0xA4,0x10,0xA4,0x10,0xA4,0x10,0xA3,0x10,0xC3,0x10,0x00,0x00,0x00,0x00,0x00,0x00,
    0x00,0x00,0x00,0x00,0x00,0x00,0x00,0x00,0x00,0x00,0x00,0x00,0x00,0x00,0x00,0x00,
    0x00,0x00,0x00,0x00,0x00,0x00,0x00,0x00,0x00,0x00,0x00,0x00,0x00,0x00,0x00,0x00,
    0x00,0x00,0x00,0x00,0x00,0x00,0x00,0x00,0x00,0x00,0x00,0x00,0x00,0x00,0x00,0x00,
    0x00,0x00,0x00,0x00,0x00,0x00,0x00,0x00,0x00,0x00,0x00,0x00,0x00,0x00,0x00,0x00,
    0x00,0x00,0x00,0x00,0xA4,0x10,0xA4,0x10,0xA4,0x10,0xA4,0x10,0xA4,0x10,0xA4,0x10,
    0xA4,0x10,0xA4,0x10,0xA4,0x10,0xA4,0x10,0xA4,0x10,0xA4,0x10,0xA4,0x10,0xA4,0x10,
    0xA4,0x10,0xA4,0x10,0xA4,0x10,0xA4,0x10,0xA4,0x10,0xA4,0x10,0xA4,0x10,0xA4,0x10,
    0xA4,0x10,0xA4,0x10,0xA4,0x10,0xA4,0x10,0xA4,0x10,0xA4,0x10,0xA4,0x10,0xA4,0x10,
    0xA4,0x10,0xA4,0x10,0xA4,0x10,0xA4,0x10,0xA4,0x10,0xA4,0x10,0xA4,0x10,0xA4,0x10,
    0xA4,0x10,0xA4,0x10,0xA4,0x10,0xA4,0x10,0xA4,0x10,0xA4,0x10,0xA4,0x10,0xA4,0x10,
    0xA4,0x10,0xA4,0x10,0xA4,0x10,0xA4,0x10,0xA4,0x10,0xA4,0x10,0xA4,0x10,0xA4,0x10,
    0x00,0x00,0x00,0x00,0x00,0x00,0x00,0x00,0x00,0x00,0x00,0x00,0x00,0x00,0x00,0x00,
    0x00,0x00,0x00,0x00,0x00,0x00,0x00,0x00,0x00,0x00,0x00,0x00,0x00,0x00,0x00,0x00,
    0x00,0x00,0x00,0x00,0x00,0x00,0x00,0x00,0x00,0x00,0x00,0x00,0x00,0x00,0x00,0x00,
    0x00,0x00,0x00,0x00,0x00,0x00,0x00,0x00,0x00,0x00,0x00,0x00,0x00,0x00,0x00,0x00,
    0x00,0x00,0x00,0x00,0x24,0x01,0xA4,0x10,0xA4,0x10,0xA4,0x10,0xA4,0x10,0xA4,0x10,
    0xA4,0x10,0xA4,0x10,0xA4,0x10,0xA4,0x10,0xA4,0x10,0xA4,0x10,0xA4,0x10,0xA4,0x10,
    0xA4,0x10,0xA4,0x10,0xA4,0x10,0xA4,0x10,0xA4,0x10,0xA4,0x10,0xA4,0x10,0xA4,0x10,
    0xA4,0x10,0xA4,0x10,0xA4,0x10,0xA4,0x10,0xA4,0x10,0xA4,0x10,0xA4,0x10,0xA4,0x10,
    0xA4,0x10,0xA4,0x10,0xA4,0x10,0xA4,0x10,0xA4,0x10,0xA4,0x10,0xA4,0x10,0xA4,0x10,
    0xA4,0x10,0xA4,0x10,0xA4,0x10,0xA4,0x10,0xA4,0x10,0xA4,0x10,0xA4,0x10,0xA4,0x10,
    0xA4,0x10,0xA4,0x10,0xA4,0x10,0xA4,0x10,0xA4,0x10,0xA4,0x10,0xA4,0x10,0xA4,0x10,
    0xA4,0x10,0xA4,0x10,0xA4,0x10,0x24,0x01,0x00,0x00,0x00,0x00,0x00,0x00,0x00,0x00,
    0x00,0x00,0x00,0x00,0x00,0x00,0x00,0x00,0x00,0x00,0x00,0x00,0x00,0x00,0x00,0x00,
    0x00,0x00,0x00,0x00,0x00,0x00,0x00,0x00,0x00,0x00,0x00,0x00,0x00,0x00,0x00,0x00,
    0x00,0x00,0x00,0x00,0x00,0x00,0x00,0x00,0x00,0x00,0x00,0x00,0x00,0x00,0x00,0x00,
    0x00,0x00,0x00,0x00,0x00,0x00,0xA3,0x10,0xA3,0x10,0xA4,0x10,0xA4,0x10,0xA4,0x10,
    0xA4,0x10,0xA4,0x10,0xA4,0x10,0xA4,0x10,0xA4,0x10,0xA4,0x10,0xA4,0x10,0xA4,0x10,
    0xA4,0x10,0xA4,0x10,0xA4,0x10,0xA4,0x10,0xA4,0x10,0xA4,0x10,0xA4,0x10,0xA4,0x10,
    0xA4,0x10,0xA4,0x10,0xA4,0x10,0xA4,0x10,0xA4,0x10,0xA4,0x10,0xA4,0x10,0xA4,0x10,
    0xA4,0x10,0xA4,0x10,0xA4,0x10,0xA4,0x10,0xA4,0x10,0xA4,0x10,0xA4,0x10,0xA4,0x10,
    0xA4,0x10,0xA4,0x10,0xA4,0x10,0xA4,0x10,0xA4,0x10,0xA4,0x10,0xA4,0x10,0xA4,0x10,
    0xA4,0x10,0xA4,0x10,0xA4,0x10,0xA4,0x10,0xA4,0x10,0xA4,0x10,0xA4,0x10,0xA4,0x10,
    0xA4,0x10,0xA4,0x10,0xA4,0x10,0xA4,0x10,0xA4,0x10,0xA3,0x10,0xA3,0x10,0x00,0x00,
    0x00,0x00,0x00,0x00,0x00,0x00,0x00,0x00,0x00,0x00,0x00,0x00,0x00,0x00,0x00,0x00,
    0x00,0x00,0x00,0x00,0x00,0x00,0x00,0x00,0x00,0x00,0x00,0x00,0x00,0x00,0x00,0x00,
    0x00,0x00,0x00,0x00,0x00,0x00,0x00,0x00,0x00,0x00,0x00,0x00,0x00,0x00,0x00,0x00,
    0x00,0x00,0x00,0x00,0x00,0x00,0x00,0x00,0xA4,0x10,0xA4,0x10,0xA4,0x10,0xA4,0x10,
    0xA4,0x10,0xA4,0x10,0xA4,0x10,0xA4,0x10,0xA4,0x10,0xA4,0x10,0xA4,0x10,0xA4,0x10,
    0xA4,0x10,0xA4,0x10,0xA4,0x10,0xA4,0x10,0xA4,0x10,0xA4,0x10,0xA4,0x10,0xA4,0x10,
    0xA4,0x10,0xA4,0x10,0xA4,0x10,0xA4,0x10,0xA4,0x10,0xA4,0x10,0xA4,0x10,0xA4,0x10,
    0xA4,0x10,0xA4,0x10,0xA4,0x10,0xA4,0x10,0xA4,0x10,0xA4,0x10,0xA4,0x10,0xA4,0x10,
    0xA4,0x10,0xA4,0x10,0xA4,0x10,0xA4,0x10,0xA4,0x10,0xA4,0x10,0xA4,0x10,0xA4,0x10,
    0xA4,0x10,0xA4,0x10,0xA4,0x10,0xA4,0x10,0xA4,0x10,0xA4,0x10,0xA4,0x10,0xA4,0x10,
    0xA4,0x10,0xA4,0x10,0xA4,0x10,0xA4,0x10,0xA4,0x10,0xA4,0x10,0xA4,0x10,0xA4,0x10,
    0xA4,0x10,0xA4,0x10,0x00,0x00,0x00,0x00,0x00,0x00,0x00,0x00,0x00,0x00,0x00,0x00,
    0x00,0x00,0x00,0x00,0x00,0x00,0x00,0x00,0x00,0x00,0x00,0x00,0x00,0x00,0x00,0x00,
    0x00,0x00,0x00,0x00,0x00,0x00,0x00,0x00,0x00,0x00,0x00,0x00,0x00,0x00,0x00,0x00,
    0x00,0x00,0x00,0x00,0x00,0x00,0x00,0x00,0x00,0x00,0xA3,0x10,0xA4,0x10,0xA4,0x10,
    0xA4,0x10,0xA4,0x10,0xA4,0x10,0xA4,0x10,0xA4,0x10,0xA4,0x10,0xA4,0x10,0xA4,0x10,
    0xA4,0x10,0xA4,0x10,0xA4,0x10,0xA4,0x10,0xA4,0x10,0xA4,0x10,0xA4,0x10,0xA4,0x10,
    0xA4,0x10,0xA4,0x10,0xA4,0x10,0xA4,0x10,0xA4,0x10,0xA4,0x10,0xA4,0x10,0xA4,0x10,
    0xA4,0x10,0xA4,0x10,0xA4,0x10,0xA4,0x10,0xA4,0x10,0xA4,0x10,0xA4,0x10,0xA4,0x10,
    0xA4,0x10,0xA4,0x10,0xA4,0x10,0xA4,0x10,0xA4,0x10,0xA4,0x10,0xA4,0x10,0xA4,0x10,
    0xA4,0x10,0xA4,0x10,0xA4,0x10,0xA4,0x10,0xA4,0x10,0xA4,0x10,0xA4,0x10,0xA4,0x10,
    0xA4,0x10,0xA4,0x10,0xA4,0x10,0xA4,0x10,0xA4,0x10,0xA4,0x10,0xA4,0x10,0xA4,0x10,
    0xA4,0x10,0xA4,0x10,0xA4,0x10,0xA4,0x10,0xA3,0x10,0x00,0x00,0x00,0x00,0x00,0x00,
    0x00,0x00,0x00,0x00,0x00,0x00,0x00,0x00,0x00,0x00,0x00,0x00,0x00,0x00,0x00,0x00,
    0x00,0x00,0x00,0x00,0x00,0x00,0x00,0x00,0x00,0x00,0x00,0x00,0x00,0x00,0x00,0x00,
    0x00,0x00,0x00,0x00,0x00,0x00,0x00,0x00,0x00,0x00,0x00,0x00,0xA3,0x08,0xA4,0x10,
    0xA4,0x10,0xA4,0x10,0xA4,0x10,0xA4,0x10,0xA4,0x10,0xA4,0x10,0xA4,0x10,0xA4,0x10,
    0xA4,0x10,0xA4,0x10,0xA4,0x10,0xA4,0x10,0xA4,0x10,0xA4,0x10,0xA4,0x10,0xA4,0x10,
    0xA4,0x10,0xA4,0x10,0xA4,0x10,0xA4,0x10,0xA4,0x10,0xA4,0x10,0xA4,0x10,0xA4,0x10,
    0xA4,0x10,0xA4,0x10,0xA4,0x10,0xA4,0x10,0xA4,0x10,0xA4,0x10,0xA4,0x10,0xA4,0x10,
    0xA4,0x10,0xA4,0x10,0xA4,0x10,0xA4,0x10,0xA4,0x10,0xA4,0x10,0xA4,0x10,0xA4,0x10,
    0xA4,0x10,0xA4,0x10,0xA4,0x10,0xA4,0x10,0xA4,0x10,0xA4,0x10,0xA4,0x10,0xA4,0x10,
    0xA4,0x10,0xA4,0x10,0xA4,0x10,0xA4,0x10,0xA4,0x10,0xA4,0x10,0xA4,0x10,0xA4,0x10,
    0xA4,0x10,0xA4,0x10,0xA4,0x10,0xA4,0x10,0xA4,0x10,0xA4,0x10,0xA4,0x10,0xA3,0x08,
    0x00,0x00,0x00,0x00,0x00,0x00,0x00,0x00,0x00,0x00,0x00,0x00,0x00,0x00,0x00,0x00,
    0x00,0x00,0x00,0x00,0x00,0x00,0x00,0x00,0x00,0x00,0x00,0x00,0x00,0x00,0x00,0x00,
    0x00,0x00,0x00,0x00,0x00,0x00,0x00,0x00,0x00,0x00,0x00,0x00,0x00,0x00,0xA4,0x10,
    0xA4,0x10,0xA4,0x10,0xA4,0x10,0xA4,0x10,0xA4,0x10,0xA4,0x10,0xA4,0x10,0xA4,0x10,
    0xA4,0x10,0xA4,0x10,0xA4,0x10,0xA4,0x10,0xA4,0x10,0xA4,0x10,0xA4,0x10,0xA4,0x10,
    0xA4,0x10,0xA4,0x10,0xA4,0x10,0xA4,0x10,0xA4,0x10,0xA4,0x10,0xA4,0x10,0xA4,0x10,
    0xA4,0x10,0xA4,0x10,0xA4,0x10,0xA4,0x10,0xA4,0x10,0xA4,0x10,0xA4,0x10,0xA4,0x10,
    0xA4,0x10,0xA4,0x10,0xA4,0x10,0xA4,0x10,0xA4,0x10,0xA4,0x10,0xA4,0x10,0xA4,0x10,
    0xA4,0x10,0xA4,0x10,0xA4,0x10,0xA4,0x10,0xA4,0x10,0xA4,0x10,0xA4,0x10,0xA4,0x10,
    0xA4,0x10,0xA4,0x10,0xA4,0x10,0xA4,0x10,0xA4,0x10,0xA4,0x10,0xA4,0x10,0xA4,0x10,
    0xA4,0x10,0xA4,0x10,0xA4,0x10,0xA4,0x10,0xA4,0x10,0xA4,0x10,0xA4,0x10,0xA4,0x10,
    0xA4,0x10,0xA4,0x10,0xA4,0x10,0x00,0x00,0x00,0x00,0x00,0x00,0x00,0x00,0x00,0x00,
    0x00,0x00,0x00,0x00,0x00,0x00,0x00,0x00,0x00,0x00,0x00,0x00,0x00,0x00,0x00,0x00,
    0x00,0x00,0x00,0x00,0x00,0x00,0x00,0x00,0x00,0x00,0x00,0x00,0x00,0x00,0x00,0x00,
    0xA3,0x10,0xA4,0x10,0xA4,0x10,0xA4,0x10,0xA4,0x10,0xA4,0x10,0xEB,0x29,0x94,0x53,
    0x94,0x53,0x94,0x53,0x94,0x53,0x94,0x53,0x94,0x53,0x94,0x53,0x94,0x53,0x94,0x53,
    0x94,0x53,0x94,0x53,0x94,0x53,0x94,0x53,0x94,0x53,0x94,0x53,0x94,0x53,0x2C,0x32,
    0xA4,0x10,0xA4,0x10,0xA9,0x29,0x94,0x53,0x94,0x53,0x94,0x53,0x94,0x53,0x94,0x53,
    0x94,0x53,0x94,0x53,0x94,0x53,0x94,0x53,0x94,0x53,0x94,0x53,0x94,0x53,0x94,0x53,
    0x94,0x53,0x94,0x53,0x94,0x53,0x2C,0x32,0xA4,0x10,0xA4,0x10,0xA9,0x29,0x94,0x53,
    0x94,0x53,0x94,0x53,0x94,0x53,0x94,0x53,0x94,0x53,0x94,0x53,0x94,0x53,0x94,0x53,
    0x94,0x53,0x94,0x53,0x94,0x53,0x94,0x53,0x94,0x53,0x94,0x53,0x94,0x53,0x6E,0x3A,
    0xA4,0x10,0xA4,0x10,0xA4,0x10,0xA4,0x10,0xA4,0x10,0xA3,0x10,0x00,0x00,0x00,0x00,
    0x00,0x00,0x00,0x00,0x00,0x00,0x00,0x00,0x00,0x00,0x00,0x00,0x00,0x00,0x00,0x00,
    0x00,0x00,0x00,0x00,0x00,0x00,0x00,0x00,0x00,0x00,0x00,0x00,0x00,0x00,0x00,0x00,
    0x00,0x00,0x24,0x01,0xA3,0x10,0xA4,0x10,0xA4,0x10,0xA4,0x10,0xA4,0x10,0xA4,0x10,
    0x3E,0x7D,0x9F,0x7D,0x9F,0x7D,0x9F,0x7D,0x9F,0x7D,0x9F,0x7D,0x9F,0x7D,0x9F,0x7D,
    0x9F,0x7D,0x9F,0x7D,0x9F,0x7D,0x9F,0x7D,0x9F,0x7D,0x9F,0x7D,0x9F,0x7D,0x9F,0x7D,
    0x9F,0x7D,0x9F,0x7D,0x27,0x19,0xA4,0x10,0x3E,0x7D,0x9F,0x7D,0x9F,0x7D,0x9F,0x7D,
    0x9F,0x7D,0x9F,0x7D,0x9F,0x7D,0x9F,0x7D,0x9F,0x7D,0x9F,0x7D,0x9F,0x7D,0x9F,0x7D,
    0x9F,0x7D,0x9F,0x7D,0x9F,0x7D,0x9F,0x7D,0x9F,0x7D,0x9F,0x7D,0x47,0x21,0xA4,0x10,
    0x3E,0x7D,0x9F,0x7D,0x9F,0x7D,0x9F,0x7D,0x9F,0x7D,0x9F,0x7D,0x9F,0x7D,0x9F,0x7D,
    0x9F,0x7D,0x9F,0x7D,0x9F,0x7D,0x9F,0x7D,0x9F,0x7D,0x9F,0x7D,0x9F,0x7D,0x9F,0x7D,
    0x9F,0x7D,0x9F,0x7D,0x47,0x21,0xA4,0x10,0xA4,0x10,0xA4,0x10,0xA4,0x10,0xA3,0x10,
    0x24,0x01,0x00,0x00,0x00,0x00,0x00,0x00,0x00,0x00,0x00,0x00,0x00,0x00,0x00,0x00,
    0x00,0x00,0x00,0x00,0x00,0x00,0x00,0x00,0x00,0x00,0x00,0x00,0x00,0x00,0x00,0x00,
    0x00,0x00,0x00,0x00,0x00,0x00,0xA4,0x10,0xA4,0x10,0xA4,0x10,0xA4,0x10,0xA4,0x10,
    0xA4,0x10,0xA4,0x10,0x9F,0x7D,0x9F,0x7D,0x9F,0x7D,0x9F,0x7D,0x9F,0x7D,0x9F,0x7D,
    0x9F,0x7D,0x9F,0x7D,0x9F,0x7D,0x9F,0x7D,0x9F,0x7D,0x9F,0x7D,0x9F,0x7D,0x9F,0x7D,
    0x9F,0x7D,0x9F,0x7D,0x9F,0x7D,0x9F,0x7D,0x88,0x21,0xA4,0x10,0x9F,0x7D,0x9F,0x7D,
    0x9F,0x7D,0x9F,0x7D,0x9F,0x7D,0x9F,0x7D,0x9F,0x7D,0x9F,0x7D,0x9F,0x7D,0x9F,0x7D,
    0x9F,0x7D,0x9F,0x7D,0x9F,0x7D,0x9F,0x7D,0x9F,0x7D,0x9F,0x7D,0x9F,0x7D,0x9F,0x7D,
    0xA9,0x29,0xA4,0x10,0x9F,0x7D,0x9F,0x7D,0x9F,0x7D,0x9F,0x7D,0x9F,0x7D,0x9F,0x7D,
    0x9F,0x7D,0x9F,0x7D,0x9F,0x7D,0x9F,0x7D,0x9F,0x7D,0x9F,0x7D,0x9F,0x7D,0x9F,0x7D,
    0x9F,0x7D,0x9F,0x7D,0x9F,0x7D,0x9F,0x7D,0xA9,0x29,0xA4,0x10,0xA4,0x10,0xA4,0x10,
    0xA4,0x10,0xA4,0x10,0xA4,0x10,0x00,0x00,0x00,0x00,0x00,0x00,0x00,0x00,0x00,0x00,
    0x00,0x00,0x00,0x00,0x00,0x00,0x00,0x00,0x00,0x00,0x00,0x00,0x00,0x00,0x00,0x00,
    0x00,0x00,0x00,0x00,0x00,0x00,0x00,0x00,0xA3,0x10,0xA4,0x10,0xA4,0x10,0xA4,0x10,
    0xA4,0x10,0xA4,0x10,0xA4,0x10,0xA4,0x10,0x9F,0x7D,0x9F,0x7D,0x9F,0x7D,0x9F,0x7D,
    0x9F,0x7D,0x9F,0x7D,0x9F,0x7D,0x9F,0x7D,0x9F,0x7D,0x9F,0x7D,0x9F,0x7D,0x9F,0x7D,
    0x9F,0x7D,0x9F,0x7D,0x9F,0x7D,0x9F,0x7D,0x9F,0x7D,0x9F,0x7D,0x88,0x21,0xA4,0x10,
    0x9F,0x7D,0x9F,0x7D,0x9F,0x7D,0x9F,0x7D,0x9F,0x7D,0x9F,0x7D,0x9F,0x7D,0x9F,0x7D,
    0x9F,0x7D,0x9F,0x7D,0x9F,0x7D,0x9F,0x7D,0x9F,0x7D,0x9F,0x7D,0x9F,0x7D,0x9F,0x7D,
    0x9F,0x7D,0x9F,0x7D,0xA9,0x29,0xA4,0x10,0x9F,0x7D,0x9F,0x7D,0x9F,0x7D,0x9F,0x7D,
    0x9F,0x7D,0x9F,0x7D,0x9F,0x7D,0x9F,0x7D,0x9F,0x7D,0x9F,0x7D,0x9F,0x7D,0x9F,0x7D,
    0x9F,0x7D,0x9F,0x7D,0x9F,0x7D,0x9F,0x7D,0x9F,0x7D,0x9F,0x7D,0xA9,0x29,0xA4,0x10,
    0xA4,0x10,0xA4,0x10,0xA4,0x10,0xA4,0x10,0xA4,0x10,0xA3,0x10,0x00,0x00,0x00,0x00,
    0x00,0x00,0x00,0x00,0x00,0x00,0x00,0x00,0x00,0x00,0x00,0x00,0x00,0x00,0x00,0x00,
    0x00,0x00,0x00,0x00,0x00,0x00,0x00,0x00,0x00,0x00,0x83,0x10,0xA4,0x10,0xA4,0x10,
    0xA4,0x10,0xA4,0x10,0xA4,0x10,0xA4,0x10,0xA4,0x10,0xA4,0x10,0x9F,0x7D,0x9F,0x7D,
    0x9F,0x7D,0x9F,0x7D,0x9F,0x7D,0x9F,0x7D,0x9F,0x7D,0x9F,0x7D,0x9F,0x7D,0x9F,0x7D,
    0x9F,0x7D,0x9F,0x7D,0x9F,0x7D,0x9F,0x7D,0x9F,0x7D,0x9F,0x7D,0x9F,0x7D,0x9F,0x7D,
    0x88,0x21,0xA4,0x10,0x9F,0x7D,0x9F,0x7D,0x9F,0x7D,0x9F,0x7D,0x9F,0x7D,0x9F,0x7D,
    0x9F,0x7D,0x9F,0x7D,0x9F,0x7D,0x9F,0x7D,0x9F,0x7D,0x9F,0x7D,0x9F,0x7D,0x9F,0x7D,
    0x9F,0x7D,0x9F,0x7D,0x9F,0x7D,0x9F,0x7D,0xA9,0x29,0xA4,0x10,0x9F,0x7D,0x9F,0x7D,
    0x9F,0x7D,0x9F,0x7D,0x9F,0x7D,0x9F,0x7D,0x9F,0x7D,0x9F,0x7D,0x9F,0x7D,0x9F,0x7D,
    0x9F,0x7D,0x9F,0x7D,0x9F,0x7D,0x9F,0x7D,0x9F,0x7D,0x9F,0x7D,0x9F,0x7D,0x9F,0x7D,
    0xA9,0x29,0xA4,0x10,0xA4,0x10,0xA4,0x10,0xA4,0x10,0xA4,0x10,0xA4,0x10,0xA4,0x10,
    0x83,0x10,0x00,0x00,0x00,0x00,0x00,0x00,0x00,0x00,0x00,0x00,0x00,0x00,0x00,0x00,
    0x00,0x00,0x00,0x00,0x00,0x00,0x00,0x00,0x00,0x00,0x00,0x00,0x00,0x00,0xA3,0x10,
    0xA4,0x10,0xA4,0x10,0xA4,0x10,0xA4,0x10,0xA4,0x10,0xA4,0x10,0xA4,0x10,0xA4,0x10,
    0x9F,0x7D,0x9F,0x7D,0x9F,0x7D,0x9F,0x7D,0x9F,0x7D,0x9F,0x7D,0x9F,0x7D,0x9F,0x7D,
    0x9F,0x7D,0x9F,0x7D,0x9F,0x7D,0x9F,0x7D,0x9F,0x7D,0x9F,0x7D,0x9F,0x7D,0x9F,0x7D,
    0x9F,0x7D,0x9F,0x7D,0x88,0x21,0xA4,0x10,0x9F,0x7D,0x9F,0x7D,0x9F,0x7D,0x9F,0x7D,
    0x9F,0x7D,0x9F,0x7D,0x9F,0x7D,0x9F,0x7D,0x9F,0x7D,0x9F,0x7D,0x9F,0x7D,0x9F,0x7D,
    0x9F,0x7D,0x9F,0x7D,0x9F,0x7D,0x9F,0x7D,0x9F,0x7D,0x9F,0x7D,0xA9,0x29,0xA4,0x10,
    0x9F,0x7D,0x9F,0x7D,0x9F,0x7D,0x9F,0x7D,0x9F,0x7D,0x9F,0x7D,0x9F,0x7D,0x9F,0x7D,
    0x9F,0x7D,0x9F,0x7D,0x9F,0x7D,0x9F,0x7D,0x9F,0x7D,0x9F,0x7D,0x9F,0x7D,0x9F,0x7D,
    0x9F,0x7D,0x9F,0x7D,0xA9,0x29,0xA4,0x10,0xA4,0x10,0xA4,0x10,0xA4,0x10,0xA4,0x10,
    0xA4,0x10,0xA4,0x10,0xA3,0x10,0x00,0x00,0x00,0x00,0x00,0x00,0x00,0x00,0x00,0x00,
    0x00,0x00,0x00,0x00,0x00,0x00,0x00,0x00,0x00,0x00,0x00,0x00,0x00,0x00,0x00,0x00,
    0xA3,0x10,0xA4,0x10,0xA4,0x10,0xA4,0x10,0xA4,0x10,0xA4,0x10,0xA4,0x10,0xA4,0x10,
    0xA4,0x10,0xA4,0x10,0x94,0x53,0x9F,0x7D,0x9F,0x7D,0x9F,0x7D,0x9F,0x7D,0x9F,0x7D,
    0x9F,0x7D,0x9F,0x7D,0x9F,0x7D,0x9F,0x7D,0x9F,0x7D,0x9F,0x7D,0x9F,0x7D,0x9F,0x7D,
    0x9F,0x7D,0x9F,0x7D,0x9F,0x7D,0x38,0x64,0xA4,0x10,0xA4,0x10,0x32,0x4B,0x9F,0x7D,
    0x9F,0x7D,0x9F,0x7D,0x9F,0x7D,0x9F,0x7D,0x9F,0x7D,0x9F,0x7D,0x9F,0x7D,0x9F,0x7D,
    0x9F,0x7D,0x9F,0x7D,0x9F,0x7D,0x9F,0x7D,0x9F,0x7D,0x9F,0x7D,0x9F,0x7D,0x38,0x64,
    0xA4,0x10,0xA4,0x10,0x32,0x4B,0x9F,0x7D,0x9F,0x7D,0x9F,0x7D,0x9F,0x7D,0x9F,0x7D,
    0x9F,0x7D,0x9F,0x7D,0x9F,0x7D,0x9F,0x7D,0x9F,0x7D,0x9F,0x7D,0x9F,0x7D,0x9F,0x7D,
    0x9F,0x7D,0x9F,0x7D,0x9F,0x7D,0x79,0x64,0xA4,0x10,0xA4,0x10,0xA4,0x10,0xA4,0x10,
    0xA4,0x10,0xA4,0x10,0xA4,0x10,0xA4,0x10,0xA4,0x10,0xA3,0x10,0x00,0x00,0x00,0x00,
    0x00,0x00,0x00,0x00,0x00,0x00,0x00,0x00,0x00,0x00,0x00,0x00,0x00,0x00,0x00,0x00,
    0x00,0x00,0xE3,0x08,0xA4,0x10,0xA4,0x10,0xA4,0x10,0xA4,0x10,0xA4,0x10,0xA4,0x10,
    0xA4,0x10,0xA4,0x10,0xA4,0x10,0xA4,0x10,0xA4,0x10,0xA4,0x10,0xA4,0x10,0xA4,0x10,
    0xA4,0x10,0xA4,0x10,0xA4,0x10,0xA4,0x10,0xA4,0x10,0xA4,0x10,0xA4,0x10,0xA4,0x10,
    0xA4,0x10,0xA4,0x10,0xA4,0x10,0xA4,0x10,0xA4,0x10,0xA4,0x10,0xA4,0x10,0xA4,0x10,
    0xA4,0x10,0xA4,0x10,0xA4,0x10,0xA4,0x10,0xA4,0x10,0xA4,0x10,0xA4,0x10,0xA4,0x10,
    0xA4,0x10,0xA4,0x10,0xA4,0x10,0xA4,0x10,0xA4,0x10,0xA4,0x10,0xA4,0x10,0xA4,0x10,
    0xA4,0x10,0xA4,0x10,0xA4,0x10,0xA4,0x10,0xA4,0x10,0xA4,0x10,0xA4,0x10,0xA4,0x10,
    0xA4,0x10,0xA4,0x10,0xA4,0x10,0xA4,0x10,0xA4,0x10,0xA4,0x10,0xA4,0x10,0xA4,0x10,
    0xA4,0x10,0xA4,0x10,0xA4,0x10,0xA4,0x10,0xA4,0x10,0xA4,0x10,0xA4,0x10,0xA4,0x10,
    0xA4,0x10,0xA4,0x10,0xA4,0x10,0xA4,0x10,0xA4,0x10,0xA4,0x10,0xA4,0x10,0xA4,0x10,
    0xE3,0x08,0x00,0x00,0x00,0x00,0x00,0x00,0x00,0x00,0x00,0x00,0x00,0x00,0x00,0x00,
    0x00,0x00,0x00,0x00,0x00,0x00,0xA4,0x10,0xA4,0x10,0xE6,0x21,0xE6,0x21,0xE6,0x21,
    0xE6,0x21,0xE6,0x21,0xE6,0x21,0xE6,0x21,0xE6,0x21,0xE6,0x21,0xE6,0x21,0xE6,0x21,
    0xE6,0x21,0xE6,0x21,0xE6,0x21,0xE6,0x21,0xE6,0x21,0xE4,0x10,0xA4,0x10,0xA4,0x10,
    0xA4,0x10,0xE6,0x21,0xE6,0x21,0xE6,0x21,0xE6,0x21,0xE6,0x21,0xE6,0x21,0xE6,0x21,
    0xE6,0x21,0xE6,0x21,0xE6,0x21,0xE6,0x21,0xE6,0x21,0xE6,0x21,0xE6,0x21,0xE6,0x21,
    0xE6,0x21,0x04,0x11,0xA4,0x10,0xA4,0x10,0xE4,0x10,0xE6,0x21,0xE6,0x21,0xE6,0x21,
    0xE6,0x21,0xE6,0x21,0xE6,0x21,0xE6,0x21,0xE6,0x21,0xE6,0x21,0xE6,0x21,0xE6,0x21,
    0xE6,0x21,0xE6,0x21,0xE6,0x21,0xE6,0x21,0xE6,0x21,0xE4,0x10,0xA4,0x10,0xA4,0x10,
    0xA4,0x10,0xE6,0x21,0xE6,0x21,0xE6,0x21,0xE6,0x21,0xE6,0x21,0xE6,0x21,0xE6,0x21,
    0xE6,0x21,0xE6,0x21,0xE6,0x21,0xE6,0x21,0xE6,0x21,0xE6,0x21,0xE6,0x21,0xE6,0x21,
    0xE6,0x21,0xE4,0x10,0xA4,0x10,0x00,0x00,0x00,0x00,0x00,0x00,0x00,0x00,0x00,0x00,
    0x00,0x00,0x00,0x00,0x00,0x00,0x00,0x00,0x83,0x10,0xA3,0x10,0xED,0x44,0xB1,0x5E,
    0xB1,0x5E,0xB1,0x5E,0xB1,0x5E,0xB1,0x5E,0xB1,0x5E,0xB1,0x5E,0xB1,0x5E,0xB1,0x5E,
    0xB1,0x5E,0xB1,0x5E,0xB1,0x5E,0xB1,0x5E,0xB1,0x5E,0xB1,0x5E,0xB1,0x5E,0xEF,0x55,
    0xE4,0x10,0xA4,0x10,0xED,0x44,0xB1,0x5E,0xB1,0x5E,0xB1,0x5E,0xB1,0x5E,0xB1,0x5E,
    0xB1,0x5E,0xB1,0x5E,0xB1,0x5E,0xB1,0x5E,0xB1,0x5E,0xB1,0x5E,0xB1,0x5E,0xB1,0x5E,
    0xB1,0x5E,0xB1,0x5E,0xB1,0x5E,0x0F,0x56,0xE4,0x10,0xA4,0x10,0x4E,0x4D,0xB1,0x5E,
    0xB1,0x5E,0xB1,0x5E,0xB1,0x5E,0xB1,0x5E,0xB1,0x5E,0xB1,0x5E,0xB1,0x5E,0xB1,0x5E,
    0xB1,0x5E,0xB1,0x5E,0xB1,0x5E,0xB1,0x5E,0xB1,0x5E,0xB1,0x5E,0xB1,0x5E,0xEF,0x55,
    0xE4,0x10,0xA4,0x10,0xED,0x44,0xB1,0x5E,0xB1,0x5E,0xB1,0x5E,0xB1,0x5E,0xB1,0x5E,
    0xB1,0x5E,0xB1,0x5E,0xB1,0x5E,0xB1,0x5E,0xB1,0x5E,0xB1,0x5E,0xB1,0x5E,0xB1,0x5E,
    0xB1,0x5E,0xB1,0x5E,0xB1,0x5E,0xEF,0x55,0xE4,0x10,0x83,0x10,0x00,0x00,0x00,0x00,
    0x00,0x00,0x00,0x00,0x00,0x00,0x00,0x00,0x00,0x00,0x00,0x00,0xA4,0x10,0xA4,0x10,
    0xB1,0x5E,0xB1,0x5E,0xB1,0x5E,0xB1,0x5E,0xB1,0x5E,0xB1,0x5E,0xB1,0x5E,0xB1,0x5E,
    0xB1,0x5E,0xB1,0x5E,0xB1,0x5E,0xB1,0x5E,0xB1,0x5E,0xB1,0x5E,0xB1,0x5E,0xB1,0x5E,
    0xB1,0x5E,0xB1,0x5E,0xE6,0x21,0xA4,0x10,0xB1,0x5E,0xB1,0x5E,0xB1,0x5E,0xB1,0x5E,
    0xB1,0x5E,0xB1,0x5E,0xB1,0x5E,0xB1,0x5E,0xB1,0x5E,0xB1,0x5E,0xB1,0x5E,0xB1,0x5E,
    0xB1,0x5E,0xB1,0x5E,0xB1,0x5E,0xB1,0x5E,0xB1,0x5E,0xB1,0x5E,0xE6,0x21,0xA4,0x10,
    0xB1,0x5E,0xB1,0x5E,0xB1,0x5E,0xB1,0x5E,0xB1,0x5E,0xB1,0x5E,0xB1,0x5E,0xB1,0x5E,
    0xB1,0x5E,0xB1,0x5E,0xB1,0x5E,0xB1,0x5E,0xB1,0x5E,0xB1,0x5E,0xB1,0x5E,0xB1,0x5E,
    0xB1,0x5E,0xB1,0x5E,0xA6,0x19,0xA4,0x10,0xB1,0x5E,0xB1,0x5E,0xB1,0x5E,0xB1,0x5E,
    0xB1,0x5E,0xB1,0x5E,0xB1,0x5E,0xB1,0x5E,0xB1,0x5E,0xB1,0x5E,0xB1,0x5E,0xB1,0x5E,
    0xB1,0x5E,0xB1,0x5E,0xB1,0x5E,0xB1,0x5E,0xB1,0x5E,0xB1,0x5E,0xE6,0x21,0xA4,0x10,
    0x00,0x00,0x00,0x00,0x00,0x00,0x00,0x00,0x00,0x00,0x00,0x00,0x00,0x00,0xA2,0x10,
    0xA4,0x10,0xA4,0x10,0xB1,0x5E,0xB1,0x5E,0xB1,0x5E,0xB1,0x5E,0xB1,0x5E,0xB1,0x5E,
    0xB1,0x5E,0xB1,0x5E,0xB1,0x5E,0xB1,0x5E,0xB1,0x5E,0xB1,0x5E,0xB1,0x5E,0xB1,0x5E,
    0xB1,0x5E,0xB1,0x5E,0xB1,0x5E,0xB1,0x5E,0xE6,0x21,0xA4,0x10,0xB1,0x5E,0xB1,0x5E,
    0xB1,0x5E,0xB1,0x5E,0xB1,0x5E,0xB1,0x5E,0xB1,0x5E,0xB1,0x5E,0xB1,0x5E,0xB1,0x5E,
    0xB1,0x5E,0xB1,0x5E,0xB1,0x5E,0xB1,0x5E,0xB1,0x5E,0xB1,0x5E,0xB1,0x5E,0xB1,0x5E,
    0xE6,0x21,0xA4,0x10,0xB1,0x5E,0xB1,0x5E,0xB1,0x5E,0xB1,0x5E,0xB1,0x5E,0xB1,0x5E,
    0xB1,0x5E,0xB1,0x5E,0xB1,0x5E,0xB1,0x5E,0xB1,0x5E,0xB1,0x5E,0xB1,0x5E,0xB1,0x5E,
    0xB1,0x5E,0xB1,0x5E,0xB1,0x5E,0xB1,0x5E,0xA6,0x19,0xA4,0x10,0xB1,0x5E,0xB1,0x5E,
    0xB1,0x5E,0xB1,0x5E,0xB1,0x5E,0xB1,0x5E,0xB1,0x5E,0xB1,0x5E,0xB1,0x5E,0xB1,0x5E,
    0xB1,0x5E,0xB1,0x5E,0xB1,0x5E,0xB1,0x5E,0xB1,0x5E,0xB1,0x5E,0xB1,0x5E,0xB1,0x5E,
    0xE6,0x21,0xA4,0x10,0xA2,0x10,0x00,0x00,0x00,0x00,0x00,0x00,0x00,0x00,0x00,0x00,
    0x00,0x00,0xA4,0x10,0xA4,0x10,0xA4,0x10,0xB1,0x5E,0xB1,0x5E,0xB1,0x5E,0xB1,0x5E,
    0xB1,0x5E,0xB1,0x5E,0xB1,0x5E,0xB1,0x5E,0xB1,0x5E,0xB1,0x5E,0xB1,0x5E,0xB1,0x5E,
    0xB1,0x5E,0xB1,0x5E,0xB1,0x5E,0xB1,0x5E,0xB1,0x5E,0xB1,0x5E,0xE6,0x21,0xA4,0x10,
    0xB1,0x5E,0xB1,0x5E,0xB1,0x5E,0xB1,0x5E,0xB1,0x5E,0xB1,0x5E,0xB1,0x5E,0xB1,0x5E,
    0xB1,0x5E,0xB1,0x5E,0xB1,0x5E,0xB1,0x5E,0xB1,0x5E,0xB1,0x5E,0xB1,0x5E,0xB1,0x5E,
    0xB1,0x5E,0xB1,0x5E,0xE6,0x21,0xA4,0x10,0xB1,0x5E,0xB1,0x5E,0xB1,0x5E,0xB1,0x5E,
    0xB1,0x5E,0xB1,0x5E,0xB1,0x5E,0xB1,0x5E,0xB1,0x5E,0xB1,0x5E,0xB1,0x5E,0xB1,0x5E,
    0xB1,0x5E,0xB1,0x5E,0xB1,0x5E,0xB1,0x5E,0xB1,0x5E,0xB1,0x5E,0xA6,0x19,0xA4,0x10,
    0xB1,0x5E,0xB1,0x5E,0xB1,0x5E,0xB1,0x5E,0xB1,0x5E,0xB1,0x5E,0xB1,0x5E,0xB1,0x5E,
    0xB1,0x5E,0xB1,0x5E,0xB1,0x5E,0xB1,0x5E,0xB1,0x5E,0xB1,0x5E,0xB1,0x5E,0xB1,0x5E,
    0xB1,0x5E,0xB1,0x5E,0xE6,0x21,0xA4,0x10,0xA4,0x10,0x00,0x00,0x00,0x00,0x00,0x00,
    0x00,0x00,0x00,0x00,0x00,0x00,0xA4,0x10,0xA4,0x10,0xA4,0x10,0xB1,0x5E,0xB1,0x5E,
    0xB1,0x5E,0xB1,0x5E,0xB1,0x5E,0xB1,0x5E,0xB1,0x5E,0xB1,0x5E,0xB1,0x5E,0xB1,0x5E,
    0xB1,0x5E,0xB1,0x5E,0xB1,0x5E,0xB1,0x5E,0xB1,0x5E,0xB1,0x5E,0xB1,0x5E,0xB1,0x5E,
    0xE6,0x21,0xA4,0x10,0xB1,0x5E,0xB1,0x5E,0xB1,0x5E,0xB1,0x5E,0xB1,0x5E,0xB1,0x5E,
    0xB1,0x5E,0xB1,0x5E,0xB1,0x5E,0xB1,0x5E,0xB1,0x5E,0xB1,0x5E,0xB1,0x5E,0xB1,0x5E,
    0xB1,0x5E,0xB1,0x5E,0xB1,0x5E,0xB1,0x5E,0xE6,0x21,0xA4,0x10,0xB1,0x5E,0xB1,0x5E,
    0xB1,0x5E,0xB1,0x5E,0xB1,0x5E,0xB1,0x5E,0xB1,0x5E,0xB1,0x5E,0xB1,0x5E,0xB1,0x5E,
    0xB1,0x5E,0xB1,0x5E,0xB1,0x5E,0xB1,0x5E,0xB1,0x5E,0xB1,0x5E,0xB1,0x5E,0xB1,0x5E,
    0xA6,0x19,0xA4,0x10,0xB1,0x5E,0xB1,0x5E,0xB1,0x5E,0xB1,0x5E,0xB1,0x5E,0xB1,0x5E,
    0xB1,0x5E,0xB1,0x5E,0xB1,0x5E,0xB1,0x5E,0xB1,0x5E,0xB1,0x5E,0xB1,0x5E,0xB1,0x5E,
    0xB1,0x5E,0xB1,0x5E,0xB1,0x5E,0xB1,0x5E,0xE6,0x21,0xA4,0x10,0xA4,0x10,0x00,0x00,
    0x00,0x00,0x00,0x00,0x00,0x00,0x00,0x00,0xA4,0x10,0xA4,0x10,0xA4,0x10,0xA4,0x10,
    0xAF,0x4D,0xB1,0x5E,0xB1,0x5E,0xB1,0x5E,0xB1,0x5E,0xB1,0x5E,0xB1,0x5E,0xB1,0x5E,
    0xB1,0x5E,0xB1,0x5E,0xB1,0x5E,0xB1,0x5E,0xB1,0x5E,0xB1,0x5E,0xB1,0x5E,0xB1,0x5E,
    0xB1,0x5E,0x70,0x5E,0x25,0x19,0xA4,0x10,0xAF,0x4D,0xB1,0x5E,0xB1,0x5E,0xB1,0x5E,
    0xB1,0x5E,0xB1,0x5E,0xB1,0x5E,0xB1,0x5E,0xB1,0x5E,0xB1,0x5E,0xB1,0x5E,0xB1,0x5E,
    0xB1,0x5E,0xB1,0x5E,0xB1,0x5E,0xB1,0x5E,0xB1,0x5E,0x70,0x5E,0x25,0x19,0xA4,0x10,
    0xCF,0x55,0xB1,0x5E,0xB1,0x5E,0xB1,0x5E,0xB1,0x5E,0xB1,0x5E,0xB1,0x5E,0xB1,0x5E,
    0xB1,0x5E,0xB1,0x5E,0xB1,0x5E,0xB1,0x5E,0xB1,0x5E,0xB1,0x5E,0xB1,0x5E,0xB1,0x5E,
    0xB1,0x5E,0x70,0x5E,0x04,0x11,0xA4,0x10,0xAF,0x4D,0xB1,0x5E,0xB1,0x5E,0xB1,0x5E,
    0xB1,0x5E,0xB1,0x5E,0xB1,0x5E,0xB1,0x5E,0xB1,0x5E,0xB1,0x5E,0xB1,0x5E,0xB1,0x5E,
    0xB1,0x5E,0xB1,0x5E,0xB1,0x5E,0xB1,0x5E,0xB1,0x5E,0x70,0x5E,0x25,0x19,0xA4,0x10,
    0xA4,0x10,0xA4,0x10,0x00,0x00,0x00,0x00,0x00,0x00,0x00,0x00,0xA4,0x10,0xA4,0x10,
    0xA4,0x10,0xA4,0x10,0x25,0x19,0x09,0x2B,0x09,0x2B,0x09,0x2B,0x09,0x2B,0x09,0x2B,
    0x09,0x2B,0x09,0x2B,0x09,0x2B,0x09,0x2B,0x09,0x2B,0x09,0x2B,0x09,0x2B,0x09,0x2B,
    0x09,0x2B,0x09,0x2B,0x09,0x2B,0xA6,0x19,0xA4,0x10,0xA4,0x10,0x25,0x19,0x09,0x2B,
    0x09,0x2B,0x09,0x2B,0x09,0x2B,0x09,0x2B,0x09,0x2B,0x09,0x2B,0x09,0x2B,0x09,0x2B,
    0x09,0x2B,0x09,0x2B,0x09,0x2B,0x09,0x2B,0x09,0x2B,0x09,0x2B,0x09,0x2B,0xE6,0x21,
    0xA4,0x10,0xA4,0x10,0x65,0x19,0x09,0x2B,0x09,0x2B,0x09,0x2B,0x09,0x2B,0x09,0x2B,
    0x09,0x2B,0x09,0x2B,0x09,0x2B,0x09,0x2B,0x09,0x2B,0x09,0x2B,0x09,0x2B,0x09,0x2B,
    0x09,0x2B,0x09,0x2B,0x09,0x2B,0xA6,0x19,0xA4,0x10,0xA4,0x10,0x25,0x19,0x09,0x2B,
    0x09,0x2B,0x09,0x2B,0x09,0x2B,0x09,0x2B,0x09,0x2B,0x09,0x2B,0x09,0x2B,0x09,0x2B,
    0x09,0x2B,0x09,0x2B,0x09,0x2B,0x09,0x2B,0x09,0x2B,0x09,0x2B,0x09,0x2B,0xA6,0x19,
    0xA4,0x10,0xA4,0x10,0xA4,0x10,0xA4,0x10,0x00,0x00,0x00,0x00,0x00,0x00,0xC3,0x18,
    0xA3,0x10,0xA4,0x10,0xA4,0x10,0xA4,0x10,0xA4,0x10,0xA4,0x10,0xA4,0x10,0xA4,0x10,
    0xA4,0x10,0xA4,0x10,0xA4,0x10,0xA4,0x10,0xA4,0x10,0xA4,0x10,0xA4,0x10,0xA4,0x10,
    0xA4,0x10,0xA4,0x10,0xA4,0x10,0xA4,0x10,0xA4,0x10,0xA4,0x10,0xA4,0x10,0xA4,0x10,
    0xA4,0x10,0xA4,0x10,0xA4,0x10,0xA4,0x10,0xA4,0x10,0xA4,0x10,0xA4,0x10,0xA4,0x10,
    0xA4,0x10,0xA4,0x10,0xA4,0x10,0xA4,0x10,0xA4,0x10,0xA4,0x10,0xA4,0x10,0xA4,0x10,
    0xA4,0x10,0xA4,0x10,0xA4,0x10,0xA4,0x10,0xA4,0x10,0xA4,0x10,0xA4,0x10,0xA4,0x10,
    0xA4,0x10,0xA4,0x10,0xA4,0x10,0xA4,0x10,0xA4,0x10,0xA4,0x10,0xA4,0x10,0xA4,0x10,
    0xA4,0x10,0xA4,0x10,0xA4,0x10,0xA4,0x10,0xA4,0x10,0xA4,0x10,0xA4,0x10,0xA4,0x10,
    0xA4,0x10,0xA4,0x10,0xA4,0x10,0xA4,0x10,0xA4,0x10,0xA4,0x10,0xA4,0x10,0xA4,0x10,
    0xA4,0x10,0xA4,0x10,0xA4,0x10,0xA4,0x10,0xA4,0x10,0xA4,0x10,0xA4,0x10,0xA4,0x10,
    0xA4,0x10,0xA4,0x10,0xA4,0x10,0xA4,0x10,0xA4,0x10,0xA3,0x10,0xC3,0x18,0x00,0x00,
    0x00,0x00,0xA4,0x10,0xA4,0x10,0xA4,0x10,0xA4,0x10,0xA4,0x10,0x45,0x5A,0x26,0xB4,
    0x26,0xB4,0x26,0xB4,0x26,0xB4,0x26,0xB4,0x26,0xB4,0x26,0xB4,0x26,0xB4,0x26,0xB4,
    0x26,0xB4,0x26,0xB4,0x26,0xB4,0x26,0xB4,0x26,0xB4,0x26,0xB4,0x26,0xB4,0xE5,0x7A,
    0xA4,0x10,0xA4,0x10,0x45,0x5A,0x26,0xB4,0x26,0xB4,0x26,0xB4,0x26,0xB4,0x26,0xB4,
    0x26,0xB4,0x26,0xB4,0x26,0xB4,0x26,0xB4,0x26,0xB4,0x26,0xB4,0x26,0xB4,0x26,0xB4,
    0x26,0xB4,0x26,0xB4,0x26,0xB4,0x25,0x83,0xA4,0x10,0xA4,0x10,0x85,0x6A,0x26,0xB4,
    0x26,0xB4,0x26,0xB4,0x26,0xB4,0x26,0xB4,0x26,0xB4,0x26,0xB4,0x26,0xB4,0x26,0xB4,
    0x26,0xB4,0x26,0xB4,0x26,0xB4,0x26,0xB4,0x26,0xB4,0x26,0xB4,0x26,0xB4,0xE5,0x7A,
    0xA4,0x10,0xA4,0x10,0x45,0x5A,0x26,0xB4,0x26,0xB4,0x26,0xB4,0x26,0xB4,0x26,0xB4,
    0x26,0xB4,0x26,0xB4,0x26,0xB4,0x26,0xB4,0x26,0xB4,0x26,0xB4,0x26,0xB4,0x26,0xB4,
    0x26,0xB4,0x26,0xB4,0x26,0xB4,0xE5,0x7A,0xA4,0x10,0xA4,0x10,0xA4,0x10,0xA4,0x10,
    0xA4,0x10,0x00,0x00,0x00,0x00,0xA4,0x10,0xA4,0x10,0xA4,0x10,0xA4,0x10,0xA4,0x10,
    0xE7,0xDC,0x07,0xE5,0x07,0xE5,0x07,0xE5,0x07,0xE5,0x07,0xE5,0x07,0xE5,0x07,0xE5,
    0x07,0xE5,0x07,0xE5,0x07,0xE5,0x07,0xE5,0x07,0xE5,0x07,0xE5,0x07,0xE5,0x07,0xE5,
    0x07,0xE5,0x07,0xE5,0x64,0x31,0xA4,0x10,0xE7,0xDC,0x07,0xE5,0x07,0xE5,0x07,0xE5,
    0x07,0xE5,0x07,0xE5,0x07,0xE5,0x07,0xE5,0x07,0xE5,0x07,0xE5,0x07,0xE5,0x07,0xE5,
    0x07,0xE5,0x07,0xE5,0x07,0xE5,0x07,0xE5,0x07,0xE5,0x07,0xE5,0x64,0x31,0xA4,0x10,
    0xE7,0xDC,0x07,0xE5,0x07,0xE5,0x07,0xE5,0x07,0xE5,0x07,0xE5,0x07,0xE5,0x07,0xE5,
    0x07,0xE5,0x07,0xE5,0x07,0xE5,0x07,0xE5,0x07,0xE5,0x07,0xE5,0x07,0xE5,0x07,0xE5,
    0x07,0xE5,0x07,0xE5,0x44,0x29,0xA4,0x10,0xE7,0xDC,0x07,0xE5,0x07,0xE5,0x07,0xE5,
    0x07,0xE5,0x07,0xE5,0x07,0xE5,0x07,0xE5,0x07,0xE5,0x07,0xE5,0x07,0xE5,0x07,0xE5,
    0x07,0xE5,0x07,0xE5,0x07,0xE5,0x07,0xE5,0x07,0xE5,0x07,0xE5,0x64,0x31,0xA4,0x10,
    0xA4,0x10,0xA4,0x10,0xA4,0x10,0x00,0x00,0x00,0x00,0xA3,0x10,0xA4,0x10,0xA4,0x10,
    0xA4,0x10,0xA4,0x10,0x07,0xE5,0x07,0xE5,0x07,0xE5,0x07,0xE5,0x07,0xE5,0x07,0xE5,
    0x07,0xE5,0x07,0xE5,0x07,0xE5,0x07,0xE5,0x07,0xE5,0x07,0xE5,0x07,0xE5,0x07,0xE5,
    0x07,0xE5,0x07,0xE5,0x07,0xE5,0x07,0xE5,0x84,0x39,0xA4,0x10,0x07,0xE5,0x07,0xE5,
    0x07,0xE5,0x07,0xE5,0x07,0xE5,0x07,0xE5,0x07,0xE5,0x07,0xE5,0x07,0xE5,0x07,0xE5,
    0x07,0xE5,0x07,0xE5,0x07,0xE5,0x07,0xE5,0x07,0xE5,0x07,0xE5,0x07,0xE5,0x07,0xE5,
    0x84,0x39,0xA4,0x10,0x07,0xE5,0x07,0xE5,0x07,0xE5,0x07,0xE5,0x07,0xE5,0x07,0xE5,
    0x07,0xE5,0x07,0xE5,0x07,0xE5,0x07,0xE5,0x07,0xE5,0x07,0xE5,0x07,0xE5,0x07,0xE5,
    0x07,0xE5,0x07,0xE5,0x07,0xE5,0x07,0xE5,0x64,0x31,0xA4,0x10,0x07,0xE5,0x07,0xE5,
    0x07,0xE5,0x07,0xE5,0x07,0xE5,0x07,0xE5,0x07,0xE5,0x07,0xE5,0x07,0xE5,0x07,0xE5,
    0x07,0xE5,0x07,0xE5,0x07,0xE5,0x07,0xE5,0x07,0xE5,0x07,0xE5,0x07,0xE5,0x07,0xE5,
    0x84,0x39,0xA4,0x10,0xA4,0x10,0xA4,0x10,0xA3,0x10,0x00,0x00,0x00,0x00,0xA4,0x10,
    0xA4,0x10,0xA4,0x10,0xA4,0x10,0xA4,0x10,0x07,0xE5,0x07,0xE5,0x07,0xE5,0x07,0xE5,
    0x07,0xE5,0x07,0xE5,0x07,0xE5,0x07,0xE5,0x07,0xE5,0x07,0xE5,0x07,0xE5,0x07,0xE5,
    0x07,0xE5,0x07,0xE5,0x07,0xE5,0x07,0xE5,0x07,0xE5,0x07,0xE5,0x84,0x39,0xA4,0x10,
    0x07,0xE5,0x07,0xE5,0x07,0xE5,0x07,0xE5,0x07,0xE5,0x07,0xE5,0x07,0xE5,0x07,0xE5,
    0x07,0xE5,0x07,0xE5,0x07,0xE5,0x07,0xE5,0x07,0xE5,0x07,0xE5,0x07,0xE5,0x07,0xE5,
    0x07,0xE5,0x07,0xE5,0x84,0x39,0xA4,0x10,0x07,0xE5,0x07,0xE5,0x07,0xE5,0x07,0xE5,
    0x07,0xE5,0x07,0xE5,0x07,0xE5,0x07,0xE5,0x07,0xE5,0x07,0xE5,0x07,0xE5,0x07,0xE5,
    0x07,0xE5,0x07,0xE5,0x07,0xE5,0x07,0xE5,0x07,0xE5,0x07,0xE5,0x64,0x31,0xA4,0x10,
    0x07,0xE5,0x07,0xE5,0x07,0xE5,0x07,0xE5,0x07,0xE5,0x07,0xE5,0x07,0xE5,0x07,0xE5,
    0x07,0xE5,0x07,0xE5,0x07,0xE5,0x07,0xE5,0x07,0xE5,0x07,0xE5,0x07,0xE5,0x07,0xE5,
    0x07,0xE5,0x07,0xE5,0x84,0x39,0xA4,0x10,0xA4,0x10,0xA4,0x10,0xA4,0x10,0x00,0x00,
    0xA3,0x08,0xA4,0x10,0xA4,0x10,0xA4,0x10,0xA4,0x10,0xA4,0x10,0x07,0xE5,0x07,0xE5,
    0x07,0xE5,0x07,0xE5,0x07,0xE5,0x07,0xE5,0x07,0xE5,0x07,0xE5,0x07,0xE5,0x07,0xE5,
    0x07,0xE5,0x07,0xE5,0x07,0xE5,0x07,0xE5,0x07,0xE5,0x07,0xE5,0x07,0xE5,0x07,0xE5,
    0x84,0x39,0xA4,0x10,0x07,0xE5,0x07,0xE5,0x07,0xE5,0x07,0xE5,0x07,0xE5,0x07,0xE5,
    0x07,0xE5,0x07,0xE5,0x07,0xE5,0x07,0xE5,0x07,0xE5,0x07,0xE5,0x07,0xE5,0x07,0xE5,
    0x07,0xE5,0x07,0xE5,0x07,0xE5,0x07,0xE5,0x84,0x39,0xA4,0x10,0x07,0xE5,0x07,0xE5,
    0x07,0xE5,0x07,0xE5,0x07,0xE5,0x07,0xE5,0x07,0xE5,0x07,0xE5,0x07,0xE5,0x07,0xE5,
    0x07,0xE5,0x07,0xE5,0x07,0xE5,0x07,0xE5,0x07,0xE5,0x07,0xE5,0x07,0xE5,0x07,0xE5,
    0x64,0x31,0xA4,0x10,0x07,0xE5,0x07,0xE5,0x07,0xE5,0x07,0xE5,0x07,0xE5,0x07,0xE5,
    0x07,0xE5,0x07,0xE5,0x07,0xE5,0x07,0xE5,0x07,0xE5,0x07,0xE5,0x07,0xE5,0x07,0xE5,
    0x07,0xE5,0x07,0xE5,0x07,0xE5,0x07,0xE5,0x84,0x39,0xA4,0x10,0xA4,0x10,0xA4,0x10,
    0xA4,0x10,0xA3,0x08,0xA4,0x10,0xA4,0x10,0xA4,0x10,0xA4,0x10,0xA4,0x10,0xA4,0x10,
    0xE7,0xDC,0x07,0xE5,0x07,0xE5,0x07,0xE5,0x07,0xE5,0x07,0xE5,0x07,0xE5,0x07,0xE5,
    0x07,0xE5,0x07,0xE5,0x07,0xE5,0x07,0xE5,0x07,0xE5,0x07,0xE5,0x07,0xE5,0x07,0xE5,
    0x07,0xE5,0x07,0xE5,0x64,0x31,0xA4,0x10,0xE7,0xDC,0x07,0xE5,0x07,0xE5,0x07,0xE5,
    0x07,0xE5,0x07,0xE5,0x07,0xE5,0x07,0xE5,0x07,0xE5,0x07,0xE5,0x07,0xE5,0x07,0xE5,
    0x07,0xE5,0x07,0xE5,0x07,0xE5,0x07,0xE5,0x07,0xE5,0x07,0xE5,0x64,0x31,0xA4,0x10,
    0xE7,0xDC,0x07,0xE5,0x07,0xE5,0x07,0xE5,0x07,0xE5,0x07,0xE5,0x07,0xE5,0x07,0xE5,
    0x07,0xE5,0x07,0xE5,0x07,0xE5,0x07,0xE5,0x07,0xE5,0x07,0xE5,0x07,0xE5,0x07,0xE5,
    0x07,0xE5,0x07,0xE5,0x44,0x29,0xA4,0x10,0xE7,0xDC,0x07,0xE5,0x07,0xE5,0x07,0xE5,
    0x07,0xE5,0x07,0xE5,0x07,0xE5,0x07,0xE5,0x07,0xE5,0x07,0xE5,0x07,0xE5,0x07,0xE5,
    0x07,0xE5,0x07,0xE5,0x07,0xE5,0x07,0xE5,0x07,0xE5,0x07,0xE5,0x64,0x31,0xA4,0x10,
    0xA4,0x10,0xA4,0x10,0xA4,0x10,0xA4,0x10,0xA3,0x10,0xA4,0x10,0xA4,0x10,0xA4,0x10,
    0xA4,0x10,0xA4,0x10,0x45,0x5A,0x26,0xB4,0x26,0xB4,0x26,0xB4,0x26,0xB4,0x26,0xB4,
    0x26,0xB4,0x26,0xB4,0x26,0xB4,0x26,0xB4,0x26,0xB4,0x26,0xB4,0x26,0xB4,0x26,0xB4,
    0x26,0xB4,0x26,0xB4,0x26,0xB4,0xE5,0x7A,0xA4,0x10,0xA4,0x10,0x45,0x5A,0x26,0xB4,
    0x26,0xB4,0x26,0xB4,0x26,0xB4,0x26,0xB4,0x26,0xB4,0x26,0xB4,0x26,0xB4,0x26,0xB4,
    0x26,0xB4,0x26,0xB4,0x26,0xB4,0x26,0xB4,0x26,0xB4,0x26,0xB4,0x26,0xB4,0x25,0x83,
    0xA4,0x10,0xA4,0x10,0x85,0x6A,0x26,0xB4,0x26,0xB4,0x26,0xB4,0x26,0xB4,0x26,0xB4,
    0x26,0xB4,0x26,0xB4,0x26,0xB4,0x26,0xB4,0x26,0xB4,0x26,0xB4,0x26,0xB4,0x26,0xB4,
    0x26,0xB4,0x26,0xB4,0x26,0xB4,0xE5,0x7A,0xA4,0x10,0xA4,0x10,0x45,0x5A,0x26,0xB4,
    0x26,0xB4,0x26,0xB4,0x26,0xB4,0x26,0xB4,0x26,0xB4,0x26,0xB4,0x26,0xB4,0x26,0xB4,
    0x26,0xB4,0x26,0xB4,0x26,0xB4,0x26,0xB4,0x26,0xB4,0x26,0xB4,0x26,0xB4,0xE5,0x7A,
    0xA4,0x10,0xA4,0x10,0xA4,0x10,0xA4,0x10,0xA4,0x10,0xA3,0x10,0xA4,0x10,0xA4,0x10,
    0xA4,0x10,0xA4,0x10,0xA4,0x10,0xA4,0x10,0xA4,0x10,0xA4,0x10,0xA4,0x10,0xA4,0x10,
    0xA4,0x10,0xA4,0x10,0xA4,0x10,0xA4,0x10,0xA4,0x10,0xA4,0x10,0xA4,0x10,0xA4,0x10,
    0xA4,0x10,0xA4,0x10,0xA4,0x10,0xA4,0x10,0xA4,0x10,0xA4,0x10,0xA4,0x10,0xA4,0x10,
    0xA4,0x10,0xA4,0x10,0xA4,0x10,0xA4,0x10,0xA4,0x10,0xA4,0x10,0xA4,0x10,0xA4,0x10,
    0xA4,0x10,0xA4,0x10,0xA4,0x10,0xA4,0x10,0xA4,0x10,0xA4,0x10,0xA4,0x10,0xA4,0x10,
    0xA4,0x10,0xA4,0x10,0xA4,0x10,0xA4,0x10,0xA4,0x10,0xA4,0x10,0xA4,0x10,0xA4,0x10,
    0xA4,0x10,0xA4,0x10,0xA4,0x10,0xA4,0x10,0xA4,0x10,0xA4,0x10,0xA4,0x10,0xA4,0x10,
    0xA4,0x10,0xA4,0x10,0xA4,0x10,0xA4,0x10,0xA4,0x10,0xA4,0x10,0xA4,0x10,0xA4,0x10,
    0xA4,0x10,0xA4,0x10,0xA4,0x10,0xA4,0x10,0xA4,0x10,0xA4,0x10,0xA4,0x10,0xA4,0x10,
    0xA4,0x10,0xA4,0x10,0xA4,0x10,0xA4,0x10,0xA4,0x10,0xA4,0x10,0xA4,0x10,0xA4,0x10,
    0xA4,0x10,0xA4,0x10,0xA4,0x10,0xA4,0x10,0xA4,0x10,0xA4,0x10,0xA4,0x10,0xA4,0x10,
    0xA3,0x10,0xA4,0x10,0xA4,0x10,0xA4,0x10,0xA4,0x10,0xA4,0x10,0xA4,0x10,0xA4,0x10,
    0xA4,0x10,0xA4,0x10,0xA4,0x10,0xA4,0x10,0xA4,0x10,0xA4,0x10,0xA4,0x10,0xA4,0x10,
    0xA4,0x10,0xA4,0x10,0xA4,0x10,0xA4,0x10,0xA4,0x10,0xA4,0x10,0xA4,0x10,0xA4,0x10,
    0xA4,0x10,0xA4,0x10,0xA4,0x10,0xA4,0x10,0xA4,0x10,0xA4,0x10,0xA4,0x10,0xA4,0x10,
    0xA4,0x10,0xA4,0x10,0xA4,0x10,0xA4,0x10,0xA4,0x10,0xA4,0x10,0xA4,0x10,0xA4,0x10,
    0xA4,0x10,0xA4,0x10,0xA4,0x10,0xA4,0x10,0xA4,0x10,0xA4,0x10,0xA4,0x10,0xA4,0x10,
    0xA4,0x10,0xA4,0x10,0xA4,0x10,0xA4,0x10,0xA4,0x10,0xA4,0x10,0xA4,0x10,0xA4,0x10,
    0xA4,0x10,0xA4,0x10,0xA4,0x10,0xA4,0x10,0xA4,0x10,0xA4,0x10,0xA4,0x10,0xA4,0x10,
    0xA4,0x10,0xA4,0x10,0xA4,0x10,0xA4,0x10,0xA4,0x10,0xA4,0x10,0xA4,0x10,0xA4,0x10,
    0xA4,0x10,0xA4,0x10,0xA4,0x10,0xA4,0x10,0xA4,0x10,0xA4,0x10,0xA4,0x10,0xA4,0x10,
    0xA4,0x10,0xA4,0x10,0xA4,0x10,0xA4,0x10,0xA4,0x10,0xA4,0x10,0xA4,0x10,0xA4,0x10,
    0xA4,0x10,0xA3,0x10,0xA4,0x10,0xA4,0x10,0xA4,0x10,0xA4,0x10,0xA4,0x10,0xA4,0x10,
    0xA4,0x10,0xA4,0x10,0xA4,0x10,0xA4,0x10,0xA4,0x10,0xA4,0x10,0xA4,0x10,0xA4,0x10,
    0xA4,0x10,0xA4,0x10,0xA4,0x10,0xA4,0x10,0xA4,0x10,0xA4,0x10,0xA4,0x10,0xA4,0x10,
    0xA4,0x10,0xA4,0x10,0xA4,0x10,0xA4,0x10,0xA4,0x10,0xA4,0x10,0xA4,0x10,0xA4,0x10,
    0xA4,0x10,0xA4,0x10,0xA4,0x10,0xA4,0x10,0xA4,0x10,0xA4,0x10,0xA4,0x10,0xA4,0x10,
    0xA4,0x10,0xA4,0x10,0xA4,0x10,0xA4,0x10,0xA4,0x10,0xA4,0x10,0xA4,0x10,0xA4,0x10,
    0xA4,0x10,0xA4,0x10,0xA4,0x10,0xA4,0x10,0xA4,0x10,0xA4,0x10,0xA4,0x10,0xA4,0x10,
    0xA4,0x10,0xA4,0x10,0xA4,0x10,0xA4,0x10,0xA4,0x10,0xA4,0x10,0xA4,0x10,0xA4,0x10,
    0xA4,0x10,0xA4,0x10,0xA4,0x10,0xA4,0x10,0xA4,0x10,0xA4,0x10,0xA4,0x10,0xA4,0x10,
    0xA4,0x10,0xA4,0x10,0xA4,0x10,0xA4,0x10,0xA4,0x10,0xA4,0x10,0xA4,0x10,0xA4,0x10,
    0xA4,0x10,0xA4,0x10,0xA4,0x10,0xA4,0x10,0xA4,0x10,0xA4,0x10,0xA4,0x10,0xA4,0x10,
    0xA4,0x10,0xA4,0x10,0xA4,0x10,0xA4,0x10,0xA4,0x10,0xA4,0x10,0xA4,0x10,0xA4,0x10,
    0xA4,0x10,0xA4,0x10,0xA4,0x10,0xA4,0x10,0xA4,0x10,0xA4,0x10,0xA4,0x10,0xA4,0x10,
    0xA4,0x10,0xA4,0x10,0xA4,0x10,0xA4,0x10,0xA4,0x10,0xA4,0x10,0xA4,0x10,0xA4,0x10,
    0xA4,0x10,0xA4,0x10,0xA4,0x10,0xA4,0x10,0xA4,0x10,0xA4,0x10,0xA4,0x10,0xA4,0x10,
    0xA4,0x10,0xA4,0x10,0xA4,0x10,0xA4,0x10,0xA4,0x10,0xA4,0x10,0xA4,0x10,0xA4,0x10,
    0xA4,0x10,0xA4,0x10,0xA4,0x10,0xA4,0x10,0xA4,0x10,0xA4,0x10,0xA4,0x10,0xA4,0x10,
    0xA4,0x10,0xA4,0x10,0xA4,0x10,0xA4,0x10,0xA4,0x10,0xA4,0x10,0xA4,0x10,0xA4,0x10,
    0xA4,0x10,0xA4,0x10,0xA4,0x10,0xA4,0x10,0xA4,0x10,0xA4,0x10,0xA4,0x10,0xA4,0x10,
    0xA4,0x10,0xA4,0x10,0xA4,0x10,0xA4,0x10,0xA4,0x10,0xA4,0x10,0xA4,0x10,0xA4,0x10,
    0xA4,0x10,0xA4,0x10,0xA4,0x10,0xA4,0x10,0xA4,0x10,0xA4,0x10,0xA4,0x10,0xA4,0x10,
    0xA4,0x10,0xA4,0x10,0xA4,0x10,0xA4,0x10,0xA4,0x10,0xA4,0x10,0xA4,0x10,0xA4,0x10,
    0xA4,0x10,0xA4,0x10,0xA4,0x10,0xA4,0x10,0xA4,0x10,0xA4,0x10,0xA4,0x10,0xA4,0x10,
    0xA4,0x10,0xA4,0x10,0xA4,0x10,0xA4,0x10,0xA4,0x10,0xA4,0x10,0xA4,0x10,0xA4,0x10,
    0xA4,0x10,0xA4,0x10,0xA4,0x10,0xA4,0x10,0xA4,0x10,0xA4,0x10,0xA4,0x10,0xA4,0x10,
    0xA4,0x10,0xA4,0x10,0xA4,0x10,0xA4,0x10,0xA4,0x10,0xA4,0x10,0xA4,0x10,0xA4,0x10,
    0xA4,0x10,0xA4,0x10,0xA4,0x10,0xA4,0x10,0xA4,0x10,0xA4,0x10,0xA4,0x10,0xA4,0x10,
    0xA4,0x10,0xA4,0x10,0xA4,0x10,0xA4,0x10,0xA4,0x10,0xA4,0x10,0xA4,0x10,0xA4,0x10,
    0xA4,0x10,0xA4,0x10,0xA4,0x10,0xA4,0x10,0xA4,0x10,0xA4,0x10,0xA4,0x10,0xA4,0x10,
    0xA4,0x10,0xA4,0x10,0xA4,0x10,0xA4,0x10,0xA4,0x10,0xA4,0x10,0xA4,0x10,0xA4,0x10,
    0xA4,0x10,0xA4,0x10,0xA4,0x10,0xA4,0x10,0xA4,0x10,0xA4,0x10,0xA4,0x10,0xA4,0x10,
    0xA4,0x10,0xA4,0x10,0xA4,0x10,0xA4,0x10,0xA4,0x10,0xA4,0x10,0xA4,0x10,0xA4,0x10,
    0xA4,0x10,0xA4,0x10,0xA4,0x10,0xA4,0x10,0xA4,0x10,0xA4,0x10,0xA4,0x10,0xA4,0x10,
    0xA4,0x10,0xA4,0x10,0xA4,0x10,0xA4,0x10,0xA4,0x10,0xA4,0x10,0xA4,0x10,0xA4,0x10,
    0xA4,0x10,0xA4,0x10,0xA4,0x10,0xA4,0x10,0xA4,0x10,0xA4,0x10,0xA4,0x10,0xA4,0x10,
    0xA4,0x10,0xA4,0x10,0xA4,0x10,0xA4,0x10,0xA4,0x10,0xA4,0x10,0xA4,0x10,0xA4,0x10,
    0xA4,0x10,0xA4,0x10,0xA4,0x10,0xA4,0x10,0xA4,0x10,0xA4,0x10,0xA4,0x10,0xA4,0x10,
    0xA4,0x10,0xA4,0x10,0xA4,0x10,0xA4,0x10,0xA4,0x10,0xA4,0x10,0xA4,0x10,0xA4,0x10,
    0xA4,0x10,0xA4,0x10,0xA4,0x10,0xA4,0x10,0xA4,0x10,0xA4,0x10,0xA4,0x10,0xA4,0x10,
    0xA4,0x10,0xA4,0x10,0xA4,0x10,0xA4,0x10,0xA4,0x10,0xA4,0x10,0xA4,0x10,0xA4,0x10,
    0xA4,0x10,0xA4,0x10,0xA4,0x10,0xA4,0x10,0xA4,0x10,0xA4,0x10,0xA4,0x10,0xA4,0x10,
    0xA4,0x10,0xA4,0x10,0xA4,0x10,0xA4,0x10,0xA4,0x10,0xA4,0x10,0xA4,0x10,0xA4,0x10,
    0xA4,0x10,0xA4,0x10,0xA4,0x10,0xA4,0x10,0xA4,0x10,0xA4,0x10,0xA4,0x10,0xA4,0x10,
    0xA4,0x10,0xA4,0x10,0xA4,0x10,0xA4,0x10,0xA4,0x10,0xA4,0x10,0xA4,0x10,0xA4,0x10,
    0xA4,0x10,0xA4,0x10,0xA4,0x10,0xA4,0x10,0xA4,0x10,0xA4,0x10,0xA4,0x10,0xA4,0x10,
    0xA4,0x10,0xA4,0x10,0xA4,0x10,0xA4,0x10,0xA4,0x10,0xA4,0x10,0xA4,0x10,0xA4,0x10,
    0xA4,0x10,0xA4,0x10,0xA4,0x10,0xA4,0x10,0xA4,0x10,0xA4,0x10,0xA4,0x10,0xA4,0x10,
    0xA4,0x10,0xA4,0x10,0xA4,0x10,0xA4,0x10,0xA4,0x10,0xA4,0x10,0xA4,0x10,0xA4,0x10,
    0xA4,0x10,0xA4,0x10,0xA4,0x10,0xA4,0x10,0xA4,0x10,0xA4,0x10,0xA4,0x10,0xA4,0x10,
    0xA4,0x10,0xA4,0x10,0xA4,0x10,0xA4,0x10,0xA4,0x10,0xA4,0x10,0xA4,0x10,0xA4,0x10,
    0xA4,0x10,0xA4,0x10,0xA4,0x10,0xA4,0x10,0xA4,0x10,0xA4,0x10,0xA4,0x10,0xA4,0x10,
    0xA4,0x10,0xA4,0x10,0xA4,0x10,0xA4,0x10,0xA4,0x10,0xA4,0x10,0xA4,0x10,0xA4,0x10,
    0xA4,0x10,0xA4,0x10,0xA4,0x10,0xA4,0x10,0xA4,0x10,0xA4,0x10,0xA4,0x10,0xA4,0x10,
    0xA4,0x10,0xA4,0x10,0xA4,0x10,0xA4,0x10,0xA4,0x10,0xA4,0x10,0xA4,0x10,0xA4,0x10,
    0xA4,0x10,0xA4,0x10,0xA4,0x10,0xA4,0x10,0xA4,0x10,0xA4,0x10,0xA4,0x10,0xA4,0x10,
    0xA4,0x10,0xA4,0x10,0xA4,0x10,0xA4,0x10,0xA4,0x10,0xA4,0x10,0xA4,0x10,0xA4,0x10,
    0xA4,0x10,0xA4,0x10,0xA4,0x10,0xA4,0x10,0xA4,0x10,0xA4,0x10,0xA4,0x10,0xA4,0x10,
    0xA4,0x10,0xA4,0x10,0xA4,0x10,0xA4,0x10,0xA4,0x10,0xA4,0x10,0xA4,0x10,0xA4,0x10,
    0xA4,0x10,0xA4,0x10,0xA4,0x10,0xA4,0x10,0xA4,0x10,0xA4,0x10,0xA4,0x10,0xA4,0x10,
    0xA4,0x10,0xA4,0x10,0xA4,0x10,0xA4,0x10,0xA4,0x10,0xA4,0x10,0xA4,0x10,0xA4,0x10,
    0xA4,0x10,0xA4,0x10,0xA4,0x10,0xA4,0x10,0xA4,0x10,0xA4,0x10,0xA4,0x10,0xA4,0x10,
    0xA4,0x10,0xA4,0x10,0xA4,0x10,0xA4,0x10,0xA4,0x10,0xA4,0x10,0xA4,0x10,0xA4,0x10,
    0xA4,0x10,0xA4,0x10,0xA4,0x10,0xA4,0x10,0xA4,0x10,0xA4,0x10,0xA4,0x10,0xA4,0x10,
    0xA4,0x10,0xA4,0x10,0xA4,0x10,0xA4,0x10,0xA4,0x10,0xA4,0x10,0xA4,0x10,0xA4,0x10,
    0xA4,0x10,0xA4,0x10,0xA4,0x10,0xA4,0x10,0xA4,0x10,0xA4,0x10,0xA4,0x10,0xA4,0x10,
    0xA4,0x10,0xA4,0x10,0xA4,0x10,0xA4,0x10,0xA4,0x10,0xA4,0x10,0xA4,0x10,0xA4,0x10,
    0xA4,0x10,0xA4,0x10,0xA4,0x10,0xA4,0x10,0xA4,0x10,0xA4,0x10,0xA4,0x10,0xA4,0x10,
    0xA4,0x10,0xA4,0x10,0xA4,0x10,0xA4,0x10,0xA4,0x10,0xA4,0x10,0xA4,0x10,0xA4,0x10,
    0xA4,0x10,0xA4,0x10,0xA4,0x10,0xA4,0x10,0xA4,0x10,0xA4,0x10,0xA4,0x10,0xA4,0x10,
    0xA4,0x10,0xA4,0x10,0xA4,0x10,0xA4,0x10,0xA4,0x10,0xA4,0x10,0xA4,0x10,0xA4,0x10,
    0xA4,0x10,0xA4,0x10,0xA4,0x10,0xA4,0x10,0xA4,0x10,0xA4,0x10,0xA4,0x10,0xA4,0x10,
    0xA4,0x10,0xA4,0x10,0xA4,0x10,0xA4,0x10,0xA4,0x10,0xA4,0x10,0xA4,0x10,0xA4,0x10,
    0xA4,0x10,0xA4,0x10,0xA4,0x10,0xA4,0x10,0xA4,0x10,0xA4,0x10,0xA4,0x10,0xA4,0x10,
    0xA4,0x10,0xA4,0x10,0xA4,0x10,0xA4,0x10,0xA4,0x10,0xA4,0x10,0xA4,0x10,0xA4,0x10,
    0xA4,0x10,0xA4,0x10,0xA4,0x10,0xA4,0x10,0xA4,0x10,0xA4,0x10,0xA4,0x10,0xA4,0x10,
    0xA4,0x10,0xA4,0x10,0xA4,0x10,0xA4,0x10,0xA4,0x10,0xA4,0x10,0xA4,0x10,0xA4,0x10,
    0xA4,0x10,0xA4,0x10,0xA4,0x10,0xA4,0x10,0xA4,0x10,0xA4,0x10,0xA4,0x10,0xA4,0x10,
    0xA4,0x10,0xA4,0x10,0xA4,0x10,0xA4,0x10,0xA4,0x10,0xA4,0x10,0xA4,0x10,0xA4,0x10,
    0xA4,0x10,0xA4,0x10,0xA4,0x10,0xA4,0x10,0xA4,0x10,0xA4,0x10,0xA4,0x10,0xA4,0x10,
    0xA4,0x10,0xA4,0x10,0xA4,0x10,0xA4,0x10,0xA4,0x10,0xA4,0x10,0xA4,0x10,0xA4,0x10,
    0xA4,0x10,0xA4,0x10,0xA4,0x10,0xA4,0x10,0xA4,0x10,0xA4,0x10,0xA4,0x10,0xA4,0x10,
    0xA4,0x10,0xA4,0x10,0xA4,0x10,0xA4,0x10,0xA4,0x10,0xA4,0x10,0xA4,0x10,0xA4,0x10,
    0xA4,0x10,0xA4,0x10,0xA4,0x10,0xA4,0x10,0xA4,0x10,0xA4,0x10,0xA4,0x10,0xA4,0x10,
    0xA4,0x10,0xA4,0x10,0xA4,0x10,0xA4,0x10,0xA4,0x10,0xA4,0x10,0xA4,0x10,0xA4,0x10,
    0xA4,0x10,0xA4,0x10,0xA4,0x10,0xA4,0x10,0xA4,0x10,0xA4,0x10,0xA4,0x10,0xA4,0x10,
    0xA4,0x10,0xA4,0x10,0xA4,0x10,0xA4,0x10,0xA4,0x10,0xA4,0x10,0xA4,0x10,0xA4,0x10,
    0xA4,0x10,0xA4,0x10,0xA4,0x10,0xA4,0x10,0xA4,0x10,0xA4,0x10,0xA4,0x10,0xA4,0x10,
    0xA4,0x10,0xA4,0x10,0xA4,0x10,0xA4,0x10,0xA4,0x10,0xA4,0x10,0xA4,0x10,0xA4,0x10,
    0xA4,0x10,0xA4,0x10,0xA4,0x10,0xA4,0x10,0xA4,0x10,0xA4,0x10,0xA4,0x10,0xA4,0x10,
    0xA4,0x10,0xA4,0x10,0xA4,0x10,0xA4,0x10,0xA4,0x10,0xA4,0x10,0xA4,0x10,0xA4,0x10,
    0xA4,0x10,0xA4,0x10,0xA3,0x10,0xA4,0x10,0xA4,0x10,0xA4,0x10,0xA4,0x10,0xA4,0x10,
    0xA4,0x10,0xA4,0x10,0xA4,0x10,0xA4,0x10,0xA4,0x10,0xA4,0x10,0xA4,0x10,0xA4,0x10,
    0xA4,0x10,0xA4,0x10,0xA4,0x10,0xA4,0x10,0xA4,0x10,0xA4,0x10,0xA4,0x10,0xA4,0x10,
    0xA4,0x10,0xA4,0x10,0xA4,0x10,0xA4,0x10,0xA4,0x10,0xA4,0x10,0xA4,0x10,0xA4,0x10,
    0xA4,0x10,0xA4,0x10,0xA4,0x10,0xA4,0x10,0xA4,0x10,0xA4,0x10,0xA4,0x10,0xA4,0x10,
    0xA4,0x10,0xA4,0x10,0xA4,0x10,0xA4,0x10,0xA4,0x10,0xA4,0x10,0xA4,0x10,0xA4,0x10,
    0xA4,0x10,0xA4,0x10,0xA4,0x10,0xA4,0x10,0xA4,0x10,0xA4,0x10,0xA4,0x10,0xA4,0x10,
    0xA4,0x10,0xA4,0x10,0xA4,0x10,0xA4,0x10,0xA4,0x10,0xA4,0x10,0xA4,0x10,0xA4,0x10,
    0xA4,0x10,0xA4,0x10,0xA4,0x10,0xA4,0x10,0xA4,0x10,0xA4,0x10,0xA4,0x10,0xA4,0x10,
    0xA4,0x10,0xA4,0x10,0xA4,0x10,0xA4,0x10,0xA4,0x10,0xA4,0x10,0xA4,0x10,0xA4,0x10,
    0xA4,0x10,0xA4,0x10,0xA4,0x10,0xA4,0x10,0xA4,0x10,0xA4,0x10,0xA4,0x10,0xA4,0x10,
    0xA4,0x10,0xA4,0x10,0xA4,0x10,0xA3,0x10,0xA4,0x10,0xA4,0x10,0xA4,0x10,0xA4,0x10,
    0xA4,0x10,0xA4,0x10,0xA4,0x10,0xA4,0x10,0xA4,0x10,0xA4,0x10,0xA4,0x10,0xA4,0x10,
    0xA4,0x10,0xA4,0x10,0xA4,0x10,0xA4,0x10,0xA4,0x10,0xA4,0x10,0xA4,0x10,0xA4,0x10,
    0xA4,0x10,0xA4,0x10,0xA4,0x10,0xA4,0x10,0xA4,0x10,0xA4,0x10,0xA4,0x10,0xA4,0x10,
    0xA4,0x10,0xA4,0x10,0xA4,0x10,0xA4,0x10,0xA4,0x10,0xA4,0x10,0xA4,0x10,0xA4,0x10,
    0xA4,0x10,0xA4,0x10,0xA4,0x10,0xA4,0x10,0xA4,0x10,0xA4,0x10,0xA4,0x10,0xA4,0x10,
    0xA4,0x10,0xA4,0x10,0xA4,0x10,0xA4,0x10,0xA4,0x10,0xA4,0x10,0xA4,0x10,0xA4,0x10,
    0xA4,0x10,0xA4,0x10,0xA4,0x10,0xA4,0x10,0xA4,0x10,0xA4,0x10,0xA4,0x10,0xA4,0x10,
    0xA4,0x10,0xA4,0x10,0xA4,0x10,0xA4,0x10,0xA4,0x10,0xA4,0x10,0xA4,0x10,0xA4,0x10,
    0xA4,0x10,0xA4,0x10,0xA4,0x10,0xA4,0x10,0xA4,0x10,0xA4,0x10,0xA4,0x10,0xA4,0x10,
    0xA4,0x10,0xA4,0x10,0xA4,0x10,0xA4,0x10,0xA4,0x10,0xA4,0x10,0xA4,0x10,0xA4,0x10,
    0xA4,0x10,0xA4,0x10,0xA4,0x10,0xA4,0x10,0xA4,0x10,0xA4,0x10,0xA3,0x10,0xA4,0x10,
    0xA4,0x10,0xA4,0x10,0xA4,0x10,0xA4,0x10,0xA4,0x10,0xA4,0x10,0xA4,0x10,0xA4,0x10,
    0xA4,0x10,0xA4,0x10,0xA4,0x10,0xA4,0x10,0xA4,0x10,0xA4,0x10,0xA4,0x10,0xA4,0x10,
    0xA4,0x10,0xA4,0x10,0xA4,0x10,0xA4,0x10,0xA4,0x10,0xA4,0x10,0xA4,0x10,0xA4,0x10,
    0xA4,0x10,0xA4,0x10,0xA4,0x10,0xA4,0x10,0xA4,0x10,0xA4,0x10,0xA4,0x10,0xA4,0x10,
    0xA4,0x10,0xA4,0x10,0xA4,0x10,0xA4,0x10,0xA4,0x10,0xA4,0x10,0xA4,0x10,0xA4,0x10,
    0xE5,0x18,0x11,0x84,0x39,0xC6,0x9A,0xD6,0x92,0x94,0x46,0x21,0xA4,0x10,0xA4,0x10,
    0xA4,0x10,0xA4,0x10,0xA4,0x10,0xA4,0x10,0xA4,0x10,0xA4,0x10,0xA4,0x10,0xA4,0x10,
    0xA4,0x10,0xA4,0x10,0xA4,0x10,0xA4,0x10,0xA4,0x10,0xA4,0x10,0xA4,0x10,0xA4,0x10,
    0xA4,0x10,0xA4,0x10,0xA4,0x10,0xA4,0x10,0xA4,0x10,0xA4,0x10,0xA4,0x10,0xA4,0x10,
    0xA4,0x10,0xA4,0x10,0xA4,0x10,0xA4,0x10,0xA4,0x10,0xA4,0x10,0xA4,0x10,0xA4,0x10,
    0xA4,0x10,0xA4,0x10,0xA4,0x10,0xA4,0x10,0xA4,0x10,0xA4,0x10,0xA4,0x10,0xA3,0x10,
    0xA4,0x10,0xA4,0x10,0xA4,0x10,0xA4,0x10,0xA4,0x10,0xA4,0x10,0xA4,0x10,0xA4,0x10,
    0xA4,0x10,0xA4,0x10,0xA4,0x10,0xA4,0x10,0xA4,0x10,0xA4,0x10,0xA4,0x10,0xA4,0x10,
    0xA4,0x10,0xA4,0x10,0xA4,0x10,0xA4,0x10,0xA4,0x10,0xA4,0x10,0xA4,0x10,0xA4,0x10,
    0xA4,0x10,0xA4,0x10,0xA4,0x10,0xA4,0x10,0xA4,0x10,0xA4,0x10,0xA4,0x10,0xA4,0x10,
    0xA4,0x10,0xA4,0x10,0xA4,0x10,0xA4,0x10,0xA4,0x10,0xA4,0x10,0xA4,0x10,0xA4,0x10,
    0xA4,0x10,0x29,0x42,0x1C,0xE7,0xFF,0xFF,0xFF,0xFF,0xFF,0xFF,0xFF,0xFF,0x9E,0xEF,
    0x2D,0x63,0xA4,0x10,0xA4,0x10,0xA4,0x10,0xA4,0x10,0xA4,0x10,0xA4,0x10,0xA4,0x10,
    0xA4,0x10,0xA4,0x10,0xA4,0x10,0xA4,0x10,0xA4,0x10,0xA4,0x10,0xA4,0x10,0xA4,0x10,
    0xA4,0x10,0xA4,0x10,0xA4,0x10,0xA4,0x10,0xA4,0x10,0xA4,0x10,0xA4,0x10,0xA4,0x10,
    0xA4,0x10,0xA4,0x10,0xA4,0x10,0xA4,0x10,0xA4,0x10,0xA4,0x10,0xA4,0x10,0xA4,0x10,
    0xA4,0x10,0xA4,0x10,0xA4,0x10,0xA4,0x10,0xA4,0x10,0xA4,0x10,0xA4,0x10,0xA4,0x10,
    0xA4,0x10,0xA4,0x10,0xA3,0x08,0xA4,0x10,0xA4,0x10,0xA4,0x10,0xA4,0x10,0xA4,0x10,
    0xA4,0x10,0xA4,0x10,0xA4,0x10,0xA4,0x10,0xA4,0x10,0xA4,0x10,0xA4,0x10,0xA4,0x10,
    0xA4,0x10,0xA4,0x10,0xA4,0x10,0xA4,0x10,0xA4,0x10,0xA4,0x10,0xA4,0x10,0xA4,0x10,
    0xA4,0x10,0xA4,0x10,0xA4,0x10,0xA4,0x10,0xA4,0x10,0xA4,0x10,0xA4,0x10,0xA4,0x10,
    0xA4,0x10,0xA4,0x10,0xA4,0x10,0xA4,0x10,0xA4,0x10,0xA4,0x10,0xA4,0x10,0xA4,0x10,
    0xA4,0x10,0xA4,0x10,0xE4,0x18,0x1C,0xE7,0xFF,0xFF,0xFF,0xFF,0xFF,0xFF,0xFF,0xFF,
    0xFF,0xFF,0xFF,0xFF,0xBE,0xF7,0xA7,0x31,0xA4,0x10,0xA4,0x10,0xA4,0x10,0xA4,0x10,
    0xA4,0x10,0xA4,0x10,0xA4,0x10,0xA4,0x10,0xA4,0x10,0xA4,0x10,0xA4,0x10,0xA4,0x10,
    0xA4,0x10,0xA4,0x10,0xA4,0x10,0xA4,0x10,0xA4,0x10,0xA4,0x10,0xA4,0x10,0xA4,0x10,
    0xA4,0x10,0xA4,0x10,0xA4,0x10,0xA4,0x10,0xA4,0x10,0xA4,0x10,0xA4,0x10,0xA4,0x10,
    0xA4,0x10,0xA4,0x10,0xA4,0x10,0xA4,0x10,0xA4,0x10,0xA4,0x10,0xA4,0x10,0xA4,0x10,
    0xA4,0x10,0xA4,0x10,0xA4,0x10,0xA3,0x08,0x00,0x00,0xA4,0x10,0xA4,0x10,0xA4,0x10,
    0xA4,0x10,0xA4,0x10,0xA4,0x10,0xA4,0x10,0xA4,0x10,0xA4,0x10,0xA4,0x10,0xA4,0x10,
    0xA4,0x10,0xA4,0x10,0xA4,0x10,0xA4,0x10,0xA4,0x10,0xA4,0x10,0xA4,0x10,0xA4,0x10,
    0xA4,0x10,0xA4,0x10,0xA4,0x10,0xA4,0x10,0xA4,0x10,0xA4,0x10,0xA4,0x10,0xA4,0x10,
    0xA4,0x10,0xA4,0x10,0xA4,0x10,0xA4,0x10,0xA4,0x10,0xA4,0x10,0xA4,0x10,0xA4,0x10,
    0xA4,0x10,0xA4,0x10,0xA4,0x10,0xA4,0x10,0xEC,0x5A,0xFF,0xFF,0xFF,0xFF,0xFF,0xFF,
    0xFF,0xFF,0xFF,0xFF,0xFF,0xFF,0xFF,0xFF,0xFF,0xFF,0x11,0x84,0xA4,0x10,0xA4,0x10,
    0xA4,0x10,0xA4,0x10,0xA4,0x10,0xA4,0x10,0xA4,0x10,0xA4,0x10,0xA4,0x10,0xA4,0x10,
    0xA4,0x10,0xA4,0x10,0xA4,0x10,0xA4,0x10,0xA4,0x10,0xA4,0x10,0xA4,0x10,0xA4,0x10,
    0xA4,0x10,0xA4,0x10,0xA4,0x10,0xA4,0x10,0xA4,0x10,0xA4,0x10,0xA4,0x10,0xA4,0x10,
    0xA4,0x10,0xA4,0x10,0xA4,0x10,0xA4,0x10,0xA4,0x10,0xA4,0x10,0xA4,0x10,0xA4,0x10,
    0xA4,0x10,0xA4,0x10,0xA4,0x10,0xA4,0x10,0xA4,0x10,0x00,0x00,0x00,0x00,0xA3,0x10,
    0xA4,0x10,0xA4,0x10,0xA4,0x10,0xA4,0x10,0xA4,0x10,0xA4,0x10,0xA4,0x10,0xA4,0x10,
    0xA4,0x10,0xA4,0x10,0xA4,0x10,0xA4,0x10,0xA4,0x10,0xA4,0x10,0xA4,0x10,0xA4,0x10,
    0xA4,0x10,0xA4,0x10,0xA4,0x10,0xA4,0x10,0xA4,0x10,0xA4,0x10,0xA4,0x10,0xA4,0x10,
    0xA4,0x10,0xA4,0x10,0xA4,0x10,0xA4,0x10,0xA4,0x10,0xA4,0x10,0xA4,0x10,0xA4,0x10,
    0xA4,0x10,0xA4,0x10,0xA4,0x10,0xA4,0x10,0xA4,0x10,0xA4,0x10,0x52,0x8C,0xFF,0xFF,
    0xFF,0xFF,0xFF,0xFF,0xFF,0xFF,0xFF,0xFF,0xFF,0xFF,0xFF,0xFF,0xFF,0xFF,0x96,0xB5,
    0xA4,0x10,0xA4,0x10,0xA4,0x10,0xA4,0x10,0xA4,0x10,0xA4,0x10,0xA4,0x10,0xA4,0x10,
    0xA4,0x10,0xA4,0x10,0xA4,0x10,0xA4,0x10,0xA4,0x10,0xA4,0x10,0xA4,0x10,0xA4,0x10,
    0xA4,0x10,0xA4,0x10,0xA4,0x10,0xA4,0x10,0xA4,0x10,0xA4,0x10,0xA4,0x10,0xA4,0x10,
    0xA4,0x10,0xA4,0x10,0xA4,0x10,0xA4,0x10,0xA4,0x10,0xA4,0x10,0xA4,0x10,0xA4,0x10,
    0xA4,0x10,0xA4,0x10,0xA4,0x10,0xA4,0x10,0xA4,0x10,0xA4,0x10,0xA3,0x10,0x00,0x00,
    0x00,0x00,0xA4,0x10,0xA4,0x10,0xA4,0x10,0xA4,0x10,0xA4,0x10,0xA4,0x10,0xA4,0x10,
    0xA4,0x10,0xA4,0x10,0xA4,0x10,0xA4,0x10,0xA4,0x10,0xA4,0x10,0xA4,0x10,0xA4,0x10,
    0xA4,0x10,0xA4,0x10,0xA4,0x10,0xA4,0x10,0xA4,0x10,0xA4,0x10,0xA4,0x10,0xA4,0x10,
    0xA4,0x10,0xA4,0x10,0xA4,0x10,0xA4,0x10,0xA4,0x10,0xA4,0x10,0xA4,0x10,0xA4,0x10,
    0xA4,0x10,0xA4,0x10,0xA4,0x10,0xA4,0x10,0xA4,0x10,0xA4,0x10,0xA4,0x10,0xA4,0x10,
    0xD0,0x7B,0xFF,0xFF,0xFF,0xFF,0xFF,0xFF,0xFF,0xFF,0xFF,0xFF,0xFF,0xFF,0xFF,0xFF,
    0xFF,0xFF,0x14,0xA5,0xA4,0x10,0xA4,0x10,0xA4,0x10,0xA4,0x10,0xA4,0x10,0xA4,0x10,
    0xA4,0x10,0xA4,0x10,0xA4,0x10,0xA4,0x10,0xA4,0x10,0xA4,0x10,0xA4,0x10,0xA4,0x10,
    0xA4,0x10,0xA4,0x10,0xA4,0x10,0xA4,0x10,0xA4,0x10,0xA4,0x10,0xA4,0x10,0xA4,0x10,
    0xA4,0x10,0xA4,0x10,0xA4,0x10,0xA4,0x10,0xA4,0x10,0xA4,0x10,0xA4,0x10,0xA4,0x10,
    0xA4,0x10,0xA4,0x10,0xA4,0x10,0xA4,0x10,0xA4,0x10,0xA4,0x10,0xA4,0x10,0xA4,0x10,
    0xA4,0x10,0x00,0x00,0x00,0x00,0xA4,0x10,0xA4,0x10,0xA4,0x10,0xA4,0x10,0xA4,0x10,
    0xA4,0x10,0xA4,0x10,0xA4,0x10,0xA4,0x10,0xA4,0x10,0xA4,0x10,0xA4,0x10,0xA4,0x10,
    0xA4,0x10,0xA4,0x10,0xA4,0x10,0xA4,0x10,0xA4,0x10,0xA4,0x10,0xA4,0x10,0xA4,0x10,
    0xA4,0x10,0xA4,0x10,0xA4,0x10,0xA4,0x10,0xA4,0x10,0xA4,0x10,0xA4,0x10,0xA4,0x10,
    0xA4,0x10,0xA4,0x10,0xA4,0x10,0xA4,0x10,0xA4,0x10,0xA4,0x10,0xA4,0x10,0xA4,0x10,
    0xA4,0x10,0xA4,0x10,0x29,0x42,0xFF,0xFF,0xFF,0xFF,0xFF,0xFF,0xFF,0xFF,0xFF,0xFF,
    0xFF,0xFF,0xFF,0xFF,0xFF,0xFF,0x6E,0x6B,0xA4,0x10,0xA4,0x10,0xA4,0x10,0xA4,0x10,
    0xA4,0x10,0xA4,0x10,0xA4,0x10,0xA4,0x10,0xA4,0x10,0xA4,0x10,0xA4,0x10,0xA4,0x10,
    0xA4,0x10,0xA4,0x10,0xA4,0x10,0xA4,0x10,0xA4,0x10,0xA4,0x10,0xA4,0x10,0xA4,0x10,
    0xA4,0x10,0xA4,0x10,0xA4,0x10,0xA4,0x10,0xA4,0x10,0xA4,0x10,0xA4,0x10,0xA4,0x10,
    0xA4,0x10,0xA4,0x10,0xA4,0x10,0xA4,0x10,0xA4,0x10,0xA4,0x10,0xA4,0x10,0xA4,0x10,
    0xA4,0x10,0xA4,0x10,0xA4,0x10,0x00,0x00,0x00,0x00,0xC3,0x18,0xA3,0x10,0xA4,0x10,
    0xA4,0x10,0xA4,0x10,0xA4,0x10,0xA4,0x10,0xA4,0x10,0xA4,0x10,0xA4,0x10,0xA4,0x10,
    0xA4,0x10,0xA4,0x10,0xA4,0x10,0xA4,0x10,0xA4,0x10,0xA4,0x10,0xA4,0x10,0xA4,0x10,
    0xA4,0x10,0xA4,0x10,0xA4,0x10,0xA4,0x10,0xA4,0x10,0xA4,0x10,0xA4,0x10,0xA4,0x10,
    0xA4,0x10,0xA4,0x10,0xA4,0x10,0xA4,0x10,0xA4,0x10,0xA4,0x10,0xA4,0x10,0xA4,0x10,
    0xA4,0x10,0xA4,0x10,0xA4,0x10,0xA4,0x10,0xA4,0x10,0x14,0xA5,0xFF,0xFF,0xFF,0xFF,
    0xFF,0xFF,0xFF,0xFF,0xFF,0xFF,0xFF,0xFF,0x59,0xCE,0xE4,0x18,0xA4,0x10,0xA4,0x10,
    0xA4,0x10,0xA4,0x10,0xA4,0x10,0xA4,0x10,0xA4,0x10,0xA4,0x10,0xA4,0x10,0xA4,0x10,
    0xA4,0x10,0xA4,0x10,0xA4,0x10,0xA4,0x10,0xA4,0x10,0xA4,0x10,0xA4,0x10,0xA4,0x10,
    0xA4,0x10,0xA4,0x10,0xA4,0x10,0xA4,0x10,0xA4,0x10,0xA4,0x10,0xA4,0x10,0xA4,0x10,
    0xA4,0x10,0xA4,0x10,0xA4,0x10,0xA4,0x10,0xA4,0x10,0xA4,0x10,0xA4,0x10,0xA4,0x10,
    0xA4,0x10,0xA4,0x10,0xA4,0x10,0xA3,0x10,0xC3,0x18,0x00,0x00,0x00,0x00,0x00,0x00,
    0xA4,0x10,0xA4,0x10,0xA4,0x10,0xA4,0x10,0xA4,0x10,0xA4,0x10,0xA4,0x10,0xA4,0x10,
    0xA4,0x10,0xA4,0x10,0xA4,0x10,0xA4,0x10,0xA4,0x10,0xA4,0x10,0xA4,0x10,0xA4,0x10,
    0xA4,0x10,0xA4,0x10,0xA4,0x10,0xA4,0x10,0xA4,0x10,0xA4,0x10,0xA4,0x10,0xA4,0x10,
    0xA4,0x10,0xA4,0x10,0xA4,0x10,0xA4,0x10,0xA4,0x10,0xA4,0x10,0xA4,0x10,0xA4,0x10,
    0xA4,0x10,0xA4,0x10,0xA4,0x10,0xA4,0x10,0xA4,0x10,0xA4,0x10,0xA4,0x10,0xA4,0x10,
    0x31,0x84,0xBF,0xF7,0xFF,0xFF,0xFF,0xFF,0xFF,0xFF,0x14,0xA5,0xE5,0x18,0xA4,0x10,
    0xA4,0x10,0xA4,0x10,0xA4,0x10,0xA4,0x10,0xA4,0x10,0xA4,0x10,0xA4,0x10,0xA4,0x10,
    0xA4,0x10,0xA4,0x10,0xA4,0x10,0xA4,0x10,0xA4,0x10,0xA4,0x10,0xA4,0x10,0xA4,0x10,
    0xA4,0x10,0xA4,0x10,0xA4,0x10,0xA4,0x10,0xA4,0x10,0xA4,0x10,0xA4,0x10,0xA4,0x10,
    0xA4,0x10,0xA4,0x10,0xA4,0x10,0xA4,0x10,0xA4,0x10,0xA4,0x10,0xA4,0x10,0xA4,0x10,
    0xA4,0x10,0xA4,0x10,0xA4,0x10,0xA4,0x10,0xA4,0x10,0xA4,0x10,0x00,0x00,0x00,0x00,
    0x00,0x00,0x00,0x00,0xA4,0x10,0xA4,0x10,0xA4,0x10,0xA4,0x10,0xA4,0x10,0xA4,0x10,
    0xA4,0x10,0xA4,0x10,0xA4,0x10,0xA4,0x10,0xA4,0x10,0xA4,0x10,0xA4,0x10,0xA4,0x10,
    0xA4,0x10,0xA4,0x10,0xA4,0x10,0xA4,0x10,0xA4,0x10,0xA4,0x10,0xA4,0x10,0xA4,0x10,
    0xA4,0x10,0xA4,0x10,0xA4,0x10,0xA4,0x10,0xA4,0x10,0xA4,0x10,0xA4,0x10,0xA4,0x10,
    0xA4,0x10,0xA4,0x10,0xA4,0x10,0xA4,0x10,0xA4,0x10,0xA4,0x10,0xA4,0x10,0xA4,0x10,
    0xA4,0x10,0xA4,0x10,0xA4,0x10,0x66,0x29,0x4E,0x63,0x8F,0x73,0xA7,0x31,0xA4,0x10,
    0xA4,0x10,0xA4,0x10,0xA4,0x10,0xA4,0x10,0xA4,0x10,0xA4,0x10,0xA4,0x10,0xA4,0x10,
    0xA4,0x10,0xA4,0x10,0xA4,0x10,0xA4,0x10,0xA4,0x10,0xA4,0x10,0xA4,0x10,0xA4,0x10,
    0xA4,0x10,0xA4,0x10,0xA4,0x10,0xA4,0x10,0xA4,0x10,0xA4,0x10,0xA4,0x10,0xA4,0x10,
    0xA4,0x10,0xA4,0x10,0xA4,0x10,0xA4,0x10,0xA4,0x10,0xA4,0x10,0xA4,0x10,0xA4,0x10,
    0xA4,0x10,0xA4,0x10,0xA4,0x10,0xA4,0x10,0xA4,0x10,0xA4,0x10,0xA4,0x10,0xA4,0x10,
    0x00,0x00,0x00,0x00,0x00,0x00,0x00,0x00,0x00,0x00,0xA4,0x10,0xA4,0x10,0xA4,0x10,
    0xA4,0x10,0xA4,0x10,0xA4,0x10,0xA4,0x10,0xA4,0x10,0xA4,0x10,0xA4,0x10,0xA4,0x10,
    0xA4,0x10,0xA4,0x10,0xA4,0x10,0xA4,0x10,0xA4,0x10,0xA4,0x10,0xA4,0x10,0xA4,0x10,
    0xA4,0x10,0xA4,0x10,0xA4,0x10,0xA4,0x10,0xA4,0x10,0xA4,0x10,0xA4,0x10,0xA4,0x10,
    0xA4,0x10,0xA4,0x10,0xA4,0x10,0xA4,0x10,0xA4,0x10,0xA4,0x10,0xA4,0x10,0xA4,0x10,
    0xA4,0x10,0xA4,0x10,0xA4,0x10,0xA4,0x10,0xA4,0x10,0xA4,0x10,0xA4,0x10,0xA4,0x10,
    0xA4,0x10,0xA4,0x10,0xA4,0x10,0xA4,0x10,0xA4,0x10,0xA4,0x10,0xA4,0x10,0xA4,0x10,
    0xA4,0x10,0xA4,0x10,0xA4,0x10,0xA4,0x10,0xA4,0x10,0xA4,0x10,0xA4,0x10,0xA4,0x10,
    0xA4,0x10,0xA4,0x10,0xA4,0x10,0xA4,0x10,0xA4,0x10,0xA4,0x10,0xA4,0x10,0xA4,0x10,
    0xA4,0x10,0xA4,0x10,0xA4,0x10,0xA4,0x10,0xA4,0x10,0xA4,0x10,0xA4,0x10,0xA4,0x10,
    0xA4,0x10,0xA4,0x10,0xA4,0x10,0xA4,0x10,0xA4,0x10,0xA4,0x10,0xA4,0x10,0xA4,0x10,
    0xA4,0x10,0x00,0x00,0x00,0x00,0x00,0x00,0x00,0x00,0x00,0x00,0x00,0x00,0xA4,0x10,
    0xA4,0x10,0xA4,0x10,0xA4,0x10,0xA4,0x10,0xA4,0x10,0xA4,0x10,0xA4,0x10,0xA4,0x10,
    0xA4,0x10,0xA4,0x10,0xA4,0x10,0xA4,0x10,0xA4,0x10,0xA4,0x10,0xA4,0x10,0xA4,0x10,
    0xA4,0x10,0xA4,0x10,0xA4,0x10,0xA4,0x10,0xA4,0x10,0xA4,0x10,0xA4,0x10,0xA4,0x10,
    0xA4,0x10,0xA4,0x10,0xA4,0x10,0xA4,0x10,0xA4,0x10,0xA4,0x10,0xA4,0x10,0xA4,0x10,
    0xA4,0x10,0xA4,0x10,0xA4,0x10,0xA4,0x10,0xA4,0x10,0xA4,0x10,0xA4,0x10,0xA4,0x10,
    0xA4,0x10,0xA4,0x10,0xA4,0x10,0xA4,0x10,0xA4,0x10,0xA4,0x10,0xA4,0x10,0xA4,0x10,
    0xA4,0x10,0xA4,0x10,0xA4,0x10,0xA4,0x10,0xA4,0x10,0xA4,0x10,0xA4,0x10,0xA4,0x10,
    0xA4,0x10,0xA4,0x10,0xA4,0x10,0xA4,0x10,0xA4,0x10,0xA4,0x10,0xA4,0x10,0xA4,0x10,
    0xA4,0x10,0xA4,0x10,0xA4,0x10,0xA4,0x10,0xA4,0x10,0xA4,0x10,0xA4,0x10,0xA4,0x10,
    0xA4,0x10,0xA4,0x10,0xA4,0x10,0xA4,0x10,0xA4,0x10,0xA4,0x10,0xA4,0x10,0xA4,0x10,
    0xA4,0x10,0xA4,0x10,0xA4,0x10,0x00,0x00,0x00,0x00,0x00,0x00,0x00,0x00,0x00,0x00,
    0x00,0x00,0xA2,0x10,0xA4,0x10,0xA4,0x10,0xA4,0x10,0xA4,0x10,0xA4,0x10,0xA4,0x10,
    0xA4,0x10,0xA4,0x10,0xA4,0x10,0xA4,0x10,0xA4,0x10,0xA4,0x10,0xA4,0x10,0xA4,0x10,
    0xA4,0x10,0xA4,0x10,0xA4,0x10,0xA4,0x10,0xA4,0x10,0xA4,0x10,0xA4,0x10,0xA4,0x10,
    0xA4,0x10,0xA4,0x10,0xA4,0x10,0xA4,0x10,0xA4,0x10,0xA4,0x10,0xA4,0x10,0xA4,0x10,
    0xA4,0x10,0xA4,0x10,0xA4,0x10,0xA4,0x10,0xA4,0x10,0xA4,0x10,0xA4,0x10,0xA4,0x10,
    0xA4,0x10,0xA4,0x10,0xA4,0x10,0xA4,0x10,0xA4,0x10,0xA4,0x10,0xA4,0x10,0xA4,0x10,
    0xA4,0x10,0xA4,0x10,0xA4,0x10,0xA4,0x10,0xA4,0x10,0xA4,0x10,0xA4,0x10,0xA4,0x10,
    0xA4,0x10,0xA4,0x10,0xA4,0x10,0xA4,0x10,0xA4,0x10,0xA4,0x10,0xA4,0x10,0xA4,0x10,
    0xA4,0x10,0xA4,0x10,0xA4,0x10,0xA4,0x10,0xA4,0x10,0xA4,0x10,0xA4,0x10,0xA4,0x10,
    0xA4,0x10,0xA4,0x10,0xA4,0x10,0xA4,0x10,0xA4,0x10,0xA4,0x10,0xA4,0x10,0xA4,0x10,
    0xA4,0x10,0xA4,0x10,0xA4,0x10,0xA4,0x10,0xA2,0x10,0x00,0x00,0x00,0x00,0x00,0x00,
    0x00,0x00,0x00,0x00,0x00,0x00,0x00,0x00,0xA4,0x10,0xA4,0x10,0xA4,0x10,0xA4,0x10,
    0xA4,0x10,0xA4,0x10,0xA4,0x10,0xA4,0x10,0xA4,0x10,0xA4,0x10,0xA4,0x10,0xA4,0x10,
    0xA4,0x10,0xA4,0x10,0xA4,0x10,0xA4,0x10,0xA4,0x10,0xA4,0x10,0xA4,0x10,0xA4,0x10,
    0xA4,0x10,0xA4,0x10,0xA4,0x10,0xA4,0x10,0xA4,0x10,0xA4,0x10,0xA4,0x10,0xA4,0x10,
    0xA4,0x10,0xA4,0x10,0xA4,0x10,0xA4,0x10,0xA4,0x10,0xA4,0x10,0xA4,0x10,0xA4,0x10,
    0xA4,0x10,0xA4,0x10,0xA4,0x10,0xA4,0x10,0xA4,0x10,0xA4,0x10,0xA4,0x10,0xA4,0x10,
    0xA4,0x10,0xA4,0x10,0xA4,0x10,0xA4,0x10,0xA4,0x10,0xA4,0x10,0xA4,0x10,0xA4,0x10,
    0xA4,0x10,0xA4,0x10,0xA4,0x10,0xA4,0x10,0xA4,0x10,0xA4,0x10,0xA4,0x10,0xA4,0x10,
    0xA4,0x10,0xA4,0x10,0xA4,0x10,0xA4,0x10,0xA4,0x10,0xA4,0x10,0xA4,0x10,0xA4,0x10,
    0xA4,0x10,0xA4,0x10,0xA4,0x10,0xA4,0x10,0xA4,0x10,0xA4,0x10,0xA4,0x10,0xA4,0x10,
    0xA4,0x10,0xA4,0x10,0xA4,0x10,0xA4,0x10,0xA4,0x10,0xA4,0x10,0x00,0x00,0x00,0x00,
    0x00,0x00,0x00,0x00,0x00,0x00,0x00,0x00,0x00,0x00,0x00,0x00,0x83,0x10,0xA3,0x10,
    0xA4,0x10,0xA4,0x10,0xA4,0x10,0xA4,0x10,0xA4,0x10,0xA4,0x10,0xA4,0x10,0xA4,0x10,
    0xA4,0x10,0xA4,0x10,0xA4,0x10,0xA4,0x10,0xA4,0x10,0xA4,0x10,0xA4,0x10,0xA4,0x10,
    0xA4,0x10,0xA4,0x10,0xA4,0x10,0xA4,0x10,0xA4,0x10,0xA4,0x10,0xA4,0x10,0xA4,0x10,
    0xA4,0x10,0xA4,0x10,0xA4,0x10,0xA4,0x10,0xA4,0x10,0xA4,0x10,0xA4,0x10,0xA4,0x10,
    0xA4,0x10,0xA4,0x10,0xA4,0x10,0xA4,0x10,0xA4,0x10,0xA4,0x10,0xA4,0x10,0xA4,0x10,
    0xA4,0x10,0xA4,0x10,0xA4,0x10,0xA4,0x10,0xA4,0x10,0xA4,0x10,0xA4,0x10,0xA4,0x10,
    0xA4,0x10,0xA4,0x10,0xA4,0x10,0xA4,0x10,0xA4,0x10,0xA4,0x10,0xA4,0x10,0xA4,0x10,
    0xA4,0x10,0xA4,0x10,0xA4,0x10,0xA4,0x10,0xA4,0x10,0xA4,0x10,0xA4,0x10,0xA4,0x10,
    0xA4,0x10,0xA4,0x10,0xA4,0x10,0xA4,0x10,0xA4,0x10,0xA4,0x10,0xA4,0x10,0xA4,0x10,
    0xA4,0x10,0xA4,0x10,0xA4,0x10,0xA4,0x10,0xA4,0x10,0xA4,0x10,0xA3,0x10,0x83,0x10,
    0x00,0x00,0x00,0x00,0x00,0x00,0x00,0x00,0x00,0x00,0x00,0x00,0x00,0x00,0x00,0x00,
    0x00,0x00,0xA4,0x10,0xA4,0x10,0xA4,0x10,0xA4,0x10,0xA4,0x10,0xA4,0x10,0xA4,0x10,
    0xA4,0x10,0xA4,0x10,0xA4,0x10,0xA4,0x10,0xA4,0x10,0xA4,0x10,0xA4,0x10,0xA4,0x10,
    0xA4,0x10,0xA4,0x10,0xA4,0x10,0xA4,0x10,0xA4,0x10,0xA4,0x10,0xA4,0x10,0xA4,0x10,
    0xA4,0x10,0xA4,0x10,0xA4,0x10,0xA4,0x10,0xA4,0x10,0xA4,0x10,0xA4,0x10,0xA4,0x10,
    0xA4,0x10,0xA4,0x10,0xA4,0x10,0xA4,0x10,0xA4,0x10,0xA4,0x10,0xA4,0x10,0xA4,0x10,
    0xA4,0x10,0xA4,0x10,0xA4,0x10,0xA4,0x10,0xA4,0x10,0xA4,0x10,0xA4,0x10,0xA4,0x10,
    0xA4,0x10,0xA4,0x10,0xA4,0x10,0xA4,0x10,0xA4,0x10,0xA4,0x10,0xA4,0x10,0xA4,0x10,
    0xA4,0x10,0xA4,0x10,0xA4,0x10,0xA4,0x10,0xA4,0x10,0xA4,0x10,0xA4,0x10,0xA4,0x10,
    0xA4,0x10,0xA4,0x10,0xA4,0x10,0xA4,0x10,0xA4,0x10,0xA4,0x10,0xA4,0x10,0xA4,0x10,
    0xA4,0x10,0xA4,0x10,0xA4,0x10,0xA4,0x10,0xA4,0x10,0xA4,0x10,0xA4,0x10,0xA4,0x10,
    0xA4,0x10,0x00,0x00,0x00,0x00,0x00,0x00,0x00,0x00,0x00,0x00,0x00,0x00,0x00,0x00,
    0x00,0x00,0x00,0x00,0x00,0x00,0xE3,0x08,0xA4,0x10,0xA4,0x10,0xA4,0x10,0xA4,0x10,
    0xA4,0x10,0xA4,0x10,0xA4,0x10,0xA4,0x10,0xA4,0x10,0xA4,0x10,0xA4,0x10,0xA4,0x10,
    0xA4,0x10,0xA4,0x10,0xA4,0x10,0xA4,0x10,0xA4,0x10,0xA4,0x10,0xA4,0x10,0xA4,0x10,
    0xA4,0x10,0xA4,0x10,0xA4,0x10,0xA4,0x10,0xA4,0x10,0xA4,0x10,0xA4,0x10,0xA4,0x10,
    0xA4,0x10,0xA4,0x10,0xA4,0x10,0xA4,0x10,0xA4,0x10,0xA4,0x10,0xA4,0x10,0xA4,0x10,
    0xA4,0x10,0xA4,0x10,0xA4,0x10,0xA4,0x10,0xA4,0x10,0xA4,0x10,0xA4,0x10,0xA4,0x10,
    0xA4,0x10,0xA4,0x10,0xA4,0x10,0xA4,0x10,0xA4,0x10,0xA4,0x10,0xA4,0x10,0xA4,0x10,
    0xA4,0x10,0xA4,0x10,0xA4,0x10,0xA4,0x10,0xA4,0x10,0xA4,0x10,0xA4,0x10,0xA4,0x10,
    0xA4,0x10,0xA4,0x10,0xA4,0x10,0xA4,0x10,0xA4,0x10,0xA4,0x10,0xA4,0x10,0xA4,0x10,
    0xA4,0x10,0xA4,0x10,0xA4,0x10,0xA4,0x10,0xA4,0x10,0xA4,0x10,0xA4,0x10,0xA4,0x10,
    0xA4,0x10,0xA4,0x10,0xE3,0x08,0x00,0x00,0x00,0x00,0x00,0x00,0x00,0x00,0x00,0x00,
    0x00,0x00,0x00,0x00,0x00,0x00,0x00,0x00,0x00,0x00,0x00,0x00,0xA3,0x10,0xA4,0x10,
    0xA4,0x10,0xA4,0x10,0xA4,0x10,0xA4,0x10,0xA4,0x10,0xA4,0x10,0xA4,0x10,0xA4,0x10,
    0xA4,0x10,0xA4,0x10,0xA4,0x10,0xA4,0x10,0xA4,0x10,0xA4,0x10,0xA4,0x10,0xA4,0x10,
    0xA4,0x10,0xA4,0x10,0xA4,0x10,0xA4,0x10,0xA4,0x10,0xA4,0x10,0xA4,0x10,0xA4,0x10,
    0xA4,0x10,0xA4,0x10,0xA4,0x10,0xA4,0x10,0xA4,0x10,0xA4,0x10,0xA4,0x10,0xA4,0x10,
    0xA4,0x10,0xA4,0x10,0xA4,0x10,0xA4,0x10,0xA4,0x10,0xA4,0x10,0xA4,0x10,0xA4,0x10,
    0xA4,0x10,0xA4,0x10,0xA4,0x10,0xA4,0x10,0xA4,0x10,0xA4,0x10,0xA4,0x10,0xA4,0x10,
    0xA4,0x10,0xA4,0x10,0xA4,0x10,0xA4,0x10,0xA4,0x10,0xA4,0x10,0xA4,0x10,0xA4,0x10,
    0xA4,0x10,0xA4,0x10,0xA4,0x10,0xA4,0x10,0xA4,0x10,0xA4,0x10,0xA4,0x10,0xA4,0x10,
    0xA4,0x10,0xA4,0x10,0xA4,0x10,0xA4,0x10,0xA4,0x10,0xA4,0x10,0xA4,0x10,0xA4,0x10,
    0xA4,0x10,0xA4,0x10,0xA4,0x10,0xA3,0x10,0x00,0x00,0x00,0x00,0x00,0x00,0x00,0x00,
    0x00,0x00,0x00,0x00,0x00,0x00,0x00,0x00,0x00,0x00,0x00,0x00,0x00,0x00,0x00,0x00,
    0x00,0x00,0xA3,0x10,0xA4,0x10,0xA4,0x10,0xA4,0x10,0xA4,0x10,0xA4,0x10,0xA4,0x10,
    0xA4,0x10,0xA4,0x10,0xA4,0x10,0xA4,0x10,0xA4,0x10,0xA4,0x10,0xA4,0x10,0xA4,0x10,
    0xA4,0x10,0xA4,0x10,0xA4,0x10,0xA4,0x10,0xA4,0x10,0xA4,0x10,0xA4,0x10,0xF0,0x7B,
    0xF0,0x7B,0xA4,0x10,0xA4,0x10,0xA4,0x10,0xA4,0x10,0xA4,0x10,0xA4,0x10,0xA4,0x10,
    0xA4,0x10,0xA4,0x10,0xA4,0x10,0xA4,0x10,0xA4,0x10,0xA4,0x10,0xA4,0x10,0xA4,0x10,
    0xA4,0x10,0xA4,0x10,0xA4,0x10,0xA4,0x10,0xA4,0x10,0xA4,0x10,0xA4,0x10,0xA4,0x10,
    0xA4,0x10,0xA4,0x10,0xA4,0x10,0xA4,0x10,0xA4,0x10,0xF0,0x7B,0x0C,0x5B,0xA4,0x10,
    0xA4,0x10,0xA4,0x10,0xA4,0x10,0xA4,0x10,0xA4,0x10,0xA4,0x10,0xA4,0x10,0xA4,0x10,
    0xA4,0x10,0xA4,0x10,0xA4,0x10,0xA4,0x10,0xA4,0x10,0xA4,0x10,0xA4,0x10,0xA4,0x10,
    0xA4,0x10,0xA4,0x10,0xA4,0x10,0xA4,0x10,0xA3,0x10,0x00,0x00,0x00,0x00,0x00,0x00,
    0x00,0x00,0x00,0x00,0x00,0x00,0x00,0x00,0x00,0x00,0x00,0x00,0x00,0x00,0x00,0x00,
    0x00,0x00,0x00,0x00,0x00,0x00,0x83,0x10,0xA4,0x10,0xA4,0x10,0xA4,0x10,0xA4,0x10,
    0xA4,0x10,0xA4,0x10,0xA4,0x10,0xA4,0x10,0xA4,0x10,0xA4,0x10,0xA4,0x10,0xA4,0x10,
    0xA4,0x10,0xA4,0x10,0xA4,0x10,0xA4,0x10,0xA4,0x10,0xA4,0x10,0xA4,0x10,0xA4,0x10,
    0xA7,0x31,0xBF,0xF7,0xFF,0xFF,0xDB,0xDE,0x4E,0x6B,0xE5,0x18,0xA4,0x10,0xA4,0x10,
    0xA4,0x10,0xA4,0x10,0xA4,0x10,0xA4,0x10,0xA4,0x10,0xA4,0x10,0xA4,0x10,0xA4,0x10,
    0xA4,0x10,0xA4,0x10,0xA4,0x10,0xA4,0x10,0xA4,0x10,0xA4,0x10,0xA4,0x10,0xA4,0x10,
    0xA4,0x10,0xA4,0x10,0xA4,0x10,0xA4,0x10,0xE5,0x18,0x4E,0x6B,0xDB,0xDE,0xFF,0xFF,
    0x7E,0xEF,0x87,0x29,0xA4,0x10,0xA4,0x10,0xA4,0x10,0xA4,0x10,0xA4,0x10,0xA4,0x10,
    0xA4,0x10,0xA4,0x10,0xA4,0x10,0xA4,0x10,0xA4,0x10,0xA4,0x10,0xA4,0x10,0xA4,0x10,
    0xA4,0x10,0xA4,0x10,0xA4,0x10,0xA4,0x10,0xA4,0x10,0xA4,0x10,0x83,0x10,0x00,0x00,
    0x00,0x00,0x00,0x00,0x00,0x00,0x00,0x00,0x00,0x00,0x00,0x00,0x00,0x00,0x00,0x00,
    0x00,0x00,0x00,0x00,0x00,0x00,0x00,0x00,0x00,0x00,0x00,0x00,0xA3,0x10,0xA4,0x10,
    0xA4,0x10,0xA4,0x10,0xA4,0x10,0xA4,0x10,0xA4,0x10,0xA4,0x10,0xA4,0x10,0xA4,0x10,
    0xA4,0x10,0xA4,0x10,0xA4,0x10,0xA4,0x10,0xA4,0x10,0xA4,0x10,0xA4,0x10,0xA4,0x10,
    0xA4,0x10,0xA4,0x10,0xD7,0xBD,0xFF,0xFF,0xFF,0xFF,0xFF,0xFF,0xFF,0xFF,0xBE,0xF7,
    0x92,0x94,0x87,0x29,0xA4,0x10,0xA4,0x10,0xA4,0x10,0xA4,0x10,0xA4,0x10,0xA4,0x10,
    0xA4,0x10,0xA4,0x10,0xA4,0x10,0xA4,0x10,0xA4,0x10,0xA4,0x10,0xA4,0x10,0xA4,0x10,
    0xA4,0x10,0xA4,0x10,0xA4,0x10,0xA4,0x10,0x87,0x29,0x92,0x94,0xBE,0xF7,0xFF,0xFF,
    0xFF,0xFF,0xFF,0xFF,0xFF,0xFF,0x14,0xA5,0xA4,0x10,0xA4,0x10,0xA4,0x10,0xA4,0x10,
    0xA4,0x10,0xA4,0x10,0xA4,0x10,0xA4,0x10,0xA4,0x10,0xA4,0x10,0xA4,0x10,0xA4,0x10,
    0xA4,0x10,0xA4,0x10,0xA4,0x10,0xA4,0x10,0xA4,0x10,0xA4,0x10,0xA4,0x10,0xA3,0x10,
    0x00,0x00,0x00,0x00,0x00,0x00,0x00,0x00,0x00,0x00,0x00,0x00,0x00,0x00,0x00,0x00,
    0x00,0x00,0x00,0x00,0x00,0x00,0x00,0x00,0x00,0x00,0x00,0x00,0x00,0x00,0x00,0x00,
    0x00,0x00,0xA4,0x10,0xA4,0x10,0xA4,0x10,0xA4,0x10,0xA4,0x10,0xA4,0x10,0xA4,0x10,
    0xA4,0x10,0xA4,0x10,0xA4,0x10,0xA4,0x10,0xA4,0x10,0xA4,0x10,0xA4,0x10,0xA4,0x10,
    0xA4,0x10,0xA4,0x10,0xA4,0x10,0xAB,0x52,0xFF,0xFF,0xFF,0xFF,0xFF,0xFF,0xFF,0xFF,
    0xFF,0xFF,0xFF,0xFF,0xFF,0xFF,0xFF,0xFF,0x9A,0xD6,0x11,0x84,0x29,0x42,0xA4,0x10,
    0xA4,0x10,0xA4,0x10,0xA4,0x10,0xA4,0x10,0xA4,0x10,0xA4,0x10,0xA4,0x10,0xA4,0x10,
    0xA4,0x10,0xA4,0x10,0xA4,0x10,0x29,0x42,0x11,0x84,0x9A,0xD6,0xFF,0xFF,0xFF,0xFF,
    0xFF,0xFF,0xFF,0xFF,0xFF,0xFF,0xFF,0xFF,0xFF,0xFF,0xFF,0xFF,0xC8,0x39,0xA4,0x10,
    0xA4,0x10,0xA4,0x10,0xA4,0x10,0xA4,0x10,0xA4,0x10,0xA4,0x10,0xA4,0x10,0xA4,0x10,
    0xA4,0x10,0xA4,0x10,0xA4,0x10,0xA4,0x10,0xA4,0x10,0xA4,0x10,0xA4,0x10,0xA4,0x10,
    0xA4,0x10,0x00,0x00,0x00,0x00,0x00,0x00,0x00,0x00,0x00,0x00,0x00,0x00,0x00,0x00,
    0x00,0x00,0x00,0x00,0x00,0x00,0x00,0x00,0x00,0x00,0x00,0x00,0x00,0x00,0x00,0x00,
    0x00,0x00,0x00,0x00,0x00,0x00,0x24,0x01,0xA3,0x10,0xA4,0x10,0xA4,0x10,0xA4,0x10,
    0xA4,0x10,0xA4,0x10,0xA4,0x10,0xA4,0x10,0xA4,0x10,0xA4,0x10,0xA4,0x10,0xA4,0x10,
    0xA4,0x10,0xA4,0x10,0xA4,0x10,0xA4,0x10,0xA4,0x10,0x2D,0x63,0x3C,0xE7,0xFF,0xFF,
    0xFF,0xFF,0xFF,0xFF,0xFF,0xFF,0xFF,0xFF,0xFF,0xFF,0xFF,0xFF,0xFF,0xFF,0xFF,0xFF,
    0xFF,0xFF,0xFF,0xFF,0xDB,0xDE,0x96,0xB5,0x55,0xAD,0x52,0x8C,0x52,0x8C,0x52,0x8C,
    0x52,0x8C,0x55,0xAD,0x96,0xB5,0xDB,0xDE,0xFF,0xFF,0xFF,0xFF,0xFF,0xFF,0xFF,0xFF,
    0xFF,0xFF,0xFF,0xFF,0xFF,0xFF,0xFF,0xFF,0xFF,0xFF,0xFF,0xFF,0xFF,0xFF,0x3C,0xE7,
    0xEC,0x5A,0xA4,0x10,0xA4,0x10,0xA4,0x10,0xA4,0x10,0xA4,0x10,0xA4,0x10,0xA4,0x10,
    0xA4,0x10,0xA4,0x10,0xA4,0x10,0xA4,0x10,0xA4,0x10,0xA4,0x10,0xA4,0x10,0xA4,0x10,
    0xA4,0x10,0xA3,0x10,0x24,0x01,0x00,0x00,0x00,0x00,0x00,0x00,0x00,0x00,0x00,0x00,
    0x00,0x00,0x00,0x00,0x00,0x00,0x00,0x00,0x00,0x00,0x00,0x00,0x00,0x00,0x00,0x00,
    0x00,0x00,0x00,0x00,0x00,0x00,0x00,0x00,0x00,0x00,0x00,0x00,0xA3,0x10,0xA4,0x10,
    0xA4,0x10,0xA4,0x10,0xA4,0x10,0xA4,0x10,0xA4,0x10,0xA4,0x10,0xA4,0x10,0xA4,0x10,
    0xA4,0x10,0xA4,0x10,0xA4,0x10,0xA4,0x10,0xA4,0x10,0xA4,0x10,0xA4,0x10,0xA4,0x10,
    0xE4,0x18,0xD3,0x94,0xBE,0xF7,0xFF,0xFF,0xFF,0xFF,0xFF,0xFF,0xFF,0xFF,0xFF,0xFF,
    0xFF,0xFF,0xFF,0xFF,0xFF,0xFF,0xFF,0xFF,0xFF,0xFF,0xFF,0xFF,0xFF,0xFF,0xFF,0xFF,
    0xFF,0xFF,0xFF,0xFF,0xFF,0xFF,0xFF,0xFF,0xFF,0xFF,0xFF,0xFF,0xFF,0xFF,0xFF,0xFF,
    0xFF,0xFF,0xFF,0xFF,0xFF,0xFF,0xFF,0xFF,0xFF,0xFF,0xFF,0xFF,0xFF,0xFF,0xBE,0xF7,
    0xD3,0x94,0xE4,0x18,0xA4,0x10,0xA4,0x10,0xA4,0x10,0xA4,0x10,0xA4,0x10,0xA4,0x10,
    0xA4,0x10,0xA4,0x10,0xA4,0x10,0xA4,0x10,0xA4,0x10,0xA4,0x10,0xA4,0x10,0xA4,0x10,
    0xA4,0x10,0xA4,0x10,0xA4,0x10,0xA3,0x10,0x00,0x00,0x00,0x00,0x00,0x00,0x00,0x00,
    0x00,0x00,0x00,0x00,0x00,0x00,0x00,0x00,0x00,0x00,0x00,0x00,0x00,0x00,0x00,0x00,
    0x00,0x00,0x00,0x00,0x00,0x00,0x00,0x00,0x00,0x00,0x00,0x00,0x00,0x00,0x00,0x00,
    0x00,0x00,0xA4,0x10,0xA4,0x10,0xA4,0x10,0xA4,0x10,0xA4,0x10,0xA4,0x10,0xA4,0x10,
    0xA4,0x10,0xA4,0x10,0xA4,0x10,0xA4,0x10,0xA4,0x10,0xA4,0x10,0xA4,0x10,0xA4,0x10,
    0xA4,0x10,0xA4,0x10,0xA4,0x10,0xA4,0x10,0x46,0x21,0xD3,0x9C,0xBE,0xF7,0xFF,0xFF,
    0xFF,0xFF,0xFF,0xFF,0xFF,0xFF,0xFF,0xFF,0xFF,0xFF,0xFF,0xFF,0xFF,0xFF,0xFF,0xFF,
    0xFF,0xFF,0xFF,0xFF,0xFF,0xFF,0xFF,0xFF,0xFF,0xFF,0xFF,0xFF,0xFF,0xFF,0xFF,0xFF,
    0xFF,0xFF,0xFF,0xFF,0xFF,0xFF,0xFF,0xFF,0xFF,0xFF,0xFF,0xFF,0xFF,0xFF,0xBE,0xF7,
    0xD3,0x9C,0x46,0x21,0xA4,0x10,0xA4,0x10,0xA4,0x10,0xA4,0x10,0xA4,0x10,0xA4,0x10,
    0xA4,0x10,0xA4,0x10,0xA4,0x10,0xA4,0x10,0xA4,0x10,0xA4,0x10,0xA4,0x10,0xA4,0x10,
    0xA4,0x10,0xA4,0x10,0xA4,0x10,0xA4,0x10,0xA4,0x10,0x00,0x00,0x00,0x00,0x00,0x00,
    0x00,0x00,0x00,0x00,0x00,0x00,0x00,0x00,0x00,0x00,0x00,0x00,0x00,0x00,0x00,0x00,
    0x00,0x00,0x00,0x00,0x00,0x00,0x00,0x00,0x00,0x00,0x00,0x00,0x00,0x00,0x00,0x00,
    0x00,0x00,0x00,0x00,0x00,0x00,0x00,0x00,0xA3,0x08,0xA4,0x10,0xA4,0x10,0xA4,0x10,
    0xA4,0x10,0xA4,0x10,0xA4,0x10,0xA4,0x10,0xA4,0x10,0xA4,0x10,0xA4,0x10,0xA4,0x10,
    0xA4,0x10,0xA4,0x10,0xA4,0x10,0xA4,0x10,0xA4,0x10,0xA4,0x10,0xA4,0x10,0xA4,0x10,
    0xE5,0x18,0x2D,0x63,0x55,0xAD,0x9E,0xEF,0xFF,0xFF,0xFF,0xFF,0xFF,0xFF,0xFF,0xFF,
    0xFF,0xFF,0xFF,0xFF,0xFF,0xFF,0xFF,0xFF,0xFF,0xFF,0xFF,0xFF,0xFF,0xFF,0xFF,0xFF,
    0xFF,0xFF,0xFF,0xFF,0xFF,0xFF,0xFF,0xFF,0xFF,0xFF,0xFF,0xFF,0x9E,0xEF,0x55,0xAD,
    0x2D,0x63,0xE5,0x18,0xA4,0x10,0xA4,0x10,0xA4,0x10,0xA4,0x10,0xA4,0x10,0xA4,0x10,
    0xA4,0x10,0xA4,0x10,0xA4,0x10,0xA4,0x10,0xA4,0x10,0xA4,0x10,0xA4,0x10,0xA4,0x10,
    0xA4,0x10,0xA4,0x10,0xA4,0x10,0xA4,0x10,0xA4,0x10,0xA3,0x08,0x00,0x00,0x00,0x00,
    0x00,0x00,0x00,0x00,0x00,0x00,0x00,0x00,0x00,0x00,0x00,0x00,0x00,0x00,0x00,0x00,
    0x00,0x00,0x00,0x00,0x00,0x00,0x00,0x00,0x00,0x00,0x00,0x00,0x00,0x00,0x00,0x00,
    0x00,0x00,0x00,0x00,0x00,0x00,0x00,0x00,0x00,0x00,0x00,0x00,0x00,0x00,0xA3,0x10,
    0xA4,0x10,0xA4,0x10,0xA4,0x10,0xA4,0x10,0xA4,0x10,0xA4,0x10,0xA4,0x10,0xA4,0x10,
    0xA4,0x10,0xA4,0x10,0xA4,0x10,0xA4,0x10,0xA4,0x10,0xA4,0x10,0xA4,0x10,0xA4,0x10,
    0xA4,0x10,0xA4,0x10,0xA4,0x10,0xA4,0x10,0xA4,0x10,0xA4,0x10,0x6A,0x4A,0x52,0x8C,
    0xF8,0xBD,0x7D,0xEF,0xFF,0xFF,0xFF,0xFF,0xFF,0xFF,0xFF,0xFF,0xFF,0xFF,0xFF,0xFF,
    0xFF,0xFF,0xFF,0xFF,0xFF,0xFF,0xFF,0xFF,0x7D,0xEF,0xF8,0xBD,0x52,0x8C,0x6A,0x4A,
    0xA4,0x10,0xA4,0x10,0xA4,0x10,0xA4,0x10,0xA4,0x10,0xA4,0x10,0xA4,0x10,0xA4,0x10,
    0xA4,0x10,0xA4,0x10,0xA4,0x10,0xA4,0x10,0xA4,0x10,0xA4,0x10,0xA4,0x10,0xA4,0x10,
    0xA4,0x10,0xA4,0x10,0xA4,0x10,0xA4,0x10,0xA4,0x10,0xA4,0x10,0xA3,0x10,0x00,0x00,
    0x00,0x00,0x00,0x00,0x00,0x00,0x00,0x00,0x00,0x00,0x00,0x00,0x00,0x00,0x00,0x00,
    0x00,0x00,0x00,0x00,0x00,0x00,0x00,0x00,0x00,0x00,0x00,0x00,0x00,0x00,0x00,0x00,
    0x00,0x00,0x00,0x00,0x00,0x00,0x00,0x00,0x00,0x00,0x00,0x00,0x00,0x00,0x00,0x00,
    0x00,0x00,0x00,0x00,0xA4,0x10,0xA4,0x10,0xA4,0x10,0xA4,0x10,0xA4,0x10,0xA4,0x10,
    0xA4,0x10,0xA4,0x10,0xA4,0x10,0xA4,0x10,0xA4,0x10,0xA4,0x10,0xA4,0x10,0xA4,0x10,
    0xA4,0x10,0xA4,0x10,0xA4,0x10,0xA4,0x10,0xA4,0x10,0xA4,0x10,0xA4,0x10,0xA4,0x10,
    0xA4,0x10,0xA4,0x10,0xA4,0x10,0xA4,0x10,0x25,0x21,0x29,0x42,0xAB,0x52,0x8F,0x73,
    0x8F,0x73,0x8F,0x73,0x8F,0x73,0xAB,0x52,0x29,0x42,0x25,0x21,0xA4,0x10,0xA4,0x10,
    0xA4,0x10,0xA4,0x10,0xA4,0x10,0xA4,0x10,0xA4,0x10,0xA4,0x10,0xA4,0x10,0xA4,0x10,
    0xA4,0x10,0xA4,0x10,0xA4,0x10,0xA4,0x10,0xA4,0x10,0xA4,0x10,0xA4,0x10,0xA4,0x10,
    0xA4,0x10,0xA4,0x10,0xA4,0x10,0xA4,0x10,0xA4,0x10,0xA4,0x10,0xA4,0x10,0xA4,0x10,
    0x00,0x00,0x00,0x00,0x00,0x00,0x00,0x00,0x00,0x00,0x00,0x00,0x00,0x00,0x00,0x00,
    0x00,0x00,0x00,0x00,0x00,0x00,0x00,0x00,0x00,0x00,0x00,0x00,0x00,0x00,0x00,0x00,
    0x00,0x00,0x00,0x00,0x00,0x00,0x00,0x00,0x00,0x00,0x00,0x00,0x00,0x00,0x00,0x00,
    0x00,0x00,0x00,0x00,0x00,0x00,0x00,0x00,0x00,0x00,0xA3,0x10,0xA3,0x10,0xA4,0x10,
    0xA4,0x10,0xA4,0x10,0xA4,0x10,0xA4,0x10,0xA4,0x10,0xA4,0x10,0xA4,0x10,0xA4,0x10,
    0xA4,0x10,0xA4,0x10,0xA4,0x10,0xA4,0x10,0xA4,0x10,0xA4,0x10,0xA4,0x10,0xA4,0x10,
    0xA4,0x10,0xA4,0x10,0xA4,0x10,0xA4,0x10,0xA4,0x10,0xA4,0x10,0xA4,0x10,0xA4,0x10,
    0xA4,0x10,0xA4,0x10,0xA4,0x10,0xA4,0x10,0xA4,0x10,0xA4,0x10,0xA4,0x10,0xA4,0x10,
    0xA4,0x10,0xA4,0x10,0xA4,0x10,0xA4,0x10,0xA4,0x10,0xA4,0x10,0xA4,0x10,0xA4,0x10,
    0xA4,0x10,0xA4,0x10,0xA4,0x10,0xA4,0x10,0xA4,0x10,0xA4,0x10,0xA4,0x10,0xA4,0x10,
    0xA4,0x10,0xA4,0x10,0xA4,0x10,0xA4,0x10,0xA4,0x10,0xA4,0x10,0xA4,0x10,0xA3,0x10,
    0xA3,0x10,0x00,0x00,0x00,0x00,0x00,0x00,0x00,0x00,0x00,0x00,0x00,0x00,0x00,0x00,
    0x00,0x00,0x00,0x00,0x00,0x00,0x00,0x00,0x00,0x00,0x00,0x00,0x00,0x00,0x00,0x00,
    0x00,0x00,0x00,0x00,0x00,0x00,0x00,0x00,0x00,0x00,0x00,0x00,0x00,0x00,0x00,0x00,
    0x00,0x00,0x00,0x00,0x00,0x00,0x00,0x00,0x00,0x00,0x00,0x00,0x00,0x00,0x00,0x00,
    0x24,0x01,0xA4,0x10,0xA4,0x10,0xA4,0x10,0xA4,0x10,0xA4,0x10,0xA4,0x10,0xA4,0x10,
    0xA4,0x10,0xA4,0x10,0xA4,0x10,0xA4,0x10,0xA4,0x10,0xA4,0x10,0xA4,0x10,0xA4,0x10,
    0xA4,0x10,0xA4,0x10,0xA4,0x10,0xA4,0x10,0xA4,0x10,0xA4,0x10,0xA4,0x10,0xA4,0x10,
    0xA4,0x10,0xA4,0x10,0xA4,0x10,0xA4,0x10,0xA4,0x10,0xA4,0x10,0xA4,0x10,0xA4,0x10,
    0xA4,0x10,0xA4,0x10,0xA4,0x10,0xA4,0x10,0xA4,0x10,0xA4,0x10,0xA4,0x10,0xA4,0x10,
    0xA4,0x10,0xA4,0x10,0xA4,0x10,0xA4,0x10,0xA4,0x10,0xA4,0x10,0xA4,0x10,0xA4,0x10,
    0xA4,0x10,0xA4,0x10,0xA4,0x10,0xA4,0x10,0xA4,0x10,0xA4,0x10,0xA4,0x10,0xA4,0x10,
    0xA4,0x10,0x24,0x01,0x00,0x00,0x00,0x00,0x00,0x00,0x00,0x00,0x00,0x00,0x00,0x00,
    0x00,0x00,0x00,0x00,0x00,0x00,0x00,0x00,0x00,0x00,0x00,0x00,0x00,0x00,0x00,0x00,
    0x00,0x00,0x00,0x00,0x00,0x00,0x00,0x00,0x00,0x00,0x00,0x00,0x00,0x00,0x00,0x00,
    0x00,0x00,0x00,0x00,0x00,0x00,0x00,0x00,0x00,0x00,0x00,0x00,0x00,0x00,0x00,0x00,
    0x00,0x00,0x00,0x00,0x00,0x00,0x00,0x00,0xA4,0x10,0xA4,0x10,0xA4,0x10,0xA4,0x10,
    0xA4,0x10,0xA4,0x10,0xA4,0x10,0xA4,0x10,0xA4,0x10,0xA4,0x10,0xA4,0x10,0xA4,0x10,
    0xA4,0x10,0xA4,0x10,0xA4,0x10,0xA4,0x10,0xA4,0x10,0xA4,0x10,0xA4,0x10,0xA4,0x10,
    0xA4,0x10,0xA4,0x10,0xA4,0x10,0xA4,0x10,0xA4,0x10,0xA4,0x10,0xA4,0x10,0xA4,0x10,
    0xA4,0x10,0xA4,0x10,0xA4,0x10,0xA4,0x10,0xA4,0x10,0xA4,0x10,0xA4,0x10,0xA4,0x10,
    0xA4,0x10,0xA4,0x10,0xA4,0x10,0xA4,0x10,0xA4,0x10,0xA4,0x10,0xA4,0x10,0xA4,0x10,
    0xA4,0x10,0xA4,0x10,0xA4,0x10,0xA4,0x10,0xA4,0x10,0xA4,0x10,0xA4,0x10,0xA4,0x10,
    0xA4,0x10,0xA4,0x10,0x00,0x00,0x00,0x00,0x00,0x00,0x00,0x00,0x00,0x00,0x00,0x00,
    0x00,0x00,0x00,0x00,0x00,0x00,0x00,0x00,0x00,0x00,0x00,0x00,0x00,0x00,0x00,0x00,
    0x00,0x00,0x00,0x00,0x00,0x00,0x00,0x00,0x00,0x00,0x00,0x00,0x00,0x00,0x00,0x00,
    0x00,0x00,0x00,0x00,0x00,0x00,0x00,0x00,0x00,0x00,0x00,0x00,0x00,0x00,0x00,0x00,
    0x00,0x00,0x00,0x00,0x00,0x00,0x00,0x00,0x00,0x00,0x00,0x00,0x00,0x00,0xC3,0x10,
    0xA3,0x10,0xA4,0x10,0xA4,0x10,0xA4,0x10,0xA4,0x10,0xA4,0x10,0xA4,0x10,0xA4,0x10,
    0xA4,0x10,0xA4,0x10,0xA4,0x10,0xA4,0x10,0xA4,0x10,0xA4,0x10,0xA4,0x10,0xA4,0x10,
    0xA4,0x10,0xA4,0x10,0xA4,0x10,0xA4,0x10,0xA4,0x10,0xA4,0x10,0xA4,0x10,0xA4,0x10,
    0xA4,0x10,0xA4,0x10,0xA4,0x10,0xA4,0x10,0xA4,0x10,0xA4,0x10,0xA4,0x10,0xA4,0x10,
    0xA4,0x10,0xA4,0x10,0xA4,0x10,0xA4,0x10,0xA4,0x10,0xA4,0x10,0xA4,0x10,0xA4,0x10,
    0xA4,0x10,0xA4,0x10,0xA4,0x10,0xA4,0x10,0xA4,0x10,0xA4,0x10,0xA4,0x10,0xA4,0x10,
    0xA4,0x10,0xA3,0x10,0xC3,0x10,0x00,0x00,0x00,0x00,0x00,0x00,0x00,0x00,0x00,0x00,
    0x00,0x00,0x00,0x00,0x00,0x00,0x00,0x00,0x00,0x00,0x00,0x00,0x00,0x00,0x00,0x00,
    0x00,0x00,0x00,0x00,0x00,0x00,0x00,0x00,0x00,0x00,0x00,0x00,0x00,0x00,0x00,0x00,
    0x00,0x00,0x00,0x00,0x00,0x00,0x00,0x00,0x00,0x00,0x00,0x00,0x00,0x00,0x00,0x00,
    0x00,0x00,0x00,0x00,0x00,0x00,0x00,0x00,0x00,0x00,0x00,0x00,0x00,0x00,0x00,0x00,
    0x00,0x00,0x00,0x00,0x00,0x00,0xA4,0x10,0xA4,0x10,0xA4,0x10,0xA4,0x10,0xA4,0x10,
    0xA4,0x10,0xA4,0x10,0xA4,0x10,0xA4,0x10,0xA4,0x10,0xA4,0x10,0xA4,0x10,0xA4,0x10,
    0xA4,0x10,0xA4,0x10,0xA4,0x10,0xA4,0x10,0xA4,0x10,0xA4,0x10,0xA4,0x10,0xA4,0x10,
    0xA4,0x10,0xA4,0x10,0xA4,0x10,0xA4,0x10,0xA4,0x10,0xA4,0x10,0xA4,0x10,0xA4,0x10,
    0xA4,0x10,0xA4,0x10,0xA4,0x10,0xA4,0x10,0xA4,0x10,0xA4,0x10,0xA4,0x10,0xA4,0x10,
    0xA4,0x10,0xA4,0x10,0xA4,0x10,0xA4,0x10,0xA4,0x10,0xA4,0x10,0xA4,0x10,0xA4,0x10,
    0xA4,0x10,0xA4,0x10,0xA4,0x10,0x00,0x00,0x00,0x00,0x00,0x00,0x00,0x00,0x00,0x00,
    0x00,0x00,0x00,0x00,0x00,0x00,0x00,0x00,0x00,0x00,0x00,0x00,0x00,0x00,0x00,0x00,
    0x00,0x00,0x00,0x00,0x00,0x00,0x00,0x00,0x00,0x00,0x00,0x00,0x00,0x00,0x00,0x00,
    0x00,0x00,0x00,0x00,0x00,0x00,0x00,0x00,0x00,0x00,0x00,0x00,0x00,0x00,0x00,0x00,
    0x00,0x00,0x00,0x00,0x00,0x00,0x00,0x00,0x00,0x00,0x00,0x00,0x00,0x00,0x00,0x00,
    0x00,0x00,0x00,0x00,0x00,0x00,0x00,0x00,0x00,0x00,0x00,0x00,0xE3,0x08,0xA4,0x10,
    0xA3,0x10,0xA4,0x10,0xA4,0x10,0xA4,0x10,0xA4,0x10,0xA4,0x10,0xA4,0x10,0xA4,0x10,
    0xA4,0x10,0xA4,0x10,0xA4,0x10,0xA4,0x10,0xA4,0x10,0xA4,0x10,0xA4,0x10,0xA4,0x10,
    0xA4,0x10,0xA4,0x10,0xA4,0x10,0xA4,0x10,0xA4,0x10,0xA4,0x10,0xA4,0x10,0xA4,0x10,
    0xA4,0x10,0xA4,0x10,0xA4,0x10,0xA4,0x10,0xA4,0x10,0xA4,0x10,0xA4,0x10,0xA4,0x10,
    0xA4,0x10,0xA4,0x10,0xA4,0x10,0xA4,0x10,0xA4,0x10,0xA4,0x10,0xA4,0x10,0xA4,0x10,
    0xA4,0x10,0xA3,0x10,0xA4,0x10,0xE3,0x08,0x00,0x00,0x00,0x00,0x00,0x00,0x00,0x00,
    0x00,0x00,0x00,0x00,0x00,0x00,0x00,0x00,0x00,0x00,0x00,0x00,0x00,0x00,0x00,0x00,
    0x00,0x00,0x00,0x00,0x00,0x00,0x00,0x00,0x00,0x00,0x00,0x00,0x00,0x00,0x00,0x00,
    0x00,0x00,0x00,0x00,0x00,0x00,0x00,0x00,0x00,0x00,0x00,0x00,0x00,0x00,0x00,0x00,
    0x00,0x00,0x00,0x00,0x00,0x00,0x00,0x00,0x00,0x00,0x00,0x00,0x00,0x00,0x00,0x00,
    0x00,0x00,0x00,0x00,0x00,0x00,0x00,0x00,0x00,0x00,0x00,0x00,0x00,0x00,0x00,0x00,
    0x00,0x00,0x00,0x00,0x83,0x10,0xA3,0x10,0xA4,0x10,0xA4,0x10,0xA4,0x10,0xA4,0x10,
    0xA4,0x10,0xA4,0x10,0xA4,0x10,0xA4,0x10,0xA4,0x10,0xA4,0x10,0xA4,0x10,0xA4,0x10,
    0xA4,0x10,0xA4,0x10,0xA4,0x10,0xA4,0x10,0xA4,0x10,0xA4,0x10,0xA4,0x10,0xA4,0x10,
    0xA4,0x10,0xA4,0x10,0xA4,0x10,0xA4,0x10,0xA4,0x10,0xA4,0x10,0xA4,0x10,0xA4,0x10,
    0xA4,0x10,0xA4,0x10,0xA4,0x10,0xA4,0x10,0xA4,0x10,0xA4,0x10,0xA4,0x10,0xA4,0x10,
    0xA4,0x10,0xA4,0x10,0xA3,0x10,0x83,0x10,0x00,0x00,0x00,0x00,0x00,0x00,0x00,0x00,
    0x00,0x00,0x00,0x00,0x00,0x00,0x00,0x00,0x00,0x00,0x00,0x00,0x00,0x00,0x00,0x00,
    0x00,0x00,0x00,0x00,0x00,0x00,0x00,0x00,0x00,0x00,0x00,0x00,0x00,0x00,0x00,0x00,
    0x00,0x00,0x00,0x00,0x00,0x00,0x00,0x00,0x00,0x00,0x00,0x00,0x00,0x00,0x00,0x00,
    0x00,0x00,0x00,0x00,0x00,0x00,0x00,0x00,0x00,0x00,0x00,0x00,0x00,0x00,0x00,0x00,
    0x00,0x00,0x00,0x00,0x00,0x00,0x00,0x00,0x00,0x00,0x00,0x00,0x00,0x00,0x00,0x00,
    0x00,0x00,0x00,0x00,0x00,0x00,0x00,0x00,0x00,0x00,0x00,0x00,0xA2,0x10,0xA4,0x10,
    0xA4,0x10,0xA4,0x10,0xA4,0x10,0xA4,0x10,0xA4,0x10,0xA4,0x10,0xA4,0x10,0xA4,0x10,
    0xA4,0x10,0xA4,0x10,0xA4,0x10,0xA4,0x10,0xA4,0x10,0xA4,0x10,0xA4,0x10,0xA4,0x10,
    0xA4,0x10,0xA4,0x10,0xA4,0x10,0xA4,0x10,0xA4,0x10,0xA4,0x10,0xA4,0x10,0xA4,0x10,
    0xA4,0x10,0xA4,0x10,0xA4,0x10,0xA4,0x10,0xA4,0x10,0xA4,0x10,0xA4,0x10,0xA4,0x10,
    0xA4,0x10,0xA4,0x10,0xA4,0x10,0xA2,0x10,0x00,0x00,0x00,0x00,0x00,0x00,0x00,0x00,
    0x00,0x00,0x00,0x00,0x00,0x00,0x00,0x00,0x00,0x00,0x00,0x00,0x00,0x00,0x00,0x00,
    0x00,0x00,0x00,0x00,0x00,0x00,0x00,0x00,0x00,0x00,0x00,0x00,0x00,0x00,0x00,0x00,
    0x00,0x00,0x00,0x00,0x00,0x00,0x00,0x00,0x00,0x00,0x00,0x00,0x00,0x00,0x00,0x00,
    0x00,0x00,0x00,0x00,0x00,0x00,0x00,0x00,0x00,0x00,0x00,0x00,0x00,0x00,0x00,0x00,
    0x00,0x00,0x00,0x00,0x00,0x00,0x00,0x00,0x00,0x00,0x00,0x00,0x00,0x00,0x00,0x00,
    0x00,0x00,0x00,0x00,0x00,0x00,0x00,0x00,0x00,0x00,0x00,0x00,0x00,0x00,0x00,0x00,
    0x00,0x00,0x00,0x00,0x00,0x00,0xA4,0x10,0xA4,0x10,0xA3,0x10,0xA4,0x10,0xA4,0x10,
    0xA4,0x10,0xA4,0x10,0xA4,0x10,0xA4,0x10,0xA4,0x10,0xA4,0x10,0xA4,0x10,0xA4,0x10,
    0xA4,0x10,0xA4,0x10,0xA4,0x10,0xA4,0x10,0xA4,0x10,0xA4,0x10,0xA4,0x10,0xA4,0x10,
    0xA4,0x10,0xA4,0x10,0xA4,0x10,0xA4,0x10,0xA4,0x10,0xA4,0x10,0xA4,0x10,0xA4,0x10,
    0xA3,0x10,0xA4,0x10,0xA4,0x10,0x00,0x00,0x00,0x00,0x00,0x00,0x00,0x00,0x00,0x00,
    0x00,0x00,0x00,0x00,0x00,0x00,0x00,0x00,0x00,0x00,0x00,0x00,0x00,0x00,0x00,0x00,
    0x00,0x00,0x00,0x00,0x00,0x00,0x00,0x00,0x00,0x00,0x00,0x00,0x00,0x00,0x00,0x00,
    0x00,0x00,0x00,0x00,0x00,0x00,0x00,0x00,0x00,0x00,0x00,0x00,0x00,0x00,0x00,0x00,
    0x00,0x00,0x00,0x00,0x00,0x00,0x00,0x00,0x00,0x00,0x00,0x00,0x00,0x00,0x00,0x00,
    0x00,0x00,0x00,0x00,0x00,0x00,0x00,0x00,0x00,0x00,0x00,0x00,0x00,0x00,0x00,0x00,
    0x00,0x00,0x00,0x00,0x00,0x00,0x00,0x00,0x00,0x00,0x00,0x00,0x00,0x00,0x00,0x00,
    0x00,0x00,0x00,0x00,0x00,0x00,0x00,0x00,0x00,0x00,0x00,0x00,0x00,0x00,0xE3,0x18,
    0xA4,0x10,0xA4,0x10,0xA3,0x10,0xA4,0x10,0xA4,0x10,0xA4,0x10,0xA4,0x10,0xA4,0x10,
    0xA4,0x10,0xA4,0x10,0xA4,0x10,0xA4,0x10,0xA4,0x10,0xA4,0x10,0xA4,0x10,0xA4,0x10,
    0xA4,0x10,0xA4,0x10,0xA4,0x10,0xA4,0x10,0xA4,0x10,0xA4,0x10,0xA4,0x10,0xA3,0x10,
    0xA4,0x10,0xA4,0x10,0xE3,0x18,0x00,0x00,0x00,0x00,0x00,0x00,0x00,0x00,0x00,0x00,
    0x00,0x00,0x00,0x00,0x00,0x00,0x00,0x00,0x00,0x00,0x00,0x00,0x00,0x00,0x00,0x00,
    0x00,0x00,0x00,0x00,0x00,0x00,0x00,0x00,0x00,0x00,0x00,0x00,0x00,0x00,0x00,0x00,
    0x00,0x00,0x00,0x00,0x00,0x00,0x00,0x00,0x00,0x00,0x00,0x00,0x00,0x00,0x00,0x00,
    0x00,0x00,0x00,0x00,0x00,0x00,0x00,0x00,0x00,0x00,0x00,0x00,0x00,0x00,0x00,0x00,
    0x00,0x00,0x00,0x00,0x00,0x00,0x00,0x00,0x00,0x00,0x00,0x00,0x00,0x00,0x00,0x00,
    0x00,0x00,0x00,0x00,0x00,0x00,0x00,0x00,0x00,0x00,0x00,0x00,0x00,0x00,0x00,0x00,
    0x00,0x00,0x00,0x00,0x00,0x00,0x00,0x00,0x00,0x00,0x00,0x00,0x00,0x00,0x00,0x00,
    0x00,0x00,0x00,0x00,0x00,0x00,0x00,0x00,0x00,0x00,0x00,0x00,0xA3,0x08,0xA4,0x10,
    0xA3,0x10,0xA3,0x10,0xA3,0x10,0xA4,0x10,0xA4,0x10,0xA3,0x10,0xA4,0x10,0xA4,0x10,
    0xA3,0x10,0xA4,0x10,0xA4,0x10,0xA3,0x10,0xA3,0x10,0xA3,0x10,0xA4,0x10,0xA3,0x08,
    0x00,0x00,0x00,0x00,0x00,0x00,0x00,0x00,0x00,0x00,0x00,0x00,0x00,0x00,0x00,0x00,
    0x00,0x00,0x00,0x00,0x00,0x00,0x00,0x00,0x00,0x00,0x00,0x00,0x00,0x00,0x00,0x00,
    0x00,0x00,0x00,0x00,0x00,0x00,0x00,0x00,0x00,0x00,0x00,0x00,0x00,0x00,0x00,0x00,
    0x00,0x00,0x00,0x00,0x00,0x00,0x00,0x00,0x00,0x00,0x00,0x00,0x00,0x00,0x00,0x00,
    0x00,0x00,0x00,0x00,0x00,0x00,0x00,0x00,0x00,0x00,0x00,0x00,0x00,0x00,0x00,0x00,
    0x00,0x00,0x00,0x00,0x00,0x00,0x00,0x00,0x00,0x00,0x00,0x00,0x00,0x00,0x00,0x00,
    0x00,0x00,0x00,0x00,0x00,0x00,0x00,0x00,0x00,0x00,0x00,0x01,0x21,0x53,0x80,0xA1,
    0xC0,0xDC,0xED,0xF9,0xFF,0xFF,0xF9,0xED,0xDC,0xC0,0xA1,0x80,0x53,0x21,0x01,0x00,
    0x00,0x00,0x00,0x00,0x00,0x00,0x00,0x00,0x00,0x00,0x00,0x00,0x00,0x00,0x00,0x00,
    0x00,0x00,0x00,0x00,0x00,0x00,0x00,0x00,0x00,0x00,0x00,0x00,0x00,0x00,0x00,0x00,
    0x00,0x00,0x00,0x00,0x00,0x00,0x00,0x00,0x00,0x00,0x00,0x00,0x00,0x00,0x00,0x00,
    0x00,0x00,0x00,0x00,0x00,0x00,0x00,0x00,0x00,0x00,0x00,0x00,0x00,0x00,0x00,0x00,
    0x00,0x09,0x44,0x7F,0xB9,0xEE,0xFF,0xFF,0xFF,0xFF,0xFF,0xFF,0xFF,0xFF,0xFF,0xFF,
    0xFF,0xFF,0xFF,0xFF,0xFF,0xFF,0xFF,0xFF,0xEE,0xB9,0x7F,0x44,0x09,0x00,0x00,0x00,
    0x00,0x00,0x00,0x00,0x00,0x00,0x00,0x00,0x00,0x00,0x00,0x00,0x00,0x00,0x00,0x00,
    0x00,0x00,0x00,0x00,0x00,0x00,0x00,0x00,0x00,0x00,0x00,0x00,0x00,0x00,0x00,0x00,
    0x00,0x00,0x00,0x00,0x00,0x00,0x00,0x00,0x00,0x00,0x00,0x00,0x00,0x00,0x00,0x00,
    0x00,0x00,0x00,0x00,0x00,0x00,0x00,0x00,0x03,0x46,0x9F,0xF1,0xFF,0xFF,0xFF,0xFF,
    0xFF,0xFF,0xFF,0xFF,0xFF,0xFF,0xFF,0xFF,0xFF,0xFF,0xFF,0xFF,0xFF,0xFF,0xFF,0xFF,
    0xFF,0xFF,0xFF,0xFF,0xFF,0xFF,0xF1,0x9F,0x46,0x03,0x00,0x00,0x00,0x00,0x00,0x00,
    0x00,0x00,0x00,0x00,0x00,0x00,0x00,0x00,0x00,0x00,0x00,0x00,0x00,0x00,0x00,0x00,
    0x00,0x00,0x00,0x00,0x00,0x00,0x00,0x00,0x00,0x00,0x00,0x00,0x00,0x00,0x00,0x00,
    0x00,0x00,0x00,0x00,0x00,0x00,0x00,0x00,0x00,0x00,0x00,0x00,0x00,0x00,0x00,0x00,
    0x0B,0x67,0xD7,0xFF,0xFF,0xFF,0xFF,0xFF,0xFF,0xFF,0xFF,0xFF,0xFF,0xFF,0xFF,0xFF,
    0xFF,0xFF,0xFF,0xFF,0xFF,0xFF,0xFF,0xFF,0xFF,0xFF,0xFF,0xFF,0xFF,0xFF,0xFF,0xFF,
    0xFF,0xFF,0xFF,0xD7,0x67,0x0B,0x00,0x00,0x00,0x00,0x00,0x00,0x00,0x00,0x00,0x00,
    0x00,0x00,0x00,0x00,0x00,0x00,0x00,0x00,0x00,0x00,0x00,0x00,0x00,0x00,0x00,0x00,
    0x00,0x00,0x00,0x00,0x00,0x00,0x00,0x00,0x00,0x00,0x00,0x00,0x00,0x00,0x00,0x00,
    0x00,0x00,0x00,0x00,0x00,0x00,0x00,0x00,0x1B,0x8B,0xEE,0xFF,0xFF,0xFF,0xFF,0xFF,
    0xFF,0xFF,0xFF,0xFF,0xFF,0xFF,0xFF,0xFF,0xFF,0xFF,0xFF,0xFF,0xFF,0xFF,0xFF,0xFF,
    0xFF,0xFF,0xFF,0xFF,0xFF,0xFF,0xFF,0xFF,0xFF,0xFF,0xFF,0xFF,0xFF,0xFF,0xFF,0xEE,
    0x8B,0x1B,0x00,0x00,0x00,0x00,0x00,0x00,0x00,0x00,0x00,0x00,0x00,0x00,0x00,0x00,
    0x00,0x00,0x00,0x00,0x00,0x00,0x00,0x00,0x00,0x00,0x00,0x00,0x00,0x00,0x00,0x00,
    0x00,0x00,0x00,0x00,0x00,0x00,0x00,0x00,0x00,0x00,0x00,0x00,0x00,0x00,0x00,0x00,
    0x12,0x94,0xF8,0xFF,0xFF,0xFF,0xFF,0xFF,0xFF,0xFF,0xFF,0xFF,0xFF,0xFF,0xFF,0xFF,
    0xFF,0xFF,0xFF,0xFF,0xFF,0xFF,0xFF,0xFF,0xFF,0xFF,0xFF,0xFF,0xFF,0xFF,0xFF,0xFF,
    0xFF,0xFF,0xFF,0xFF,0xFF,0xFF,0xFF,0xFF,0xFF,0xFF,0xFF,0xF8,0x94,0x12,0x00,0x00,
    0x00,0x00,0x00,0x00,0x00,0x00,0x00,0x00,0x00,0x00,0x00,0x00,0x00,0x00,0x00,0x00,
    0x00,0x00,0x00,0x00,0x00,0x00,0x00,0x00,0x00,0x00,0x00,0x00,0x00,0x00,0x00,0x00,
    0x00,0x00,0x00,0x00,0x00,0x00,0x00,0x00,0x00,0x4F,0xE4,0xFF,0xFF,0xFF,0xFF,0xFF,
    0xFF,0xFF,0xFF,0xFF,0xFF,0xFF,0xFF,0xFF,0xFF,0xFF,0xFF,0xFF,0xFF,0xFF,0xFF,0xFF,
    0xFF,0xFF,0xFF,0xFF,0xFF,0xFF,0xFF,0xFF,0xFF,0xFF,0xFF,0xFF,0xFF,0xFF,0xFF,0xFF,
    0xFF,0xFF,0xFF,0xFF,0xFF,0xFF,0xFF,0xE4,0x4F,0x00,0x00,0x00,0x00,0x00,0x00,0x00,
    0x00,0x00,0x00,0x00,0x00,0x00,0x00,0x00,0x00,0x00,0x00,0x00,0x00,0x00,0x00,0x00,
    0x00,0x00,0x00,0x00,0x00,0x00,0x00,0x00,0x00,0x00,0x00,0x00,0x00,0x00,0x00,0x00,
    0x00,0x28,0xBA,0xFF,0xFF,0xFF,0xFF,0xFF,0xFF,0xFF,0xFF,0xFF,0xFF,0xFF,0xFF,0xFF,
    0xFF,0xFF,0xFF,0xFF,0xFF,0xFF,0xFF,0xFF,0xFF,0xFF,0xFF,0xFF,0xFF,0xFF,0xFF,0xFF,
    0xFF,0xFF,0xFF,0xFF,0xFF,0xFF,0xFF,0xFF,0xFF,0xFF,0xFF,0xFF,0xFF,0xFF,0xFF,0xFF,
    0xFF,0xFF,0xFF,0xBA,0x28,0x00,0x00,0x00,0x00,0x00,0x00,0x00,0x00,0x00,0x00,0x00,
    0x00,0x00,0x00,0x00,0x00,0x00,0x00,0x00,0x00,0x00,0x00,0x00,0x00,0x00,0x00,0x00,
    0x00,0x00,0x00,0x00,0x00,0x00,0x00,0x00,0x00,0x00,0x5C,0xF3,0xFF,0xFF,0xFF,0xFF,
    0xFF,0xFF,0xFF,0xFF,0xFF,0xFF,0xFF,0xFF,0xFF,0xFF,0xFF,0xFF,0xFF,0xFF,0xFF,0xFF,
    0xFF,0xFF,0xFF,0xFF,0xFF,0xFF,0xFF,0xFF,0xFF,0xFF,0xFF,0xFF,0xFF,0xFF,0xFF,0xFF,
    0xFF,0xFF,0xFF,0xFF,0xFF,0xFF,0xFF,0xFF,0xFF,0xFF,0xFF,0xFF,0xFF,0xFF,0xF3,0x5C,
    0x00,0x00,0x00,0x00,0x00,0x00,0x00,0x00,0x00,0x00,0x00,0x00,0x00,0x00,0x00,0x00,
    0x00,0x00,0x00,0x00,0x00,0x00,0x00,0x00,0x00,0x00,0x00,0x00,0x00,0x00,0x00,0x00,
    0x00,0x00,0x07,0x9B,0xFF,0xFF,0xFF,0xFF,0xFF,0xFF,0xFF,0xFF,0xFF,0xFF,0xFF,0xFF,
    0xFF,0xFF,0xFF,0xFF,0xFF,0xFF,0xFF,0xFF,0xFF,0xFF,0xFF,0xFF,0xFF,0xFF,0xFF,0xFF,
    0xFF,0xFF,0xFF,0xFF,0xFF,0xFF,0xFF,0xFF,0xFF,0xFF,0xFF,0xFF,0xFF,0xFF,0xFF,0xFF,
    0xFF,0xFF,0xFF,0xFF,0xFF,0xFF,0xFF,0xFF,0xFF,0xFF,0x9B,0x07,0x00,0x00,0x00,0x00,
    0x00,0x00,0x00,0x00,0x00,0x00,0x00,0x00,0x00,0x00,0x00,0x00,0x00,0x00,0x00,0x00,
    0x00,0x00,0x00,0x00,0x00,0x00,0x00,0x00,0x00,0x00,0x00,0x19,0xC1,0xFF,0xFF,0xFF,
    0xFF,0xFF,0xFF,0xFF,0xFF,0xFF,0xFF,0xFF,0xFF,0xFF,0xFF,0xFF,0xFF,0xFF,0xFF,0xFF,
    0xFF,0xFF,0xFF,0xFF,0xFF,0xFF,0xFF,0xFF,0xFF,0xFF,0xFF,0xFF,0xFF,0xFF,0xFF,0xFF,
    0xFF,0xFF,0xFF,0xFF,0xFF,0xFF,0xFF,0xFF,0xFF,0xFF,0xFF,0xFF,0xFF,0xFF,0xFF,0xFF,
    0xFF,0xFF,0xFF,0xFF,0xFF,0xC1,0x19,0x00,0x00,0x00,0x00,0x00,0x00,0x00,0x00,0x00,
    0x00,0x00,0x00,0x00,0x00,0x00,0x00,0x00,0x00,0x00,0x00,0x00,0x00,0x00,0x00,0x00,
    0x00,0x00,0x00,0x00,0x2E,0xE4,0xFF,0xFF,0xFF,0xFF,0xFF,0xFF,0xFF,0xFF,0xFF,0xFF,
    0xFF,0xFF,0xFF,0xFF,0xFF,0xFF,0xFF,0xFF,0xFF,0xFF,0xFF,0xFF,0xFF,0xFF,0xFF,0xFF,
    0xFF,0xFF,0xFF,0xFF,0xFF,0xFF,0xFF,0xFF,0xFF,0xFF,0xFF,0xFF,0xFF,0xFF,0xFF,0xFF,
    0xFF,0xFF,0xFF,0xFF,0xFF,0xFF,0xFF,0xFF,0xFF,0xFF,0xFF,0xFF,0xFF,0xFF,0xFF,0xFF,
    0xE4,0x2E,0x00,0x00,0x00,0x00,0x00,0x00,0x00,0x00,0x00,0x00,0x00,0x00,0x00,0x00,
    0x00,0x00,0x00,0x00,0x00,0x00,0x00,0x00,0x00,0x00,0x00,0x00,0x00,0x30,0xEC,0xFF,
    0xFF,0xFF,0xFF,0xFF,0xFF,0xFF,0xFF,0xFF,0xFF,0xFF,0xFF,0xFF,0xFF,0xFF,0xFF,0xFF,
    0xFF,0xFF,0xFF,0xFF,0xFF,0xFF,0xFF,0xFF,0xFF,0xFF,0xFF,0xFF,0xFF,0xFF,0xFF,0xFF,
    0xFF,0xFF,0xFF,0xFF,0xFF,0xFF,0xFF,0xFF,0xFF,0xFF,0xFF,0xFF,0xFF,0xFF,0xFF,0xFF,
    0xFF,0xFF,0xFF,0xFF,0xFF,0xFF,0xFF,0xFF,0xFF,0xFF,0xFF,0xEC,0x30,0x00,0x00,0x00,
    0x00,0x00,0x00,0x00,0x00,0x00,0x00,0x00,0x00,0x00,0x00,0x00,0x00,0x00,0x00,0x00,
    0x00,0x00,0x00,0x00,0x00,0x00,0x30,0xE6,0xFF,0xFF,0xFF,0xFF,0xFF,0xFF,0xFF,0xFF,
    0xFF,0xFF,0xFF,0xFF,0xFF,0xFF,0xFF,0xFF,0xFF,0xFF,0xFF,0xFF,0xFF,0xFF,0xFF,0xFF,
    0xFF,0xFF,0xFF,0xFF,0xFF,0xFF,0xFF,0xFF,0xFF,0xFF,0xFF,0xFF,0xFF,0xFF,0xFF,0xFF,
    0xFF,0xFF,0xFF,0xFF,0xFF,0xFF,0xFF,0xFF,0xFF,0xFF,0xFF,0xFF,0xFF,0xFF,0xFF,0xFF,
    0xFF,0xFF,0xFF,0xFF,0xFF,0xFF,0xE6,0x30,0x00,0x00,0x00,0x00,0x00,0x00,0x00,0x00,
    0x00,0x00,0x00,0x00,0x00,0x00,0x00,0x00,0x00,0x00,0x00,0x00,0x00,0x00,0x00,0x2E,
    0xEC,0xFF,0xFF,0xFF,0xFF,0xFF,0xFF,0xFF,0xFF,0xFF,0xFF,0xFF,0xFF,0xFF,0xFF,0xFF,
    0xFF,0xFF,0xFF,0xFF,0xFF,0xFF,0xFF,0xFF,0xFF,0xFF,0xFF,0xFF,0xFF,0xFF,0xFF,0xFF,
    0xFF,0xFF,0xFF,0xFF,0xFF,0xFF,0xFF,0xFF,0xFF,0xFF,0xFF,0xFF,0xFF,0xFF,0xFF,0xFF,
    0xFF,0xFF,0xFF,0xFF,0xFF,0xFF,0xFF,0xFF,0xFF,0xFF,0xFF,0xFF,0xFF,0xFF,0xFF,0xFF,
    0xFF,0xEC,0x2E,0x00,0x00,0x00,0x00,0x00,0x00,0x00,0x00,0x00,0x00,0x00,0x00,0x00,
    0x00,0x00,0x00,0x00,0x00,0x00,0x00,0x00,0x19,0xE4,0xFF,0xFF,0xFF,0xFF,0xFF,0xFF,
    0xFF,0xFF,0xFF,0xFF,0xFF,0xFF,0xFF,0xFF,0xFF,0xFF,0xFF,0xFF,0xFF,0xFF,0xFF,0xFF,
    0xFF,0xFF,0xFF,0xFF,0xFF,0xFF,0xFF,0xFF,0xFF,0xFF,0xFF,0xFF,0xFF,0xFF,0xFF,0xFF,
    0xFF,0xFF,0xFF,0xFF,0xFF,0xFF,0xFF,0xFF,0xFF,0xFF,0xFF,0xFF,0xFF,0xFF,0xFF,0xFF,
    0xFF,0xFF,0xFF,0xFF,0xFF,0xFF,0xFF,0xFF,0xFF,0xFF,0xFF,0xFF,0xE4,0x19,0x00,0x00,
    0x00,0x00,0x00,0x00,0x00,0x00,0x00,0x00,0x00,0x00,0x00,0x00,0x00,0x00,0x00,0x00,
    0x00,0x07,0xC1,0xFF,0xFF,0xFF,0xFF,0xFF,0xFF,0xFF,0xFF,0xFF,0xFF,0xFF,0xFF,0xFF,
    0xFF,0xFF,0xFF,0xFF,0xFF,0xFF,0xFF,0xFF,0xFF,0xFF,0xFF,0xFF,0xFF,0xFF,0xFF,0xFF,
    0xFF,0xFF,0xFF,0xFF,0xFF,0xFF,0xFF,0xFF,0xFF,0xFF,0xFF,0xFF,0xFF,0xFF,0xFF,0xFF,
    0xFF,0xFF,0xFF,0xFF,0xFF,0xFF,0xFF,0xFF,0xFF,0xFF,0xFF,0xFF,0xFF,0xFF,0xFF,0xFF,
    0xFF,0xFF,0xFF,0xFF,0xFF,0xFF,0xFF,0xC1,0x07,0x00,0x00,0x00,0x00,0x00,0x00,0x00,
    0x00,0x00,0x00,0x00,0x00,0x00,0x00,0x00,0x00,0x00,0x00,0x9B,0xFF,0xFF,0xFF,0xFF,
    0xFF,0xFF,0xFF,0xFF,0xFF,0xFF,0xFF,0xFF,0xFF,0xFF,0xFF,0xFF,0xFF,0xFF,0xFF,0xFF,
    0xFF,0xFF,0xFF,0xFF,0xFF,0xFF,0xFF,0xFF,0xFF,0xFF,0xFF,0xFF,0xFF,0xFF,0xFF,0xFF,
    0xFF,0xFF,0xFF,0xFF,0xFF,0xFF,0xFF,0xFF,0xFF,0xFF,0xFF,0xFF,0xFF,0xFF,0xFF,0xFF,
    0xFF,0xFF,0xFF,0xFF,0xFF,0xFF,0xFF,0xFF,0xFF,0xFF,0xFF,0xFF,0xFF,0xFF,0xFF,0xFF,
    0xFF,0xFF,0x9B,0x00,0x00,0x00,0x00,0x00,0x00,0x00,0x00,0x00,0x00,0x00,0x00,0x00,
    0x00,0x00,0x00,0x00,0x5C,0xFE,0xFF,0xFF,0xFF,0xFF,0xFF,0xFF,0xFF,0xFF,0xFF,0xFF,
    0xFF,0xFF,0xFF,0xFF,0xFF,0xFF,0xFF,0xFF,0xFF,0xFF,0xFF,0xFF,0xFF,0xFF,0xFF,0xFF,
    0xFF,0xFF,0xFF,0xFF,0xFF,0xFF,0xFF,0xFF,0xFF,0xFF,0xFF,0xFF,0xFF,0xFF,0xFF,0xFF,
    0xFF,0xFF,0xFF,0xFF,0xFF,0xFF,0xFF,0xFF,0xFF,0xFF,0xFF,0xFF,0xFF,0xFF,0xFF,0xFF,
    0xFF,0xFF,0xFF,0xFF,0xFF,0xFF,0xFF,0xFF,0xFF,0xFF,0xFF,0xFF,0xFE,0x5C,0x00,0x00,
    0x00,0x00,0x00,0x00,0x00,0x00,0x00,0x00,0x00,0x00,0x00,0x00,0x00,0x29,0xF3,0xFF,
    0xFF,0xFF,0xFF,0xFF,0xFF,0xFF,0xFF,0xFF,0xFF,0xFF,0xFF,0xFF,0xFF,0xFF,0xFF,0xFF,
    0xFF,0xFF,0xFF,0xFF,0xFF,0xFF,0xFF,0xFF,0xFF,0xFF,0xFF,0xFF,0xFF,0xFF,0xFF,0xFF,
    0xFF,0xFF,0xFF,0xFF,0xFF,0xFF,0xFF,0xFF,0xFF,0xFF,0xFF,0xFF,0xFF,0xFF,0xFF,0xFF,
    0xFF,0xFF,0xFF,0xFF,0xFF,0xFF,0xFF,0xFF,0xFF,0xFF,0xFF,0xFF,0xFF,0xFF,0xFF,0xFF,
    0xFF,0xFF,0xFF,0xFF,0xFF,0xFF,0xFF,0xF3,0x29,0x00,0x00,0x00,0x00,0x00,0x00,0x00,
    0x00,0x00,0x00,0x00,0x00,0x00,0x01,0xBA,0xFF,0xFF,0xFF,0xFF,0xFF,0xFF,0xFF,0xFF,
    0xFF,0xFF,0xFF,0xFF,0xFF,0xFF,0xFF,0xFF,0xFF,0xFF,0xFF,0xFF,0xFF,0xFF,0xFF,0xFF,
    0xFF,0xFF,0xFF,0xFF,0xFF,0xFF,0xFF,0xFF,0xFF,0xFF,0xFF,0xFF,0xFF,0xFF,0xFF,0xFF,
    0xFF,0xFF,0xFF,0xFF,0xFF,0xFF,0xFF,0xFF,0xFF,0xFF,0xFF,0xFF,0xFF,0xFF,0xFF,0xFF,
    0xFF,0xFF,0xFF,0xFF,0xFF,0xFF,0xFF,0xFF,0xFF,0xFF,0xFF,0xFF,0xFF,0xFF,0xFF,0xFF,
    0xFF,0xFF,0xBA,0x01,0x00,0x00,0x00,0x00,0x00,0x00,0x00,0x00,0x00,0x00,0x00,0x00,
    0x50,0xFF,0xFF,0xFF,0xFF,0xFF,0xFF,0xFF,0xFF,0xFF,0xFF,0xFF,0xFF,0xFF,0xFF,0xFF,
    0xFF,0xFF,0xFF,0xFF,0xFF,0xFF,0xFF,0xFF,0xFF,0xFF,0xFF,0xFF,0xFF,0xFF,0xFF,0xFF,
    0xFF,0xFF,0xFF,0xFF,0xFF,0xFF,0xFF,0xFF,0xFF,0xFF,0xFF,0xFF,0xFF,0xFF,0xFF,0xFF,
    0xFF,0xFF,0xFF,0xFF,0xFF,0xFF,0xFF,0xFF,0xFF,0xFF,0xFF,0xFF,0xFF,0xFF,0xFF,0xFF,
    0xFF,0xFF,0xFF,0xFF,0xFF,0xFF,0xFF,0xFF,0xFF,0xFF,0xFF,0xFF,0xFF,0x50,0x00,0x00,
    0x00,0x00,0x00,0x00,0x00,0x00,0x00,0x00,0x00,0x12,0xE3,0xFF,0xFF,0xFF,0xFF,0xFF,
    0xFF,0xFF,0xFF,0xFF,0xFF,0xFF,0xFF,0xFF,0xFF,0xFF,0xFF,0xFF,0xFF,0xFF,0xFF,0xFF,
    0xFF,0xFF,0xFF,0xFF,0xFF,0xFF,0xFF,0xFF,0xFF,0xFF,0xFF,0xFF,0xFF,0xFF,0xFF,0xFF,
    0xFF,0xFF,0xFF,0xFF,0xFF,0xFF,0xFF,0xFF,0xFF,0xFF,0xFF,0xFF,0xFF,0xFF,0xFF,0xFF,
    0xFF,0xFF,0xFF,0xFF,0xFF,0xFF,0xFF,0xFF,0xFF,0xFF,0xFF,0xFF,0xFF,0xFF,0xFF,0xFF,
    0xFF,0xFF,0xFF,0xFF,0xFF,0xFF,0xFF,0xE3,0x12,0x00,0x00,0x00,0x00,0x00,0x00,0x00,
    0x00,0x00,0x00,0x94,0xFF,0xFF,0xFF,0xFF,0xFF,0xFF,0xFF,0xFF,0xFF,0xFF,0xFF,0xFF,
    0xFF,0xFF,0xFF,0xFF,0xFF,0xFF,0xFF,0xFF,0xFF,0xFF,0xFF,0xFF,0xFF,0xFF,0xFF,0xFF,
    0xFF,0xFF,0xFF,0xFF,0xFF,0xFF,0xFF,0xFF,0xFF,0xFF,0xFF,0xFF,0xFF,0xFF,0xFF,0xFF,
    0xFF,0xFF,0xFF,0xFF,0xFF,0xFF,0xFF,0xFF,0xFF,0xFF,0xFF,0xFF,0xFF,0xFF,0xFF,0xFF,
    0xFF,0xFF,0xFF,0xFF,0xFF,0xFF,0xFF,0xFF,0xFF,0xFF,0xFF,0xFF,0xFF,0xFF,0xFF,0xFF,
    0xFF,0xFF,0x94,0x00,0x00,0x00,0x00,0x00,0x00,0x00,0x00,0x00,0x1C,0xF9,0xFF,0xFF,
    0xFF,0xFF,0xFF,0xFF,0xFF,0xFF,0xFF,0xFF,0xFF,0xFF,0xFF,0xFF,0xFF,0xFF,0xFF,0xFF,
    0xFF,0xFF,0xFF,0xFF,0xFF,0xFF,0xFF,0xFF,0xFF,0xFF,0xFF,0xFF,0xFF,0xFF,0xFF,0xFF,
    0xFF,0xFF,0xFF,0xFF,0xFF,0xFF,0xFF,0xFF,0xFF,0xFF,0xFF,0xFF,0xFF,0xFF,0xFF,0xFF,
    0xFF,0xFF,0xFF,0xFF,0xFF,0xFF,0xFF,0xFF,0xFF,0xFF,0xFF,0xFF,0xFF,0xFF,0xFF,0xFF,
    0xFF,0xFF,0xFF,0xFF,0xFF,0xFF,0xFF,0xFF,0xFF,0xFF,0xFF,0xFF,0xF9,0x1C,0x00,0x00,
    0x00,0x00,0x00,0x00,0x00,0x00,0x8B,0xFF,0xFF,0xFF,0xFF,0xFF,0xFF,0xFF,0xFF,0xFF,
    0xFF,0xFF,0xFF,0xFF,0xFF,0xFF,0xFF,0xFF,0xFF,0xFF,0xFF,0xFF,0xFF,0xFF,0xFF,0xFF,
    0xFF,0xFF,0xFF,0xFF,0xFF,0xFF,0xFF,0xFF,0xFF,0xFF,0xFF,0xFF,0xFF,0xFF,0xFF,0xFF,
    0xFF,0xFF,0xFF,0xFF,0xFF,0xFF,0xFF,0xFF,0xFF,0xFF,0xFF,0xFF,0xFF,0xFF,0xFF,0xFF,
    0xFF,0xFF,0xFF,0xFF,0xFF,0xFF,0xFF,0xFF,0xFF,0xFF,0xFF,0xFF,0xFF,0xFF,0xFF,0xFF,
    0xFF,0xFF,0xFF,0xFF,0xFF,0xFF,0xFF,0x8B,0x00,0x00,0x00,0x00,0x00,0x00,0x00,0x0B,
    0xEF,0xFF,0xFF,0xFF,0xFF,0xFF,0xFF,0xFF,0xFF,0xFF,0xFF,0xFF,0xFF,0xFF,0xFF,0xFF,
    0xFF,0xFF,0xFF,0xFF,0xFF,0xFF,0xFF,0xFF,0xFF,0xFF,0xFF,0xFF,0xFF,0xFF,0xFF,0xFF,
    0xFF,0xFF,0xFF,0xFF,0xFF,0xFF,0xFF,0xFF,0xFF,0xFF,0xFF,0xFF,0xFF,0xFF,0xFF,0xFF,
    0xFF,0xFF,0xFF,0xFF,0xFF,0xFF,0xFF,0xFF,0xFF,0xFF,0xFF,0xFF,0xFF,0xFF,0xFF,0xFF,
    0xFF,0xFF,0xFF,0xFF,0xFF,0xFF,0xFF,0xFF,0xFF,0xFF,0xFF,0xFF,0xFF,0xFF,0xFF,0xFF,
    0xFF,0xEF,0x0B,0x00,0x00,0x00,0x00,0x00,0x00,0x67,0xFF,0xFF,0xFF,0xFF,0xFF,0xFF,
    0xFF,0xFF,0xFF,0xFF,0xFF,0xFF,0xFF,0xFF,0xFF,0xFF,0xFF,0xFF,0xFF,0xFF,0xFF,0xFF,
    0xFF,0xFF,0xFF,0xFF,0xFF,0xFF,0xFF,0xFF,0xFF,0xFF,0xFF,0xFF,0xFF,0xFF,0xFF,0xFF,
    0xFF,0xFF,0xFF,0xFF,0xFF,0xFF,0xFF,0xFF,0xFF,0xFF,0xFF,0xFF,0xFF,0xFF,0xFF,0xFF,
    0xFF,0xFF,0xFF,0xFF,0xFF,0xFF,0xFF,0xFF,0xFF,0xFF,0xFF,0xFF,0xFF,0xFF,0xFF,0xFF,
    0xFF,0xFF,0xFF,0xFF,0xFF,0xFF,0xFF,0xFF,0xFF,0xFF,0xFF,0xFF,0x67,0x00,0x00,0x00,
    0x00,0x00,0x03,0xD7,0xFF,0xFF,0xFF,0xFF,0xFF,0xFF,0xFF,0xFF,0xFF,0xFF,0xFF,0xFF,
    0xFF,0xFF,0xFF,0xFF,0xFF,0xFF,0xFF,0xFF,0xFF,0xFF,0xFF,0xFF,0xFF,0xFF,0xFF,0xFF,
    0xFF,0xFF,0xFF,0xFF,0xFF,0xFF,0xFF,0xFF,0xFF,0xFF,0xFF,0xFF,0xFF,0xFF,0xFF,0xFF,
    0xFF,0xFF,0xFF,0xFF,0xFF,0xFF,0xFF,0xFF,0xFF,0xFF,0xFF,0xFF,0xFF,0xFF,0xFF,0xFF,
    0xFF,0xFF,0xFF,0xFF,0xFF,0xFF,0xFF,0xFF,0xFF,0xFF,0xFF,0xFF,0xFF,0xFF,0xFF,0xFF,
    0xFF,0xFF,0xFF,0xFF,0xFF,0xFF,0xD7,0x03,0x00,0x00,0x00,0x00,0x46,0xFE,0xFF,0xFF,
    0xFF,0xFF,0xFF,0xFF,0xFF,0xFF,0xFF,0xFF,0xFF,0xFF,0xFF,0xFF,0xFF,0xFF,0xFF,0xFF,
    0xFF,0xFF,0xFF,0xFF,0xFF,0xFF,0xFF,0xFF,0xFF,0xFF,0xFF,0xFF,0xFF,0xFF,0xFF,0xFF,
    0xFF,0xFF,0xFF,0xFF,0xFF,0xFF,0xFF,0xFF,0xFF,0xFF,0xFF,0xFF,0xFF,0xFF,0xFF,0xFF,
    0xFF,0xFF,0xFF,0xFF,0xFF,0xFF,0xFF,0xFF,0xFF,0xFF,0xFF,0xFF,0xFF,0xFF,0xFF,0xFF,
    0xFF,0xFF,0xFF,0xFF,0xFF,0xFF,0xFF,0xFF,0xFF,0xFF,0xFF,0xFF,0xFF,0xFF,0xFF,0xFF,
    0xFE,0x46,0x00,0x00,0x00,0x00,0x9F,0xFF,0xFF,0xFF,0xFF,0xFF,0xFF,0xFF,0xFF,0xFF,
    0xFF,0xFF,0xFF,0xFF,0xFF,0xFF,0xFF,0xFF,0xFF,0xFF,0xFF,0xFF,0xFF,0xFF,0xFF,0xFF,
    0xFF,0xFF,0xFF,0xFF,0xFF,0xFF,0xFF,0xFF,0xFF,0xFF,0xFF,0xFF,0xFF,0xFF,0xFF,0xFF,
    0xFF,0xFF,0xFF,0xFF,0xFF,0xFF,0xFF,0xFF,0xFF,0xFF,0xFF,0xFF,0xFF,0xFF,0xFF,0xFF,
    0xFF,0xFF,0xFF,0xFF,0xFF,0xFF,0xFF,0xFF,0xFF,0xFF,0xFF,0xFF,0xFF,0xFF,0xFF,0xFF,
    0xFF,0xFF,0xFF,0xFF,0xFF,0xFF,0xFF,0xFF,0xFF,0xFF,0xFF,0x9F,0x00,0x00,0x00,0x0A,
    0xF0,0xFF,0xFF,0xFF,0xFF,0xFF,0xFF,0xFF,0xFF,0xFF,0xFF,0xFF,0xFF,0xFF,0xFF,0xFF,
    0xFF,0xFF,0xFF,0xFF,0xFF,0xFF,0xFF,0xFF,0xFF,0xFF,0xFF,0xFF,0xFF,0xFF,0xFF,0xFF,
    0xFF,0xFF,0xFF,0xFF,0xFF,0xFF,0xFF,0xFF,0xFF,0xFF,0xFF,0xFF,0xFF,0xFF,0xFF,0xFF,
    0xFF,0xFF,0xFF,0xFF,0xFF,0xFF,0xFF,0xFF,0xFF,0xFF,0xFF,0xFF,0xFF,0xFF,0xFF,0xFF,
    0xFF,0xFF,0xFF,0xFF,0xFF,0xFF,0xFF,0xFF,0xFF,0xFF,0xFF,0xFF,0xFF,0xFF,0xFF,0xFF,
    0xFF,0xFF,0xFF,0xFF,0xFF,0xF0,0x0A,0x00,0x00,0x44,0xFF,0xFF,0xFF,0xFF,0xFF,0xFF,
    0xFF,0xFF,0xFF,0xFF,0xFF,0xFF,0xFF,0xFF,0xFF,0xFF,0xFF,0xFF,0xFF,0xFF,0xFF,0xFF,
    0xFF,0xFF,0xFF,0xFF,0xFF,0xFF,0xFF,0xFF,0xFF,0xFF,0xFF,0xFF,0xFF,0xFF,0xFF,0xFF,
    0xFF,0xFF,0xFF,0xFF,0xFF,0xFF,0xFF,0xFF,0xFF,0xFF,0xFF,0xFF,0xFF,0xFF,0xFF,0xFF,
    0xFF,0xFF,0xFF,0xFF,0xFF,0xFF,0xFF,0xFF,0xFF,0xFF,0xFF,0xFF,0xFF,0xFF,0xFF,0xFF,
    0xFF,0xFF,0xFF,0xFF,0xFF,0xFF,0xFF,0xFF,0xFF,0xFF,0xFF,0xFF,0xFF,0xFF,0xFF,0xFF,
    0x44,0x00,0x00,0x7F,0xFF,0xFF,0xFF,0xFF,0xFF,0xFF,0xFF,0xFF,0xFF,0xFF,0xFF,0xFF,
    0xFF,0xFF,0xFF,0xFF,0xFF,0xFF,0xFF,0xFF,0xFF,0xFF,0xFF,0xFF,0xFF,0xFF,0xFF,0xFF,
    0xFF,0xFF,0xFF,0xFF,0xFF,0xFF,0xFF,0xFF,0xFF,0xFF,0xFF,0xFF,0xFF,0xFF,0xFF,0xFF,
    0xFF,0xFF,0xFF,0xFF,0xFF,0xFF,0xFF,0xFF,0xFF,0xFF,0xFF,0xFF,0xFF,0xFF,0xFF,0xFF,
    0xFF,0xFF,0xFF,0xFF,0xFF,0xFF,0xFF,0xFF,0xFF,0xFF,0xFF,0xFF,0xFF,0xFF,0xFF,0xFF,
    0xFF,0xFF,0xFF,0xFF,0xFF,0xFF,0xFF,0xFF,0xFF,0xFF,0x7F,0x00,0x00,0xB9,0xFF,0xFF,
    0xFF,0xFF,0xFF,0xFF,0xFF,0xFF,0xFF,0xFF,0xFF,0xFF,0xFF,0xFF,0xFF,0xFF,0xFF,0xFF,
    0xFF,0xFF,0xFF,0xFF,0xFF,0xFF,0xFF,0xFF,0xFF,0xFF,0xFF,0xFF,0xFF,0xFF,0xFF,0xFF,
    0xFF,0xFF,0xFF,0xFF,0xFF,0xFF,0xFF,0xFF,0xFF,0xFF,0xFF,0xFF,0xFF,0xFF,0xFF,0xFF,
    0xFF,0xFF,0xFF,0xFF,0xFF,0xFF,0xFF,0xFF,0xFF,0xFF,0xFF,0xFF,0xFF,0xFF,0xFF,0xFF,
    0xFF,0xFF,0xFF,0xFF,0xFF,0xFF,0xFF,0xFF,0xFF,0xFF,0xFF,0xFF,0xFF,0xFF,0xFF,0xFF,
    0xFF,0xFF,0xFF,0xFF,0xB9,0x00,0x01,0xEE,0xFF,0xFF,0xFF,0xFF,0xFF,0xFF,0xFF,0xFF,
    0xFF,0xFF,0xFF,0xFF,0xFF,0xFF,0xFF,0xFF,0xFF,0xFF,0xFF,0xFF,0xFF,0xFF,0xFF,0xFF,
    0xFF,0xFF,0xFF,0xFF,0xFF,0xFF,0xFF,0xFF,0xFF,0xFF,0xFF,0xFF,0xFF,0xFF,0xFF,0xFF,
    0xFF,0xFF,0xFF,0xFF,0xFF,0xFF,0xFF,0xFF,0xFF,0xFF,0xFF,0xFF,0xFF,0xFF,0xFF,0xFF,
    0xFF,0xFF,0xFF,0xFF,0xFF,0xFF,0xFF,0xFF,0xFF,0xFF,0xFF,0xFF,0xFF,0xFF,0xFF,0xFF,
    0xFF,0xFF,0xFF,0xFF,0xFF,0xFF,0xFF,0xFF,0xFF,0xFF,0xFF,0xFF,0xFF,0xFF,0xEE,0x01,
    0x21,0xFE,0xFF,0xFF,0xFF,0xFF,0xFF,0xFF,0xFF,0xFF,0xFF,0xFF,0xFF,0xFF,0xFF,0xFF,
    0xFF,0xFF,0xFF,0xFF,0xFF,0xFF,0xFF,0xFF,0xFF,0xFF,0xFF,0xFF,0xFF,0xFF,0xFF,0xFF,
    0xFF,0xFF,0xFF,0xFF,0xFF,0xFF,0xFF,0xFF,0xFF,0xFF,0xFF,0xFF,0xFF,0xFF,0xFF,0xFF,
    0xFF,0xFF,0xFF,0xFF,0xFF,0xFF,0xFF,0xFF,0xFF,0xFF,0xFF,0xFF,0xFF,0xFF,0xFF,0xFF,
    0xFF,0xFF,0xFF,0xFF,0xFF,0xFF,0xFF,0xFF,0xFF,0xFF,0xFF,0xFF,0xFF,0xFF,0xFF,0xFF,
    0xFF,0xFF,0xFF,0xFF,0xFF,0xFF,0xFF,0xFF,0xFE,0x21,0x54,0xFF,0xFF,0xFF,0xFF,0xFF,
    0xFF,0xFF,0xFF,0xFF,0xFF,0xFF,0xFF,0xFF,0xFF,0xFF,0xFF,0xFF,0xFF,0xFF,0xFF,0xFF,
    0xFF,0xFF,0xFF,0xFF,0xFF,0xFF,0xFF,0xFF,0xFF,0xFF,0xFF,0xFF,0xFF,0xFF,0xFF,0xFF,
    0xFF,0xFF,0xFF,0xFF,0xFF,0xFF,0xFF,0xFF,0xFF,0xFF,0xFF,0xFF,0xFF,0xFF,0xFF,0xFF,
    0xFF,0xFF,0xFF,0xFF,0xFF,0xFF,0xFF,0xFF,0xFF,0xFF,0xFF,0xFF,0xFF,0xFF,0xFF,0xFF,
    0xFF,0xFF,0xFF,0xFF,0xFF,0xFF,0xFF,0xFF,0xFF,0xFF,0xFF,0xFF,0xFF,0xFF,0xFF,0xFF,
    0xFF,0xFF,0xFF,0x54,0x80,0xFF,0xFF,0xFF,0xFF,0xFF,0xFF,0xFF,0xFF,0xFF,0xFF,0xFF,
    0xFF,0xFF,0xFF,0xFF,0xFF,0xFF,0xFF,0xFF,0xFF,0xFF,0xFF,0xFF,0xFF,0xFF,0xFF,0xFF,
    0xFF,0xFF,0xFF,0xFF,0xFF,0xFF,0xFF,0xFF,0xFF,0xFF,0xFF,0xFF,0xFF,0xFF,0xFF,0xFF,
    0xFF,0xFF,0xFF,0xFF,0xFF,0xFF,0xFF,0xFF,0xFF,0xFF,0xFF,0xFF,0xFF,0xFF,0xFF,0xFF,
    0xFF,0xFF,0xFF,0xFF,0xFF,0xFF,0xFF,0xFF,0xFF,0xFF,0xFF,0xFF,0xFF,0xFF,0xFF,0xFF,
    0xFF,0xFF,0xFF,0xFF,0xFF,0xFF,0xFF,0xFF,0xFF,0xFF,0xFF,0xFF,0xFF,0x80,0xA1,0xFF,
    0xFF,0xFF,0xFF,0xFF,0xFF,0xFF,0xFF,0xFF,0xFF,0xFF,0xFF,0xFF,0xFF,0xFF,0xFF,0xFF,
    0xFF,0xFF,0xFF,0xFF,0xFF,0xFF,0xFF,0xFF,0xFF,0xFF,0xFF,0xFF,0xFF,0xFF,0xFF,0xFF,
    0xFF,0xFF,0xFF,0xFF,0xFF,0xFF,0xFF,0xFF,0xFF,0xFF,0xFF,0xFF,0xFF,0xFF,0xFF,0xFF,
    0xFF,0xFF,0xFF,0xFF,0xFF,0xFF,0xFF,0xFF,0xFF,0xFF,0xFF,0xFF,0xFF,0xFF,0xFF,0xFF,
    0xFF,0xFF,0xFF,0xFF,0xFF,0xFF,0xFF,0xFF,0xFF,0xFF,0xFF,0xFF,0xFF,0xFF,0xFF,0xFF,
    0xFF,0xFF,0xFF,0xFF,0xFF,0xFF,0xFF,0xA1,0xC0,0xFF,0xFF,0xFF,0xFF,0xFF,0xFF,0xFF,
    0xFF,0xFF,0xFF,0xFF,0xFF,0xFF,0xFF,0xFF,0xFF,0xFF,0xFF,0xFF,0xFF,0xFF,0xFF,0xFF,
    0xFF,0xFF,0xFF,0xFF,0xFF,0xFF,0xFF,0xFF,0xFF,0xFF,0xFF,0xFF,0xFF,0xFF,0xFF,0xFF,
    0xFF,0xFF,0xFF,0xFF,0xFF,0xFF,0xFF,0xFF,0xFF,0xFF,0xFF,0xFF,0xFF,0xFF,0xFF,0xFF,
    0xFF,0xFF,0xFF,0xFF,0xFF,0xFF,0xFF,0xFF,0xFF,0xFF,0xFF,0xFF,0xFF,0xFF,0xFF,0xFF,
    0xFF,0xFF,0xFF,0xFF,0xFF,0xFF,0xFF,0xFF,0xFF,0xFF,0xFF,0xFF,0xFF,0xFF,0xFF,0xFF,
    0xFF,0xC0,0xDC,0xFF,0xFF,0xFF,0xFF,0xFF,0xFF,0xFF,0xFF,0xFF,0xFF,0xFF,0xFF,0xFF,
    0xFF,0xFF,0xFF,0xFF,0xFF,0xFF,0xFF,0xFF,0xFF,0xFF,0xFF,0xFF,0xFF,0xFF,0xFF,0xFF,
    0xFF,0xFF,0xFF,0xFF,0xFF,0xFF,0xFF,0xFF,0xFF,0xFF,0xFF,0xFF,0xFF,0xFF,0xFF,0xFF,
    0xFF,0xFF,0xFF,0xFF,0xFF,0xFF,0xFF,0xFF,0xFF,0xFF,0xFF,0xFF,0xFF,0xFF,0xFF,0xFF,
    0xFF,0xFF,0xFF,0xFF,0xFF,0xFF,0xFF,0xFF,0xFF,0xFF,0xFF,0xFF,0xFF,0xFF,0xFF,0xFF,
    0xFF,0xFF,0xFF,0xFF,0xFF,0xFF,0xFF,0xFF,0xFF,0xFF,0xFF,0xDC,0xEE,0xFF,0xFF,0xFF,
    0xFF,0xFF,0xFF,0xFF,0xFF,0xFF,0xFF,0xFF,0xFF,0xFF,0xFF,0xFF,0xFF,0xFF,0xFF,0xFF,
    0xFF,0xFF,0xFF,0xFF,0xFF,0xFF,0xFF,0xFF,0xFF,0xFF,0xFF,0xFF,0xFF,0xFF,0xFF,0xFF,
    0xFF,0xFF,0xFF,0xFF,0xFF,0xFF,0xFF,0xFF,0xFF,0xFF,0xFF,0xFF,0xFF,0xFF,0xFF,0xFF,
    0xFF,0xFF,0xFF,0xFF,0xFF,0xFF,0xFF,0xFF,0xFF,0xFF,0xFF,0xFF,0xFF,0xFF,0xFF,0xFF,
    0xFF,0xFF,0xFF,0xFF,0xFF,0xFF,0xFF,0xFF,0xFF,0xFF,0xFF,0xFF,0xFF,0xFF,0xFF,0xFF,
    0xFF,0xFF,0xFF,0xFF,0xFF,0xEE,0xF9,0xFF,0xFF,0xFF,0xFF,0xFF,0xFF,0xFF,0xFF,0xFF,
    0xFF,0xFF,0xFF,0xFF,0xFF,0xFF,0xFF,0xFF,0xFF,0xFF,0xFF,0xFF,0xFF,0xFF,0xFF,0xFF,
    0xFF,0xFF,0xFF,0xFF,0xFF,0xFF,0xFF,0xFF,0xFF,0xFF,0xFF,0xFF,0xFF,0xFF,0xFF,0xFF,
    0xFF,0xFF,0xFF,0xFF,0xFF,0xFF,0xFF,0xFF,0xFF,0xFF,0xFF,0xFF,0xFF,0xFF,0xFF,0xFF,
    0xFF,0xFF,0xFF,0xFF,0xFF,0xFF,0xFF,0xFF,0xFF,0xFF,0xFF,0xFF,0xFF,0xFF,0xFF,0xFF,
    0xFF,0xFF,0xFF,0xFF,0xFF,0xFF,0xFF,0xFF,0xFF,0xFF,0xFF,0xFF,0xFF,0xFF,0xFF,0xF9,
    0xFF,0xFF,0xFF,0xFF,0xFF,0xFF,0xFF,0xFF,0xFF,0xFF,0xFF,0xFF,0xFF,0xFF,0xFF,0xFF,
    0xFF,0xFF,0xFF,0xFF,0xFF,0xFF,0xFF,0xFF,0xFF,0xFF,0xFF,0xFF,0xFF,0xFF,0xFF,0xFF,
    0xFF,0xFF,0xFF,0xFF,0xFF,0xFF,0xFF,0xFF,0xFF,0xFF,0xFF,0xFF,0xFF,0xFF,0xFF,0xFF,
    0xFF,0xFF,0xFF,0xFF,0xFF,0xFF,0xFF,0xFF,0xFF,0xFF,0xFF,0xFF,0xFF,0xFF,0xFF,0xFF,
    0xFF,0xFF,0xFF,0xFF,0xFF,0xFF,0xFF,0xFF,0xFF,0xFF,0xFF,0xFF,0xFF,0xFF,0xFF,0xFF,
    0xFF,0xFF,0xFF,0xFF,0xFF,0xFF,0xFF,0xFF,0xFF,0xFF,0xFF,0xFF,0xFF,0xFF,0xFF,0xFF,
    0xFF,0xFF,0xFF,0xFF,0xFF,0xFF,0xFF,0xFF,0xFF,0xFF,0xFF,0xFF,0xFF,0xFF,0xFF,0xFF,
    0xFF,0xFF,0xFF,0xFF,0xFF,0xFF,0xFF,0xFF,0xFF,0xFF,0xFF,0xFF,0xFF,0xFF,0xFF,0xFF,
    0xFF,0xFF,0xFF,0xFF,0xFF,0xFF,0xFF,0xFF,0xFF,0xFF,0xFF,0xFF,0xFF,0xFF,0xFF,0xFF,
    0xFF,0xFF,0xFF,0xFF,0xFF,0xFF,0xFF,0xFF,0xFF,0xFF,0xFF,0xFF,0xFF,0xFF,0xFF,0xFF,
    0xFF,0xFF,0xFF,0xFF,0xFF,0xFF,0xFF,0xFF,0xFF,0xFF,0xFF,0xFF,0xFF,0xFF,0xFF,0xFF,
    0xFF,0xFF,0xFF,0xFF,0xF9,0xFF,0xFF,0xFF,0xFF,0xFF,0xFF,0xFF,0xFF,0xFF,0xFF,0xFF,
    0xFF,0xFF,0xFF,0xFF,0xFF,0xFF,0xFF,0xFF,0xFF,0xFF,0xFF,0xFF,0xFF,0xFF,0xFF,0xFF,
    0xFF,0xFF,0xFF,0xFF,0xFF,0xFF,0xFF,0xFF,0xFF,0xFF,0xFF,0xFF,0xFF,0xFF,0xFF,0xFF,
    0xFF,0xFF,0xFF,0xFF,0xFF,0xFF,0xFF,0xFF,0xFF,0xFF,0xFF,0xFF,0xFF,0xFF,0xFF,0xFF,
    0xFF,0xFF,0xFF,0xFF,0xFF,0xFF,0xFF,0xFF,0xFF,0xFF,0xFF,0xFF,0xFF,0xFF,0xFF,0xFF,
    0xFF,0xFF,0xFF,0xFF,0xFF,0xFF,0xFF,0xFF,0xFF,0xFF,0xFF,0xFF,0xFF,0xF9,0xEE,0xFF,
    0xFF,0xFF,0xFF,0xFF,0xFF,0xFF,0xFF,0xFF,0xFF,0xFF,0xFF,0xFF,0xFF,0xFF,0xFF,0xFF,
    0xFF,0xFF,0xFF,0xFF,0xFF,0xFF,0xFF,0xFF,0xFF,0xFF,0xFF,0xFF,0xFF,0xFF,0xFF,0xFF,
    0xFF,0xFF,0xFF,0xFF,0xFF,0xFF,0xFF,0xFF,0xFF,0xFF,0xFF,0xFF,0xFF,0xFF,0xFF,0xFF,
    0xFF,0xFF,0xFF,0xFF,0xFF,0xFF,0xFF,0xFF,0xFF,0xFF,0xFF,0xFF,0xFF,0xFF,0xFF,0xFF,
    0xFF,0xFF,0xFF,0xFF,0xFF,0xFF,0xFF,0xFF,0xFF,0xFF,0xFF,0xFF,0xFF,0xFF,0xFF,0xFF,
    0xFF,0xFF,0xFF,0xFF,0xFF,0xFF,0xFF,0xEE,0xDC,0xFF,0xFF,0xFF,0xFF,0xFF,0xFF,0xFF,
    0xFF,0xFF,0xFF,0xFF,0xFF,0xFF,0xFF,0xFF,0xFF,0xFF,0xFF,0xFF,0xFF,0xFF,0xFF,0xFF,
    0xFF,0xFF,0xFF,0xFF,0xFF,0xFF,0xFF,0xFF,0xFF,0xFF,0xFF,0xFF,0xFF,0xFF,0xFF,0xFF,
    0xFF,0xFF,0xFF,0xFF,0xFF,0xFF,0xFF,0xFF,0xFF,0xFF,0xFF,0xFF,0xFF,0xFF,0xFF,0xFF,
    0xFF,0xFF,0xFF,0xFF,0xFF,0xFF,0xFF,0xFF,0xFF,0xFF,0xFF,0xFF,0xFF,0xFF,0xFF,0xFF,
    0xFF,0xFF,0xFF,0xFF,0xFF,0xFF,0xFF,0xFF,0xFF,0xFF,0xFF,0xFF,0xFF,0xFF,0xFF,0xFF,
    0xFF,0xDC,0xC0,0xFF,0xFF,0xFF,0xFF,0xFF,0xFF,0xFF,0xFF,0xFF,0xFF,0xFF,0xFF,0xFF,
    0xFF,0xFF,0xFF,0xFF,0xFF,0xFF,0xFF,0xFF,0xFF,0xFF,0xFF,0xFF,0xFF,0xFF,0xFF,0xFF,
    0xFF,0xFF,0xFF,0xFF,0xFF,0xFF,0xFF,0xFF,0xFF,0xFF,0xFF,0xFF,0xFF,0xFF,0xFF,0xFF,
    0xFF,0xFF,0xFF,0xFF,0xFF,0xFF,0xFF,0xFF,0xFF,0xFF,0xFF,0xFF,0xFF,0xFF,0xFF,0xFF,
    0xFF,0xFF,0xFF,0xFF,0xFF,0xFF,0xFF,0xFF,0xFF,0xFF,0xFF,0xFF,0xFF,0xFF,0xFF,0xFF,
    0xFF,0xFF,0xFF,0xFF,0xFF,0xFF,0xFF,0xFF,0xFF,0xFF,0xFF,0xC0,0xA1,0xFF,0xFF,0xFF,
    0xFF,0xFF,0xFF,0xFF,0xFF,0xFF,0xFF,0xFF,0xFF,0xFF,0xFF,0xFF,0xFF,0xFF,0xFF,0xFF,
    0xFF,0xFF,0xFF,0xFF,0xFF,0xFF,0xFF,0xFF,0xFF,0xFF,0xFF,0xFF,0xFF,0xFF,0xFF,0xFF,
    0xFF,0xFF,0xFF,0xFF,0xFF,0xFF,0xFF,0xFF,0xFF,0xFF,0xFF,0xFF,0xFF,0xFF,0xFF,0xFF,
    0xFF,0xFF,0xFF,0xFF,0xFF,0xFF,0xFF,0xFF,0xFF,0xFF,0xFF,0xFF,0xFF,0xFF,0xFF,0xFF,
    0xFF,0xFF,0xFF,0xFF,0xFF,0xFF,0xFF,0xFF,0xFF,0xFF,0xFF,0xFF,0xFF,0xFF,0xFF,0xFF,
    0xFF,0xFF,0xFF,0xFF,0xFF,0xA1,0x80,0xFF,0xFF,0xFF,0xFF,0xFF,0xFF,0xFF,0xFF,0xFF,
    0xFF,0xFF,0xFF,0xFF,0xFF,0xFF,0xFF,0xFF,0xFF,0xFF,0xFF,0xFF,0xFF,0xFF,0xFF,0xFF,
    0xFF,0xFF,0xFF,0xFF,0xFF,0xFF,0xFF,0xFF,0xFF,0xFF,0xFF,0xFF,0xFF,0xFF,0xFF,0xFF,
    0xFF,0xFF,0xFF,0xFF,0xFF,0xFF,0xFF,0xFF,0xFF,0xFF,0xFF,0xFF,0xFF,0xFF,0xFF,0xFF,
    0xFF,0xFF,0xFF,0xFF,0xFF,0xFF,0xFF,0xFF,0xFF,0xFF,0xFF,0xFF,0xFF,0xFF,0xFF,0xFF,
    0xFF,0xFF,0xFF,0xFF,0xFF,0xFF,0xFF,0xFF,0xFF,0xFF,0xFF,0xFF,0xFF,0xFF,0xFF,0x80,
    0x54,0xFF,0xFF,0xFF,0xFF,0xFF,0xFF,0xFF,0xFF,0xFF,0xFF,0xFF,0xFF,0xFF,0xFF,0xFF,
    0xFF,0xFF,0xFF,0xFF,0xFF,0xFF,0xFF,0xFF,0xFF,0xFF,0xFF,0xFF,0xFF,0xFF,0xFF,0xFF,
    0xFF,0xFF,0xFF,0xFF,0xFF,0xFF,0xFF,0xFF,0xFF,0xFF,0xFF,0xFF,0xFF,0xFF,0xFF,0xFF,
    0xFF,0xFF,0xFF,0xFF,0xFF,0xFF,0xFF,0xFF,0xFF,0xFF,0xFF,0xFF,0xFF,0xFF,0xFF,0xFF,
    0xFF,0xFF,0xFF,0xFF,0xFF,0xFF,0xFF,0xFF,0xFF,0xFF,0xFF,0xFF,0xFF,0xFF,0xFF,0xFF,
    0xFF,0xFF,0xFF,0xFF,0xFF,0xFF,0xFF,0xFF,0xFF,0x54,0x21,0xFE,0xFF,0xFF,0xFF,0xFF,
    0xFF,0xFF,0xFF,0xFF,0xFF,0xFF,0xFF,0xFF,0xFF,0xFF,0xFF,0xFF,0xFF,0xFF,0xFF,0xFF,
    0xFF,0xFF,0xFF,0xFF,0xFF,0xFF,0xFF,0xFF,0xFF,0xFF,0xFF,0xFF,0xFF,0xFF,0xFF,0xFF,
    0xFF,0xFF,0xFF,0xFF,0xFF,0xFF,0xFF,0xFF,0xFF,0xFF,0xFF,0xFF,0xFF,0xFF,0xFF,0xFF,
    0xFF,0xFF,0xFF,0xFF,0xFF,0xFF,0xFF,0xFF,0xFF,0xFF,0xFF,0xFF,0xFF,0xFF,0xFF,0xFF,
    0xFF,0xFF,0xFF,0xFF,0xFF,0xFF,0xFF,0xFF,0xFF,0xFF,0xFF,0xFF,0xFF,0xFF,0xFF,0xFF,
    0xFF,0xFF,0xFE,0x21,0x01,0xEE,0xFF,0xFF,0xFF,0xFF,0xFF,0xFF,0xFF,0xFF,0xFF,0xFF,
    0xFF,0xFF,0xFF,0xFF,0xFF,0xFF,0xFF,0xFF,0xFF,0xFF,0xFF,0xFF,0xFF,0xFF,0xFF,0xFF,
    0xFF,0xFF,0xFF,0xFF,0xFF,0xFF,0xFF,0xFF,0xFF,0xFF,0xFF,0xFF,0xFF,0xFF,0xFF,0xFF,
    0xFF,0xFF,0xFF,0xFF,0xFF,0xFF,0xFF,0xFF,0xFF,0xFF,0xFF,0xFF,0xFF,0xFF,0xFF,0xFF,
    0xFF,0xFF,0xFF,0xFF,0xFF,0xFF,0xFF,0xFF,0xFF,0xFF,0xFF,0xFF,0xFF,0xFF,0xFF,0xFF,
    0xFF,0xFF,0xFF,0xFF,0xFF,0xFF,0xFF,0xFF,0xFF,0xFF,0xFF,0xFF,0xEE,0x01,0x00,0xB9,
    0xFF,0xFF,0xFF,0xFF,0xFF,0xFF,0xFF,0xFF,0xFF,0xFF,0xFF,0xFF,0xFF,0xFF,0xFF,0xFF,
    0xFF,0xFF,0xFF,0xFF,0xFF,0xFF,0xFF,0xFF,0xFF,0xFF,0xFF,0xFF,0xFF,0xFF,0xFF,0xFF,
    0xFF,0xFF,0xFF,0xFF,0xFF,0xFF,0xFF,0xFF,0xFF,0xFF,0xFF,0xFF,0xFF,0xFF,0xFF,0xFF,
    0xFF,0xFF,0xFF,0xFF,0xFF,0xFF,0xFF,0xFF,0xFF,0xFF,0xFF,0xFF,0xFF,0xFF,0xFF,0xFF,
    0xFF,0xFF,0xFF,0xFF,0xFF,0xFF,0xFF,0xFF,0xFF,0xFF,0xFF,0xFF,0xFF,0xFF,0xFF,0xFF,
    0xFF,0xFF,0xFF,0xFF,0xFF,0xFF,0xB9,0x00,0x00,0x7F,0xFF,0xFF,0xFF,0xFF,0xFF,0xFF,
    0xFF,0xFF,0xFF,0xFF,0xFF,0xFF,0xFF,0xFF,0xFF,0xFF,0xFF,0xFF,0xFF,0xFF,0xFF,0xFF,
    0xFF,0xFF,0xFF,0xFF,0xFF,0xFF,0xFF,0xFF,0xFF,0xFF,0xFF,0xFF,0xFF,0xFF,0xFF,0xFF,
    0xFF,0xFF,0xFF,0xFF,0xFF,0xFF,0xFF,0xFF,0xFF,0xFF,0xFF,0xFF,0xFF,0xFF,0xFF,0xFF,
    0xFF,0xFF,0xFF,0xFF,0xFF,0xFF,0xFF,0xFF,0xFF,0xFF,0xFF,0xFF,0xFF,0xFF,0xFF,0xFF,
    0xFF,0xFF,0xFF,0xFF,0xFF,0xFF,0xFF,0xFF,0xFF,0xFF,0xFF,0xFF,0xFF,0xFF,0xFF,0xFF,
    0x7F,0x00,0x00,0x44,0xFF,0xFF,0xFF,0xFF,0xFF,0xFF,0xFF,0xFF,0xFF,0xFF,0xFF,0xFF,
    0xFF,0xFF,0xFF,0xFF,0xFF,0xFF,0xFF,0xFF,0xFF,0xFF,0xFF,0xFF,0xFF,0xFF,0xFF,0xFF,
    0xFF,0xFF,0xFF,0xFF,0xFF,0xFF,0xFF,0xFF,0xFF,0xFF,0xFF,0xFF,0xFF,0xFF,0xFF,0xFF,
    0xFF,0xFF,0xFF,0xFF,0xFF,0xFF,0xFF,0xFF,0xFF,0xFF,0xFF,0xFF,0xFF,0xFF,0xFF,0xFF,
    0xFF,0xFF,0xFF,0xFF,0xFF,0xFF,0xFF,0xFF,0xFF,0xFF,0xFF,0xFF,0xFF,0xFF,0xFF,0xFF,
    0xFF,0xFF,0xFF,0xFF,0xFF,0xFF,0xFF,0xFF,0xFF,0xFF,0x44,0x00,0x00,0x0A,0xF0,0xFF,
    0xFF,0xFF,0xFF,0xFF,0xFF,0xFF,0xFF,0xFF,0xFF,0xFF,0xFF,0xFF,0xFF,0xFF,0xFF,0xFF,
    0xFF,0xFF,0xFF,0xFF,0xFF,0xFF,0xFF,0xFF,0xFF,0xFF,0xFF,0xFF,0xFF,0xFF,0xFF,0xFF,
    0xFF,0xFF,0xFF,0xFF,0xFF,0xFF,0xFF,0xFF,0xFF,0xFF,0xFF,0xFF,0xFF,0xFF,0xFF,0xFF,
    0xFF,0xFF,0xFF,0xFF,0xFF,0xFF,0xFF,0xFF,0xFF,0xFF,0xFF,0xFF,0xFF,0xFF,0xFF,0xFF,
    0xFF,0xFF,0xFF,0xFF,0xFF,0xFF,0xFF,0xFF,0xFF,0xFF,0xFF,0xFF,0xFF,0xFF,0xFF,0xFF,
    0xFF,0xFF,0xFF,0xF0,0x0A,0x00,0x00,0x00,0x9F,0xFF,0xFF,0xFF,0xFF,0xFF,0xFF,0xFF,
    0xFF,0xFF,0xFF,0xFF,0xFF,0xFF,0xFF,0xFF,0xFF,0xFF,0xFF,0xFF,0xFF,0xFF,0xFF,0xFF,
    0xFF,0xFF,0xFF,0xFF,0xFF,0xFF,0xFF,0xFF,0xFF,0xFF,0xFF,0xFF,0xFF,0xFF,0xFF,0xFF,
    0xFF,0xFF,0xFF,0xFF,0xFF,0xFF,0xFF,0xFF,0xFF,0xFF,0xFF,0xFF,0xFF,0xFF,0xFF,0xFF,
    0xFF,0xFF,0xFF,0xFF,0xFF,0xFF,0xFF,0xFF,0xFF,0xFF,0xFF,0xFF,0xFF,0xFF,0xFF,0xFF,
    0xFF,0xFF,0xFF,0xFF,0xFF,0xFF,0xFF,0xFF,0xFF,0xFF,0xFF,0xFF,0xFF,0x9F,0x00,0x00,
    0x00,0x00,0x46,0xFE,0xFF,0xFF,0xFF,0xFF,0xFF,0xFF,0xFF,0xFF,0xFF,0xFF,0xFF,0xFF,
    0xFF,0xFF,0xFF,0xFF,0xFF,0xFF,0xFF,0xFF,0xFF,0xFF,0xFF,0xFF,0xFF,0xFF,0xFF,0xFF,
    0xFF,0xFF,0xFF,0xFF,0xFF,0xFF,0xFF,0xFF,0xFF,0xFF,0xFF,0xFF,0xFF,0xFF,0xFF,0xFF,
    0xFF,0xFF,0xFF,0xFF,0xFF,0xFF,0xFF,0xFF,0xFF,0xFF,0xFF,0xFF,0xFF,0xFF,0xFF,0xFF,
    0xFF,0xFF,0xFF,0xFF,0xFF,0xFF,0xFF,0xFF,0xFF,0xFF,0xFF,0xFF,0xFF,0xFF,0xFF,0xFF,
    0xFF,0xFF,0xFF,0xFF,0xFF,0xFF,0xFE,0x46,0x00,0x00,0x00,0x00,0x03,0xD7,0xFF,0xFF,
    0xFF,0xFF,0xFF,0xFF,0xFF,0xFF,0xFF,0xFF,0xFF,0xFF,0xFF,0xFF,0xFF,0xFF,0xFF,0xFF,
    0xFF,0xFF,0xFF,0xFF,0xFF,0xFF,0xFF,0xFF,0xFF,0xFF,0xFF,0xFF,0xFF,0xFF,0xFF,0xFF,
    0xFF,0xFF,0xFF,0xFF,0xFF,0xFF,0xFF,0xFF,0xFF,0xFF,0xFF,0xFF,0xFF,0xFF,0xFF,0xFF,
    0xFF,0xFF,0xFF,0xFF,0xFF,0xFF,0xFF,0xFF,0xFF,0xFF,0xFF,0xFF,0xFF,0xFF,0xFF,0xFF,
    0xFF,0xFF,0xFF,0xFF,0xFF,0xFF,0xFF,0xFF,0xFF,0xFF,0xFF,0xFF,0xFF,0xFF,0xFF,0xFF,
    0xD7,0x03,0x00,0x00,0x00,0x00,0x00,0x67,0xFF,0xFF,0xFF,0xFF,0xFF,0xFF,0xFF,0xFF,
    0xFF,0xFF,0xFF,0xFF,0xFF,0xFF,0xFF,0xFF,0xFF,0xFF,0xFF,0xFF,0xFF,0xFF,0xFF,0xFF,
    0xFF,0xFF,0xFF,0xFF,0xFF,0xFF,0xFF,0xFF,0xFF,0xFF,0xFF,0xFF,0xFF,0xFF,0xFF,0xFF,
    0xFF,0xFF,0xFF,0xFF,0xFF,0xFF,0xFF,0xFF,0xFF,0xFF,0xFF,0xFF,0xFF,0xFF,0xFF,0xFF,
    0xFF,0xFF,0xFF,0xFF,0xFF,0xFF,0xFF,0xFF,0xFF,0xFF,0xFF,0xFF,0xFF,0xFF,0xFF,0xFF,
    0xFF,0xFF,0xFF,0xFF,0xFF,0xFF,0xFF,0xFF,0xFF,0xFF,0x67,0x00,0x00,0x00,0x00,0x00,
    0x00,0x0B,0xEF,0xFF,0xFF,0xFF,0xFF,0xFF,0xFF,0xFF,0xFF,0xFF,0xFF,0xFF,0xFF,0xFF,
    0xFF,0xFF,0xFF,0xFF,0xFF,0xFF,0xFF,0xFF,0xFF,0xFF,0xFF,0xFF,0xFF,0xFF,0xFF,0xFF,
    0xFF,0xFF,0xFF,0xFF,0xFF,0xFF,0xFF,0xFF,0xFF,0xFF,0xFF,0xFF,0xFF,0xFF,0xFF,0xFF,
    0xFF,0xFF,0xFF,0xFF,0xFF,0xFF,0xFF,0xFF,0xFF,0xFF,0xFF,0xFF,0xFF,0xFF,0xFF,0xFF,
    0xFF,0xFF,0xFF,0xFF,0xFF,0xFF,0xFF,0xFF,0xFF,0xFF,0xFF,0xFF,0xFF,0xFF,0xFF,0xFF,
    0xFF,0xFF,0xFF,0xEF,0x0B,0x00,0x00,0x00,0x00,0x00,0x00,0x00,0x8B,0xFF,0xFF,0xFF,
    0xFF,0xFF,0xFF,0xFF,0xFF,0xFF,0xFF,0xFF,0xFF,0xFF,0xFF,0xFF,0xFF,0xFF,0xFF,0xFF,
    0xFF,0xFF,0xFF,0xFF,0xFF,0xFF,0xFF,0xFF,0xFF,0xFF,0xFF,0xFF,0xFF,0xFF,0xFF,0xFF,
    0xFF,0xFF,0xFF,0xFF,0xFF,0xFF,0xFF,0xFF,0xFF,0xFF,0xFF,0xFF,0xFF,0xFF,0xFF,0xFF,
    0xFF,0xFF,0xFF,0xFF,0xFF,0xFF,0xFF,0xFF,0xFF,0xFF,0xFF,0xFF,0xFF,0xFF,0xFF,0xFF,
    0xFF,0xFF,0xFF,0xFF,0xFF,0xFF,0xFF,0xFF,0xFF,0xFF,0xFF,0xFF,0xFF,0x8B,0x00,0x00,
    0x00,0x00,0x00,0x00,0x00,0x00,0x1C,0xF9,0xFF,0xFF,0xFF,0xFF,0xFF,0xFF,0xFF,0xFF,
    0xFF,0xFF,0xFF,0xFF,0xFF,0xFF,0xFF,0xFF,0xFF,0xFF,0xFF,0xFF,0xFF,0xFF,0xFF,0xFF,
    0xFF,0xFF,0xFF,0xFF,0xFF,0xFF,0xFF,0xFF,0xFF,0xFF,0xFF,0xFF,0xFF,0xFF,0xFF,0xFF,
    0xFF,0xFF,0xFF,0xFF,0xFF,0xFF,0xFF,0xFF,0xFF,0xFF,0xFF,0xFF,0xFF,0xFF,0xFF,0xFF,
    0xFF,0xFF,0xFF,0xFF,0xFF,0xFF,0xFF,0xFF,0xFF,0xFF,0xFF,0xFF,0xFF,0xFF,0xFF,0xFF,
    0xFF,0xFF,0xFF,0xFF,0xFF,0xFF,0xF9,0x1C,0x00,0x00,0x00,0x00,0x00,0x00,0x00,0x00,
    0x00,0x94,0xFF,0xFF,0xFF,0xFF,0xFF,0xFF,0xFF,0xFF,0xFF,0xFF,0xFF,0xFF,0xFF,0xFF,
    0xFF,0xFF,0xFF,0xFF,0xFF,0xFF,0xFF,0xFF,0xFF,0xFF,0xFF,0xFF,0xFF,0xFF,0xFF,0xFF,
    0xFF,0xFF,0xFF,0xFF,0xFF,0xFF,0xFF,0xFF,0xFF,0xFF,0xFF,0xFF,0xFF,0xFF,0xFF,0xFF,
    0xFF,0xFF,0xFF,0xFF,0xFF,0xFF,0xFF,0xFF,0xFF,0xFF,0xFF,0xFF,0xFF,0xFF,0xFF,0xFF,
    0xFF,0xFF,0xFF,0xFF,0xFF,0xFF,0xFF,0xFF,0xFF,0xFF,0xFF,0xFF,0xFF,0xFF,0xFF,0xFF,
    0x94,0x00,0x00,0x00,0x00,0x00,0x00,0x00,0x00,0x00,0x00,0x12,0xE3,0xFF,0xFF,0xFF,
    0xFF,0xFF,0xFF,0xFF,0xFF,0xFF,0xFF,0xFF,0xFF,0xFF,0xFF,0xFF,0xFF,0xFF,0xFF,0xFF,
    0xFF,0xFF,0xFF,0xFF,0xFF,0xFF,0xFF,0xFF,0xFF,0xFF,0xFF,0xFF,0xFF,0xFF,0xFF,0xFF,
    0xFF,0xFF,0xFF,0xFF,0xFF,0xFF,0xFF,0xFF,0xFF,0xFF,0xFF,0xFF,0xFF,0xFF,0xFF,0xFF,
    0xFF,0xFF,0xFF,0xFF,0xFF,0xFF,0xFF,0xFF,0xFF,0xFF,0xFF,0xFF,0xFF,0xFF,0xFF,0xFF,
    0xFF,0xFF,0xFF,0xFF,0xFF,0xFF,0xFF,0xFF,0xFF,0xE3,0x12,0x00,0x00,0x00,0x00,0x00,
    0x00,0x00,0x00,0x00,0x00,0x00,0x50,0xFF,0xFF,0xFF,0xFF,0xFF,0xFF,0xFF,0xFF,0xFF,
    0xFF,0xFF,0xFF,0xFF,0xFF,0xFF,0xFF,0xFF,0xFF,0xFF,0xFF,0xFF,0xFF,0xFF,0xFF,0xFF,
    0xFF,0xFF,0xFF,0xFF,0xFF,0xFF,0xFF,0xFF,0xFF,0xFF,0xFF,0xFF,0xFF,0xFF,0xFF,0xFF,
    0xFF,0xFF,0xFF,0xFF,0xFF,0xFF,0xFF,0xFF,0xFF,0xFF,0xFF,0xFF,0xFF,0xFF,0xFF,0xFF,
    0xFF,0xFF,0xFF,0xFF,0xFF,0xFF,0xFF,0xFF,0xFF,0xFF,0xFF,0xFF,0xFF,0xFF,0xFF,0xFF,
    0xFF,0xFF,0xFF,0x50,0x00,0x00,0x00,0x00,0x00,0x00,0x00,0x00,0x00,0x00,0x00,0x00,
    0x01,0xBA,0xFF,0xFF,0xFF,0xFF,0xFF,0xFF,0xFF,0xFF,0xFF,0xFF,0xFF,0xFF,0xFF,0xFF,
    0xFF,0xFF,0xFF,0xFF,0xFF,0xFF,0xFF,0xFF,0xFF,0xFF,0xFF,0xFF,0xFF,0xFF,0xFF,0xFF,
    0xFF,0xFF,0xFF,0xFF,0xFF,0xFF,0xFF,0xFF,0xFF,0xFF,0xFF,0xFF,0xFF,0xFF,0xFF,0xFF,
    0xFF,0xFF,0xFF,0xFF,0xFF,0xFF,0xFF,0xFF,0xFF,0xFF,0xFF,0xFF,0xFF,0xFF,0xFF,0xFF,
    0xFF,0xFF,0xFF,0xFF,0xFF,0xFF,0xFF,0xFF,0xFF,0xFF,0xFF,0xFF,0xBA,0x01,0x00,0x00,
    0x00,0x00,0x00,0x00,0x00,0x00,0x00,0x00,0x00,0x00,0x00,0x29,0xF3,0xFF,0xFF,0xFF,
    0xFF,0xFF,0xFF,0xFF,0xFF,0xFF,0xFF,0xFF,0xFF,0xFF,0xFF,0xFF,0xFF,0xFF,0xFF,0xFF,
    0xFF,0xFF,0xFF,0xFF,0xFF,0xFF,0xFF,0xFF,0xFF,0xFF,0xFF,0xFF,0xFF,0xFF,0xFF,0xFF,
    0xFF,0xFF,0xFF,0xFF,0xFF,0xFF,0xFF,0xFF,0xFF,0xFF,0xFF,0xFF,0xFF,0xFF,0xFF,0xFF,
    0xFF,0xFF,0xFF,0xFF,0xFF,0xFF,0xFF,0xFF,0xFF,0xFF,0xFF,0xFF,0xFF,0xFF,0xFF,0xFF,
    0xFF,0xFF,0xFF,0xFF,0xFF,0xF3,0x29,0x00,0x00,0x00,0x00,0x00,0x00,0x00,0x00,0x00,
    0x00,0x00,0x00,0x00,0x00,0x00,0x5C,0xFE,0xFF,0xFF,0xFF,0xFF,0xFF,0xFF,0xFF,0xFF,
    0xFF,0xFF,0xFF,0xFF,0xFF,0xFF,0xFF,0xFF,0xFF,0xFF,0xFF,0xFF,0xFF,0xFF,0xFF,0xFF,
    0xFF,0xFF,0xFF,0xFF,0xFF,0xFF,0xFF,0xFF,0xFF,0xFF,0xFF,0xFF,0xFF,0xFF,0xFF,0xFF,
    0xFF,0xFF,0xFF,0xFF,0xFF,0xFF,0xFF,0xFF,0xFF,0xFF,0xFF,0xFF,0xFF,0xFF,0xFF,0xFF,
    0xFF,0xFF,0xFF,0xFF,0xFF,0xFF,0xFF,0xFF,0xFF,0xFF,0xFF,0xFF,0xFF,0xFF,0xFE,0x5C,
    0x00,0x00,0x00,0x00,0x00,0x00,0x00,0x00,0x00,0x00,0x00,0x00,0x00,0x00,0x00,0x00,
    0x00,0x9B,0xFF,0xFF,0xFF,0xFF,0xFF,0xFF,0xFF,0xFF,0xFF,0xFF,0xFF,0xFF,0xFF,0xFF,
    0xFF,0xFF,0xFF,0xFF,0xFF,0xFF,0xFF,0xFF,0xFF,0xFF,0xFF,0xFF,0xFF,0xFF,0xFF,0xFF,
    0xFF,0xFF,0xFF,0xFF,0xFF,0xFF,0xFF,0xFF,0xFF,0xFF,0xFF,0xFF,0xFF,0xFF,0xFF,0xFF,
    0xFF,0xFF,0xFF,0xFF,0xFF,0xFF,0xFF,0xFF,0xFF,0xFF,0xFF,0xFF,0xFF,0xFF,0xFF,0xFF,
    0xFF,0xFF,0xFF,0xFF,0xFF,0xFF,0xFF,0xFF,0x9B,0x00,0x00,0x00,0x00,0x00,0x00,0x00,
    0x00,0x00,0x00,0x00,0x00,0x00,0x00,0x00,0x00,0x00,0x00,0x07,0xC1,0xFF,0xFF,0xFF,
    0xFF,0xFF,0xFF,0xFF,0xFF,0xFF,0xFF,0xFF,0xFF,0xFF,0xFF,0xFF,0xFF,0xFF,0xFF,0xFF,
    0xFF,0xFF,0xFF,0xFF,0xFF,0xFF,0xFF,0xFF,0xFF,0xFF,0xFF,0xFF,0xFF,0xFF,0xFF,0xFF,
    0xFF,0xFF,0xFF,0xFF,0xFF,0xFF,0xFF,0xFF,0xFF,0xFF,0xFF,0xFF,0xFF,0xFF,0xFF,0xFF,
    0xFF,0xFF,0xFF,0xFF,0xFF,0xFF,0xFF,0xFF,0xFF,0xFF,0xFF,0xFF,0xFF,0xFF,0xFF,0xFF,
    0xFF,0xC1,0x07,0x00,0x00,0x00,0x00,0x00,0x00,0x00,0x00,0x00,0x00,0x00,0x00,0x00,
    0x00,0x00,0x00,0x00,0x00,0x00,0x19,0xE4,0xFF,0xFF,0xFF,0xFF,0xFF,0xFF,0xFF,0xFF,
    0xFF,0xFF,0xFF,0xFF,0xFF,0xFF,0xFF,0xFF,0xFF,0xFF,0xFF,0xFF,0xFF,0xFF,0xFF,0xFF,
    0xFF,0xFF,0xFF,0xFF,0xFF,0xFF,0xFF,0xFF,0xFF,0xFF,0xFF,0xFF,0xFF,0xFF,0xFF,0xFF,
    0xFF,0xFF,0xFF,0xFF,0xFF,0xFF,0xFF,0xFF,0xFF,0xFF,0xFF,0xFF,0xFF,0xFF,0xFF,0xFF,
    0xFF,0xFF,0xFF,0xFF,0xFF,0xFF,0xFF,0xFF,0xFF,0xFF,0xE4,0x19,0x00,0x00,0x00,0x00,
    0x00,0x00,0x00,0x00,0x00,0x00,0x00,0x00,0x00,0x00,0x00,0x00,0x00,0x00,0x00,0x00,
    0x00,0x2E,0xEC,0xFF,0xFF,0xFF,0xFF,0xFF,0xFF,0xFF,0xFF,0xFF,0xFF,0xFF,0xFF,0xFF,
    0xFF,0xFF,0xFF,0xFF,0xFF,0xFF,0xFF,0xFF,0xFF,0xFF,0xFF,0xFF,0xFF,0xFF,0xFF,0xFF,
    0xFF,0xFF,0xFF,0xFF,0xFF,0xFF,0xFF,0xFF,0xFF,0xFF,0xFF,0xFF,0xFF,0xFF,0xFF,0xFF,
    0xFF,0xFF,0xFF,0xFF,0xFF,0xFF,0xFF,0xFF,0xFF,0xFF,0xFF,0xFF,0xFF,0xFF,0xFF,0xFF,
    0xFF,0xFF,0xFF,0xEC,0x2E,0x00,0x00,0x00,0x00,0x00,0x00,0x00,0x00,0x00,0x00,0x00,
    0x00,0x00,0x00,0x00,0x00,0x00,0x00,0x00,0x00,0x00,0x00,0x00,0x30,0xE6,0xFF,0xFF,
    0xFF,0xFF,0xFF,0xFF,0xFF,0xFF,0xFF,0xFF,0xFF,0xFF,0xFF,0xFF,0xFF,0xFF,0xFF,0xFF,
    0xFF,0xFF,0xFF,0xFF,0xFF,0xFF,0xFF,0xFF,0xFF,0xFF,0xFF,0xFF,0xFF,0xFF,0xFF,0xFF,
    0xFF,0xFF,0xFF,0xFF,0xFF,0xFF,0xFF,0xFF,0xFF,0xFF,0xFF,0xFF,0xFF,0xFF,0xFF,0xFF,
    0xFF,0xFF,0xFF,0xFF,0xFF,0xFF,0xFF,0xFF,0xFF,0xFF,0xFF,0xFF,0xE6,0x30,0x00,0x00,
    0x00,0x00,0x00,0x00,0x00,0x00,0x00,0x00,0x00,0x00,0x00,0x00,0x00,0x00,0x00,0x00,
    0x00,0x00,0x00,0x00,0x00,0x00,0x00,0x30,0xEC,0xFF,0xFF,0xFF,0xFF,0xFF,0xFF,0xFF,
    0xFF,0xFF,0xFF,0xFF,0xFF,0xFF,0xFF,0xFF,0xFF,0xFF,0xFF,0xFF,0xFF,0xFF,0xFF,0xFF,
    0xFF,0xFF,0xFF,0xFF,0xFF,0xFF,0xFF,0xFF,0xFF,0xFF,0xFF,0xFF,0xFF,0xFF,0xFF,0xFF,
    0xFF,0xFF,0xFF,0xFF,0xFF,0xFF,0xFF,0xFF,0xFF,0xFF,0xFF,0xFF,0xFF,0xFF,0xFF,0xFF,
    0xFF,0xFF,0xFF,0xFF,0xFF,0xEC,0x30,0x00,0x00,0x00,0x00,0x00,0x00,0x00,0x00,0x00,
    0x00,0x00,0x00,0x00,0x00,0x00,0x00,0x00,0x00,0x00,0x00,0x00,0x00,0x00,0x00,0x00,
    0x00,0x00,0x2E,0xE4,0xFF,0xFF,0xFF,0xFF,0xFF,0xFF,0xFF,0xFF,0xFF,0xFF,0xFF,0xFF,
    0xFF,0xFF,0xFF,0xFF,0xFF,0xFF,0xFF,0xFF,0xFF,0xFF,0xFF,0xFF,0xFF,0xFF,0xFF,0xFF,
    0xFF,0xFF,0xFF,0xFF,0xFF,0xFF,0xFF,0xFF,0xFF,0xFF,0xFF,0xFF,0xFF,0xFF,0xFF,0xFF,
    0xFF,0xFF,0xFF,0xFF,0xFF,0xFF,0xFF,0xFF,0xFF,0xFF,0xFF,0xFF,0xFF,0xFF,0xE4,0x2E,
    0x00,0x00,0x00,0x00,0x00,0x00,0x00,0x00,0x00,0x00,0x00,0x00,0x00,0x00,0x00,0x00,
    0x00,0x00,0x00,0x00,0x00,0x00,0x00,0x00,0x00,0x00,0x00,0x00,0x00,0x19,0xC1,0xFF,
    0xFF,0xFF,0xFF,0xFF,0xFF,0xFF,0xFF,0xFF,0xFF,0xFF,0xFF,0xFF,0xFF,0xFF,0xFF,0xFF,
    0xFF,0xFF,0xFF,0xFF,0xFF,0xFF,0xFF,0xFF,0xFF,0xFF,0xFF,0xFF,0xFF,0xFF,0xFF,0xFF,
    0xFF,0xFF,0xFF,0xFF,0xFF,0xFF,0xFF,0xFF,0xFF,0xFF,0xFF,0xFF,0xFF,0xFF,0xFF,0xFF,
    0xFF,0xFF,0xFF,0xFF,0xFF,0xFF,0xFF,0xC1,0x19,0x00,0x00,0x00,0x00,0x00,0x00,0x00,
    0x00,0x00,0x00,0x00,0x00,0x00,0x00,0x00,0x00,0x00,0x00,0x00,0x00,0x00,0x00,0x00,
    0x00,0x00,0x00,0x00,0x00,0x00,0x00,0x00,0x07,0x9B,0xFF,0xFF,0xFF,0xFF,0xFF,0xFF,
    0xFF,0xFF,0xFF,0xFF,0xFF,0xFF,0xFF,0xFF,0xFF,0xFF,0xFF,0xFF,0xFF,0xFF,0xFF,0xFF,
    0xFF,0xFF,0xFF,0xFF,0xFF,0xFF,0xFF,0xFF,0xFF,0xFF,0xFF,0xFF,0xFF,0xFF,0xFF,0xFF,
    0xFF,0xFF,0xFF,0xFF,0xFF,0xFF,0xFF,0xFF,0xFF,0xFF,0xFF,0xFF,0xFF,0xFF,0xFF,0xFF,
    0x9B,0x07,0x00,0x00,0x00,0x00,0x00,0x00,0x00,0x00,0x00,0x00,0x00,0x00,0x00,0x00,
    0x00,0x00,0x00,0x00,0x00,0x00,0x00,0x00,0x00,0x00,0x00,0x00,0x00,0x00,0x00,0x00,
    0x00,0x00,0x00,0x00,0x5C,0xF3,0xFF,0xFF,0xFF,0xFF,0xFF,0xFF,0xFF,0xFF,0xFF,0xFF,
    0xFF,0xFF,0xFF,0xFF,0xFF,0xFF,0xFF,0xFF,0xFF,0xFF,0xFF,0xFF,0xFF,0xFF,0xFF,0xFF,
    0xFF,0xFF,0xFF,0xFF,0xFF,0xFF,0xFF,0xFF,0xFF,0xFF,0xFF,0xFF,0xFF,0xFF,0xFF,0xFF,
    0xFF,0xFF,0xFF,0xFF,0xFF,0xFF,0xFF,0xFF,0xF3,0x5C,0x00,0x00,0x00,0x00,0x00,0x00,
    0x00,0x00,0x00,0x00,0x00,0x00,0x00,0x00,0x00,0x00,0x00,0x00,0x00,0x00,0x00,0x00,
    0x00,0x00,0x00,0x00,0x00,0x00,0x00,0x00,0x00,0x00,0x00,0x00,0x00,0x00,0x00,0x28,
    0xBA,0xFF,0xFF,0xFF,0xFF,0xFF,0xFF,0xFF,0xFF,0xFF,0xFF,0xFF,0xFF,0xFF,0xFF,0xFF,
    0xFF,0xFF,0xFF,0xFF,0xFF,0xFF,0xFF,0xFF,0xFF,0xFF,0xFF,0xFF,0xFF,0xFF,0xFF,0xFF,
    0xFF,0xFF,0xFF,0xFF,0xFF,0xFF,0xFF,0xFF,0xFF,0xFF,0xFF,0xFF,0xFF,0xFF,0xFF,0xFF,
    0xFF,0xBA,0x28,0x00,0x00,0x00,0x00,0x00,0x00,0x00,0x00,0x00,0x00,0x00,0x00,0x00,
    0x00,0x00,0x00,0x00,0x00,0x00,0x00,0x00,0x00,0x00,0x00,0x00,0x00,0x00,0x00,0x00,
    0x00,0x00,0x00,0x00,0x00,0x00,0x00,0x00,0x00,0x00,0x00,0x4F,0xE4,0xFF,0xFF,0xFF,
    0xFF,0xFF,0xFF,0xFF,0xFF,0xFF,0xFF,0xFF,0xFF,0xFF,0xFF,0xFF,0xFF,0xFF,0xFF,0xFF,
    0xFF,0xFF,0xFF,0xFF,0xFF,0xFF,0xFF,0xFF,0xFF,0xFF,0xFF,0xFF,0xFF,0xFF,0xFF,0xFF,
    0xFF,0xFF,0xFF,0xFF,0xFF,0xFF,0xFF,0xFF,0xFF,0xE4,0x4F,0x00,0x00,0x00,0x00,0x00,
    0x00,0x00,0x00,0x00,0x00,0x00,0x00,0x00,0x00,0x00,0x00,0x00,0x00,0x00,0x00,0x00,
    0x00,0x00,0x00,0x00,0x00,0x00,0x00,0x00,0x00,0x00,0x00,0x00,0x00,0x00,0x00,0x00,
    0x00,0x00,0x00,0x00,0x00,0x00,0x12,0x94,0xF8,0xFF,0xFF,0xFF,0xFF,0xFF,0xFF,0xFF,
    0xFF,0xFF,0xFF,0xFF,0xFF,0xFF,0xFF,0xFF,0xFF,0xFF,0xFF,0xFF,0xFF,0xFF,0xFF,0xFF,
    0xFF,0xFF,0xFF,0xFF,0xFF,0xFF,0xFF,0xFF,0xFF,0xFF,0xFF,0xFF,0xFF,0xFF,0xFF,0xFF,
    0xFF,0xF8,0x94,0x12,0x00,0x00,0x00,0x00,0x00,0x00,0x00,0x00,0x00,0x00,0x00,0x00,
    0x00,0x00,0x00,0x00,0x00,0x00,0x00,0x00,0x00,0x00,0x00,0x00,0x00,0x00,0x00,0x00,
    0x00,0x00,0x00,0x00,0x00,0x00,0x00,0x00,0x00,0x00,0x00,0x00,0x00,0x00,0x00,0x00,
    0x00,0x00,0x1B,0x8B,0xEE,0xFF,0xFF,0xFF,0xFF,0xFF,0xFF,0xFF,0xFF,0xFF,0xFF,0xFF,
    0xFF,0xFF,0xFF,0xFF,0xFF,0xFF,0xFF,0xFF,0xFF,0xFF,0xFF,0xFF,0xFF,0xFF,0xFF,0xFF,
    0xFF,0xFF,0xFF,0xFF,0xFF,0xFF,0xFF,0xFF,0xFF,0xEE,0x8B,0x1B,0x00,0x00,0x00,0x00,
    0x00,0x00,0x00,0x00,0x00,0x00,0x00,0x00,0x00,0x00,0x00,0x00,0x00,0x00,0x00,0x00,
    0x00,0x00,0x00,0x00,0x00,0x00,0x00,0x00,0x00,0x00,0x00,0x00,0x00,0x00,0x00,0x00,
    0x00,0x00,0x00,0x00,0x00,0x00,0x00,0x00,0x00,0x00,0x00,0x00,0x00,0x00,0x0B,0x67,
    0xD7,0xFF,0xFF,0xFF,0xFF,0xFF,0xFF,0xFF,0xFF,0xFF,0xFF,0xFF,0xFF,0xFF,0xFF,0xFF,
    0xFF,0xFF,0xFF,0xFF,0xFF,0xFF,0xFF,0xFF,0xFF,0xFF,0xFF,0xFF,0xFF,0xFF,0xFF,0xFF,
    0xFF,0xD7,0x67,0x0B,0x00,0x00,0x00,0x00,0x00,0x00,0x00,0x00,0x00,0x00,0x00,0x00,
    0x00,0x00,0x00,0x00,0x00,0x00,0x00,0x00,0x00,0x00,0x00,0x00,0x00,0x00,0x00,0x00,
    0x00,0x00,0x00,0x00,0x00,0x00,0x00,0x00,0x00,0x00,0x00,0x00,0x00,0x00,0x00,0x00,
    0x00,0x00,0x00,0x00,0x00,0x00,0x00,0x00,0x00,0x00,0x03,0x46,0x9F,0xF1,0xFF,0xFF,
    0xFF,0xFF,0xFF,0xFF,0xFF,0xFF,0xFF,0xFF,0xFF,0xFF,0xFF,0xFF,0xFF,0xFF,0xFF,0xFF,
    0xFF,0xFF,0xFF,0xFF,0xFF,0xFF,0xFF,0xFF,0xF1,0x9F,0x46,0x03,0x00,0x00,0x00,0x00,
    0x00,0x00,0x00,0x00,0x00,0x00,0x00,0x00,0x00,0x00,0x00,0x00,0x00,0x00,0x00,0x00,
    0x00,0x00,0x00,0x00,0x00,0x00,0x00,0x00,0x00,0x00,0x00,0x00,0x00,0x00,0x00,0x00,
    0x00,0x00,0x00,0x00,0x00,0x00,0x00,0x00,0x00,0x00,0x00,0x00,0x00,0x00,0x00,0x00,
    0x00,0x00,0x00,0x00,0x00,0x00,0x00,0x09,0x44,0x7F,0xB9,0xEE,0xFF,0xFF,0xFF,0xFF,
    0xFF,0xFF,0xFF,0xFF,0xFF,0xFF,0xFF,0xFF,0xFF,0xFF,0xFF,0xFF,0xFF,0xFF,0xEE,0xB9,
    0x7F,0x44,0x09,0x00,0x00,0x00,0x00,0x00,0x00,0x00,0x00,0x00,0x00,0x00,0x00,0x00,
    0x00,0x00,0x00,0x00,0x00,0x00,0x00,0x00,0x00,0x00,0x00,0x00,0x00,0x00,0x00,0x00,
    0x00,0x00,0x00,0x00,0x00,0x00,0x00,0x00,0x00,0x00,0x00,0x00,0x00,0x00,0x00,0x00,
    0x00,0x00,0x00,0x00,0x00,0x00,0x00,0x00,0x00,0x00,0x00,0x00,0x00,0x00,0x00,0x00,
    0x00,0x00,0x00,0x00,0x00,0x01,0x21,0x53,0x80,0xA1,0xC0,0xDC,0xED,0xF9,0xFF,0xFF,
    0xF9,0xED,0xDC,0xC0,0xA1,0x80,0x53,0x21,0x01,0x00,0x00,0x00,0x00,0x00,0x00,0x00,
    0x00,0x00,0x00,0x00,0x00,0x00,0x00,0x00,0x00,0x00,0x00,0x00,0x00,0x00,0x00,0x00,
    0x00,0x00,0x00,0x00,0x00,0x00,0x00,0x00,0x00,0x00,0x00,0x00,
};

const lv_image_dsc_t app_icon_games = {
    .header = {
        .magic  = LV_IMAGE_HEADER_MAGIC,
        .cf     = LV_COLOR_FORMAT_RGB565A8,
        .flags  = 0,
        .w      = 90,
        .h      = 90,
        .stride = 180,
    },
    .data_size = sizeof(app_icon_games_map),
    .data      = app_icon_games_map,
};
