/* Generated by tools/mkassets.py. Do not edit by hand. */
#include "lvgl.h"

static const uint8_t app_icon_keys_map[] = {
    0x00,0x00,0x00,0x00,0x00,0x00,0x00,0x00,0x00,0x00,0x00,0x00,0x00,0x00,0x00,0x00,
    0x00,0x00,0x00,0x00,0x00,0x00,0x00,0x00,0x00,0x00,0x00,0x00,0x00,0x00,0x00,0x00,
    0x00,0x00,0x00,0x00,0x00,0x00,0x00,0x00,0x00,0x00,0x00,0x00,0x00,0x00,0x00,0x00,
    0x00,0x00,0x00,0x00,0x00,0x00,0x00,0x00,0x00,0x00,0x00,0x00,0x00,0x00,0x00,0x00,
    0x00,0x00,0x00,0x00,0x00,0x00,0x00,0x00,0xA3,0x10,0xC4,0x10,0xA3,0x10,0xA3,0x10,
    0xA3,0x10,0xC4,0x10,0xA4,0x10,0xA3,0x10,0xC4,0x10,0xC4,0x10,0xA3,0x10,0xA4,0x10,
    0xC4,0x10,0xA3,0x10,0xA3,0x10,0xA3,0x10,0xC4,0x10,0xA3,0x10,0x00,0x00,0x00,0x00,
    0x00,0x00,0x00,0x00,0x00,0x00,0x00,0x00,0x00,0x00,0x00,0x00,0x00,0x00,0x00,0x00,
    0x00,0x00,0x00,0x00,0x00,0x00,0x00,0x00,0x00,0x00,0x00,0x00,0x00,0x00,0x00,0x00,
    0x00,0x00,0x00,0x00,0x00,0x00,0x00,0x00,0x00,0x00,0x00,0x00,0x00,0x00,0x00,0x00,
    0x00,0x00,0x00,0x00,0x00,0x00,0x00,0x00,0x00,0x00,0x00,0x00,0x00,0x00,0x00,0x00,
    0x00,0x00,0x00,0x00,0x00,0x00,0x00,0x00,0x00,0x00,0x00,0x00,0x00,0x00,0x00,0x00,
    0x00,0x00,0x00,0x00,0x00,0x00,0x00,0x00,0x00,0x00,0x00,0x00,0x00,0x00,0x00,0x00,
    0x00,0x00,0x00,0x00,0x00,0x00,0x00,0x00,0x00,0x00,0x00,0x00,0x00,0x00,0x00,0x00,
    0x00,0x00,0x00,0x00,0x00,0x00,0x00,0x00,0x00,0x00,0x00,0x00,0x00,0x00,0x00,0x00,
    0x00,0x00,0xE3,0x18,0xC4,0x10,0xC4,0x10,0xC3,0x10,0xA4,0x10,0xC4,0x10,0xC4,0x10,
    0xC4,0x10,0xC4,0x10,0xC4,0x10,0xC4,0x10,0xC4,0x10,0xC4,0x10,0xC4,0x10,0xC4,0x10,
    0xC4,0x10,0xC4,0x10,0xC4,0x10,0xC4,0x10,0xC4,0x10,0xC4,0x10,0xC4,0x10,0xC4,0x10,
    0xA4,0x10,0xC3,0x10,0xC4,0x10,0xC4,0x10,0xE3,0x18,0x00,0x00,0x00,0x00,0x00,0x00,
    0x00,0x00,0x00,0x00,0x00,0x00,0x00,0x00,0x00,0x00,0x00,0x00,0x00,0x00,0x00,0x00,
    0x00,0x00,0x00,0x00,0x00,0x00,0x00,0x00,0x00,0x00,0x00,0x00,0x00,0x00,0x00,0x00,
    0x00,0x00,0x00,0x00,0x00,0x00,0x00,0x00,0x00,0x00,0x00,0x00,0x00,0x00,0x00,0x00,
    0x00,0x00,0x00,0x00,0x00,0x00,0x00,0x00,0x00,0x00,0x00,0x00,0x00,0x00,0x00,0x00,
    0x00,0x00,0x00,0x00,0x00,0x00,0x00,0x00,0x00,0x00,0x00,0x00,0x00,0x00,0x00,0x00,
    0x00,0x00,0x00,0x00,0x00,0x00,0x00,0x00,0x00,0x00,0x00,0x00,0x00,0x00,0x00,0x00,
    0x00,0x00,0x00,0x00,0x00,0x00,0x00,0x00,0x00,0x00,0x00,0x00,0x00,0x00,0x00,0x00,
    0x00,0x00,0xC4,0x10,0xC4,0x10,0xC3,0x10,0xC4,0x10,0xC4,0x10,0xC4,0x10,0xC4,0x10,
    0xC4,0x10,0xC4,0x10,0xC4,0x10,0xC4,0x10,0xC4,0x10,0xC4,0x10,0xC4,0x10,0xC4,0x10,
    0xC4,0x10,0xC4,0x10,0xC4,0x10,0xC4,0x10,0xC4,0x10,0xC4,0x10,0xC4,0x10,0xC4,0x10,
    0xC4,0x10,0xC4,0x10,0xC4,0x10,0xC4,0x10,0xC4,0x10,0xC4,0x10,0xC3,0x10,0xC4,0x10,
    0xC4,0x10,0x00,0x00,0x00,0x00,0x00,0x00,0x00,0x00,0x00,0x00,0x00,0x00,0x00,0x00,
    0x00,0x00,0x00,0x00,0x00,0x00,0x00,0x00,0x00,0x00,0x00,0x00,0x00,0x00,0x00,0x00,
    0x00,0x00,0x00,0x00,0x00,0x00,0x00,0x00,0x00,0x00,0x00,0x00,0x00,0x00,0x00,0x00,
    0x00,0x00,0x00,0x00,0x00,0x00,0x00,0x00,0x00,0x00,0x00,0x00,0x00,0x00,0x00,0x00,
    0x00,0x00,0x00,0x00,0x00,0x00,0x00,0x00,0x00,0x00,0x00,0x00,0x00,0x00,0x00,0x00,
    0x00,0x00,0x00,0x00,0x00,0x00,0x00,0x00,0x00,0x00,0x00,0x00,0x00,0x00,0x00,0x00,
    0x00,0x00,0x00,0x00,0x00,0x00,0x00,0x00,0x00,0x00,0x00,0x00,0x00,0x00,0x00,0x00,
    0xA2,0x10,0xC4,0x10,0xA4,0x10,0xC4,0x10,0xC4,0x10,0xC4,0x10,0xC4,0x10,0xC4,0x10,
    0xC4,0x10,0xC4,0x10,0xC4,0x10,0xC4,0x10,0xC4,0x10,0xC4,0x10,0xC4,0x10,0xC4,0x10,
    0xC4,0x10,0xC4,0x10,0xC4,0x10,0xC4,0x10,0xC4,0x10,0xC4,0x10,0xC4,0x10,0xC4,0x10,
    0xC4,0x10,0xC4,0x10,0xC4,0x10,0xC4,0x10,0xC4,0x10,0xC4,0x10,0xC4,0x10,0xC4,0x10,
    0xC4,0x10,0xC4,0x10,0xC4,0x10,0xA4,0x10,0xC4,0x10,0xA2,0x10,0x00,0x00,0x00,0x00,
    0x00,0x00,0x00,0x00,0x00,0x00,0x00,0x00,0x00,0x00,0x00,0x00,0x00,0x00,0x00,0x00,
    0x00,0x00,0x00,0x00,0x00,0x00,0x00,0x00,0x00,0x00,0x00,0x00,0x00,0x00,0x00,0x00,
    0x00,0x00,0x00,0x00,0x00,0x00,0x00,0x00,0x00,0x00,0x00,0x00,0x00,0x00,0x00,0x00,
    0x00,0x00,0x00,0x00,0x00,0x00,0x00,0x00,0x00,0x00,0x00,0x00,0x00,0x00,0x00,0x00,
    0x00,0x00,0x00,0x00,0x00,0x00,0x00,0x00,0x00,0x00,0x00,0x00,0x00,0x00,0x00,0x00,
    0x00,0x00,0x00,0x00,0x00,0x00,0x00,0x00,0x00,0x00,0x00,0x00,0x00,0x00,0x00,0x00,
    0xE3,0x10,0xA3,0x10,0xC4,0x10,0xC4,0x10,0xC4,0x10,0xC4,0x10,0xC4,0x10,0xC4,0x10,
    0xC4,0x10,0xC4,0x10,0xC4,0x10,0xC4,0x10,0xC4,0x10,0xC4,0x10,0xC4,0x10,0xC4,0x10,
    0xC4,0x10,0xC4,0x10,0xC4,0x10,0xC4,0x10,0xC4,0x10,0xC4,0x10,0xC4,0x10,0xC4,0x10,
    0xC4,0x10,0xC4,0x10,0xC4,0x10,0xC4,0x10,0xC4,0x10,0xC4,0x10,0xC4,0x10,0xC4,0x10,
    0xC4,0x10,0xC4,0x10,0xC4,0x10,0xC4,0x10,0xC4,0x10,0xC4,0x10,0xC4,0x10,0xC4,0x10,
    0xA3,0x10,0xE3,0x10,0x00,0x00,0x00,0x00,0x00,0x00,0x00,0x00,0x00,0x00,0x00,0x00,
    0x00,0x00,0x00,0x00,0x00,0x00,0x00,0x00,0x00,0x00,0x00,0x00,0x00,0x00,0x00,0x00,
    0x00,0x00,0x00,0x00,0x00,0x00,0x00,0x00,0x00,0x00,0x00,0x00,0x00,0x00,0x00,0x00,
    0x00,0x00,0x00,0x00,0x00,0x00,0x00,0x00,0x00,0x00,0x00,0x00,0x00,0x00,0x00,0x00,
    0x00,0x00,0x00,0x00,0x00,0x00,0x00,0x00,0x00,0x00,0x00,0x00,0x00,0x00,0x00,0x00,
    0x00,0x00,0x00,0x00,0x00,0x00,0x00,0x00,0x00,0x00,0x00,0x00,0x00,0x00,0x00,0x00,
    0xE3,0x18,0xC4,0x10,0xA3,0x10,0xC4,0x10,0xC4,0x10,0xC4,0x10,0xC4,0x10,0xC4,0x10,
    0xC4,0x10,0xC4,0x10,0xC4,0x10,0xC4,0x10,0xC4,0x10,0xC4,0x10,0xC4,0x10,0xC4,0x10,
    0xC4,0x10,0xC4,0x10,0xC4,0x10,0xC4,0x10,0xC4,0x10,0xC4,0x10,0xC4,0x10,0xC4,0x10,
    0xC4,0x10,0xC4,0x10,0xC4,0x10,0xC4,0x10,0xC4,0x10,0xC4,0x10,0xC4,0x10,0xC4,0x10,
    0xC4,0x10,0xC4,0x10,0xC4,0x10,0xC4,0x10,0xC4,0x10,0xC4,0x10,0xC4,0x10,0xC4,0x10,
    0xC4,0x10,0xC4,0x10,0xC4,0x10,0xA3,0x10,0xC4,0x10,0xE3,0x18,0x00,0x00,0x00,0x00,
    0x00,0x00,0x00,0x00,0x00,0x00,0x00,0x00,0x00,0x00,0x00,0x00,0x00,0x00,0x00,0x00,
    0x00,0x00,0x00,0x00,0x00,0x00,0x00,0x00,0x00,0x00,0x00,0x00,0x00,0x00,0x00,0x00,
    0x00,0x00,0x00,0x00,0x00,0x00,0x00,0x00,0x00,0x00,0x00,0x00,0x00,0x00,0x00,0x00,
    0x00,0x00,0x00,0x00,0x00,0x00,0x00,0x00,0x00,0x00,0x00,0x00,0x00,0x00,0x00,0x00,
    0x00,0x00,0x00,0x00,0x00,0x00,0x00,0x00,0x00,0x00,0x00,0x00,0x00,0x00,0x00,0x00,
    0x00,0x00,0xC4,0x10,0xA4,0x10,0xC4,0x10,0xC4,0x10,0xC4,0x10,0xC4,0x10,0xC4,0x10,
    0xC4,0x10,0xC4,0x10,0xC4,0x10,0xC4,0x10,0xC4,0x10,0xC4,0x10,0xC4,0x10,0xC4,0x10,
    0xC4,0x10,0xC4,0x10,0xC4,0x10,0xC4,0x10,0xC4,0x10,0xC4,0x10,0xC4,0x10,0xC4,0x10,
    0xC4,0x10,0xC4,0x10,0xC4,0x10,0xC4,0x10,0xC4,0x10,0xC4,0x10,0xC4,0x10,0xC4,0x10,
    0xC4,0x10,0xC4,0x10,0xC4,0x10,0xC4,0x10,0xC4,0x10,0xC4,0x10,0xC4,0x10,0xC4,0x10,
    0xC4,0x10,0xC4,0x10,0xC4,0x10,0xC4,0x10,0xC4,0x10,0xC4,0x10,0xC4,0x10,0xA4,0x10,
    0xC4,0x10,0x00,0x00,0x00,0x00,0x00,0x00,0x00,0x00,0x00,0x00,0x00,0x00,0x00,0x00,
    0x00,0x00,0x00,0x00,0x00,0x00,0x00,0x00,0x00,0x00,0x00,0x00,0x00,0x00,0x00,0x00,
    0x00,0x00,0x00,0x00,0x00,0x00,0x00,0x00,0x00,0x00,0x00,0x00,0x00,0x00,0x00,0x00,
    0x00,0x00,0x00,0x00,0x00,0x00,0x00,0x00,0x00,0x00,0x00,0x00,0x00,0x00,0x00,0x00,
    0x00,0x00,0x00,0x00,0x00,0x00,0x00,0x00,0x00,0x00,0x00,0x00,0x00,0x00,0x00,0x00,
    0x00,0x00,0xC3,0x18,0xC3,0x10,0xC4,0x10,0xC4,0x10,0xC4,0x10,0xC4,0x10,0xC4,0x10,
    0xC4,0x10,0xC4,0x10,0xC4,0x10,0xC4,0x10,0xC4,0x10,0xC4,0x10,0xC4,0x10,0xC4,0x10,
    0xC4,0x10,0xC4,0x10,0xC4,0x10,0xC4,0x10,0xC4,0x10,0xC4,0x10,0xC4,0x10,0xC4,0x10,
    0xC4,0x10,0xC4,0x10,0xC4,0x10,0xC4,0x10,0xC4,0x10,0xC4,0x10,0xC4,0x10,0xC4,0x10,
    0xC4,0x10,0xC4,0x10,0xC4,0x10,0xC4,0x10,0xC4,0x10,0xC4,0x10,0xC4,0x10,0xC4,0x10,
    0xC4,0x10,0xC4,0x10,0xC4,0x10,0xC4,0x10,0xC4,0x10,0xC4,0x10,0xC4,0x10,0xC4,0x10,
    0xC4,0x10,0xC4,0x10,0xC4,0x10,0xC3,0x10,0xC3,0x18,0x00,0x00,0x00,0x00,0x00,0x00,
    0x00,0x00,0x00,0x00,0x00,0x00,0x00,0x00,0x00,0x00,0x00,0x00,0x00,0x00,0x00,0x00,
    0x00,0x00,0x00,0x00,0x00,0x00,0x00,0x00,0x00,0x00,0x00,0x00,0x00,0x00,0x00,0x00,
    0x00,0x00,0x00,0x00,0x00,0x00,0x00,0x00,0x00,0x00,0x00,0x00,0x00,0x00,0x00,0x00,
    0x00,0x00,0x00,0x00,0x00,0x00,0x00,0x00,0x00,0x00,0x00,0x00,0x00,0x00,0x00,0x00,
    0x00,0x00,0x00,0x00,0xA4,0x10,0xC4,0x10,0xC4,0x10,0xC4,0x10,0xC4,0x10,0xC4,0x10,
    0xC4,0x10,0xC4,0x10,0xC4,0x10,0xC4,0x10,0xC4,0x10,0xC4,0x10,0xC4,0x10,0xC4,0x10,
    0xC4,0x10,0xC4,0x10,0xC4,0x10,0xC4,0x10,0xC4,0x10,0xC4,0x10,0xC4,0x10,0xC4,0x10,
    0xC4,0x10,0xC4,0x10,0xC4,0x10,0xC4,0x10,0xC4,0x10,0xC4,0x10,0xC4,0x10,0xC4,0x10,
    0xC4,0x10,0xC4,0x10,0xC4,0x10,0xC4,0x10,0xC4,0x10,0xC4,0x10,0xC4,0x10,0xC4,0x10,
    0xC4,0x10,0xC4,0x10,0xC4,0x10,0xC4,0x10,0xC4,0x10,0xC4,0x10,0xC4,0x10,0xC4,0x10,
    0xC4,0x10,0xC4,0x10,0xC4,0x10,0xC4,0x10,0xC4,0x10,0xC4,0x10,0xC4,0x10,0xA4,0x10,
    0x00,0x00,0x00,0x00,0x00,0x00,0x00,0x00,0x00,0x00,0x00,0x00,0x00,0x00,0x00,0x00,
    0x00,0x00,0x00,0x00,0x00,0x00,0x00,0x00,0x00,0x00,0x00,0x00,0x00,0x00,0x00,0x00,
    0x00,0x00,0x00,0x00,0x00,0x00,0x00,0x00,0x00,0x00,0x00,0x00,0x00,0x00,0x00,0x00,
    0x00,0x00,0x00,0x00,0x00,0x00,0x00,0x00,0x00,0x00,0x00,0x00,0x00,0x00,0x00,0x00,
    0x00,0x00,0x00,0x00,0x24,0x21,0xC4,0x10,0xC4,0x10,0xC4,0x10,0xC4,0x10,0xC4,0x10,
    0xC4,0x10,0xC4,0x10,0xC4,0x10,0xC4,0x10,0xC4,0x10,0xC4,0x10,0xC4,0x10,0xC4,0x10,
    0xC4,0x10,0xC4,0x10,0xC4,0x10,0xC4,0x10,0xC4,0x10,0xC4,0x10,0xC4,0x10,0xC4,0x10,
    0xC4,0x10,0xC4,0x10,0xC4,0x10,0xC4,0x10,0xC4,0x10,0xC4,0x10,0xC4,0x10,0xC4,0x10,
    0xC4,0x10,0xC4,0x10,0xC4,0x10,0xC4,0x10,0xC4,0x10,0xC4,0x10,0xC4,0x10,0xC4,0x10,
    0xC4,0x10,0xC4,0x10,0xC4,0x10,0xC4,0x10,0xC4,0x10,0xC4,0x10,0xC4,0x10,0xC4,0x10,
    0xC4,0x10,0xC4,0x10,0xC4,0x10,0xC4,0x10,0xC4,0x10,0xC4,0x10,0xC4,0x10,0xC4,0x10,
    0xC4,0x10,0xC4,0x10,0xC4,0x10,0x24,0x21,0x00,0x00,0x00,0x00,0x00,0x00,0x00,0x00,
    0x00,0x00,0x00,0x00,0x00,0x00,0x00,0x00,0x00,0x00,0x00,0x00,0x00,0x00,0x00,0x00,
    0x00,0x00,0x00,0x00,0x00,0x00,0x00,0x00,0x00,0x00,0x00,0x00,0x00,0x00,0x00,0x00,
    0x00,0x00,0x00,0x00,0x00,0x00,0x00,0x00,0x00,0x00,0x00,0x00,0x00,0x00,0x00,0x00,
    0x00,0x00,0x00,0x00,0x00,0x00,0xA3,0x10,0xA3,0x10,0xC4,0x10,0xC4,0x10,0xC4,0x10,
    0xC4,0x10,0xC4,0x10,0xC4,0x10,0xC4,0x10,0xC4,0x10,0xC4,0x10,0xC4,0x10,0xC4,0x10,
    0xC4,0x10,0xC4,0x10,0xC4,0x10,0xC4,0x10,0xC4,0x10,0xC4,0x10,0xC4,0x10,0xC4,0x10,
    0xC4,0x10,0xC4,0x10,0xC4,0x10,0xC4,0x10,0xC4,0x10,0xC4,0x10,0xC4,0x10,0xC4,0x10,
    0xC4,0x10,0xC4,0x10,0xC4,0x10,0xC4,0x10,0xC4,0x10,0xC4,0x10,0xC4,0x10,0xC4,0x10,
    0xC4,0x10,0xC4,0x10,0xC4,0x10,0xC4,0x10,0xC4,0x10,0xC4,0x10,0xC4,0x10,0xC4,0x10,
    0xC4,0x10,0xC4,0x10,0xC4,0x10,0xC4,0x10,0xC4,0x10,0xC4,0x10,0xC4,0x10,0xC4,0x10,
    0xC4,0x10,0xC4,0x10,0xC4,0x10,0xC4,0x10,0xC4,0x10,0xA3,0x10,0xA3,0x10,0x00,0x00,
    0x00,0x00,0x00,0x00,0x00,0x00,0x00,0x00,0x00,0x00,0x00,0x00,0x00,0x00,0x00,0x00,
    0x00,0x00,0x00,0x00,0x00,0x00,0x00,0x00,0x00,0x00,0x00,0x00,0x00,0x00,0x00,0x00,
    0x00,0x00,0x00,0x00,0x00,0x00,0x00,0x00,0x00,0x00,0x00,0x00,0x00,0x00,0x00,0x00,
    0x00,0x00,0x00,0x00,0x00,0x00,0x00,0x00,0xA4,0x10,0xA4,0x10,0xC4,0x10,0xC4,0x10,
    0xC4,0x10,0xC4,0x10,0xC4,0x10,0xC4,0x10,0xC4,0x10,0xC4,0x10,0xC4,0x10,0xC4,0x10,
    0xC4,0x10,0xC4,0x10,0xC4,0x10,0xC4,0x10,0xC4,0x10,0xC4,0x10,0xC4,0x10,0xC4,0x10,
    0xC4,0x10,0xC4,0x10,0xC4,0x10,0xC4,0x10,0xC4,0x10,0xC4,0x10,0xC4,0x10,0xC4,0x10,
    0xC4,0x10,0xC4,0x10,0xC4,0x10,0xC4,0x10,0xC4,0x10,0xC4,0x10,0xC4,0x10,0xC4,0x10,
    0xC4,0x10,0xC4,0x10,0xC4,0x10,0xC4,0x10,0xC4,0x10,0xC4,0x10,0xC4,0x10,0xC4,0x10,
    0xC4,0x10,0xC4,0x10,0xC4,0x10,0xC4,0x10,0xC4,0x10,0xC4,0x10,0xC4,0x10,0xC4,0x10,
    0xC4,0x10,0xC4,0x10,0xC4,0x10,0xC4,0x10,0xC4,0x10,0xC4,0x10,0xC4,0x10,0xC4,0x10,
    0xA4,0x10,0xA4,0x10,0x00,0x00,0x00,0x00,0x00,0x00,0x00,0x00,0x00,0x00,0x00,0x00,
    0x00,0x00,0x00,0x00,0x00,0x00,0x00,0x00,0x00,0x00,0x00,0x00,0x00,0x00,0x00,0x00,
    0x00,0x00,0x00,0x00,0x00,0x00,0x00,0x00,0x00,0x00,0x00,0x00,0x00,0x00,0x00,0x00,
    0x00,0x00,0x00,0x00,0x00,0x00,0x00,0x00,0x00,0x00,0xC3,0x10,0xA4,0x10,0xC4,0x10,
    0xC4,0x10,0xC4,0x10,0xC4,0x10,0xC4,0x10,0xC4,0x10,0xC4,0x10,0xC4,0x10,0xC4,0x10,
    0xC4,0x10,0xC4,0x10,0xC4,0x10,0xC4,0x10,0xC4,0x10,0xC4,0x10,0xC4,0x10,0xC4,0x10,
    0xC4,0x10,0xC4,0x10,0xC4,0x10,0xC4,0x10,0xC4,0x10,0xC4,0x10,0xC4,0x10,0xC4,0x10,
    0xC4,0x10,0xC4,0x10,0xC4,0x10,0xC4,0x10,0xC4,0x10,0xC4,0x10,0xC4,0x10,0xC4,0x10,
    0xC4,0x10,0xC4,0x10,0xC4,0x10,0xC4,0x10,0xC4,0x10,0xC4,0x10,0xC4,0x10,0xC4,0x10,
    0xC4,0x10,0xC4,0x10,0xC4,0x10,0xC4,0x10,0xC4,0x10,0xC4,0x10,0xC4,0x10,0xC4,0x10,
    0xC4,0x10,0xC4,0x10,0xC4,0x10,0xC4,0x10,0xC4,0x10,0xC4,0x10,0xC4,0x10,0xC4,0x10,
    0xC4,0x10,0xC4,0x10,0xC4,0x10,0xA4,0x10,0xC3,0x10,0x00,0x00,0x00,0x00,0x00,0x00,
    0x00,0x00,0x00,0x00,0x00,0x00,0x00,0x00,0x00,0x00,0x00,0x00,0x00,0x00,0x00,0x00,
    0x00,0x00,0x00,0x00,0x00,0x00,0x00,0x00,0x00,0x00,0x00,0x00,0x00,0x00,0x00,0x00,
    0x00,0x00,0x00,0x00,0x00,0x00,0x00,0x00,0x00,0x00,0x00,0x00,0xA3,0x10,0xC4,0x10,
    0xC4,0x10,0xC4,0x10,0xC4,0x10,0xC4,0x10,0xC4,0x10,0xC4,0x10,0xC4,0x10,0xC4,0x10,
    0xC4,0x10,0xC4,0x10,0xC4,0x10,0xC4,0x10,0xC4,0x10,0xC4,0x10,0xC4,0x10,0xC4,0x10,
    0xC4,0x10,0xC4,0x10,0xC4,0x10,0xC4,0x10,0xC4,0x10,0xC4,0x10,0xC4,0x10,0xC4,0x10,
    0xC4,0x10,0xC4,0x10,0xC4,0x10,0xC4,0x10,0xC4,0x10,0xC4,0x10,0xC4,0x10,0xC4,0x10,
    0xC4,0x10,0xC4,0x10,0xC4,0x10,0xC4,0x10,0xC4,0x10,0xC4,0x10,0xC4,0x10,0xC4,0x10,
    0xC4,0x10,0xC4,0x10,0xC4,0x10,0xC4,0x10,0xC4,0x10,0xC4,0x10,0xC4,0x10,0xC4,0x10,
    0xC4,0x10,0xC4,0x10,0xC4,0x10,0xC4,0x10,0xC4,0x10,0xC4,0x10,0xC4,0x10,0xC4,0x10,
    0xC4,0x10,0xC4,0x10,0xC4,0x10,0xC4,0x10,0xC4,0x10,0xC4,0x10,0xC4,0x10,0xA3,0x10,
    0x00,0x00,0x00,0x00,0x00,0x00,0x00,0x00,0x00,0x00,0x00,0x00,0x00,0x00,0x00,0x00,
    0x00,0x00,0x00,0x00,0x00,0x00,0x00,0x00,0x00,0x00,0x00,0x00,0x00,0x00,0x00,0x00,
    0x00,0x00,0x00,0x00,0x00,0x00,0x00,0x00,0x00,0x00,0x00,0x00,0x00,0x00,0xA4,0x10,
    0xA4,0x10,0xC4,0x10,0xC4,0x10,0xC4,0x10,0xC4,0x10,0xC4,0x10,0xC4,0x10,0xC4,0x10,
    0xC4,0x10,0xC4,0x10,0xC4,0x10,0xC4,0x10,0xC4,0x10,0xC4,0x10,0xC4,0x10,0xC4,0x10,
    0xC4,0x10,0xC4,0x10,0xC4,0x10,0xC4,0x10,0xC4,0x10,0xC4,0x10,0xC4,0x10,0xC4,0x10,
    0xC4,0x10,0xC4,0x10,0xC4,0x10,0xC4,0x10,0xC4,0x10,0xC4,0x10,0xC4,0x10,0xC4,0x10,
    0xC4,0x10,0xC4,0x10,0xC4,0x10,0xC4,0x10,0xC4,0x10,0xC4,0x10,0xC4,0x10,0xC4,0x10,
    0xC4,0x10,0xC4,0x10,0xC4,0x10,0xC4,0x10,0xC4,0x10,0xC4,0x10,0xC4,0x10,0xC4,0x10,
    0xC4,0x10,0xC4,0x10,0xC4,0x10,0xC4,0x10,0xC4,0x10,0xC4,0x10,0xC4,0x10,0xC4,0x10,
    0xC4,0x10,0xC4,0x10,0xC4,0x10,0xC4,0x10,0xC4,0x10,0xC4,0x10,0xC4,0x10,0xC4,0x10,
    0xC4,0x10,0xA4,0x10,0xA4,0x10,0x00,0x00,0x00,0x00,0x00,0x00,0x00,0x00,0x00,0x00,
    0x00,0x00,0x00,0x00,0x00,0x00,0x00,0x00,0x00,0x00,0x00,0x00,0x00,0x00,0x00,0x00,
    0x00,0x00,0x00,0x00,0x00,0x00,0x00,0x00,0x00,0x00,0x00,0x00,0x00,0x00,0x00,0x00,
    0xA3,0x10,0xC4,0x10,0xC4,0x10,0xC4,0x10,0xC4,0x10,0xC4,0x10,0xC4,0x10,0xC4,0x10,
    0xC4,0x10,0xC4,0x10,0xC4,0x10,0xC4,0x10,0xC4,0x10,0xC4,0x10,0xC4,0x10,0xC4,0x10,
    0xC4,0x10,0xC4,0x10,0xC4,0x10,0xC4,0x10,0xC4,0x10,0xC4,0x10,0xC4,0x10,0xC4,0x10,
    0xC4,0x10,0xC4,0x10,0xC4,0x10,0xC4,0x10,0xC4,0x10,0xC4,0x10,0xC4,0x10,0xC4,0x10,
    0xC4,0x10,0xC4,0x10,0xC4,0x10,0xC4,0x10,0xC4,0x10,0xC4,0x10,0xC4,0x10,0xC4,0x10,
    0xC4,0x10,0xC4,0x10,0xC4,0x10,0xC4,0x10,0xC4,0x10,0xC4,0x10,0xC4,0x10,0xC4,0x10,
    0xC4,0x10,0xC4,0x10,0xC4,0x10,0xC4,0x10,0xC4,0x10,0xC4,0x10,0xC4,0x10,0xC4,0x10,
    0xC4,0x10,0xC4,0x10,0xC4,0x10,0xC4,0x10,0xC4,0x10,0xC4,0x10,0xC4,0x10,0xC4,0x10,
    0xC4,0x10,0xC4,0x10,0xC4,0x10,0xC4,0x10,0xC4,0x10,0xA3,0x10,0x00,0x00,0x00,0x00,
    0x00,0x00,0x00,0x00,0x00,0x00,0x00,0x00,0x00,0x00,0x00,0x00,0x00,0x00,0x00,0x00,
    0x00,0x00,0x00,0x00,0x00,0x00,0x00,0x00,0x00,0x00,0x00,0x00,0x00,0x00,0x00,0x00,
    0x00,0x00,0x24,0x21,0xA3,0x10,0xC4,0x10,0xC4,0x10,0xC4,0x10,0xC4,0x10,0xC4,0x10,
    0xC4,0x10,0xC4,0x10,0xC4,0x10,0xC4,0x10,0xC4,0x10,0xC4,0x10,0xC4,0x10,0xC4,0x10,
    0xC4,0x10,0xC4,0x10,0xC4,0x10,0xC4,0x10,0xC4,0x10,0xC4,0x10,0xC4,0x10,0xC4,0x10,
    0xC4,0x10,0xC4,0x10,0xC4,0x10,0xC4,0x10,0xC4,0x10,0xC4,0x10,0xC4,0x10,0xC4,0x10,
    0xC4,0x10,0xC4,0x10,0xC4,0x10,0xC4,0x10,0xC4,0x10,0xC4,0x10,0xC4,0x10,0xC4,0x10,
    0xC4,0x10,0xC4,0x10,0xC4,0x10,0xC4,0x10,0xC4,0x10,0xC4,0x10,0xC4,0x10,0xC4,0x10,
    0xC4,0x10,0xC4,0x10,0xC4,0x10,0xC4,0x10,0xC4,0x10,0xC4,0x10,0xC4,0x10,0xC4,0x10,
    0xC4,0x10,0xC4,0x10,0xC4,0x10,0xC4,0x10,0xC4,0x10,0xC4,0x10,0xC4,0x10,0xC4,0x10,
    0xC4,0x10,0xC4,0x10,0xC4,0x10,0xC4,0x10,0xC4,0x10,0xC4,0x10,0xC4,0x10,0xA3,0x10,
    0x24,0x21,0x00,0x00,0x00,0x00,0x00,0x00,0x00,0x00,0x00,0x00,0x00,0x00,0x00,0x00,
    0x00,0x00,0x00,0x00,0x00,0x00,0x00,0x00,0x00,0x00,0x00,0x00,0x00,0x00,0x00,0x00,
    0x00,0x00,0x00,0x00,0x00,0x00,0xC4,0x10,0xC4,0x10,0xC4,0x10,0xC4,0x10,0xC4,0x10,
    0xC4,0x10,0xC4,0x10,0xC4,0x10,0xC4,0x10,0xC4,0x10,0xC4,0x10,0xC4,0x10,0xC4,0x10,
    0xC4,0x10,0xC4,0x10,0xC4,0x10,0xC4,0x10,0xC4,0x10,0xC4,0x10,0xC4,0x10,0xC4,0x10,
    0xC4,0x10,0xC4,0x10,0xC4,0x10,0xC4,0x10,0xC4,0x10,0xC4,0x10,0xC4,0x10,0xC4,0x10,
    0xC4,0x10,0xC4,0x10,0xC4,0x10,0xC4,0x10,0xC4,0x10,0xC4,0x10,0xC4,0x10,0xC4,0x10,
    0xC4,0x10,0xC4,0x10,0xC4,0x10,0xC4,0x10,0xC4,0x10,0xC4,0x10,0xC4,0x10,0xC4,0x10,
    0xC4,0x10,0xC4,0x10,0xC4,0x10,0xC4,0x10,0xC4,0x10,0xC4,0x10,0xC4,0x10,0xC4,0x10,
    0xC4,0x10,0xC4,0x10,0xC4,0x10,0xC4,0x10,0xC4,0x10,0xC4,0x10,0xC4,0x10,0xC4,0x10,
    0xC4,0x10,0xC4,0x10,0xC4,0x10,0xC4,0x10,0xC4,0x10,0xC4,0x10,0xC4,0x10,0xC4,0x10,
    0xC4,0x10,0xC4,0x10,0xC4,0x10,0x00,0x00,0x00,0x00,0x00,0x00,0x00,0x00,0x00,0x00,
    0x00,0x00,0x00,0x00,0x00,0x00,0x00,0x00,0x00,0x00,0x00,0x00,0x00,0x00,0x00,0x00,
    0x00,0x00,0x00,0x00,0x00,0x00,0x00,0x00,0xC3,0x10,0xC4,0x10,0xC4,0x10,0xC4,0x10,
    0xC4,0x10,0xC4,0x10,0xC4,0x10,0xC4,0x10,0xC4,0x10,0xC4,0x10,0xC4,0x10,0xC4,0x10,
    0xC4,0x10,0xC4,0x10,0xC4,0x10,0xC4,0x10,0xC4,0x10,0xC4,0x10,0xC4,0x10,0xC4,0x10,
    0xC4,0x10,0xC4,0x10,0xC4,0x10,0xC4,0x10,0xC4,0x10,0xC4,0x10,0xC4,0x10,0xC4,0x10,
    0xC4,0x10,0xC4,0x10,0xC4,0x10,0xC4,0x10,0xC4,0x10,0xC4,0x10,0xC4,0x10,0xC4,0x10,
    0xC4,0x10,0xC4,0x10,0xC4,0x10,0xC4,0x10,0xC4,0x10,0xC4,0x10,0xC4,0x10,0xC4,0x10,
    0xC4,0x10,0xC4,0x10,0xC4,0x10,0xC4,0x10,0xC4,0x10,0xC4,0x10,0xC4,0x10,0xC4,0x10,
    0xC4,0x10,0xC4,0x10,0xC4,0x10,0xC4,0x10,0xC4,0x10,0xC4,0x10,0xC4,0x10,0xC4,0x10,
    0xC4,0x10,0xC4,0x10,0xC4,0x10,0xC4,0x10,0xC4,0x10,0xC4,0x10,0xC4,0x10,0xC4,0x10,
    0xC4,0x10,0xC4,0x10,0xC4,0x10,0xC4,0x10,0xC4,0x10,0xC3,0x10,0x00,0x00,0x00,0x00,
    0x00,0x00,0x00,0x00,0x00,0x00,0x00,0x00,0x00,0x00,0x00,0x00,0x00,0x00,0x00,0x00,
    0x00,0x00,0x00,0x00,0x00,0x00,0x00,0x00,0x00,0x00,0xC3,0x10,0xC4,0x10,0xC4,0x10,
    0xC4,0x10,0xC4,0x10,0xC4,0x10,0xC4,0x10,0xC4,0x10,0xC4,0x10,0xC4,0x10,0xC4,0x10,
    0xC4,0x10,0xC4,0x10,0xC4,0x10,0xC4,0x10,0xC4,0x10,0xC4,0x10,0xC4,0x10,0xC4,0x10,
    0xC4,0x10,0xC4,0x10,0xC4,0x10,0xC4,0x10,0xC4,0x10,0xC4,0x10,0xC4,0x10,0xC4,0x10,
    0xC4,0x10,0xC4,0x10,0xC4,0x10,0xC4,0x10,0xC4,0x10,0xC4,0x10,0xC4,0x10,0xC4,0x10,
    0xC4,0x10,0xC4,0x10,0xC4,0x10,0xC4,0x10,0xC4,0x10,0xC4,0x10,0xC4,0x10,0xC4,0x10,
    0xC4,0x10,0xC4,0x10,0xC4,0x10,0xC4,0x10,0xC4,0x10,0xC4,0x10,0xC4,0x10,0xC4,0x10,
    0xC4,0x10,0xC4,0x10,0xC4,0x10,0xC4,0x10,0xC4,0x10,0xC4,0x10,0xC4,0x10,0xC4,0x10,
    0xC4,0x10,0xC4,0x10,0xC4,0x10,0xC4,0x10,0xC4,0x10,0xC4,0x10,0xC4,0x10,0xC4,0x10,
    0xC4,0x10,0xC4,0x10,0xC4,0x10,0xC4,0x10,0xC4,0x10,0xC4,0x10,0xC4,0x10,0xC4,0x10,
    0xC3,0x10,0x00,0x00,0x00,0x00,0x00,0x00,0x00,0x00,0x00,0x00,0x00,0x00,0x00,0x00,
    0x00,0x00,0x00,0x00,0x00,0x00,0x00,0x00,0x00,0x00,0x00,0x00,0x00,0x00,0xA7,0x31,
    0x56,0xA5,0x3D,0xDF,0x3D,0xDF,0x3D,0xDF,0x3D,0xDF,0x3D,0xDF,0x3D,0xDF,0x3D,0xDF,
    0x3D,0xDF,0x3D,0xDF,0x3D,0xDF,0x3D,0xDF,0x3D,0xDF,0x3D,0xDF,0x3D,0xDF,0x3D,0xDF,
    0x3D,0xDF,0x3D,0xDF,0x3D,0xDF,0xD8,0xB5,0xC8,0x31,0xC4,0x10,0xC4,0x10,0xC4,0x10,
    0xC4,0x10,0xC4,0x10,0x66,0x29,0x56,0xA5,0x3D,0xDF,0x3D,0xDF,0x3D,0xDF,0x3D,0xDF,
    0x3D,0xDF,0x3D,0xDF,0x3D,0xDF,0x3D,0xDF,0x3D,0xDF,0x3D,0xDF,0x3D,0xDF,0x3D,0xDF,
    0x3D,0xDF,0x3D,0xDF,0x3D,0xDF,0x3D,0xDF,0x3D,0xDF,0x3D,0xDF,0xD8,0xB5,0xC8,0x31,
    0xC4,0x10,0xC4,0x10,0xC4,0x10,0xC4,0x10,0xC4,0x10,0x66,0x29,0x56,0xA5,0x3D,0xDF,
    0x3D,0xDF,0x3D,0xDF,0x3D,0xDF,0x3D,0xDF,0x3D,0xDF,0x3D,0xDF,0x3D,0xDF,0x3D,0xDF,
    0x3D,0xDF,0x3D,0xDF,0x3D,0xDF,0x3D,0xDF,0x3D,0xDF,0x3D,0xDF,0x3D,0xDF,0x3D,0xDF,
    0x3D,0xDF,0xD8,0xB5,0x29,0x42,0x00,0x00,0x00,0x00,0x00,0x00,0x00,0x00,0x00,0x00,
    0x00,0x00,0x00,0x00,0x00,0x00,0x00,0x00,0x00,0x00,0x00,0x00,0x00,0x00,0x00,0x00,
    0xC3,0x10,0xD8,0xB5,0x3D,0xDF,0x3D,0xDF,0x3D,0xDF,0x3D,0xDF,0x3D,0xDF,0x3D,0xDF,
    0x3D,0xDF,0x3D,0xDF,0x3D,0xDF,0x3D,0xDF,0x3D,0xDF,0x3D,0xDF,0x3D,0xDF,0x3D,0xDF,
    0x3D,0xDF,0x3D,0xDF,0x3D,0xDF,0x3D,0xDF,0x3D,0xDF,0x3D,0xDF,0x9A,0xCE,0x46,0x21,
    0xC4,0x10,0xC4,0x10,0xC4,0x10,0xC4,0x10,0xD8,0xB5,0x3D,0xDF,0x3D,0xDF,0x3D,0xDF,
    0x3D,0xDF,0x3D,0xDF,0x3D,0xDF,0x3D,0xDF,0x3D,0xDF,0x3D,0xDF,0x3D,0xDF,0x3D,0xDF,
    0x3D,0xDF,0x3D,0xDF,0x3D,0xDF,0x3D,0xDF,0x3D,0xDF,0x3D,0xDF,0x3D,0xDF,0x3D,0xDF,
    0x3D,0xDF,0x9A,0xCE,0x46,0x21,0xC4,0x10,0xC4,0x10,0xC4,0x10,0xC4,0x10,0xD8,0xB5,
    0x3D,0xDF,0x3D,0xDF,0x3D,0xDF,0x3D,0xDF,0x3D,0xDF,0x3D,0xDF,0x3D,0xDF,0x3D,0xDF,
    0x3D,0xDF,0x3D,0xDF,0x3D,0xDF,0x3D,0xDF,0x3D,0xDF,0x3D,0xDF,0x3D,0xDF,0x3D,0xDF,
    0x3D,0xDF,0x3D,0xDF,0x3D,0xDF,0x3D,0xDF,0x9A,0xCE,0x6A,0x42,0x00,0x00,0x00,0x00,
    0x00,0x00,0x00,0x00,0x00,0x00,0x00,0x00,0x00,0x00,0x00,0x00,0x00,0x00,0x00,0x00,
    0x00,0x00,0xE3,0x18,0xEC,0x5A,0x3D,0xDF,0x3D,0xDF,0x3D,0xDF,0x3D,0xDF,0x3D,0xDF,
    0x3D,0xDF,0x3D,0xDF,0x3D,0xDF,0x3D,0xDF,0x3D,0xDF,0x3D,0xDF,0x3D,0xDF,0x3D,0xDF,
    0x3D,0xDF,0x3D,0xDF,0x3D,0xDF,0x3D,0xDF,0x3D,0xDF,0x3D,0xDF,0x3D,0xDF,0x3D,0xDF,
    0x3D,0xDF,0xF0,0x7B,0xC4,0x10,0xC4,0x10,0xC4,0x10,0xAB,0x52,0x3D,0xDF,0x3D,0xDF,
    0x3D,0xDF,0x3D,0xDF,0x3D,0xDF,0x3D,0xDF,0x3D,0xDF,0x3D,0xDF,0x3D,0xDF,0x3D,0xDF,
    0x3D,0xDF,0x3D,0xDF,0x3D,0xDF,0x3D,0xDF,0x3D,0xDF,0x3D,0xDF,0x3D,0xDF,0x3D,0xDF,
    0x3D,0xDF,0x3D,0xDF,0x3D,0xDF,0x3D,0xDF,0xF0,0x7B,0xC4,0x10,0xC4,0x10,0xC4,0x10,
    0xAB,0x52,0x3D,0xDF,0x3D,0xDF,0x3D,0xDF,0x3D,0xDF,0x3D,0xDF,0x3D,0xDF,0x3D,0xDF,
    0x3D,0xDF,0x3D,0xDF,0x3D,0xDF,0x3D,0xDF,0x3D,0xDF,0x3D,0xDF,0x3D,0xDF,0x3D,0xDF,
    0x3D,0xDF,0x3D,0xDF,0x3D,0xDF,0x3D,0xDF,0x3D,0xDF,0x3D,0xDF,0x3D,0xDF,0x52,0x84,
    0xE3,0x18,0x00,0x00,0x00,0x00,0x00,0x00,0x00,0x00,0x00,0x00,0x00,0x00,0x00,0x00,
    0x00,0x00,0x00,0x00,0x00,0x00,0xC4,0x10,0x4E,0x63,0x3D,0xDF,0x3D,0xDF,0x3D,0xDF,
    0x3D,0xDF,0x3D,0xDF,0x3D,0xDF,0x3D,0xDF,0x3D,0xDF,0x3D,0xDF,0x3D,0xDF,0x3D,0xDF,
    0x3D,0xDF,0x3D,0xDF,0x3D,0xDF,0x3D,0xDF,0x3D,0xDF,0x3D,0xDF,0x3D,0xDF,0x3D,0xDF,
    0x3D,0xDF,0x3D,0xDF,0x3D,0xDF,0x93,0x8C,0xC4,0x10,0xC4,0x10,0xC4,0x10,0x4E,0x63,
    0x3D,0xDF,0x3D,0xDF,0x3D,0xDF,0x3D,0xDF,0x3D,0xDF,0x3D,0xDF,0x3D,0xDF,0x3D,0xDF,
    0x3D,0xDF,0x3D,0xDF,0x3D,0xDF,0x3D,0xDF,0x3D,0xDF,0x3D,0xDF,0x3D,0xDF,0x3D,0xDF,
    0x3D,0xDF,0x3D,0xDF,0x3D,0xDF,0x3D,0xDF,0x3D,0xDF,0x3D,0xDF,0x93,0x8C,0xC4,0x10,
    0xC4,0x10,0xC4,0x10,0x4E,0x63,0x3D,0xDF,0x3D,0xDF,0x3D,0xDF,0x3D,0xDF,0x3D,0xDF,
    0x3D,0xDF,0x3D,0xDF,0x3D,0xDF,0x3D,0xDF,0x3D,0xDF,0x3D,0xDF,0x3D,0xDF,0x3D,0xDF,
    0x3D,0xDF,0x3D,0xDF,0x3D,0xDF,0x3D,0xDF,0x3D,0xDF,0x3D,0xDF,0x3D,0xDF,0x3D,0xDF,
    0x3D,0xDF,0x93,0x8C,0xC4,0x10,0x00,0x00,0x00,0x00,0x00,0x00,0x00,0x00,0x00,0x00,
    0x00,0x00,0x00,0x00,0x00,0x00,0x00,0x00,0x83,0x10,0xC3,0x10,0x4E,0x63,0x3D,0xDF,
    0x3D,0xDF,0x3D,0xDF,0x3D,0xDF,0x3D,0xDF,0x3D,0xDF,0x3D,0xDF,0x3D,0xDF,0x3D,0xDF,
    0x3D,0xDF,0x3D,0xDF,0x3D,0xDF,0x3D,0xDF,0x3D,0xDF,0x3D,0xDF,0x3D,0xDF,0x3D,0xDF,
    0x3D,0xDF,0x3D,0xDF,0x3D,0xDF,0x3D,0xDF,0x3D,0xDF,0x93,0x8C,0xC4,0x10,0xC4,0x10,
    0xC4,0x10,0x4E,0x63,0x3D,0xDF,0x3D,0xDF,0x3D,0xDF,0x3D,0xDF,0x3D,0xDF,0x3D,0xDF,
    0x3D,0xDF,0x3D,0xDF,0x3D,0xDF,0x3D,0xDF,0x3D,0xDF,0x3D,0xDF,0x3D,0xDF,0x3D,0xDF,
    0x3D,0xDF,0x3D,0xDF,0x3D,0xDF,0x3D,0xDF,0x3D,0xDF,0x3D,0xDF,0x3D,0xDF,0x3D,0xDF,
    0x93,0x8C,0xC4,0x10,0xC4,0x10,0xC4,0x10,0x4E,0x63,0x3D,0xDF,0x3D,0xDF,0x3D,0xDF,
    0x3D,0xDF,0x3D,0xDF,0x3D,0xDF,0x3D,0xDF,0x3D,0xDF,0x3D,0xDF,0x3D,0xDF,0x3D,0xDF,
    0x3D,0xDF,0x3D,0xDF,0x3D,0xDF,0x3D,0xDF,0x3D,0xDF,0x3D,0xDF,0x3D,0xDF,0x3D,0xDF,
    0x3D,0xDF,0x3D,0xDF,0x3D,0xDF,0x93,0x8C,0xC3,0x10,0x83,0x10,0x00,0x00,0x00,0x00,
    0x00,0x00,0x00,0x00,0x00,0x00,0x00,0x00,0x00,0x00,0x00,0x00,0xA4,0x10,0xC4,0x10,
    0x4E,0x63,0x3D,0xDF,0x3D,0xDF,0x3D,0xDF,0x3D,0xDF,0x3D,0xDF,0x3D,0xDF,0x3D,0xDF,
    0x3D,0xDF,0x3D,0xDF,0x3D,0xDF,0x3D,0xDF,0x3D,0xDF,0x3D,0xDF,0x3D,0xDF,0x3D,0xDF,
    0x3D,0xDF,0x3D,0xDF,0x3D,0xDF,0x3D,0xDF,0x3D,0xDF,0x3D,0xDF,0x3D,0xDF,0x93,0x8C,
    0xC4,0x10,0xC4,0x10,0xC4,0x10,0x4E,0x63,0x3D,0xDF,0x3D,0xDF,0x3D,0xDF,0x3D,0xDF,
    0x3D,0xDF,0x3D,0xDF,0x3D,0xDF,0x3D,0xDF,0x3D,0xDF,0x3D,0xDF,0x3D,0xDF,0x3D,0xDF,
    0x3D,0xDF,0x3D,0xDF,0x3D,0xDF,0x3D,0xDF,0x3D,0xDF,0x3D,0xDF,0x3D,0xDF,0x3D,0xDF,
    0x3D,0xDF,0x3D,0xDF,0x93,0x8C,0xC4,0x10,0xC4,0x10,0xC4,0x10,0x4E,0x63,0x3D,0xDF,
    0x3D,0xDF,0x3D,0xDF,0x3D,0xDF,0x3D,0xDF,0x3D,0xDF,0x3D,0xDF,0x3D,0xDF,0x3D,0xDF,
    0x3D,0xDF,0x3D,0xDF,0x3D,0xDF,0x3D,0xDF,0x3D,0xDF,0x3D,0xDF,0x3D,0xDF,0x3D,0xDF,
    0x3D,0xDF,0x3D,0xDF,0x3D,0xDF,0x3D,0xDF,0x3D,0xDF,0x93,0x8C,0xC4,0x10,0xA4,0x10,
    0x00,0x00,0x00,0x00,0x00,0x00,0x00,0x00,0x00,0x00,0x00,0x00,0x00,0x00,0xA2,0x10,
    0xC4,0x10,0xC4,0x10,0x4E,0x63,0x3D,0xDF,0x3D,0xDF,0x3D,0xDF,0x3D,0xDF,0x3D,0xDF,
    0x3D,0xDF,0x3D,0xDF,0x3D,0xDF,0x3D,0xDF,0x3D,0xDF,0x3D,0xDF,0x3D,0xDF,0x3D,0xDF,
    0x3D,0xDF,0x3D,0xDF,0x3D,0xDF,0x3D,0xDF,0x3D,0xDF,0x3D,0xDF,0x3D,0xDF,0x3D,0xDF,
    0x3D,0xDF,0x93,0x8C,0xC4,0x10,0xC4,0x10,0xC4,0x10,0x4E,0x63,0x3D,0xDF,0x3D,0xDF,
    0x3D,0xDF,0x3D,0xDF,0x3D,0xDF,0x3D,0xDF,0x3D,0xDF,0x3D,0xDF,0x3D,0xDF,0x3D,0xDF,
    0x3D,0xDF,0x3D,0xDF,0x3D,0xDF,0x3D,0xDF,0x3D,0xDF,0x3D,0xDF,0x3D,0xDF,0x3D,0xDF,
    0x3D,0xDF,0x3D,0xDF,0x3D,0xDF,0x3D,0xDF,0x93,0x8C,0xC4,0x10,0xC4,0x10,0xC4,0x10,
    0x4E,0x63,0x3D,0xDF,0x3D,0xDF,0x3D,0xDF,0x3D,0xDF,0x3D,0xDF,0x3D,0xDF,0x3D,0xDF,
    0x3D,0xDF,0x3D,0xDF,0x3D,0xDF,0x3D,0xDF,0x3D,0xDF,0x3D,0xDF,0x3D,0xDF,0x3D,0xDF,
    0x3D,0xDF,0x3D,0xDF,0x3D,0xDF,0x3D,0xDF,0x3D,0xDF,0x3D,0xDF,0x3D,0xDF,0x93,0x8C,
    0xC4,0x10,0xC4,0x10,0xA2,0x10,0x00,0x00,0x00,0x00,0x00,0x00,0x00,0x00,0x00,0x00,
    0x00,0x00,0xC4,0x10,0xC4,0x10,0xC4,0x10,0x4E,0x63,0x3D,0xDF,0x3D,0xDF,0x3D,0xDF,
    0x3D,0xDF,0x3D,0xDF,0x3D,0xDF,0x3D,0xDF,0x3D,0xDF,0x3D,0xDF,0x3D,0xDF,0x3D,0xDF,
    0x3D,0xDF,0x3D,0xDF,0x3D,0xDF,0x3D,0xDF,0x3D,0xDF,0x3D,0xDF,0x3D,0xDF,0x3D,0xDF,
    0x3D,0xDF,0x3D,0xDF,0x3D,0xDF,0x93,0x8C,0xC4,0x10,0xC4,0x10,0xC4,0x10,0x4E,0x63,
    0x3D,0xDF,0x3D,0xDF,0x3D,0xDF,0x3D,0xDF,0x3D,0xDF,0x3D,0xDF,0x3D,0xDF,0x3D,0xDF,
    0x3D,0xDF,0x3D,0xDF,0x3D,0xDF,0x3D,0xDF,0x3D,0xDF,0x3D,0xDF,0x3D,0xDF,0x3D,0xDF,
    0x3D,0xDF,0x3D,0xDF,0x3D,0xDF,0x3D,0xDF,0x3D,0xDF,0x3D,0xDF,0x93,0x8C,0xC4,0x10,
    0xC4,0x10,0xC4,0x10,0x4E,0x63,0x3D,0xDF,0x3D,0xDF,0x3D,0xDF,0x3D,0xDF,0x3D,0xDF,
    0x3D,0xDF,0x3D,0xDF,0x3D,0xDF,0x3D,0xDF,0x3D,0xDF,0x3D,0xDF,0x3D,0xDF,0x3D,0xDF,
    0x3D,0xDF,0x3D,0xDF,0x3D,0xDF,0x3D,0xDF,0x3D,0xDF,0x3D,0xDF,0x3D,0xDF,0x3D,0xDF,
    0x3D,0xDF,0x93,0x8C,0xC4,0x10,0xC4,0x10,0xC4,0x10,0x00,0x00,0x00,0x00,0x00,0x00,
    0x00,0x00,0x00,0x00,0x00,0x00,0xA4,0x10,0xC4,0x10,0xC4,0x10,0x4E,0x63,0x3D,0xDF,
    0x3D,0xDF,0x3D,0xDF,0x3D,0xDF,0x3D,0xDF,0x3D,0xDF,0x3D,0xDF,0x3D,0xDF,0x3D,0xDF,
    0x3D,0xDF,0x3D,0xDF,0x3D,0xDF,0x3D,0xDF,0x3D,0xDF,0x3D,0xDF,0x3D,0xDF,0x3D,0xDF,
    0x3D,0xDF,0x3D,0xDF,0x3D,0xDF,0x3D,0xDF,0x3D,0xDF,0x93,0x8C,0xC4,0x10,0xC4,0x10,
    0xC4,0x10,0x4E,0x63,0x3D,0xDF,0x3D,0xDF,0x3D,0xDF,0x3D,0xDF,0x3D,0xDF,0x3D,0xDF,
    0x3D,0xDF,0x3D,0xDF,0x3D,0xDF,0x3D,0xDF,0x3D,0xDF,0x3D,0xDF,0x3D,0xDF,0x3D,0xDF,
    0x3D,0xDF,0x3D,0xDF,0x3D,0xDF,0x3D,0xDF,0x3D,0xDF,0x3D,0xDF,0x3D,0xDF,0x3D,0xDF,
    0x93,0x8C,0xC4,0x10,0xC4,0x10,0xC4,0x10,0x4E,0x63,0x3D,0xDF,0x3D,0xDF,0x3D,0xDF,
    0x3D,0xDF,0x3D,0xDF,0x3D,0xDF,0x3D,0xDF,0x3D,0xDF,0x3D,0xDF,0x3D,0xDF,0x3D,0xDF,
    0x3D,0xDF,0x3D,0xDF,0x3D,0xDF,0x3D,0xDF,0x3D,0xDF,0x3D,0xDF,0x3D,0xDF,0x3D,0xDF,
    0x3D,0xDF,0x3D,0xDF,0x3D,0xDF,0x93,0x8C,0xC4,0x10,0xC4,0x10,0xA4,0x10,0x00,0x00,
    0x00,0x00,0x00,0x00,0x00,0x00,0x00,0x00,0xC4,0x10,0xC4,0x10,0xC4,0x10,0xC4,0x10,
    0x4E,0x63,0x3D,0xDF,0x3D,0xDF,0x3D,0xDF,0x3D,0xDF,0x3D,0xDF,0x3D,0xDF,0x3D,0xDF,
    0x3D,0xDF,0x3D,0xDF,0x3D,0xDF,0x3D,0xDF,0x3D,0xDF,0x3D,0xDF,0x3D,0xDF,0x3D,0xDF,
    0x3D,0xDF,0x3D,0xDF,0x3D,0xDF,0x3D,0xDF,0x3D,0xDF,0x3D,0xDF,0x3D,0xDF,0x93,0x8C,
    0xC4,0x10,0xC4,0x10,0xC4,0x10,0x4E,0x63,0x3D,0xDF,0x3D,0xDF,0x3D,0xDF,0x3D,0xDF,
    0x3D,0xDF,0x3D,0xDF,0x3D,0xDF,0x3D,0xDF,0x3D,0xDF,0x3D,0xDF,0x3D,0xDF,0x3D,0xDF,
    0x3D,0xDF,0x3D,0xDF,0x3D,0xDF,0x3D,0xDF,0x3D,0xDF,0x3D,0xDF,0x3D,0xDF,0x3D,0xDF,
    0x3D,0xDF,0x3D,0xDF,0x93,0x8C,0xC4,0x10,0xC4,0x10,0xC4,0x10,0x4E,0x63,0x3D,0xDF,
    0x3D,0xDF,0x3D,0xDF,0x3D,0xDF,0x3D,0xDF,0x3D,0xDF,0x3D,0xDF,0x3D,0xDF,0x3D,0xDF,
    0x3D,0xDF,0x3D,0xDF,0x3D,0xDF,0x3D,0xDF,0x3D,0xDF,0x3D,0xDF,0x3D,0xDF,0x3D,0xDF,
    0x3D,0xDF,0x3D,0xDF,0x3D,0xDF,0x3D,0xDF,0x3D,0xDF,0x93,0x8C,0xC4,0x10,0xC4,0x10,
    0xC4,0x10,0xC4,0x10,0x00,0x00,0x00,0x00,0x00,0x00,0x00,0x00,0xC4,0x10,0xC4,0x10,
    0xC4,0x10,0xC4,0x10,0x4E,0x63,0x3D,0xDF,0x3D,0xDF,0x3D,0xDF,0x3D,0xDF,0x3D,0xDF,
    0x3D,0xDF,0x3D,0xDF,0x3D,0xDF,0x3D,0xDF,0x3D,0xDF,0x3D,0xDF,0x3D,0xDF,0x3D,0xDF,
    0x3D,0xDF,0x3D,0xDF,0x3D,0xDF,0x3D,0xDF,0x3D,0xDF,0x3D,0xDF,0x3D,0xDF,0x3D,0xDF,
    0x3D,0xDF,0x93,0x8C,0xC4,0x10,0xC4,0x10,0xC4,0x10,0x4E,0x63,0x3D,0xDF,0x3D,0xDF,
    0x3D,0xDF,0x3D,0xDF,0x3D,0xDF,0x3D,0xDF,0x3D,0xDF,0x3D,0xDF,0x3D,0xDF,0x3D,0xDF,
    0x3D,0xDF,0x3D,0xDF,0x3D,0xDF,0x3D,0xDF,0x3D,0xDF,0x3D,0xDF,0x3D,0xDF,0x3D,0xDF,
    0x3D,0xDF,0x3D,0xDF,0x3D,0xDF,0x3D,0xDF,0x93,0x8C,0xC4,0x10,0xC4,0x10,0xC4,0x10,
    0x4E,0x63,0x3D,0xDF,0x3D,0xDF,0x3D,0xDF,0x3D,0xDF,0x3D,0xDF,0x3D,0xDF,0x3D,0xDF,
    0x3D,0xDF,0x3D,0xDF,0x3D,0xDF,0x3D,0xDF,0x3D,0xDF,0x3D,0xDF,0x3D,0xDF,0x3D,0xDF,
    0x3D,0xDF,0x3D,0xDF,0x3D,0xDF,0x3D,0xDF,0x3D,0xDF,0x3D,0xDF,0x3D,0xDF,0x93,0x8C,
    0xC4,0x10,0xC4,0x10,0xC4,0x10,0xC4,0x10,0x00,0x00,0x00,0x00,0x00,0x00,0xC3,0x18,
    0xC3,0x10,0xC4,0x10,0xC4,0x10,0xC4,0x10,0x4E,0x63,0x3D,0xDF,0x3D,0xDF,0x3D,0xDF,
    0x3D,0xDF,0x3D,0xDF,0x3D,0xDF,0x3D,0xDF,0x3D,0xDF,0x3D,0xDF,0x3D,0xDF,0x3D,0xDF,
    0x3D,0xDF,0x3D,0xDF,0x3D,0xDF,0x3D,0xDF,0x3D,0xDF,0x3D,0xDF,0x3D,0xDF,0x3D,0xDF,
    0x3D,0xDF,0x3D,0xDF,0x3D,0xDF,0x93,0x8C,0xC4,0x10,0xC4,0x10,0xC4,0x10,0x4E,0x63,
    0x3D,0xDF,0x3D,0xDF,0x3D,0xDF,0x3D,0xDF,0x3D,0xDF,0x3D,0xDF,0x3D,0xDF,0x3D,0xDF,
    0x3D,0xDF,0x3D,0xDF,0x3D,0xDF,0x3D,0xDF,0x3D,0xDF,0x3D,0xDF,0x3D,0xDF,0x3D,0xDF,
    0x3D,0xDF,0x3D,0xDF,0x3D,0xDF,0x3D,0xDF,0x3D,0xDF,0x3D,0xDF,0x93,0x8C,0xC4,0x10,
    0xC4,0x10,0xC4,0x10,0x4E,0x63,0x3D,0xDF,0x3D,0xDF,0x3D,0xDF,0x3D,0xDF,0x3D,0xDF,
    0x3D,0xDF,0x3D,0xDF,0x3D,0xDF,0x3D,0xDF,0x3D,0xDF,0x3D,0xDF,0x3D,0xDF,0x3D,0xDF,
    0x3D,0xDF,0x3D,0xDF,0x3D,0xDF,0x3D,0xDF,0x3D,0xDF,0x3D,0xDF,0x3D,0xDF,0x3D,0xDF,
    0x3D,0xDF,0x93,0x8C,0xC4,0x10,0xC4,0x10,0xC4,0x10,0xC3,0x10,0xC3,0x18,0x00,0x00,
    0x00,0x00,0xC4,0x10,0xC4,0x10,0xC4,0x10,0xC4,0x10,0xC4,0x10,0x4E,0x63,0x3D,0xDF,
    0x3D,0xDF,0x3D,0xDF,0x3D,0xDF,0x3D,0xDF,0x3D,0xDF,0x3D,0xDF,0x3D,0xDF,0x3D,0xDF,
    0x3D,0xDF,0x3D,0xDF,0x3D,0xDF,0x3D,0xDF,0x3D,0xDF,0x3D,0xDF,0x3D,0xDF,0x3D,0xDF,
    0x3D,0xDF,0x3D,0xDF,0x3D,0xDF,0x3D,0xDF,0x3D,0xDF,0x93,0x8C,0xC4,0x10,0xC4,0x10,
    0xC4,0x10,0x4E,0x63,0x3D,0xDF,0x3D,0xDF,0x3D,0xDF,0x3D,0xDF,0x3D,0xDF,0x3D,0xDF,
    0x3D,0xDF,0x3D,0xDF,0x3D,0xDF,0x3D,0xDF,0x3D,0xDF,0x3D,0xDF,0x3D,0xDF,0x3D,0xDF,
    0x3D,0xDF,0x3D,0xDF,0x3D,0xDF,0x3D,0xDF,0x3D,0xDF,0x3D,0xDF,0x3D,0xDF,0x3D,0xDF,
    0x93,0x8C,0xC4,0x10,0xC4,0x10,0xC4,0x10,0x4E,0x63,0x3D,0xDF,0x3D,0xDF,0x3D,0xDF,
    0x3D,0xDF,0x3D,0xDF,0x3D,0xDF,0x3D,0xDF,0x3D,0xDF,0x3D,0xDF,0x3D,0xDF,0x3D,0xDF,
    0x3D,0xDF,0x3D,0xDF,0x3D,0xDF,0x3D,0xDF,0x3D,0xDF,0x3D,0xDF,0x3D,0xDF,0x3D,0xDF,
    0x3D,0xDF,0x3D,0xDF,0x3D,0xDF,0x93,0x8C,0xC4,0x10,0xC4,0x10,0xC4,0x10,0xC4,0x10,
    0xC4,0x10,0x00,0x00,0x00,0x00,0xC4,0x10,0xC4,0x10,0xC4,0x10,0xC4,0x10,0xC4,0x10,
    0x4E,0x63,0x3D,0xDF,0x3D,0xDF,0x3D,0xDF,0x3D,0xDF,0x3D,0xDF,0x3D,0xDF,0x3D,0xDF,
    0x3D,0xDF,0x3D,0xDF,0x3D,0xDF,0x3D,0xDF,0x3D,0xDF,0x3D,0xDF,0x3D,0xDF,0x3D,0xDF,
    0x3D,0xDF,0x3D,0xDF,0x3D,0xDF,0x3D,0xDF,0x3D,0xDF,0x3D,0xDF,0x3D,0xDF,0x93,0x8C,
    0xC4,0x10,0xC4,0x10,0xC4,0x10,0x4E,0x63,0x3D,0xDF,0x3D,0xDF,0x3D,0xDF,0x3D,0xDF,
    0x3D,0xDF,0x3D,0xDF,0x3D,0xDF,0x3D,0xDF,0x3D,0xDF,0x3D,0xDF,0x3D,0xDF,0x3D,0xDF,
    0x3D,0xDF,0x3D,0xDF,0x3D,0xDF,0x3D,0xDF,0x3D,0xDF,0x3D,0xDF,0x3D,0xDF,0x3D,0xDF,
    0x3D,0xDF,0x3D,0xDF,0x93,0x8C,0xC4,0x10,0xC4,0x10,0xC4,0x10,0x4E,0x63,0x3D,0xDF,
    0x3D,0xDF,0x3D,0xDF,0x3D,0xDF,0x3D,0xDF,0x3D,0xDF,0x3D,0xDF,0x3D,0xDF,0x3D,0xDF,
    0x3D,0xDF,0x3D,0xDF,0x3D,0xDF,0x3D,0xDF,0x3D,0xDF,0x3D,0xDF,0x3D,0xDF,0x3D,0xDF,
    0x3D,0xDF,0x3D,0xDF,0x3D,0xDF,0x3D,0xDF,0x3D,0xDF,0x93,0x8C,0xC4,0x10,0xC4,0x10,
    0xC4,0x10,0xC4,0x10,0xC4,0x10,0x00,0x00,0x00,0x00,0xC3,0x10,0xC4,0x10,0xC4,0x10,
    0xC4,0x10,0xC4,0x10,0x4E,0x63,0x3D,0xDF,0x3D,0xDF,0x3D,0xDF,0x3D,0xDF,0x3D,0xDF,
    0x3D,0xDF,0x3D,0xDF,0x3D,0xDF,0x3D,0xDF,0x3D,0xDF,0x3D,0xDF,0x3D,0xDF,0x3D,0xDF,
    0x3D,0xDF,0x3D,0xDF,0x3D,0xDF,0x3D,0xDF,0x3D,0xDF,0x3D,0xDF,0x3D,0xDF,0x3D,0xDF,
    0x3D,0xDF,0x93,0x8C,0xC4,0x10,0xC4,0x10,0xC4,0x10,0x4E,0x63,0x3D,0xDF,0x3D,0xDF,
    0x3D,0xDF,0x3D,0xDF,0x3D,0xDF,0x3D,0xDF,0x3D,0xDF,0x3D,0xDF,0x3D,0xDF,0x3D,0xDF,
    0x3D,0xDF,0x3D,0xDF,0x3D,0xDF,0x3D,0xDF,0x3D,0xDF,0x3D,0xDF,0x3D,0xDF,0x3D,0xDF,
    0x3D,0xDF,0x3D,0xDF,0x3D,0xDF,0x3D,0xDF,0x93,0x8C,0xC4,0x10,0xC4,0x10,0xC4,0x10,
    0x4E,0x63,0x3D,0xDF,0x3D,0xDF,0x3D,0xDF,0x3D,0xDF,0x3D,0xDF,0x3D,0xDF,0x3D,0xDF,
    0x3D,0xDF,0x3D,0xDF,0x3D,0xDF,0x3D,0xDF,0x3D,0xDF,0x3D,0xDF,0x3D,0xDF,0x3D,0xDF,
    0x3D,0xDF,0x3D,0xDF,0x3D,0xDF,0x3D,0xDF,0x3D,0xDF,0x3D,0xDF,0x3D,0xDF,0x93,0x8C,
    0xC4,0x10,0xC4,0x10,0xC4,0x10,0xC4,0x10,0xC3,0x10,0x00,0x00,0x00,0x00,0xC4,0x10,
    0xC4,0x10,0xC4,0x10,0xC4,0x10,0xC4,0x10,0x4E,0x63,0x3D,0xDF,0x3D,0xDF,0x3D,0xDF,
    0x3D,0xDF,0x3D,0xDF,0x3D,0xDF,0x3D,0xDF,0x3D,0xDF,0x3D,0xDF,0x3D,0xDF,0x3D,0xDF,
    0x3D,0xDF,0x3D,0xDF,0x3D,0xDF,0x3D,0xDF,0x3D,0xDF,0x3D,0xDF,0x3D,0xDF,0x3D,0xDF,
    0x3D,0xDF,0x3D,0xDF,0x3D,0xDF,0x93,0x8C,0xC4,0x10,0xC4,0x10,0xC4,0x10,0x4E,0x63,
    0x3D,0xDF,0x3D,0xDF,0x3D,0xDF,0x3D,0xDF,0x3D,0xDF,0x3D,0xDF,0x3D,0xDF,0x3D,0xDF,
    0x3D,0xDF,0x3D,0xDF,0x3D,0xDF,0x3D,0xDF,0x3D,0xDF,0x3D,0xDF,0x3D,0xDF,0x3D,0xDF,
    0x3D,0xDF,0x3D,0xDF,0x3D,0xDF,0x3D,0xDF,0x3D,0xDF,0x3D,0xDF,0x93,0x8C,0xC4,0x10,
    0xC4,0x10,0xC4,0x10,0x4E,0x63,0x3D,0xDF,0x3D,0xDF,0x3D,0xDF,0x3D,0xDF,0x3D,0xDF,
    0x3D,0xDF,0x3D,0xDF,0x3D,0xDF,0x3D,0xDF,0x3D,0xDF,0x3D,0xDF,0x3D,0xDF,0x3D,0xDF,
    0x3D,0xDF,0x3D,0xDF,0x3D,0xDF,0x3D,0xDF,0x3D,0xDF,0x3D,0xDF,0x3D,0xDF,0x3D,0xDF,
    0x3D,0xDF,0x93,0x8C,0xC4,0x10,0xC4,0x10,0xC4,0x10,0xC4,0x10,0xC4,0x10,0x00,0x00,
    0xA3,0x10,0xC4,0x10,0xC4,0x10,0xC4,0x10,0xC4,0x10,0xC4,0x10,0x4E,0x63,0x3D,0xDF,
    0x3D,0xDF,0x3D,0xDF,0x3D,0xDF,0x3D,0xDF,0x3D,0xDF,0x3D,0xDF,0x3D,0xDF,0x3D,0xDF,
    0x3D,0xDF,0x3D,0xDF,0x3D,0xDF,0x3D,0xDF,0x3D,0xDF,0x3D,0xDF,0x3D,0xDF,0x3D,0xDF,
    0x3D,0xDF,0x3D,0xDF,0x3D,0xDF,0x3D,0xDF,0x3D,0xDF,0x93,0x8C,0xC4,0x10,0xC4,0x10,
    0xC4,0x10,0x4E,0x63,0x3D,0xDF,0x3D,0xDF,0x3D,0xDF,0x3D,0xDF,0x3D,0xDF,0x3D,0xDF,
    0x3D,0xDF,0x3D,0xDF,0x3D,0xDF,0x3D,0xDF,0x3D,0xDF,0x3D,0xDF,0x3D,0xDF,0x3D,0xDF,
    0x3D,0xDF,0x3D,0xDF,0x3D,0xDF,0x3D,0xDF,0x3D,0xDF,0x3D,0xDF,0x3D,0xDF,0x3D,0xDF,
    0x93,0x8C,0xC4,0x10,0xC4,0x10,0xC4,0x10,0x4E,0x63,0x3D,0xDF,0x3D,0xDF,0x3D,0xDF,
    0x3D,0xDF,0x3D,0xDF,0x3D,0xDF,0x3D,0xDF,0x3D,0xDF,0x3D,0xDF,0x3D,0xDF,0x3D,0xDF,
    0x3D,0xDF,0x3D,0xDF,0x3D,0xDF,0x3D,0xDF,0x3D,0xDF,0x3D,0xDF,0x3D,0xDF,0x3D,0xDF,
    0x3D,0xDF,0x3D,0xDF,0x3D,0xDF,0x93,0x8C,0xC4,0x10,0xC4,0x10,0xC4,0x10,0xC4,0x10,
    0xC4,0x10,0xA3,0x10,0xC4,0x10,0xC4,0x10,0xC4,0x10,0xC4,0x10,0xC4,0x10,0xC4,0x10,
    0x4E,0x63,0x3D,0xDF,0x3D,0xDF,0x3D,0xDF,0x3D,0xDF,0x3D,0xDF,0x3D,0xDF,0x3D,0xDF,
    0x3D,0xDF,0x3D,0xDF,0x3D,0xDF,0x3D,0xDF,0x3D,0xDF,0x3D,0xDF,0x3D,0xDF,0x3D,0xDF,
    0x3D,0xDF,0x3D,0xDF,0x3D,0xDF,0x3D,0xDF,0x3D,0xDF,0x3D,0xDF,0x3D,0xDF,0x93,0x8C,
    0xC4,0x10,0xC4,0x10,0xC4,0x10,0x4E,0x63,0x3D,0xDF,0x3D,0xDF,0x3D,0xDF,0x3D,0xDF,
    0x3D,0xDF,0x3D,0xDF,0x3D,0xDF,0x3D,0xDF,0x3D,0xDF,0x3D,0xDF,0x3D,0xDF,0x3D,0xDF,
    0x3D,0xDF,0x3D,0xDF,0x3D,0xDF,0x3D,0xDF,0x3D,0xDF,0x3D,0xDF,0x3D,0xDF,0x3D,0xDF,
    0x3D,0xDF,0x3D,0xDF,0x93,0x8C,0xC4,0x10,0xC4,0x10,0xC4,0x10,0x4E,0x63,0x3D,0xDF,
    0x3D,0xDF,0x3D,0xDF,0x3D,0xDF,0x3D,0xDF,0x3D,0xDF,0x3D,0xDF,0x3D,0xDF,0x3D,0xDF,
    0x3D,0xDF,0x3D,0xDF,0x3D,0xDF,0x3D,0xDF,0x3D,0xDF,0x3D,0xDF,0x3D,0xDF,0x3D,0xDF,
    0x3D,0xDF,0x3D,0xDF,0x3D,0xDF,0x3D,0xDF,0x3D,0xDF,0x93,0x8C,0xC4,0x10,0xC4,0x10,
    0xC4,0x10,0xC4,0x10,0xC4,0x10,0xC4,0x10,0xA3,0x10,0xC4,0x10,0xC4,0x10,0xC4,0x10,
    0xC4,0x10,0xC4,0x10,0x2D,0x63,0x3D,0xDF,0x3D,0xDF,0x3D,0xDF,0x3D,0xDF,0x3D,0xDF,
    0x3D,0xDF,0x3D,0xDF,0x3D,0xDF,0x3D,0xDF,0x3D,0xDF,0x3D,0xDF,0x3D,0xDF,0x3D,0xDF,
    0x3D,0xDF,0x3D,0xDF,0x3D,0xDF,0x3D,0xDF,0x3D,0xDF,0x3D,0xDF,0x3D,0xDF,0x3D,0xDF,
    0x3D,0xDF,0x72,0x8C,0xC4,0x10,0xC4,0x10,0xC4,0x10,0x2D,0x63,0x3D,0xDF,0x3D,0xDF,
    0x3D,0xDF,0x3D,0xDF,0x3D,0xDF,0x3D,0xDF,0x3D,0xDF,0x3D,0xDF,0x3D,0xDF,0x3D,0xDF,
    0x3D,0xDF,0x3D,0xDF,0x3D,0xDF,0x3D,0xDF,0x3D,0xDF,0x3D,0xDF,0x3D,0xDF,0x3D,0xDF,
    0x3D,0xDF,0x3D,0xDF,0x3D,0xDF,0x3D,0xDF,0x72,0x8C,0xC4,0x10,0xC4,0x10,0xC4,0x10,
    0x2D,0x63,0x3D,0xDF,0x3D,0xDF,0x3D,0xDF,0x3D,0xDF,0x3D,0xDF,0x3D,0xDF,0x3D,0xDF,
    0x3D,0xDF,0x3D,0xDF,0x3D,0xDF,0x3D,0xDF,0x3D,0xDF,0x3D,0xDF,0x3D,0xDF,0x3D,0xDF,
    0x3D,0xDF,0x3D,0xDF,0x3D,0xDF,0x3D,0xDF,0x3D,0xDF,0x3D,0xDF,0x3D,0xDF,0x72,0x8C,
    0xC4,0x10,0xC4,0x10,0xC4,0x10,0xC4,0x10,0xC4,0x10,0xA3,0x10,0xA4,0x10,0xC4,0x10,
    0xC4,0x10,0xC4,0x10,0xC4,0x10,0xC4,0x10,0xAB,0x52,0x1C,0xDF,0x3D,0xDF,0x3D,0xDF,
    0x3D,0xDF,0x3D,0xDF,0x3D,0xDF,0x3D,0xDF,0x3D,0xDF,0x3D,0xDF,0x3D,0xDF,0x3D,0xDF,
    0x3D,0xDF,0x3D,0xDF,0x3D,0xDF,0x3D,0xDF,0x3D,0xDF,0x3D,0xDF,0x3D,0xDF,0x3D,0xDF,
    0x3D,0xDF,0x3D,0xDF,0x3D,0xDF,0xAF,0x73,0xC4,0x10,0xC4,0x10,0xC4,0x10,0xAB,0x52,
    0x1C,0xDF,0x3D,0xDF,0x3D,0xDF,0x3D,0xDF,0x3D,0xDF,0x3D,0xDF,0x3D,0xDF,0x3D,0xDF,
    0x3D,0xDF,0x3D,0xDF,0x3D,0xDF,0x3D,0xDF,0x3D,0xDF,0x3D,0xDF,0x3D,0xDF,0x3D,0xDF,
    0x3D,0xDF,0x3D,0xDF,0x3D,0xDF,0x3D,0xDF,0x3D,0xDF,0x3D,0xDF,0xAF,0x73,0xC4,0x10,
    0xC4,0x10,0xC4,0x10,0xAB,0x52,0x1C,0xDF,0x3D,0xDF,0x3D,0xDF,0x3D,0xDF,0x3D,0xDF,
    0x3D,0xDF,0x3D,0xDF,0x3D,0xDF,0x3D,0xDF,0x3D,0xDF,0x3D,0xDF,0x3D,0xDF,0x3D,0xDF,
    0x3D,0xDF,0x3D,0xDF,0x3D,0xDF,0x3D,0xDF,0x3D,0xDF,0x3D,0xDF,0x3D,0xDF,0x3D,0xDF,
    0x3D,0xDF,0xAF,0x73,0xC4,0x10,0xC4,0x10,0xC4,0x10,0xC4,0x10,0xC4,0x10,0xA4,0x10,
    0xA3,0x10,0xC4,0x10,0xC4,0x10,0xC4,0x10,0xC4,0x10,0xC4,0x10,0x29,0x42,0xB7,0xAD,
    0x1C,0xDF,0x3D,0xDF,0x3D,0xDF,0x3D,0xDF,0x3D,0xDF,0x3D,0xDF,0x3D,0xDF,0x3D,0xDF,
    0x3D,0xDF,0x3D,0xDF,0x3D,0xDF,0x3D,0xDF,0x3D,0xDF,0x3D,0xDF,0x3D,0xDF,0x3D,0xDF,
    0x3D,0xDF,0x3D,0xDF,0x3D,0xDF,0x1C,0xDF,0xF8,0xB5,0x0D,0x5B,0xC4,0x10,0xC4,0x10,
    0xC4,0x10,0x29,0x42,0xB7,0xAD,0x1C,0xDF,0x3D,0xDF,0x3D,0xDF,0x3D,0xDF,0x3D,0xDF,
    0x3D,0xDF,0x3D,0xDF,0x3D,0xDF,0x3D,0xDF,0x3D,0xDF,0x3D,0xDF,0x3D,0xDF,0x3D,0xDF,
    0x3D,0xDF,0x3D,0xDF,0x3D,0xDF,0x3D,0xDF,0x3D,0xDF,0x3D,0xDF,0x1C,0xDF,0xF8,0xB5,
    0x0D,0x5B,0xC4,0x10,0xC4,0x10,0xC4,0x10,0x29,0x42,0xB7,0xAD,0x1C,0xDF,0x3D,0xDF,
    0x3D,0xDF,0x3D,0xDF,0x3D,0xDF,0x3D,0xDF,0x3D,0xDF,0x3D,0xDF,0x3D,0xDF,0x3D,0xDF,
    0x3D,0xDF,0x3D,0xDF,0x3D,0xDF,0x3D,0xDF,0x3D,0xDF,0x3D,0xDF,0x3D,0xDF,0x3D,0xDF,
    0x3D,0xDF,0x1C,0xDF,0xF8,0xB5,0x0D,0x5B,0xC4,0x10,0xC4,0x10,0xC4,0x10,0xC4,0x10,
    0xC4,0x10,0xA3,0x10,0xC4,0x10,0xC4,0x10,0xC4,0x10,0xC4,0x10,0xC4,0x10,0xC4,0x10,
    0xE4,0x18,0x93,0x8C,0x15,0x9D,0x77,0xAD,0x77,0xAD,0x77,0xAD,0x77,0xAD,0x77,0xAD,
    0x77,0xAD,0x77,0xAD,0x77,0xAD,0x77,0xAD,0x77,0xAD,0x77,0xAD,0x77,0xAD,0x77,0xAD,
    0x77,0xAD,0x77,0xAD,0x77,0xAD,0x77,0xAD,0x77,0xAD,0x36,0x9D,0xF5,0x94,0x05,0x21,
    0xC4,0x10,0xC4,0x10,0xC4,0x10,0xE4,0x18,0x93,0x8C,0x15,0x9D,0x77,0xAD,0x77,0xAD,
    0x77,0xAD,0x77,0xAD,0x77,0xAD,0x77,0xAD,0x77,0xAD,0x77,0xAD,0x77,0xAD,0x77,0xAD,
    0x77,0xAD,0x77,0xAD,0x77,0xAD,0x77,0xAD,0x77,0xAD,0x77,0xAD,0x77,0xAD,0x77,0xAD,
    0x36,0x9D,0xF5,0x94,0x05,0x21,0xC4,0x10,0xC4,0x10,0xC4,0x10,0xE4,0x18,0x93,0x8C,
    0x15,0x9D,0x77,0xAD,0x77,0xAD,0x77,0xAD,0x77,0xAD,0x77,0xAD,0x77,0xAD,0x77,0xAD,
    0x77,0xAD,0x77,0xAD,0x77,0xAD,0x77,0xAD,0x77,0xAD,0x77,0xAD,0x77,0xAD,0x77,0xAD,
    0x77,0xAD,0x77,0xAD,0x77,0xAD,0x36,0x9D,0xF5,0x94,0x05,0x21,0xC4,0x10,0xC4,0x10,
    0xC4,0x10,0xC4,0x10,0xC4,0x10,0xC4,0x10,0xA4,0x10,0xC4,0x10,0xC4,0x10,0xC4,0x10,
    0xC4,0x10,0xC4,0x10,0xC4,0x10,0xA7,0x31,0xB4,0x8C,0x15,0x9D,0x15,0x9D,0x15,0x9D,
    0x15,0x9D,0x15,0x9D,0x15,0x9D,0x15,0x9D,0x15,0x9D,0x15,0x9D,0x15,0x9D,0x15,0x9D,
    0x15,0x9D,0x15,0x9D,0x15,0x9D,0x15,0x9D,0x15,0x9D,0x15,0x9D,0x15,0x9D,0xB4,0x8C,
    0x09,0x3A,0xC4,0x10,0xC4,0x10,0xC4,0x10,0xC4,0x10,0xC4,0x10,0xA7,0x31,0xB4,0x8C,
    0x15,0x9D,0x15,0x9D,0x15,0x9D,0x15,0x9D,0x15,0x9D,0x15,0x9D,0x15,0x9D,0x15,0x9D,
    0x15,0x9D,0x15,0x9D,0x15,0x9D,0x15,0x9D,0x15,0x9D,0x15,0x9D,0x15,0x9D,0x15,0x9D,
    0x15,0x9D,0x15,0x9D,0xB4,0x8C,0x09,0x3A,0xC4,0x10,0xC4,0x10,0xC4,0x10,0xC4,0x10,
    0xC4,0x10,0xA7,0x31,0xB4,0x8C,0x15,0x9D,0x15,0x9D,0x15,0x9D,0x15,0x9D,0x15,0x9D,
    0x15,0x9D,0x15,0x9D,0x15,0x9D,0x15,0x9D,0x15,0x9D,0x15,0x9D,0x15,0x9D,0x15,0x9D,
    0x15,0x9D,0x15,0x9D,0x15,0x9D,0x15,0x9D,0x15,0x9D,0xB4,0x8C,0x09,0x3A,0xC4,0x10,
    0xC4,0x10,0xC4,0x10,0xC4,0x10,0xC4,0x10,0xC4,0x10,0xA4,0x10,0xC4,0x10,0xC4,0x10,
    0xC4,0x10,0xC4,0x10,0xC4,0x10,0xC4,0x10,0xC4,0x10,0xC4,0x10,0xC4,0x10,0x67,0x29,
    0x67,0x29,0x67,0x29,0x67,0x29,0x67,0x29,0x67,0x29,0x67,0x29,0x67,0x29,0x67,0x29,
    0x67,0x29,0x67,0x29,0x67,0x29,0x67,0x29,0x67,0x29,0x67,0x29,0x67,0x29,0x67,0x29,
    0x67,0x29,0xE4,0x18,0xC4,0x10,0xC4,0x10,0xC4,0x10,0xC4,0x10,0xC4,0x10,0xC4,0x10,
    0xC4,0x10,0xC4,0x10,0x67,0x29,0x67,0x29,0x67,0x29,0x67,0x29,0x67,0x29,0x67,0x29,
    0x67,0x29,0x67,0x29,0x67,0x29,0x67,0x29,0x67,0x29,0x67,0x29,0x67,0x29,0x67,0x29,
    0x67,0x29,0x67,0x29,0x67,0x29,0x67,0x29,0xE4,0x18,0xC4,0x10,0xC4,0x10,0xC4,0x10,
    0xC4,0x10,0xC4,0x10,0xC4,0x10,0xC4,0x10,0xC4,0x10,0x67,0x29,0x67,0x29,0x67,0x29,
    0x67,0x29,0x67,0x29,0x67,0x29,0x67,0x29,0x67,0x29,0x67,0x29,0x67,0x29,0x67,0x29,
    0x67,0x29,0x67,0x29,0x67,0x29,0x67,0x29,0x67,0x29,0x67,0x29,0x67,0x29,0xE4,0x18,
    0xC4,0x10,0xC4,0x10,0xC4,0x10,0xC4,0x10,0xC4,0x10,0xC4,0x10,0xC4,0x10,0xC4,0x10,
    0xC4,0x10,0xC4,0x10,0xC4,0x10,0xC4,0x10,0xC4,0x10,0xC4,0x10,0xC4,0x10,0xC4,0x10,
    0xC4,0x10,0xC4,0x10,0xC4,0x10,0xC4,0x10,0xC4,0x10,0xC4,0x10,0xC4,0x10,0xC4,0x10,
    0xC4,0x10,0xC4,0x10,0xC4,0x10,0xC4,0x10,0xC4,0x10,0xC4,0x10,0xC4,0x10,0xC4,0x10,
    0xC4,0x10,0xC4,0x10,0xC4,0x10,0xC4,0x10,0xC4,0x10,0xC4,0x10,0xC4,0x10,0xC4,0x10,
    0xC4,0x10,0xC4,0x10,0xC4,0x10,0xC4,0x10,0xC4,0x10,0xC4,0x10,0xC4,0x10,0xC4,0x10,
    0xC4,0x10,0xC4,0x10,0xC4,0x10,0xC4,0x10,0xC4,0x10,0xC4,0x10,0xC4,0x10,0xC4,0x10,
    0xC4,0x10,0xC4,0x10,0xC4,0x10,0xC4,0x10,0xC4,0x10,0xC4,0x10,0xC4,0x10,0xC4,0x10,
    0xC4,0x10,0xC4,0x10,0xC4,0x10,0xC4,0x10,0xC4,0x10,0xC4,0x10,0xC4,0x10,0xC4,0x10,
    0xC4,0x10,0xC4,0x10,0xC4,0x10,0xC4,0x10,0xC4,0x10,0xC4,0x10,0xC4,0x10,0xC4,0x10,
    0xC4,0x10,0xC4,0x10,0xC4,0x10,0xC4,0x10,0xC4,0x10,0xC4,0x10,0xC4,0x10,0xC4,0x10,
    0xC4,0x10,0xC4,0x10,0xC4,0x10,0xC4,0x10,0xC4,0x10,0xC4,0x10,0xC4,0x10,0xC4,0x10,
    0xC4,0x10,0xC4,0x10,0xC4,0x10,0xC4,0x10,0xC4,0x10,0xC4,0x10,0xC4,0x10,0xC4,0x10,
    0xC4,0x10,0xC4,0x10,0xC4,0x10,0xC4,0x10,0xC4,0x10,0xC4,0x10,0xC4,0x10,0xC4,0x10,
    0xC4,0x10,0xC4,0x10,0xC4,0x10,0xC4,0x10,0xC4,0x10,0xC4,0x10,0xC4,0x10,0xC4,0x10,
    0xC4,0x10,0xC4,0x10,0xC4,0x10,0xC4,0x10,0xC4,0x10,0xC4,0x10,0xC4,0x10,0xC4,0x10,
    0xC4,0x10,0xC4,0x10,0xC4,0x10,0xC4,0x10,0xC4,0x10,0xC4,0x10,0xC4,0x10,0xC4,0x10,
    0xC4,0x10,0xC4,0x10,0xC4,0x10,0xC4,0x10,0xC4,0x10,0xC4,0x10,0xC4,0x10,0xC4,0x10,
    0xC4,0x10,0xC4,0x10,0xC4,0x10,0xC4,0x10,0xC4,0x10,0xC4,0x10,0xC4,0x10,0xC4,0x10,
    0xC4,0x10,0xC4,0x10,0xC4,0x10,0xC4,0x10,0xC4,0x10,0xC4,0x10,0xC4,0x10,0xC4,0x10,
    0xC4,0x10,0xC4,0x10,0xC4,0x10,0xC4,0x10,0xC4,0x10,0xC4,0x10,0xC4,0x10,0xC4,0x10,
    0xC4,0x10,0xC4,0x10,0xC4,0x10,0xC4,0x10,0xC4,0x10,0xC4,0x10,0xC4,0x10,0xC4,0x10,
    0xC4,0x10,0xC4,0x10,0xC4,0x10,0xC4,0x10,0xC4,0x10,0xC4,0x10,0xC4,0x10,0xC4,0x10,
    0xC4,0x10,0xC4,0x10,0xC4,0x10,0xC4,0x10,0xC4,0x10,0xC4,0x10,0xC4,0x10,0xC4,0x10,
    0xC4,0x10,0xC4,0x10,0xC4,0x10,0xC4,0x10,0xC4,0x10,0xC4,0x10,0xC4,0x10,0xC4,0x10,
    0xC4,0x10,0xC4,0x10,0xC4,0x10,0xC4,0x10,0xC4,0x10,0xC4,0x10,0xC4,0x10,0xC4,0x10,
    0xC4,0x10,0xC4,0x10,0xC4,0x10,0xC4,0x10,0xC4,0x10,0xC4,0x10,0xC4,0x10,0xC4,0x10,
    0xC4,0x10,0xC4,0x10,0xC4,0x10,0xC4,0x10,0xC4,0x10,0xC4,0x10,0xC4,0x10,0xC4,0x10,
    0xC4,0x10,0xC4,0x10,0xC4,0x10,0xC4,0x10,0xC4,0x10,0xC4,0x10,0xC4,0x10,0xC4,0x10,
    0xC4,0x10,0xC4,0x10,0xC4,0x10,0xC4,0x10,0xC4,0x10,0xC4,0x10,0xC4,0x10,0xC4,0x10,
    0xC4,0x10,0xC4,0x10,0xC4,0x10,0xC4,0x10,0xC4,0x10,0xC4,0x10,0xC4,0x10,0xC4,0x10,
    0xC4,0x10,0xC4,0x10,0xC4,0x10,0xC4,0x10,0xC4,0x10,0xC4,0x10,0xC4,0x10,0xC4,0x10,
    0xC4,0x10,0xC4,0x10,0xC4,0x10,0xC4,0x10,0xC4,0x10,0xC4,0x10,0xC4,0x10,0xC4,0x10,
    0xC4,0x10,0xC4,0x10,0xC4,0x10,0xC4,0x10,0xC4,0x10,0xC4,0x10,0xC4,0x10,0xC4,0x10,
    0xC4,0x10,0xC4,0x10,0xC4,0x10,0xC4,0x10,0xC4,0x10,0xC4,0x10,0xA4,0x10,0xC4,0x10,
    0xC4,0x10,0xC4,0x10,0xC4,0x10,0xC4,0x10,0xC4,0x10,0x66,0x29,0x56,0xA5,0x3D,0xDF,
    0x3D,0xDF,0x3D,0xDF,0x3D,0xDF,0x3D,0xDF,0x3D,0xDF,0x3D,0xDF,0x3D,0xDF,0x3D,0xDF,
    0x3D,0xDF,0x3D,0xDF,0x3D,0xDF,0x3D,0xDF,0x3D,0xDF,0x3D,0xDF,0x3D,0xDF,0x3D,0xDF,
    0x3D,0xDF,0xD8,0xB5,0xC8,0x31,0xC4,0x10,0xC4,0x10,0xC4,0x10,0xC4,0x10,0xC4,0x10,
    0x46,0x21,0x57,0x6C,0xBF,0x8D,0xBF,0x8D,0xBF,0x8D,0xBF,0x8D,0xBF,0x8D,0xBF,0x8D,
    0xBF,0x8D,0xBF,0x8D,0xBF,0x8D,0xBF,0x8D,0xBF,0x8D,0xBF,0x8D,0xBF,0x8D,0xBF,0x8D,
    0xBF,0x8D,0xBF,0x8D,0xBF,0x8D,0xBF,0x8D,0xB9,0x74,0x88,0x29,0xC4,0x10,0xC4,0x10,
    0xC4,0x10,0xC4,0x10,0xC4,0x10,0x66,0x29,0x56,0xA5,0x3D,0xDF,0x3D,0xDF,0x3D,0xDF,
    0x3D,0xDF,0x3D,0xDF,0x3D,0xDF,0x3D,0xDF,0x3D,0xDF,0x3D,0xDF,0x3D,0xDF,0x3D,0xDF,
    0x3D,0xDF,0x3D,0xDF,0x3D,0xDF,0x3D,0xDF,0x3D,0xDF,0x3D,0xDF,0x3D,0xDF,0xD8,0xB5,
    0xC8,0x31,0xC4,0x10,0xC4,0x10,0xC4,0x10,0xC4,0x10,0xC4,0x10,0xC4,0x10,0xA4,0x10,
    0xC4,0x10,0xC4,0x10,0xC4,0x10,0xC4,0x10,0xC4,0x10,0xC4,0x10,0xC4,0x10,0xD8,0xB5,
    0x3D,0xDF,0x3D,0xDF,0x3D,0xDF,0x3D,0xDF,0x3D,0xDF,0x3D,0xDF,0x3D,0xDF,0x3D,0xDF,
    0x3D,0xDF,0x3D,0xDF,0x3D,0xDF,0x3D,0xDF,0x3D,0xDF,0x3D,0xDF,0x3D,0xDF,0x3D,0xDF,
    0x3D,0xDF,0x3D,0xDF,0x3D,0xDF,0x3D,0xDF,0x9A,0xCE,0x46,0x21,0xC4,0x10,0xC4,0x10,
    0xC4,0x10,0xC4,0x10,0xB9,0x74,0xBF,0x8D,0xBF,0x8D,0xBF,0x8D,0xBF,0x8D,0xBF,0x8D,
    0xBF,0x8D,0xBF,0x8D,0xBF,0x8D,0xBF,0x8D,0xBF,0x8D,0xBF,0x8D,0xBF,0x8D,0xBF,0x8D,
    0xBF,0x8D,0xBF,0x8D,0xBF,0x8D,0xBF,0x8D,0xBF,0x8D,0xBF,0x8D,0xBF,0x8D,0x3C,0x7D,
    0x26,0x19,0xC4,0x10,0xC4,0x10,0xC4,0x10,0xC4,0x10,0xD8,0xB5,0x3D,0xDF,0x3D,0xDF,
    0x3D,0xDF,0x3D,0xDF,0x3D,0xDF,0x3D,0xDF,0x3D,0xDF,0x3D,0xDF,0x3D,0xDF,0x3D,0xDF,
    0x3D,0xDF,0x3D,0xDF,0x3D,0xDF,0x3D,0xDF,0x3D,0xDF,0x3D,0xDF,0x3D,0xDF,0x3D,0xDF,
    0x3D,0xDF,0x3D,0xDF,0x9A,0xCE,0x46,0x21,0xC4,0x10,0xC4,0x10,0xC4,0x10,0xC4,0x10,
    0xC4,0x10,0xC4,0x10,0xA3,0x10,0xC4,0x10,0xC4,0x10,0xC4,0x10,0xC4,0x10,0xC4,0x10,
    0xAB,0x52,0x3D,0xDF,0x3D,0xDF,0x3D,0xDF,0x3D,0xDF,0x3D,0xDF,0x3D,0xDF,0x3D,0xDF,
    0x3D,0xDF,0x3D,0xDF,0x3D,0xDF,0x3D,0xDF,0x3D,0xDF,0x3D,0xDF,0x3D,0xDF,0x3D,0xDF,
    0x3D,0xDF,0x3D,0xDF,0x3D,0xDF,0x3D,0xDF,0x3D,0xDF,0x3D,0xDF,0x3D,0xDF,0xF0,0x7B,
    0xC4,0x10,0xC4,0x10,0xC4,0x10,0x2C,0x3A,0xBF,0x8D,0xBF,0x8D,0xBF,0x8D,0xBF,0x8D,
    0xBF,0x8D,0xBF,0x8D,0xBF,0x8D,0xBF,0x8D,0xBF,0x8D,0xBF,0x8D,0xBF,0x8D,0xBF,0x8D,
    0xBF,0x8D,0xBF,0x8D,0xBF,0x8D,0xBF,0x8D,0xBF,0x8D,0xBF,0x8D,0xBF,0x8D,0xBF,0x8D,
    0xBF,0x8D,0xBF,0x8D,0x31,0x53,0xC4,0x10,0xC4,0x10,0xC4,0x10,0xAB,0x52,0x3D,0xDF,
    0x3D,0xDF,0x3D,0xDF,0x3D,0xDF,0x3D,0xDF,0x3D,0xDF,0x3D,0xDF,0x3D,0xDF,0x3D,0xDF,
    0x3D,0xDF,0x3D,0xDF,0x3D,0xDF,0x3D,0xDF,0x3D,0xDF,0x3D,0xDF,0x3D,0xDF,0x3D,0xDF,
    0x3D,0xDF,0x3D,0xDF,0x3D,0xDF,0x3D,0xDF,0x3D,0xDF,0xF0,0x7B,0xC4,0x10,0xC4,0x10,
    0xC4,0x10,0xC4,0x10,0xC4,0x10,0xA3,0x10,0xA4,0x10,0xC4,0x10,0xC4,0x10,0xC4,0x10,
    0xC4,0x10,0xC4,0x10,0x4E,0x63,0x3D,0xDF,0x3D,0xDF,0x3D,0xDF,0x3D,0xDF,0x3D,0xDF,
    0x3D,0xDF,0x3D,0xDF,0x3D,0xDF,0x3D,0xDF,0x3D,0xDF,0x3D,0xDF,0x3D,0xDF,0x3D,0xDF,
    0x3D,0xDF,0x3D,0xDF,0x3D,0xDF,0x3D,0xDF,0x3D,0xDF,0x3D,0xDF,0x3D,0xDF,0x3D,0xDF,
    0x3D,0xDF,0x93,0x8C,0xC4,0x10,0xC4,0x10,0xC4,0x10,0xAE,0x42,0xBF,0x8D,0xBF,0x8D,
    0xBF,0x8D,0xBF,0x8D,0xBF,0x8D,0xBF,0x8D,0xBF,0x8D,0xBF,0x8D,0xBF,0x8D,0xBF,0x8D,
    0xBF,0x8D,0xBF,0x8D,0xBF,0x8D,0xBF,0x8D,0xBF,0x8D,0xBF,0x8D,0xBF,0x8D,0xBF,0x8D,
    0xBF,0x8D,0xBF,0x8D,0xBF,0x8D,0xBF,0x8D,0xB4,0x5B,0xC4,0x10,0xC4,0x10,0xC4,0x10,
    0x4E,0x63,0x3D,0xDF,0x3D,0xDF,0x3D,0xDF,0x3D,0xDF,0x3D,0xDF,0x3D,0xDF,0x3D,0xDF,
    0x3D,0xDF,0x3D,0xDF,0x3D,0xDF,0x3D,0xDF,0x3D,0xDF,0x3D,0xDF,0x3D,0xDF,0x3D,0xDF,
    0x3D,0xDF,0x3D,0xDF,0x3D,0xDF,0x3D,0xDF,0x3D,0xDF,0x3D,0xDF,0x3D,0xDF,0x93,0x8C,
    0xC4,0x10,0xC4,0x10,0xC4,0x10,0xC4,0x10,0xC4,0x10,0xA4,0x10,0xA3,0x10,0xC4,0x10,
    0xC4,0x10,0xC4,0x10,0xC4,0x10,0xC4,0x10,0x4E,0x63,0x3D,0xDF,0x3D,0xDF,0x3D,0xDF,
    0x3D,0xDF,0x3D,0xDF,0x3D,0xDF,0x3D,0xDF,0x3D,0xDF,0x3D,0xDF,0x3D,0xDF,0x3D,0xDF,
    0x3D,0xDF,0x3D,0xDF,0x3D,0xDF,0x3D,0xDF,0x3D,0xDF,0x3D,0xDF,0x3D,0xDF,0x3D,0xDF,
    0x3D,0xDF,0x3D,0xDF,0x3D,0xDF,0x93,0x8C,0xC4,0x10,0xC4,0x10,0xC4,0x10,0xAE,0x42,
    0xBF,0x8D,0xBF,0x8D,0xBF,0x8D,0xBF,0x8D,0xBF,0x8D,0xBF,0x8D,0xBF,0x8D,0xBF,0x8D,
    0xBF,0x8D,0xBF,0x8D,0xBF,0x8D,0xBF,0x8D,0xBF,0x8D,0xBF,0x8D,0xBF,0x8D,0xBF,0x8D,
    0xBF,0x8D,0xBF,0x8D,0xBF,0x8D,0xBF,0x8D,0xBF,0x8D,0xBF,0x8D,0xB4,0x5B,0xC4,0x10,
    0xC4,0x10,0xC4,0x10,0x4E,0x63,0x3D,0xDF,0x3D,0xDF,0x3D,0xDF,0x3D,0xDF,0x3D,0xDF,
    0x3D,0xDF,0x3D,0xDF,0x3D,0xDF,0x3D,0xDF,0x3D,0xDF,0x3D,0xDF,0x3D,0xDF,0x3D,0xDF,
    0x3D,0xDF,0x3D,0xDF,0x3D,0xDF,0x3D,0xDF,0x3D,0xDF,0x3D,0xDF,0x3D,0xDF,0x3D,0xDF,
    0x3D,0xDF,0x93,0x8C,0xC4,0x10,0xC4,0x10,0xC4,0x10,0xC4,0x10,0xC4,0x10,0xA3,0x10,
    0xC4,0x10,0xC4,0x10,0xC4,0x10,0xC4,0x10,0xC4,0x10,0xC4,0x10,0x4E,0x63,0x3D,0xDF,
    0x3D,0xDF,0x3D,0xDF,0x3D,0xDF,0x3D,0xDF,0x3D,0xDF,0x3D,0xDF,0x3D,0xDF,0x3D,0xDF,
    0x3D,0xDF,0x3D,0xDF,0x3D,0xDF,0x3D,0xDF,0x3D,0xDF,0x3D,0xDF,0x3D,0xDF,0x3D,0xDF,
    0x3D,0xDF,0x3D,0xDF,0x3D,0xDF,0x3D,0xDF,0x3D,0xDF,0x93,0x8C,0xC4,0x10,0xC4,0x10,
    0xC4,0x10,0xAE,0x42,0xBF,0x8D,0xBF,0x8D,0xBF,0x8D,0xBF,0x8D,0xBF,0x8D,0xBF,0x8D,
    0xBF,0x8D,0xBF,0x8D,0xBF,0x8D,0xBF,0x8D,0xBF,0x8D,0xBF,0x8D,0xBF,0x8D,0xBF,0x8D,
    0xBF,0x8D,0xBF,0x8D,0xBF,0x8D,0xBF,0x8D,0xBF,0x8D,0xBF,0x8D,0xBF,0x8D,0xBF,0x8D,
    0xB4,0x5B,0xC4,0x10,0xC4,0x10,0xC4,0x10,0x4E,0x63,0x3D,0xDF,0x3D,0xDF,0x3D,0xDF,
    0x3D,0xDF,0x3D,0xDF,0x3D,0xDF,0x3D,0xDF,0x3D,0xDF,0x3D,0xDF,0x3D,0xDF,0x3D,0xDF,
    0x3D,0xDF,0x3D,0xDF,0x3D,0xDF,0x3D,0xDF,0x3D,0xDF,0x3D,0xDF,0x3D,0xDF,0x3D,0xDF,
    0x3D,0xDF,0x3D,0xDF,0x3D,0xDF,0x93,0x8C,0xC4,0x10,0xC4,0x10,0xC4,0x10,0xC4,0x10,
    0xC4,0x10,0xC4,0x10,0xA3,0x10,0xC4,0x10,0xC4,0x10,0xC4,0x10,0xC4,0x10,0xC4,0x10,
    0x4E,0x63,0x3D,0xDF,0x3D,0xDF,0x3D,0xDF,0x3D,0xDF,0x3D,0xDF,0x3D,0xDF,0x3D,0xDF,
    0x3D,0xDF,0x3D,0xDF,0x3D,0xDF,0x3D,0xDF,0x3D,0xDF,0x3D,0xDF,0x3D,0xDF,0x3D,0xDF,
    0x3D,0xDF,0x3D,0xDF,0x3D,0xDF,0x3D,0xDF,0x3D,0xDF,0x3D,0xDF,0x3D,0xDF,0x93,0x8C,
    0xC4,0x10,0xC4,0x10,0xC4,0x10,0xAE,0x42,0xBF,0x8D,0xBF,0x8D,0xBF,0x8D,0xBF,0x8D,
    0xBF,0x8D,0xBF,0x8D,0xBF,0x8D,0xBF,0x8D,0xBF,0x8D,0xBF,0x8D,0xBF,0x8D,0xBF,0x8D,
    0xBF,0x8D,0xBF,0x8D,0xBF,0x8D,0xBF,0x8D,0xBF,0x8D,0xBF,0x8D,0xBF,0x8D,0xBF,0x8D,
    0xBF,0x8D,0xBF,0x8D,0xB4,0x5B,0xC4,0x10,0xC4,0x10,0xC4,0x10,0x4E,0x63,0x3D,0xDF,
    0x3D,0xDF,0x3D,0xDF,0x3D,0xDF,0x3D,0xDF,0x3D,0xDF,0x3D,0xDF,0x3D,0xDF,0x3D,0xDF,
    0x3D,0xDF,0x3D,0xDF,0x3D,0xDF,0x3D,0xDF,0x3D,0xDF,0x3D,0xDF,0x3D,0xDF,0x3D,0xDF,
    0x3D,0xDF,0x3D,0xDF,0x3D,0xDF,0x3D,0xDF,0x3D,0xDF,0x93,0x8C,0xC4,0x10,0xC4,0x10,
    0xC4,0x10,0xC4,0x10,0xC4,0x10,0xA3,0x10,0x00,0x00,0xC4,0x10,0xC4,0x10,0xC4,0x10,
    0xC4,0x10,0xC4,0x10,0x4E,0x63,0x3D,0xDF,0x3D,0xDF,0x3D,0xDF,0x3D,0xDF,0x3D,0xDF,
    0x3D,0xDF,0x3D,0xDF,0x3D,0xDF,0x3D,0xDF,0x3D,0xDF,0x3D,0xDF,0x3D,0xDF,0x3D,0xDF,
    0x3D,0xDF,0x3D,0xDF,0x3D,0xDF,0x3D,0xDF,0x3D,0xDF,0x3D,0xDF,0x3D,0xDF,0x3D,0xDF,
    0x3D,0xDF,0x93,0x8C,0xC4,0x10,0xC4,0x10,0xC4,0x10,0xAE,0x42,0xBF,0x8D,0xBF,0x8D,
    0xBF,0x8D,0xBF,0x8D,0xBF,0x8D,0xBF,0x8D,0xBF,0x8D,0xBF,0x8D,0xBF,0x8D,0xBF,0x8D,
    0xBF,0x8D,0xBF,0x8D,0xBF,0x8D,0xBF,0x8D,0xBF,0x8D,0xBF,0x8D,0xBF,0x8D,0xBF,0x8D,
    0xBF,0x8D,0xBF,0x8D,0xBF,0x8D,0xBF,0x8D,0xB4,0x5B,0xC4,0x10,0xC4,0x10,0xC4,0x10,
    0x4E,0x63,0x3D,0xDF,0x3D,0xDF,0x3D,0xDF,0x3D,0xDF,0x3D,0xDF,0x3D,0xDF,0x3D,0xDF,
    0x3D,0xDF,0x3D,0xDF,0x3D,0xDF,0x3D,0xDF,0x3D,0xDF,0x3D,0xDF,0x3D,0xDF,0x3D,0xDF,
    0x3D,0xDF,0x3D,0xDF,0x3D,0xDF,0x3D,0xDF,0x3D,0xDF,0x3D,0xDF,0x3D,0xDF,0x93,0x8C,
    0xC4,0x10,0xC4,0x10,0xC4,0x10,0xC4,0x10,0xC4,0x10,0x00,0x00,0x00,0x00,0xC3,0x10,
    0xC4,0x10,0xC4,0x10,0xC4,0x10,0xC4,0x10,0x4E,0x63,0x3D,0xDF,0x3D,0xDF,0x3D,0xDF,
    0x3D,0xDF,0x3D,0xDF,0x3D,0xDF,0x3D,0xDF,0x3D,0xDF,0x3D,0xDF,0x3D,0xDF,0x3D,0xDF,
    0x3D,0xDF,0x3D,0xDF,0x3D,0xDF,0x3D,0xDF,0x3D,0xDF,0x3D,0xDF,0x3D,0xDF,0x3D,0xDF,
    0x3D,0xDF,0x3D,0xDF,0x3D,0xDF,0x93,0x8C,0xC4,0x10,0xC4,0x10,0xC4,0x10,0xAE,0x42,
    0xBF,0x8D,0xBF,0x8D,0xBF,0x8D,0xBF,0x8D,0xBF,0x8D,0xBF,0x8D,0xBF,0x8D,0xBF,0x8D,
    0xBF,0x8D,0xBF,0x8D,0xBF,0x8D,0xBF,0x8D,0xBF,0x8D,0xBF,0x8D,0xBF,0x8D,0xBF,0x8D,
    0xBF,0x8D,0xBF,0x8D,0xBF,0x8D,0xBF,0x8D,0xBF,0x8D,0xBF,0x8D,0xB4,0x5B,0xC4,0x10,
    0xC4,0x10,0xC4,0x10,0x4E,0x63,0x3D,0xDF,0x3D,0xDF,0x3D,0xDF,0x3D,0xDF,0x3D,0xDF,
    0x3D,0xDF,0x3D,0xDF,0x3D,0xDF,0x3D,0xDF,0x3D,0xDF,0x3D,0xDF,0x3D,0xDF,0x3D,0xDF,
    0x3D,0xDF,0x3D,0xDF,0x3D,0xDF,0x3D,0xDF,0x3D,0xDF,0x3D,0xDF,0x3D,0xDF,0x3D,0xDF,
    0x3D,0xDF,0x93,0x8C,0xC4,0x10,0xC4,0x10,0xC4,0x10,0xC4,0x10,0xC3,0x10,0x00,0x00,
    0x00,0x00,0xC4,0x10,0xC4,0x10,0xC4,0x10,0xC4,0x10,0xC4,0x10,0x4E,0x63,0x3D,0xDF,
    0x3D,0xDF,0x3D,0xDF,0x3D,0xDF,0x3D,0xDF,0x3D,0xDF,0x3D,0xDF,0x3D,0xDF,0x3D,0xDF,
    0x3D,0xDF,0x3D,0xDF,0x3D,0xDF,0x3D,0xDF,0x3D,0xDF,0x3D,0xDF,0x3D,0xDF,0x3D,0xDF,
    0x3D,0xDF,0x3D,0xDF,0x3D,0xDF,0x3D,0xDF,0x3D,0xDF,0x93,0x8C,0xC4,0x10,0xC4,0x10,
    0xC4,0x10,0xAE,0x42,0xBF,0x8D,0xBF,0x8D,0xBF,0x8D,0xBF,0x8D,0xBF,0x8D,0xBF,0x8D,
    0xBF,0x8D,0xBF,0x8D,0xBF,0x8D,0xBF,0x8D,0xBF,0x8D,0xBF,0x8D,0xBF,0x8D,0xBF,0x8D,
    0xBF,0x8D,0xBF,0x8D,0xBF,0x8D,0xBF,0x8D,0xBF,0x8D,0xBF,0x8D,0xBF,0x8D,0xBF,0x8D,
    0xB4,0x5B,0xC4,0x10,0xC4,0x10,0xC4,0x10,0x4E,0x63,0x3D,0xDF,0x3D,0xDF,0x3D,0xDF,
    0x3D,0xDF,0x3D,0xDF,0x3D,0xDF,0x3D,0xDF,0x3D,0xDF,0x3D,0xDF,0x3D,0xDF,0x3D,0xDF,
    0x3D,0xDF,0x3D,0xDF,0x3D,0xDF,0x3D,0xDF,0x3D,0xDF,0x3D,0xDF,0x3D,0xDF,0x3D,0xDF,
    0x3D,0xDF,0x3D,0xDF,0x3D,0xDF,0x93,0x8C,0xC4,0x10,0xC4,0x10,0xC4,0x10,0xC4,0x10,
    0xC4,0x10,0x00,0x00,0x00,0x00,0xC4,0x10,0xC4,0x10,0xC4,0x10,0xC4,0x10,0xC4,0x10,
    0x4E,0x63,0x3D,0xDF,0x3D,0xDF,0x3D,0xDF,0x3D,0xDF,0x3D,0xDF,0x3D,0xDF,0x3D,0xDF,
    0x3D,0xDF,0x3D,0xDF,0x3D,0xDF,0x3D,0xDF,0x3D,0xDF,0x3D,0xDF,0x3D,0xDF,0x3D,0xDF,
    0x3D,0xDF,0x3D,0xDF,0x3D,0xDF,0x3D,0xDF,0x3D,0xDF,0x3D,0xDF,0x3D,0xDF,0x93,0x8C,
    0xC4,0x10,0xC4,0x10,0xC4,0x10,0xAE,0x42,0xBF,0x8D,0xBF,0x8D,0xBF,0x8D,0xBF,0x8D,
    0xBF,0x8D,0xBF,0x8D,0xBF,0x8D,0xBF,0x8D,0xBF,0x8D,0xBF,0x8D,0xBF,0x8D,0xBF,0x8D,
    0xBF,0x8D,0xBF,0x8D,0xBF,0x8D,0xBF,0x8D,0xBF,0x8D,0xBF,0x8D,0xBF,0x8D,0xBF,0x8D,
    0xBF,0x8D,0xBF,0x8D,0xB4,0x5B,0xC4,0x10,0xC4,0x10,0xC4,0x10,0x4E,0x63,0x3D,0xDF,
    0x3D,0xDF,0x3D,0xDF,0x3D,0xDF,0x3D,0xDF,0x3D,0xDF,0x3D,0xDF,0x3D,0xDF,0x3D,0xDF,
    0x3D,0xDF,0x3D,0xDF,0x3D,0xDF,0x3D,0xDF,0x3D,0xDF,0x3D,0xDF,0x3D,0xDF,0x3D,0xDF,
    0x3D,0xDF,0x3D,0xDF,0x3D,0xDF,0x3D,0xDF,0x3D,0xDF,0x93,0x8C,0xC4,0x10,0xC4,0x10,
    0xC4,0x10,0xC4,0x10,0xC4,0x10,0x00,0x00,0x00,0x00,0xC3,0x18,0xC3,0x10,0xC4,0x10,
    0xC4,0x10,0xC4,0x10,0x4E,0x63,0x3D,0xDF,0x3D,0xDF,0x3D,0xDF,0x3D,0xDF,0x3D,0xDF,
    0x3D,0xDF,0x3D,0xDF,0x3D,0xDF,0x3D,0xDF,0x3D,0xDF,0x3D,0xDF,0x3D,0xDF,0x3D,0xDF,
    0x3D,0xDF,0x3D,0xDF,0x3D,0xDF,0x3D,0xDF,0x3D,0xDF,0x3D,0xDF,0x3D,0xDF,0x3D,0xDF,
    0x3D,0xDF,0x93,0x8C,0xC4,0x10,0xC4,0x10,0xC4,0x10,0xAE,0x42,0xBF,0x8D,0xBF,0x8D,
    0xBF,0x8D,0xBF,0x8D,0xBF,0x8D,0xBF,0x8D,0xBF,0x8D,0xBF,0x8D,0xBF,0x8D,0xBF,0x8D,
    0xBF,0x8D,0xBF,0x8D,0xBF,0x8D,0xBF,0x8D,0xBF,0x8D,0xBF,0x8D,0xBF,0x8D,0xBF,0x8D,
    0xBF,0x8D,0xBF,0x8D,0xBF,0x8D,0xBF,0x8D,0xB4,0x5B,0xC4,0x10,0xC4,0x10,0xC4,0x10,
    0x4E,0x63,0x3D,0xDF,0x3D,0xDF,0x3D,0xDF,0x3D,0xDF,0x3D,0xDF,0x3D,0xDF,0x3D,0xDF,
    0x3D,0xDF,0x3D,0xDF,0x3D,0xDF,0x3D,0xDF,0x3D,0xDF,0x3D,0xDF,0x3D,0xDF,0x3D,0xDF,
    0x3D,0xDF,0x3D,0xDF,0x3D,0xDF,0x3D,0xDF,0x3D,0xDF,0x3D,0xDF,0x3D,0xDF,0x93,0x8C,
    0xC4,0x10,0xC4,0x10,0xC4,0x10,0xC3,0x10,0xC3,0x18,0x00,0x00,0x00,0x00,0x00,0x00,
    0xC4,0x10,0xC4,0x10,0xC4,0x10,0xC4,0x10,0x4E,0x63,0x3D,0xDF,0x3D,0xDF,0x3D,0xDF,
    0x3D,0xDF,0x3D,0xDF,0x3D,0xDF,0x3D,0xDF,0x3D,0xDF,0x3D,0xDF,0x3D,0xDF,0x3D,0xDF,
    0x3D,0xDF,0x3D,0xDF,0x3D,0xDF,0x3D,0xDF,0x3D,0xDF,0x3D,0xDF,0x3D,0xDF,0x3D,0xDF,
    0x3D,0xDF,0x3D,0xDF,0x3D,0xDF,0x93,0x8C,0xC4,0x10,0xC4,0x10,0xC4,0x10,0xAE,0x42,
    0xBF,0x8D,0xBF,0x8D,0xBF,0x8D,0xBF,0x8D,0xBF,0x8D,0xBF,0x8D,0xBF,0x8D,0xBF,0x8D,
    0xBF,0x8D,0xBF,0x8D,0xBF,0x8D,0xBF,0x8D,0xBF,0x8D,0xBF,0x8D,0xBF,0x8D,0xBF,0x8D,
    0xBF,0x8D,0xBF,0x8D,0xBF,0x8D,0xBF,0x8D,0xBF,0x8D,0xBF,0x8D,0xB4,0x5B,0xC4,0x10,
    0xC4,0x10,0xC4,0x10,0x4E,0x63,0x3D,0xDF,0x3D,0xDF,0x3D,0xDF,0x3D,0xDF,0x3D,0xDF,
    0x3D,0xDF,0x3D,0xDF,0x3D,0xDF,0x3D,0xDF,0x3D,0xDF,0x3D,0xDF,0x3D,0xDF,0x3D,0xDF,
    0x3D,0xDF,0x3D,0xDF,0x3D,0xDF,0x3D,0xDF,0x3D,0xDF,0x3D,0xDF,0x3D,0xDF,0x3D,0xDF,
    0x3D,0xDF,0x93,0x8C,0xC4,0x10,0xC4,0x10,0xC4,0x10,0xC4,0x10,0x00,0x00,0x00,0x00,
    0x00,0x00,0x00,0x00,0xC4,0x10,0xC4,0x10,0xC4,0x10,0xC4,0x10,0x4E,0x63,0x3D,0xDF,
    0x3D,0xDF,0x3D,0xDF,0x3D,0xDF,0x3D,0xDF,0x3D,0xDF,0x3D,0xDF,0x3D,0xDF,0x3D,0xDF,
    0x3D,0xDF,0x3D,0xDF,0x3D,0xDF,0x3D,0xDF,0x3D,0xDF,0x3D,0xDF,0x3D,0xDF,0x3D,0xDF,
    0x3D,0xDF,0x3D,0xDF,0x3D,0xDF,0x3D,0xDF,0x3D,0xDF,0x93,0x8C,0xC4,0x10,0xC4,0x10,
    0xC4,0x10,0xAE,0x42,0xBF,0x8D,0xBF,0x8D,0xBF,0x8D,0xBF,0x8D,0xBF,0x8D,0xBF,0x8D,
    0xBF,0x8D,0xBF,0x8D,0xBF,0x8D,0xBF,0x8D,0xBF,0x8D,0xBF,0x8D,0xBF,0x8D,0xBF,0x8D,
    0xBF,0x8D,0xBF,0x8D,0xBF,0x8D,0xBF,0x8D,0xBF,0x8D,0xBF,0x8D,0xBF,0x8D,0xBF,0x8D,
    0xB4,0x5B,0xC4,0x10,0xC4,0x10,0xC4,0x10,0x4E,0x63,0x3D,0xDF,0x3D,0xDF,0x3D,0xDF,
    0x3D,0xDF,0x3D,0xDF,0x3D,0xDF,0x3D,0xDF,0x3D,0xDF,0x3D,0xDF,0x3D,0xDF,0x3D,0xDF,
    0x3D,0xDF,0x3D,0xDF,0x3D,0xDF,0x3D,0xDF,0x3D,0xDF,0x3D,0xDF,0x3D,0xDF,0x3D,0xDF,
    0x3D,0xDF,0x3D,0xDF,0x3D,0xDF,0x93,0x8C,0xC4,0x10,0xC4,0x10,0xC4,0x10,0xC4,0x10,
    0x00,0x00,0x00,0x00,0x00,0x00,0x00,0x00,0x00,0x00,0xA4,0x10,0xC4,0x10,0xC4,0x10,
    0x4E,0x63,0x3D,0xDF,0x3D,0xDF,0x3D,0xDF,0x3D,0xDF,0x3D,0xDF,0x3D,0xDF,0x3D,0xDF,
    0x3D,0xDF,0x3D,0xDF,0x3D,0xDF,0x3D,0xDF,0x3D,0xDF,0x3D,0xDF,0x3D,0xDF,0x3D,0xDF,
    0x3D,0xDF,0x3D,0xDF,0x3D,0xDF,0x3D,0xDF,0x3D,0xDF,0x3D,0xDF,0x3D,0xDF,0x93,0x8C,
    0xC4,0x10,0xC4,0x10,0xC4,0x10,0xAE,0x42,0xBF,0x8D,0xBF,0x8D,0xBF,0x8D,0xBF,0x8D,
    0xBF,0x8D,0xBF,0x8D,0xBF,0x8D,0xBF,0x8D,0xBF,0x8D,0xBF,0x8D,0xBF,0x8D,0xBF,0x8D,
    0xBF,0x8D,0xBF,0x8D,0xBF,0x8D,0xBF,0x8D,0xBF,0x8D,0xBF,0x8D,0xBF,0x8D,0xBF,0x8D,
    0xBF,0x8D,0xBF,0x8D,0xB4,0x5B,0xC4,0x10,0xC4,0x10,0xC4,0x10,0x4E,0x63,0x3D,0xDF,
    0x3D,0xDF,0x3D,0xDF,0x3D,0xDF,0x3D,0xDF,0x3D,0xDF,0x3D,0xDF,0x3D,0xDF,0x3D,0xDF,
    0x3D,0xDF,0x3D,0xDF,0x3D,0xDF,0x3D,0xDF,0x3D,0xDF,0x3D,0xDF,0x3D,0xDF,0x3D,0xDF,
    0x3D,0xDF,0x3D,0xDF,0x3D,0xDF,0x3D,0xDF,0x3D,0xDF,0x93,0x8C,0xC4,0x10,0xC4,0x10,
    0xA4,0x10,0x00,0x00,0x00,0x00,0x00,0x00,0x00,0x00,0x00,0x00,0x00,0x00,0xC4,0x10,
    0xC4,0x10,0xC4,0x10,0x4E,0x63,0x3D,0xDF,0x3D,0xDF,0x3D,0xDF,0x3D,0xDF,0x3D,0xDF,
    0x3D,0xDF,0x3D,0xDF,0x3D,0xDF,0x3D,0xDF,0x3D,0xDF,0x3D,0xDF,0x3D,0xDF,0x3D,0xDF,
    0x3D,0xDF,0x3D,0xDF,0x3D,0xDF,0x3D,0xDF,0x3D,0xDF,0x3D,0xDF,0x3D,0xDF,0x3D,0xDF,
    0x3D,0xDF,0x93,0x8C,0xC4,0x10,0xC4,0x10,0xC4,0x10,0xAE,0x42,0xBF,0x8D,0xBF,0x8D,
    0xBF,0x8D,0xBF,0x8D,0xBF,0x8D,0xBF,0x8D,0xBF,0x8D,0xBF,0x8D,0xBF,0x8D,0xBF,0x8D,
    0xBF,0x8D,0xBF,0x8D,0xBF,0x8D,0xBF,0x8D,0xBF,0x8D,0xBF,0x8D,0xBF,0x8D,0xBF,0x8D,
    0xBF,0x8D,0xBF,0x8D,0xBF,0x8D,0xBF,0x8D,0xB4,0x5B,0xC4,0x10,0xC4,0x10,0xC4,0x10,
    0x4E,0x63,0x3D,0xDF,0x3D,0xDF,0x3D,0xDF,0x3D,0xDF,0x3D,0xDF,0x3D,0xDF,0x3D,0xDF,
    0x3D,0xDF,0x3D,0xDF,0x3D,0xDF,0x3D,0xDF,0x3D,0xDF,0x3D,0xDF,0x3D,0xDF,0x3D,0xDF,
    0x3D,0xDF,0x3D,0xDF,0x3D,0xDF,0x3D,0xDF,0x3D,0xDF,0x3D,0xDF,0x3D,0xDF,0x93,0x8C,
    0xC4,0x10,0xC4,0x10,0xC4,0x10,0x00,0x00,0x00,0x00,0x00,0x00,0x00,0x00,0x00,0x00,
    0x00,0x00,0xA2,0x10,0xC4,0x10,0xC4,0x10,0x4E,0x63,0x3D,0xDF,0x3D,0xDF,0x3D,0xDF,
    0x3D,0xDF,0x3D,0xDF,0x3D,0xDF,0x3D,0xDF,0x3D,0xDF,0x3D,0xDF,0x3D,0xDF,0x3D,0xDF,
    0x3D,0xDF,0x3D,0xDF,0x3D,0xDF,0x3D,0xDF,0x3D,0xDF,0x3D,0xDF,0x3D,0xDF,0x3D,0xDF,
    0x3D,0xDF,0x3D,0xDF,0x3D,0xDF,0x93,0x8C,0xC4,0x10,0xC4,0x10,0xC4,0x10,0xAE,0x42,
    0xBF,0x8D,0xBF,0x8D,0xBF,0x8D,0xBF,0x8D,0xBF,0x8D,0xBF,0x8D,0xBF,0x8D,0xBF,0x8D,
    0xBF,0x8D,0xBF,0x8D,0xBF,0x8D,0xBF,0x8D,0xBF,0x8D,0xBF,0x8D,0xBF,0x8D,0xBF,0x8D,
    0xBF,0x8D,0xBF,0x8D,0xBF,0x8D,0xBF,0x8D,0xBF,0x8D,0xBF,0x8D,0xB4,0x5B,0xC4,0x10,
    0xC4,0x10,0xC4,0x10,0x4E,0x63,0x3D,0xDF,0x3D,0xDF,0x3D,0xDF,0x3D,0xDF,0x3D,0xDF,
    0x3D,0xDF,0x3D,0xDF,0x3D,0xDF,0x3D,0xDF,0x3D,0xDF,0x3D,0xDF,0x3D,0xDF,0x3D,0xDF,
    0x3D,0xDF,0x3D,0xDF,0x3D,0xDF,0x3D,0xDF,0x3D,0xDF,0x3D,0xDF,0x3D,0xDF,0x3D,0xDF,
    0x3D,0xDF,0x93,0x8C,0xC4,0x10,0xC4,0x10,0xA2,0x10,0x00,0x00,0x00,0x00,0x00,0x00,
    0x00,0x00,0x00,0x00,0x00,0x00,0x00,0x00,0xA4,0x10,0xC4,0x10,0x4E,0x63,0x3D,0xDF,
    0x3D,0xDF,0x3D,0xDF,0x3D,0xDF,0x3D,0xDF,0x3D,0xDF,0x3D,0xDF,0x3D,0xDF,0x3D,0xDF,
    0x3D,0xDF,0x3D,0xDF,0x3D,0xDF,0x3D,0xDF,0x3D,0xDF,0x3D,0xDF,0x3D,0xDF,0x3D,0xDF,
    0x3D,0xDF,0x3D,0xDF,0x3D,0xDF,0x3D,0xDF,0x3D,0xDF,0x93,0x8C,0xC4,0x10,0xC4,0x10,
    0xC4,0x10,0xAE,0x42,0xBF,0x8D,0xBF,0x8D,0xBF,0x8D,0xBF,0x8D,0xBF,0x8D,0xBF,0x8D,
    0xBF,0x8D,0xBF,0x8D,0xBF,0x8D,0xBF,0x8D,0xBF,0x8D,0xBF,0x8D,0xBF,0x8D,0xBF,0x8D,
    0xBF,0x8D,0xBF,0x8D,0xBF,0x8D,0xBF,0x8D,0xBF,0x8D,0xBF,0x8D,0xBF,0x8D,0xBF,0x8D,
    0xB4,0x5B,0xC4,0x10,0xC4,0x10,0xC4,0x10,0x4E,0x63,0x3D,0xDF,0x3D,0xDF,0x3D,0xDF,
    0x3D,0xDF,0x3D,0xDF,0x3D,0xDF,0x3D,0xDF,0x3D,0xDF,0x3D,0xDF,0x3D,0xDF,0x3D,0xDF,
    0x3D,0xDF,0x3D,0xDF,0x3D,0xDF,0x3D,0xDF,0x3D,0xDF,0x3D,0xDF,0x3D,0xDF,0x3D,0xDF,
    0x3D,0xDF,0x3D,0xDF,0x3D,0xDF,0x93,0x8C,0xC4,0x10,0xA4,0x10,0x00,0x00,0x00,0x00,
    0x00,0x00,0x00,0x00,0x00,0x00,0x00,0x00,0x00,0x00,0x00,0x00,0x83,0x10,0xC3,0x10,
    0x2D,0x63,0x3D,0xDF,0x3D,0xDF,0x3D,0xDF,0x3D,0xDF,0x3D,0xDF,0x3D,0xDF,0x3D,0xDF,
    0x3D,0xDF,0x3D,0xDF,0x3D,0xDF,0x3D,0xDF,0x3D,0xDF,0x3D,0xDF,0x3D,0xDF,0x3D,0xDF,
    0x3D,0xDF,0x3D,0xDF,0x3D,0xDF,0x3D,0xDF,0x3D,0xDF,0x3D,0xDF,0x3D,0xDF,0x72,0x8C,
    0xC4,0x10,0xC4,0x10,0xC4,0x10,0xAE,0x42,0xBF,0x8D,0xBF,0x8D,0xBF,0x8D,0xBF,0x8D,
    0xBF,0x8D,0xBF,0x8D,0xBF,0x8D,0xBF,0x8D,0xBF,0x8D,0xBF,0x8D,0xBF,0x8D,0xBF,0x8D,
    0xBF,0x8D,0xBF,0x8D,0xBF,0x8D,0xBF,0x8D,0xBF,0x8D,0xBF,0x8D,0xBF,0x8D,0xBF,0x8D,
    0xBF,0x8D,0xBF,0x8D,0xB4,0x5B,0xC4,0x10,0xC4,0x10,0xC4,0x10,0x2D,0x63,0x3D,0xDF,
    0x3D,0xDF,0x3D,0xDF,0x3D,0xDF,0x3D,0xDF,0x3D,0xDF,0x3D,0xDF,0x3D,0xDF,0x3D,0xDF,
    0x3D,0xDF,0x3D,0xDF,0x3D,0xDF,0x3D,0xDF,0x3D,0xDF,0x3D,0xDF,0x3D,0xDF,0x3D,0xDF,
    0x3D,0xDF,0x3D,0xDF,0x3D,0xDF,0x3D,0xDF,0x3D,0xDF,0x72,0x8C,0xC3,0x10,0x83,0x10,
    0x00,0x00,0x00,0x00,0x00,0x00,0x00,0x00,0x00,0x00,0x00,0x00,0x00,0x00,0x00,0x00,
    0x00,0x00,0xC4,0x10,0xAB,0x52,0x1C,0xDF,0x3D,0xDF,0x3D,0xDF,0x3D,0xDF,0x3D,0xDF,
    0x3D,0xDF,0x3D,0xDF,0x3D,0xDF,0x3D,0xDF,0x3D,0xDF,0x3D,0xDF,0x3D,0xDF,0x3D,0xDF,
    0x3D,0xDF,0x3D,0xDF,0x3D,0xDF,0x3D,0xDF,0x3D,0xDF,0x3D,0xDF,0x3D,0xDF,0x3D,0xDF,
    0x3D,0xDF,0xAF,0x73,0xC4,0x10,0xC4,0x10,0xC4,0x10,0x2C,0x32,0x9E,0x85,0xBF,0x8D,
    0xBF,0x8D,0xBF,0x8D,0xBF,0x8D,0xBF,0x8D,0xBF,0x8D,0xBF,0x8D,0xBF,0x8D,0xBF,0x8D,
    0xBF,0x8D,0xBF,0x8D,0xBF,0x8D,0xBF,0x8D,0xBF,0x8D,0xBF,0x8D,0xBF,0x8D,0xBF,0x8D,
    0xBF,0x8D,0xBF,0x8D,0xBF,0x8D,0xBF,0x8D,0xF1,0x42,0xC4,0x10,0xC4,0x10,0xC4,0x10,
    0xAB,0x52,0x1C,0xDF,0x3D,0xDF,0x3D,0xDF,0x3D,0xDF,0x3D,0xDF,0x3D,0xDF,0x3D,0xDF,
    0x3D,0xDF,0x3D,0xDF,0x3D,0xDF,0x3D,0xDF,0x3D,0xDF,0x3D,0xDF,0x3D,0xDF,0x3D,0xDF,
    0x3D,0xDF,0x3D,0xDF,0x3D,0xDF,0x3D,0xDF,0x3D,0xDF,0x3D,0xDF,0x3D,0xDF,0xAF,0x73,
    0xC4,0x10,0x00,0x00,0x00,0x00,0x00,0x00,0x00,0x00,0x00,0x00,0x00,0x00,0x00,0x00,
    0x00,0x00,0x00,0x00,0x00,0x00,0xE3,0x18,0x6A,0x42,0xB7,0xAD,0x1C,0xDF,0x3D,0xDF,
    0x3D,0xDF,0x3D,0xDF,0x3D,0xDF,0x3D,0xDF,0x3D,0xDF,0x3D,0xDF,0x3D,0xDF,0x3D,0xDF,
    0x3D,0xDF,0x3D,0xDF,0x3D,0xDF,0x3D,0xDF,0x3D,0xDF,0x3D,0xDF,0x3D,0xDF,0x3D,0xDF,
    0x3D,0xDF,0x1C,0xDF,0xF8,0xB5,0x0D,0x5B,0xC4,0x10,0xC4,0x10,0xC4,0x10,0xCA,0x29,
    0x7A,0x5C,0x9E,0x85,0xBF,0x8D,0xBF,0x8D,0xBF,0x8D,0xBF,0x8D,0xBF,0x8D,0xBF,0x8D,
    0xBF,0x8D,0xBF,0x8D,0xBF,0x8D,0xBF,0x8D,0xBF,0x8D,0xBF,0x8D,0xBF,0x8D,0xBF,0x8D,
    0xBF,0x8D,0xBF,0x8D,0xBF,0x8D,0xBF,0x8D,0x9E,0x85,0x9A,0x64,0x6E,0x32,0xC4,0x10,
    0xC4,0x10,0xC4,0x10,0x29,0x42,0xB7,0xAD,0x1C,0xDF,0x3D,0xDF,0x3D,0xDF,0x3D,0xDF,
    0x3D,0xDF,0x3D,0xDF,0x3D,0xDF,0x3D,0xDF,0x3D,0xDF,0x3D,0xDF,0x3D,0xDF,0x3D,0xDF,
    0x3D,0xDF,0x3D,0xDF,0x3D,0xDF,0x3D,0xDF,0x3D,0xDF,0x3D,0xDF,0x3D,0xDF,0x1C,0xDF,
    0xF8,0xB5,0x4E,0x63,0xE3,0x18,0x00,0x00,0x00,0x00,0x00,0x00,0x00,0x00,0x00,0x00,
    0x00,0x00,0x00,0x00,0x00,0x00,0x00,0x00,0x00,0x00,0x00,0x00,0x46,0x21,0x93,0x8C,
    0x15,0x9D,0x77,0xAD,0x77,0xAD,0x77,0xAD,0x77,0xAD,0x77,0xAD,0x77,0xAD,0x77,0xAD,
    0x77,0xAD,0x77,0xAD,0x77,0xAD,0x77,0xAD,0x77,0xAD,0x77,0xAD,0x77,0xAD,0x77,0xAD,
    0x77,0xAD,0x77,0xAD,0x77,0xAD,0x36,0x9D,0xF5,0x94,0x05,0x21,0xC4,0x10,0xC4,0x10,
    0xC4,0x10,0xE4,0x10,0x75,0x43,0xF8,0x4B,0x39,0x5C,0x39,0x5C,0x39,0x5C,0x39,0x5C,
    0x39,0x5C,0x39,0x5C,0x39,0x5C,0x39,0x5C,0x39,0x5C,0x39,0x5C,0x39,0x5C,0x39,0x5C,
    0x39,0x5C,0x39,0x5C,0x39,0x5C,0x39,0x5C,0x39,0x5C,0x39,0x5C,0xF8,0x53,0xD7,0x4B,
    0x05,0x19,0xC4,0x10,0xC4,0x10,0xC4,0x10,0xE4,0x18,0x93,0x8C,0x15,0x9D,0x77,0xAD,
    0x77,0xAD,0x77,0xAD,0x77,0xAD,0x77,0xAD,0x77,0xAD,0x77,0xAD,0x77,0xAD,0x77,0xAD,
    0x77,0xAD,0x77,0xAD,0x77,0xAD,0x77,0xAD,0x77,0xAD,0x77,0xAD,0x77,0xAD,0x77,0xAD,
    0x77,0xAD,0x36,0x9D,0xF5,0x94,0xC8,0x31,0x00,0x00,0x00,0x00,0x00,0x00,0x00,0x00,
    0x00,0x00,0x00,0x00,0x00,0x00,0x00,0x00,0x00,0x00,0x00,0x00,0x00,0x00,0x00,0x00,
    0x00,0x00,0xE8,0x39,0xB4,0x8C,0x15,0x9D,0x15,0x9D,0x15,0x9D,0x15,0x9D,0x15,0x9D,
    0x15,0x9D,0x15,0x9D,0x15,0x9D,0x15,0x9D,0x15,0x9D,0x15,0x9D,0x15,0x9D,0x15,0x9D,
    0x15,0x9D,0x15,0x9D,0x15,0x9D,0x15,0x9D,0x15,0x9D,0xB4,0x8C,0x09,0x3A,0xC4,0x10,
    0xC4,0x10,0xC4,0x10,0xC4,0x10,0xC4,0x10,0x68,0x21,0xB6,0x4B,0xF8,0x4B,0xF8,0x4B,
    0xF8,0x4B,0xF8,0x4B,0xF8,0x4B,0xF8,0x4B,0xF8,0x4B,0xF8,0x4B,0xF8,0x4B,0xF8,0x4B,
    0xF8,0x4B,0xF8,0x4B,0xF8,0x4B,0xF8,0x4B,0xF8,0x4B,0xF8,0x4B,0xF8,0x4B,0xF8,0x4B,
    0xB6,0x4B,0xAA,0x21,0xC4,0x10,0xC4,0x10,0xC4,0x10,0xC4,0x10,0xC4,0x10,0xA7,0x31,
    0xB4,0x8C,0x15,0x9D,0x15,0x9D,0x15,0x9D,0x15,0x9D,0x15,0x9D,0x15,0x9D,0x15,0x9D,
    0x15,0x9D,0x15,0x9D,0x15,0x9D,0x15,0x9D,0x15,0x9D,0x15,0x9D,0x15,0x9D,0x15,0x9D,
    0x15,0x9D,0x15,0x9D,0x15,0x9D,0xB4,0x8C,0x8B,0x4A,0x00,0x00,0x00,0x00,0x00,0x00,
    0x00,0x00,0x00,0x00,0x00,0x00,0x00,0x00,0x00,0x00,0x00,0x00,0x00,0x00,0x00,0x00,
    0x00,0x00,0x00,0x00,0x00,0x00,0xC3,0x10,0xC4,0x10,0x67,0x29,0x67,0x29,0x67,0x29,
    0x67,0x29,0x67,0x29,0x67,0x29,0x67,0x29,0x67,0x29,0x67,0x29,0x67,0x29,0x67,0x29,
    0x67,0x29,0x67,0x29,0x67,0x29,0x67,0x29,0x67,0x29,0x67,0x29,0x67,0x29,0xE4,0x18,
    0xC4,0x10,0xC4,0x10,0xC4,0x10,0xC4,0x10,0xC4,0x10,0xC4,0x10,0xC4,0x10,0xC4,0x10,
    0x47,0x19,0x47,0x19,0x47,0x19,0x47,0x19,0x47,0x19,0x47,0x19,0x47,0x19,0x47,0x19,
    0x47,0x19,0x47,0x19,0x47,0x19,0x47,0x19,0x47,0x19,0x47,0x19,0x47,0x19,0x47,0x19,
    0x47,0x19,0x47,0x19,0xC4,0x10,0xC4,0x10,0xC4,0x10,0xC4,0x10,0xC4,0x10,0xC4,0x10,
    0xC4,0x10,0xC4,0x10,0xC4,0x10,0x67,0x29,0x67,0x29,0x67,0x29,0x67,0x29,0x67,0x29,
    0x67,0x29,0x67,0x29,0x67,0x29,0x67,0x29,0x67,0x29,0x67,0x29,0x67,0x29,0x67,0x29,
    0x67,0x29,0x67,0x29,0x67,0x29,0x67,0x29,0x67,0x29,0xE4,0x18,0xC3,0x10,0x00,0x00,
    0x00,0x00,0x00,0x00,0x00,0x00,0x00,0x00,0x00,0x00,0x00,0x00,0x00,0x00,0x00,0x00,
    0x00,0x00,0x00,0x00,0x00,0x00,0x00,0x00,0x00,0x00,0x00,0x00,0xC3,0x10,0xC4,0x10,
    0xC4,0x10,0xC4,0x10,0xC4,0x10,0xC4,0x10,0xC4,0x10,0xC4,0x10,0xC4,0x10,0xC4,0x10,
    0xC4,0x10,0xC4,0x10,0xC4,0x10,0xC4,0x10,0xC4,0x10,0xC4,0x10,0xC4,0x10,0xC4,0x10,
    0xC4,0x10,0xC4,0x10,0xC4,0x10,0xC4,0x10,0xC4,0x10,0xC4,0x10,0xC4,0x10,0xC4,0x10,
    0xC4,0x10,0xC4,0x10,0xC4,0x10,0xC4,0x10,0xC4,0x10,0xC4,0x10,0xC4,0x10,0xC4,0x10,
    0xC4,0x10,0xC4,0x10,0xC4,0x10,0xC4,0x10,0xC4,0x10,0xC4,0x10,0xC4,0x10,0xC4,0x10,
    0xC4,0x10,0xC4,0x10,0xC4,0x10,0xC4,0x10,0xC4,0x10,0xC4,0x10,0xC4,0x10,0xC4,0x10,
    0xC4,0x10,0xC4,0x10,0xC4,0x10,0xC4,0x10,0xC4,0x10,0xC4,0x10,0xC4,0x10,0xC4,0x10,
    0xC4,0x10,0xC4,0x10,0xC4,0x10,0xC4,0x10,0xC4,0x10,0xC4,0x10,0xC4,0x10,0xC4,0x10,
    0xC4,0x10,0xC4,0x10,0xC4,0x10,0xC4,0x10,0xC4,0x10,0xC4,0x10,0xC4,0x10,0xC3,0x10,
    0x00,0x00,0x00,0x00,0x00,0x00,0x00,0x00,0x00,0x00,0x00,0x00,0x00,0x00,0x00,0x00,
    0x00,0x00,0x00,0x00,0x00,0x00,0x00,0x00,0x00,0x00,0x00,0x00,0x00,0x00,0x00,0x00,
    0x00,0x00,0xC4,0x10,0xC4,0x10,0xC4,0x10,0xC4,0x10,0xC4,0x10,0xC4,0x10,0xC4,0x10,
    0xC4,0x10,0xC4,0x10,0xC4,0x10,0xC4,0x10,0xC4,0x10,0xC4,0x10,0xC4,0x10,0xC4,0x10,
    0xC4,0x10,0xC4,0x10,0xC4,0x10,0xC4,0x10,0xC4,0x10,0xC4,0x10,0xC4,0x10,0xC4,0x10,
    0xC4,0x10,0xC4,0x10,0xC4,0x10,0xC4,0x10,0xC4,0x10,0xC4,0x10,0xC4,0x10,0xC4,0x10,
    0xC4,0x10,0xC4,0x10,0xC4,0x10,0xC4,0x10,0xC4,0x10,0xC4,0x10,0xC4,0x10,0xC4,0x10,
    0xC4,0x10,0xC4,0x10,0xC4,0x10,0xC4,0x10,0xC4,0x10,0xC4,0x10,0xC4,0x10,0xC4,0x10,
    0xC4,0x10,0xC4,0x10,0xC4,0x10,0xC4,0x10,0xC4,0x10,0xC4,0x10,0xC4,0x10,0xC4,0x10,
    0xC4,0x10,0xC4,0x10,0xC4,0x10,0xC4,0x10,0xC4,0x10,0xC4,0x10,0xC4,0x10,0xC4,0x10,
    0xC4,0x10,0xC4,0x10,0xC4,0x10,0xC4,0x10,0xC4,0x10,0xC4,0x10,0xC4,0x10,0xC4,0x10,
    0xC4,0x10,0x00,0x00,0x00,0x00,0x00,0x00,0x00,0x00,0x00,0x00,0x00,0x00,0x00,0x00,
    0x00,0x00,0x00,0x00,0x00,0x00,0x00,0x00,0x00,0x00,0x00,0x00,0x00,0x00,0x00,0x00,
    0x00,0x00,0x00,0x00,0x00,0x00,0x24,0x21,0xA3,0x10,0xC4,0x10,0xC4,0x10,0xC4,0x10,
    0xC4,0x10,0xC4,0x10,0xC4,0x10,0xC4,0x10,0xC4,0x10,0xC4,0x10,0xC4,0x10,0xC4,0x10,
    0xC4,0x10,0xC4,0x10,0xC4,0x10,0xC4,0x10,0xC4,0x10,0xC4,0x10,0xC4,0x10,0xC4,0x10,
    0xC4,0x10,0xC4,0x10,0xC4,0x10,0xC4,0x10,0xC4,0x10,0xC4,0x10,0xC4,0x10,0xC4,0x10,
    0xC4,0x10,0xC4,0x10,0xC4,0x10,0xC4,0x10,0xC4,0x10,0xC4,0x10,0xC4,0x10,0xC4,0x10,
    0xC4,0x10,0xC4,0x10,0xC4,0x10,0xC4,0x10,0xC4,0x10,0xC4,0x10,0xC4,0x10,0xC4,0x10,
    0xC4,0x10,0xC4,0x10,0xC4,0x10,0xC4,0x10,0xC4,0x10,0xC4,0x10,0xC4,0x10,0xC4,0x10,
    0xC4,0x10,0xC4,0x10,0xC4,0x10,0xC4,0x10,0xC4,0x10,0xC4,0x10,0xC4,0x10,0xC4,0x10,
    0xC4,0x10,0xC4,0x10,0xC4,0x10,0xC4,0x10,0xC4,0x10,0xC4,0x10,0xC4,0x10,0xC4,0x10,
    0xC4,0x10,0xA3,0x10,0x24,0x21,0x00,0x00,0x00,0x00,0x00,0x00,0x00,0x00,0x00,0x00,
    0x00,0x00,0x00,0x00,0x00,0x00,0x00,0x00,0x00,0x00,0x00,0x00,0x00,0x00,0x00,0x00,
    0x00,0x00,0x00,0x00,0x00,0x00,0x00,0x00,0x00,0x00,0x00,0x00,0xA3,0x10,0xC4,0x10,
    0xC4,0x10,0xC4,0x10,0xC4,0x10,0xC4,0x10,0xC4,0x10,0xC4,0x10,0xC4,0x10,0xC4,0x10,
    0xC4,0x10,0xC4,0x10,0xC4,0x10,0xC4,0x10,0xC4,0x10,0xC4,0x10,0xC4,0x10,0xC4,0x10,
    0xC4,0x10,0xC4,0x10,0xC4,0x10,0xC4,0x10,0xC4,0x10,0xC4,0x10,0xC4,0x10,0xC4,0x10,
    0xC4,0x10,0xC4,0x10,0xC4,0x10,0xC4,0x10,0xC4,0x10,0xC4,0x10,0xC4,0x10,0xC4,0x10,
    0xC4,0x10,0xC4,0x10,0xC4,0x10,0xC4,0x10,0xC4,0x10,0xC4,0x10,0xC4,0x10,0xC4,0x10,
    0xC4,0x10,0xC4,0x10,0xC4,0x10,0xC4,0x10,0xC4,0x10,0xC4,0x10,0xC4,0x10,0xC4,0x10,
    0xC4,0x10,0xC4,0x10,0xC4,0x10,0xC4,0x10,0xC4,0x10,0xC4,0x10,0xC4,0x10,0xC4,0x10,
    0xC4,0x10,0xC4,0x10,0xC4,0x10,0xC4,0x10,0xC4,0x10,0xC4,0x10,0xC4,0x10,0xC4,0x10,
    0xC4,0x10,0xC4,0x10,0xC4,0x10,0xA3,0x10,0x00,0x00,0x00,0x00,0x00,0x00,0x00,0x00,
    0x00,0x00,0x00,0x00,0x00,0x00,0x00,0x00,0x00,0x00,0x00,0x00,0x00,0x00,0x00,0x00,
    0x00,0x00,0x00,0x00,0x00,0x00,0x00,0x00,0x00,0x00,0x00,0x00,0x00,0x00,0x00,0x00,
    0x00,0x00,0xA4,0x10,0xA4,0x10,0xC4,0x10,0xC4,0x10,0xC4,0x10,0xC4,0x10,0xC4,0x10,
    0xC4,0x10,0xC4,0x10,0xC4,0x10,0xC4,0x10,0xC4,0x10,0xC4,0x10,0xC4,0x10,0xC4,0x10,
    0xC4,0x10,0xC4,0x10,0xC4,0x10,0xC4,0x10,0xC4,0x10,0xC4,0x10,0xC4,0x10,0xC4,0x10,
    0xC4,0x10,0xC4,0x10,0xC4,0x10,0xC4,0x10,0xC4,0x10,0xC4,0x10,0xC4,0x10,0xC4,0x10,
    0xC4,0x10,0xC4,0x10,0xC4,0x10,0xC4,0x10,0xC4,0x10,0xC4,0x10,0xC4,0x10,0xC4,0x10,
    0xC4,0x10,0xC4,0x10,0xC4,0x10,0xC4,0x10,0xC4,0x10,0xC4,0x10,0xC4,0x10,0xC4,0x10,
    0xC4,0x10,0xC4,0x10,0xC4,0x10,0xC4,0x10,0xC4,0x10,0xC4,0x10,0xC4,0x10,0xC4,0x10,
    0xC4,0x10,0xC4,0x10,0xC4,0x10,0xC4,0x10,0xC4,0x10,0xC4,0x10,0xC4,0x10,0xC4,0x10,
    0xC4,0x10,0xC4,0x10,0xC4,0x10,0xA4,0x10,0xA4,0x10,0x00,0x00,0x00,0x00,0x00,0x00,
    0x00,0x00,0x00,0x00,0x00,0x00,0x00,0x00,0x00,0x00,0x00,0x00,0x00,0x00,0x00,0x00,
    0x00,0x00,0x00,0x00,0x00,0x00,0x00,0x00,0x00,0x00,0x00,0x00,0x00,0x00,0x00,0x00,
    0x00,0x00,0x00,0x00,0x00,0x00,0x00,0x00,0xA3,0x10,0xC4,0x10,0xC4,0x10,0xC4,0x10,
    0xC4,0x10,0xC4,0x10,0xC4,0x10,0xC4,0x10,0xC4,0x10,0xC4,0x10,0xC4,0x10,0xC4,0x10,
    0xC4,0x10,0xC4,0x10,0xC4,0x10,0xC4,0x10,0xC4,0x10,0xC4,0x10,0xC4,0x10,0xC4,0x10,
    0xC4,0x10,0xC4,0x10,0xC4,0x10,0xC4,0x10,0xC4,0x10,0xC4,0x10,0xC4,0x10,0xC4,0x10,
    0xC4,0x10,0xC4,0x10,0xC4,0x10,0xC4,0x10,0xC4,0x10,0xC4,0x10,0xC4,0x10,0xC4,0x10,
    0xC4,0x10,0xC4,0x10,0xC4,0x10,0xC4,0x10,0xC4,0x10,0xC4,0x10,0xC4,0x10,0xC4,0x10,
    0xC4,0x10,0xC4,0x10,0xC4,0x10,0xC4,0x10,0xC4,0x10,0xC4,0x10,0xC4,0x10,0xC4,0x10,
    0xC4,0x10,0xC4,0x10,0xC4,0x10,0xC4,0x10,0xC4,0x10,0xC4,0x10,0xC4,0x10,0xC4,0x10,
    0xC4,0x10,0xC4,0x10,0xC4,0x10,0xC4,0x10,0xC4,0x10,0xA3,0x10,0x00,0x00,0x00,0x00,
    0x00,0x00,0x00,0x00,0x00,0x00,0x00,0x00,0x00,0x00,0x00,0x00,0x00,0x00,0x00,0x00,
    0x00,0x00,0x00,0x00,0x00,0x00,0x00,0x00,0x00,0x00,0x00,0x00,0x00,0x00,0x00,0x00,
    0x00,0x00,0x00,0x00,0x00,0x00,0x00,0x00,0x00,0x00,0x00,0x00,0x00,0x00,0xC3,0x10,
    0xA4,0x10,0xC4,0x10,0xC4,0x10,0xC4,0x10,0xC4,0x10,0xC4,0x10,0xC4,0x10,0xC4,0x10,
    0xC4,0x10,0xC4,0x10,0xC4,0x10,0xC4,0x10,0xC4,0x10,0xC4,0x10,0xC4,0x10,0xC4,0x10,
    0xC4,0x10,0xC4,0x10,0xC4,0x10,0xC4,0x10,0xC4,0x10,0xC4,0x10,0xC4,0x10,0xC4,0x10,
    0xC4,0x10,0xC4,0x10,0xC4,0x10,0xC4,0x10,0xC4,0x10,0xC4,0x10,0xC4,0x10,0xC4,0x10,
    0xC4,0x10,0xC4,0x10,0xC4,0x10,0xC4,0x10,0xC4,0x10,0xC4,0x10,0xC4,0x10,0xC4,0x10,
    0xC4,0x10,0xC4,0x10,0xC4,0x10,0xC4,0x10,0xC4,0x10,0xC4,0x10,0xC4,0x10,0xC4,0x10,
    0xC4,0x10,0xC4,0x10,0xC4,0x10,0xC4,0x10,0xC4,0x10,0xC4,0x10,0xC4,0x10,0xC4,0x10,
    0xC4,0x10,0xC4,0x10,0xC4,0x10,0xC4,0x10,0xC4,0x10,0xA4,0x10,0xC3,0x10,0x00,0x00,
    0x00,0x00,0x00,0x00,0x00,0x00,0x00,0x00,0x00,0x00,0x00,0x00,0x00,0x00,0x00,0x00,
    0x00,0x00,0x00,0x00,0x00,0x00,0x00,0x00,0x00,0x00,0x00,0x00,0x00,0x00,0x00,0x00,
    0x00,0x00,0x00,0x00,0x00,0x00,0x00,0x00,0x00,0x00,0x00,0x00,0x00,0x00,0x00,0x00,
    0x00,0x00,0x00,0x00,0xA4,0x10,0xA4,0x10,0xC4,0x10,0xC4,0x10,0xC4,0x10,0xC4,0x10,
    0xC4,0x10,0xC4,0x10,0xC4,0x10,0xC4,0x10,0xC4,0x10,0xC4,0x10,0xC4,0x10,0xC4,0x10,
    0xC4,0x10,0xC4,0x10,0xC4,0x10,0xC4,0x10,0xC4,0x10,0xC4,0x10,0xC4,0x10,0xC4,0x10,
    0xC4,0x10,0xC4,0x10,0xC4,0x10,0xC4,0x10,0xC4,0x10,0xC4,0x10,0xC4,0x10,0xC4,0x10,
    0xC4,0x10,0xC4,0x10,0xC4,0x10,0xC4,0x10,0xC4,0x10,0xC4,0x10,0xC4,0x10,0xC4,0x10,
    0xC4,0x10,0xC4,0x10,0xC4,0x10,0xC4,0x10,0xC4,0x10,0xC4,0x10,0xC4,0x10,0xC4,0x10,
    0xC4,0x10,0xC4,0x10,0xC4,0x10,0xC4,0x10,0xC4,0x10,0xC4,0x10,0xC4,0x10,0xC4,0x10,
    0xC4,0x10,0xC4,0x10,0xC4,0x10,0xC4,0x10,0xC4,0x10,0xC4,0x10,0xA4,0x10,0xA4,0x10,
    0x00,0x00,0x00,0x00,0x00,0x00,0x00,0x00,0x00,0x00,0x00,0x00,0x00,0x00,0x00,0x00,
    0x00,0x00,0x00,0x00,0x00,0x00,0x00,0x00,0x00,0x00,0x00,0x00,0x00,0x00,0x00,0x00,
    0x00,0x00,0x00,0x00,0x00,0x00,0x00,0x00,0x00,0x00,0x00,0x00,0x00,0x00,0x00,0x00,
    0x00,0x00,0x00,0x00,0x00,0x00,0x00,0x00,0x00,0x00,0xA3,0x10,0xA3,0x10,0xC4,0x10,
    0xC4,0x10,0xC4,0x10,0xC4,0x10,0xC4,0x10,0xC4,0x10,0xC4,0x10,0xC4,0x10,0xC4,0x10,
    0xC4,0x10,0xC4,0x10,0xC4,0x10,0xC4,0x10,0xC4,0x10,0xC4,0x10,0xC4,0x10,0xC4,0x10,
    0xC4,0x10,0xC4,0x10,0xC4,0x10,0xC4,0x10,0xC4,0x10,0xC4,0x10,0xC4,0x10,0xC4,0x10,
    0xC4,0x10,0xC4,0x10,0xC4,0x10,0xC4,0x10,0xC4,0x10,0xC4,0x10,0xC4,0x10,0xC4,0x10,
    0xC4,0x10,0xC4,0x10,0xC4,0x10,0xC4,0x10,0xC4,0x10,0xC4,0x10,0xC4,0x10,0xC4,0x10,
    0xC4,0x10,0xC4,0x10,0xC4,0x10,0xC4,0x10,0xC4,0x10,0xC4,0x10,0xC4,0x10,0xC4,0x10,
    0xC4,0x10,0xC4,0x10,0xC4,0x10,0xC4,0x10,0xC4,0x10,0xC4,0x10,0xC4,0x10,0xA3,0x10,
    0xA3,0x10,0x00,0x00,0x00,0x00,0x00,0x00,0x00,0x00,0x00,0x00,0x00,0x00,0x00,0x00,
    0x00,0x00,0x00,0x00,0x00,0x00,0x00,0x00,0x00,0x00,0x00,0x00,0x00,0x00,0x00,0x00,
    0x00,0x00,0x00,0x00,0x00,0x00,0x00,0x00,0x00,0x00,0x00,0x00,0x00,0x00,0x00,0x00,
    0x00,0x00,0x00,0x00,0x00,0x00,0x00,0x00,0x00,0x00,0x00,0x00,0x00,0x00,0x00,0x00,
    0x24,0x21,0xC4,0x10,0xC4,0x10,0xC4,0x10,0xC4,0x10,0xC4,0x10,0xC4,0x10,0xC4,0x10,
    0xC4,0x10,0xC4,0x10,0xC4,0x10,0xC4,0x10,0xC4,0x10,0xC4,0x10,0xC4,0x10,0xC4,0x10,
    0xC4,0x10,0xC4,0x10,0xC4,0x10,0xC4,0x10,0xC4,0x10,0xC4,0x10,0xC4,0x10,0xC4,0x10,
    0xC4,0x10,0xC4,0x10,0xC4,0x10,0xC4,0x10,0xC4,0x10,0xC4,0x10,0xC4,0x10,0xC4,0x10,
    0xC4,0x10,0xC4,0x10,0xC4,0x10,0xC4,0x10,0xC4,0x10,0xC4,0x10,0xC4,0x10,0xC4,0x10,
    0xC4,0x10,0xC4,0x10,0xC4,0x10,0xC4,0x10,0xC4,0x10,0xC4,0x10,0xC4,0x10,0xC4,0x10,
    0xC4,0x10,0xC4,0x10,0xC4,0x10,0xC4,0x10,0xC4,0x10,0xC4,0x10,0xC4,0x10,0xC4,0x10,
    0xC4,0x10,0x24,0x21,0x00,0x00,0x00,0x00,0x00,0x00,0x00,0x00,0x00,0x00,0x00,0x00,
    0x00,0x00,0x00,0x00,0x00,0x00,0x00,0x00,0x00,0x00,0x00,0x00,0x00,0x00,0x00,0x00,
    0x00,0x00,0x00,0x00,0x00,0x00,0x00,0x00,0x00,0x00,0x00,0x00,0x00,0x00,0x00,0x00,
    0x00,0x00,0x00,0x00,0x00,0x00,0x00,0x00,0x00,0x00,0x00,0x00,0x00,0x00,0x00,0x00,
    0x00,0x00,0x00,0x00,0x00,0x00,0x00,0x00,0xA4,0x10,0xC4,0x10,0xC4,0x10,0xC4,0x10,
    0xC4,0x10,0xC4,0x10,0xC4,0x10,0xC4,0x10,0xC4,0x10,0xC4,0x10,0xC4,0x10,0xC4,0x10,
    0xC4,0x10,0xC4,0x10,0xC4,0x10,0xC4,0x10,0xC4,0x10,0xC4,0x10,0xC4,0x10,0xC4,0x10,
    0xC4,0x10,0xC4,0x10,0xC4,0x10,0xC4,0x10,0xC4,0x10,0xC4,0x10,0xC4,0x10,0xC4,0x10,
    0xC4,0x10,0xC4,0x10,0xC4,0x10,0xC4,0x10,0xC4,0x10,0xC4,0x10,0xC4,0x10,0xC4,0x10,
    0xC4,0x10,0xC4,0x10,0xC4,0x10,0xC4,0x10,0xC4,0x10,0xC4,0x10,0xC4,0x10,0xC4,0x10,
    0xC4,0x10,0xC4,0x10,0xC4,0x10,0xC4,0x10,0xC4,0x10,0xC4,0x10,0xC4,0x10,0xC4,0x10,
    0xC4,0x10,0xA4,0x10,0x00,0x00,0x00,0x00,0x00,0x00,0x00,0x00,0x00,0x00,0x00,0x00,
    0x00,0x00,0x00,0x00,0x00,0x00,0x00,0x00,0x00,0x00,0x00,0x00,0x00,0x00,0x00,0x00,
    0x00,0x00,0x00,0x00,0x00,0x00,0x00,0x00,0x00,0x00,0x00,0x00,0x00,0x00,0x00,0x00,
    0x00,0x00,0x00,0x00,0x00,0x00,0x00,0x00,0x00,0x00,0x00,0x00,0x00,0x00,0x00,0x00,
    0x00,0x00,0x00,0x00,0x00,0x00,0x00,0x00,0x00,0x00,0x00,0x00,0x00,0x00,0xC3,0x18,
    0xC3,0x10,0xC4,0x10,0xC4,0x10,0xC4,0x10,0xC4,0x10,0xC4,0x10,0xC4,0x10,0xC4,0x10,
    0xC4,0x10,0xC4,0x10,0xC4,0x10,0xC4,0x10,0xC4,0x10,0xC4,0x10,0xC4,0x10,0xC4,0x10,
    0xC4,0x10,0xC4,0x10,0xC4,0x10,0xC4,0x10,0xC4,0x10,0xC4,0x10,0xC4,0x10,0xC4,0x10,
    0xC4,0x10,0xC4,0x10,0xC4,0x10,0xC4,0x10,0xC4,0x10,0xC4,0x10,0xC4,0x10,0xC4,0x10,
    0xC4,0x10,0xC4,0x10,0xC4,0x10,0xC4,0x10,0xC4,0x10,0xC4,0x10,0xC4,0x10,0xC4,0x10,
    0xC4,0x10,0xC4,0x10,0xC4,0x10,0xC4,0x10,0xC4,0x10,0xC4,0x10,0xC4,0x10,0xC4,0x10,
    0xC4,0x10,0xC3,0x10,0xC3,0x18,0x00,0x00,0x00,0x00,0x00,0x00,0x00,0x00,0x00,0x00,
    0x00,0x00,0x00,0x00,0x00,0x00,0x00,0x00,0x00,0x00,0x00,0x00,0x00,0x00,0x00,0x00,
    0x00,0x00,0x00,0x00,0x00,0x00,0x00,0x00,0x00,0x00,0x00,0x00,0x00,0x00,0x00,0x00,
    0x00,0x00,0x00,0x00,0x00,0x00,0x00,0x00,0x00,0x00,0x00,0x00,0x00,0x00,0x00,0x00,
    0x00,0x00,0x00,0x00,0x00,0x00,0x00,0x00,0x00,0x00,0x00,0x00,0x00,0x00,0x00,0x00,
    0x00,0x00,0x00,0x00,0x00,0x00,0xC4,0x10,0xA4,0x10,0xC4,0x10,0xC4,0x10,0xC4,0x10,
    0xC4,0x10,0xC4,0x10,0xC4,0x10,0xC4,0x10,0xC4,0x10,0xC4,0x10,0xC4,0x10,0xC4,0x10,
    0xC4,0x10,0xC4,0x10,0xC4,0x10,0xC4,0x10,0xC4,0x10,0xC4,0x10,0xC4,0x10,0xC4,0x10,
    0xC4,0x10,0xC4,0x10,0xC4,0x10,0xC4,0x10,0xC4,0x10,0xC4,0x10,0xC4,0x10,0xC4,0x10,
    0xC4,0x10,0xC4,0x10,0xC4,0x10,0xC4,0x10,0xC4,0x10,0xC4,0x10,0xC4,0x10,0xC4,0x10,
    0xC4,0x10,0xC4,0x10,0xC4,0x10,0xC4,0x10,0xC4,0x10,0xC4,0x10,0xC4,0x10,0xC4,0x10,
    0xC4,0x10,0xA4,0x10,0xC4,0x10,0x00,0x00,0x00,0x00,0x00,0x00,0x00,0x00,0x00,0x00,
    0x00,0x00,0x00,0x00,0x00,0x00,0x00,0x00,0x00,0x00,0x00,0x00,0x00,0x00,0x00,0x00,
    0x00,0x00,0x00,0x00,0x00,0x00,0x00,0x00,0x00,0x00,0x00,0x00,0x00,0x00,0x00,0x00,
    0x00,0x00,0x00,0x00,0x00,0x00,0x00,0x00,0x00,0x00,0x00,0x00,0x00,0x00,0x00,0x00,
    0x00,0x00,0x00,0x00,0x00,0x00,0x00,0x00,0x00,0x00,0x00,0x00,0x00,0x00,0x00,0x00,
    0x00,0x00,0x00,0x00,0x00,0x00,0x00,0x00,0x00,0x00,0x00,0x00,0xE3,0x18,0xC4,0x10,
    0xA3,0x10,0xC4,0x10,0xC4,0x10,0xC4,0x10,0xC4,0x10,0xC4,0x10,0xC4,0x10,0xC4,0x10,
    0xC4,0x10,0xC4,0x10,0xC4,0x10,0xC4,0x10,0xC4,0x10,0xC4,0x10,0xC4,0x10,0xC4,0x10,
    0xC4,0x10,0xC4,0x10,0xC4,0x10,0xC4,0x10,0xC4,0x10,0xC4,0x10,0xC4,0x10,0xC4,0x10,
    0xC4,0x10,0xC4,0x10,0xC4,0x10,0xC4,0x10,0xC4,0x10,0xC4,0x10,0xC4,0x10,0xC4,0x10,
    0xC4,0x10,0xC4,0x10,0xC4,0x10,0xC4,0x10,0xC4,0x10,0xC4,0x10,0xC4,0x10,0xC4,0x10,
    0xC4,0x10,0xA3,0x10,0xC4,0x10,0xE3,0x18,0x00,0x00,0x00,0x00,0x00,0x00,0x00,0x00,
    0x00,0x00,0x00,0x00,0x00,0x00,0x00,0x00,0x00,0x00,0x00,0x00,0x00,0x00,0x00,0x00,
    0x00,0x00,0x00,0x00,0x00,0x00,0x00,0x00,0x00,0x00,0x00,0x00,0x00,0x00,0x00,0x00,
    0x00,0x00,0x00,0x00,0x00,0x00,0x00,0x00,0x00,0x00,0x00,0x00,0x00,0x00,0x00,0x00,
    0x00,0x00,0x00,0x00,0x00,0x00,0x00,0x00,0x00,0x00,0x00,0x00,0x00,0x00,0x00,0x00,
    0x00,0x00,0x00,0x00,0x00,0x00,0x00,0x00,0x00,0x00,0x00,0x00,0x00,0x00,0x00,0x00,
    0x00,0x00,0x00,0x00,0xE3,0x10,0xA3,0x10,0xC4,0x10,0xC4,0x10,0xC4,0x10,0xC4,0x10,
    0xC4,0x10,0xC4,0x10,0xC4,0x10,0xC4,0x10,0xC4,0x10,0xC4,0x10,0xC4,0x10,0xC4,0x10,
    0xC4,0x10,0xC4,0x10,0xC4,0x10,0xC4,0x10,0xC4,0x10,0xC4,0x10,0xC4,0x10,0xC4,0x10,
    0xC4,0x10,0xC4,0x10,0xC4,0x10,0xC4,0x10,0xC4,0x10,0xC4,0x10,0xC4,0x10,0xC4,0x10,
    0xC4,0x10,0xC4,0x10,0xC4,0x10,0xC4,0x10,0xC4,0x10,0xC4,0x10,0xC4,0x10,0xC4,0x10,
    0xC4,0x10,0xC4,0x10,0xA3,0x10,0xE3,0x10,0x00,0x00,0x00,0x00,0x00,0x00,0x00,0x00,
    0x00,0x00,0x00,0x00,0x00,0x00,0x00,0x00,0x00,0x00,0x00,0x00,0x00,0x00,0x00,0x00,
    0x00,0x00,0x00,0x00,0x00,0x00,0x00,0x00,0x00,0x00,0x00,0x00,0x00,0x00,0x00,0x00,
    0x00,0x00,0x00,0x00,0x00,0x00,0x00,0x00,0x00,0x00,0x00,0x00,0x00,0x00,0x00,0x00,
    0x00,0x00,0x00,0x00,0x00,0x00,0x00,0x00,0x00,0x00,0x00,0x00,0x00,0x00,0x00,0x00,
    0x00,0x00,0x00,0x00,0x00,0x00,0x00,0x00,0x00,0x00,0x00,0x00,0x00,0x00,0x00,0x00,
    0x00,0x00,0x00,0x00,0x00,0x00,0x00,0x00,0x00,0x00,0x00,0x00,0xA2,0x10,0xC4,0x10,
    0xA4,0x10,0xC4,0x10,0xC4,0x10,0xC4,0x10,0xC4,0x10,0xC4,0x10,0xC4,0x10,0xC4,0x10,
    0xC4,0x10,0xC4,0x10,0xC4,0x10,0xC4,0x10,0xC4,0x10,0xC4,0x10,0xC4,0x10,0xC4,0x10,
    0xC4,0x10,0xC4,0x10,0xC4,0x10,0xC4,0x10,0xC4,0x10,0xC4,0x10,0xC4,0x10,0xC4,0x10,
    0xC4,0x10,0xC4,0x10,0xC4,0x10,0xC4,0x10,0xC4,0x10,0xC4,0x10,0xC4,0x10,0xC4,0x10,
    0xC4,0x10,0xA4,0x10,0xC4,0x10,0xA2,0x10,0x00,0x00,0x00,0x00,0x00,0x00,0x00,0x00,
    0x00,0x00,0x00,0x00,0x00,0x00,0x00,0x00,0x00,0x00,0x00,0x00,0x00,0x00,0x00,0x00,
    0x00,0x00,0x00,0x00,0x00,0x00,0x00,0x00,0x00,0x00,0x00,0x00,0x00,0x00,0x00,0x00,
    0x00,0x00,0x00,0x00,0x00,0x00,0x00,0x00,0x00,0x00,0x00,0x00,0x00,0x00,0x00,0x00,
    0x00,0x00,0x00,0x00,0x00,0x00,0x00,0x00,0x00,0x00,0x00,0x00,0x00,0x00,0x00,0x00,
    0x00,0x00,0x00,0x00,0x00,0x00,0x00,0x00,0x00,0x00,0x00,0x00,0x00,0x00,0x00,0x00,
    0x00,0x00,0x00,0x00,0x00,0x00,0x00,0x00,0x00,0x00,0x00,0x00,0x00,0x00,0x00,0x00,
    0x00,0x00,0x00,0x00,0x00,0x00,0xC4,0x10,0xC4,0x10,0xC3,0x10,0xC4,0x10,0xC4,0x10,
    0xC4,0x10,0xC4,0x10,0xC4,0x10,0xC4,0x10,0xC4,0x10,0xC4,0x10,0xC4,0x10,0xC4,0x10,
    0xC4,0x10,0xC4,0x10,0xC4,0x10,0xC4,0x10,0xC4,0x10,0xC4,0x10,0xC4,0x10,0xC4,0x10,
    0xC4,0x10,0xC4,0x10,0xC4,0x10,0xC4,0x10,0xC4,0x10,0xC4,0x10,0xC4,0x10,0xC4,0x10,
    0xC3,0x10,0xC4,0x10,0xC4,0x10,0x00,0x00,0x00,0x00,0x00,0x00,0x00,0x00,0x00,0x00,
    0x00,0x00,0x00,0x00,0x00,0x00,0x00,0x00,0x00,0x00,0x00,0x00,0x00,0x00,0x00,0x00,
    0x00,0x00,0x00,0x00,0x00,0x00,0x00,0x00,0x00,0x00,0x00,0x00,0x00,0x00,0x00,0x00,
    0x00,0x00,0x00,0x00,0x00,0x00,0x00,0x00,0x00,0x00,0x00,0x00,0x00,0x00,0x00,0x00,
    0x00,0x00,0x00,0x00,0x00,0x00,0x00,0x00,0x00,0x00,0x00,0x00,0x00,0x00,0x00,0x00,
    0x00,0x00,0x00,0x00,0x00,0x00,0x00,0x00,0x00,0x00,0x00,0x00,0x00,0x00,0x00,0x00,
    0x00,0x00,0x00,0x00,0x00,0x00,0x00,0x00,0x00,0x00,0x00,0x00,0x00,0x00,0x00,0x00,
    0x00,0x00,0x00,0x00,0x00,0x00,0x00,0x00,0x00,0x00,0x00,0x00,0x00,0x00,0xE3,0x18,
    0xC4,0x10,0xC4,0x10,0xC3,0x10,0xA4,0x10,0xC4,0x10,0xC4,0x10,0xC4,0x10,0xC4,0x10,
    0xC4,0x10,0xC4,0x10,0xC4,0x10,0xC4,0x10,0xC4,0x10,0xC4,0x10,0xC4,0x10,0xC4,0x10,
    0xC4,0x10,0xC4,0x10,0xC4,0x10,0xC4,0x10,0xC4,0x10,0xC4,0x10,0xA4,0x10,0xC3,0x10,
    0xC4,0x10,0xC4,0x10,0xE3,0x18,0x00,0x00,0x00,0x00,0x00,0x00,0x00,0x00,0x00,0x00,
    0x00,0x00,0x00,0x00,0x00,0x00,0x00,0x00,0x00,0x00,0x00,0x00,0x00,0x00,0x00,0x00,
    0x00,0x00,0x00,0x00,0x00,0x00,0x00,0x00,0x00,0x00,0x00,0x00,0x00,0x00,0x00,0x00,
    0x00,0x00,0x00,0x00,0x00,0x00,0x00,0x00,0x00,0x00,0x00,0x00,0x00,0x00,0x00,0x00,
    0x00,0x00,0x00,0x00,0x00,0x00,0x00,0x00,0x00,0x00,0x00,0x00,0x00,0x00,0x00,0x00,
    0x00,0x00,0x00,0x00,0x00,0x00,0x00,0x00,0x00,0x00,0x00,0x00,0x00,0x00,0x00,0x00,
    0x00,0x00,0x00,0x00,0x00,0x00,0x00,0x00,0x00,0x00,0x00,0x00,0x00,0x00,0x00,0x00,
    0x00,0x00,0x00,0x00,0x00,0x00,0x00,0x00,0x00,0x00,0x00,0x00,0x00,0x00,0x00,0x00,
    0x00,0x00,0x00,0x00,0x00,0x00,0x00,0x00,0x00,0x00,0x00,0x00,0xA3,0x10,0xC4,0x10,
    0xA3,0x10,0xA3,0x10,0xA3,0x10,0xC4,0x10,0xA4,0x10,0xA3,0x10,0xC4,0x10,0xC4,0x10,
    0xA3,0x10,0xA4,0x10,0xC4,0x10,0xA3,0x10,0xA3,0x10,0xA3,0x10,0xC4,0x10,0xA3,0x10,
    0x00,0x00,0x00,0x00,0x00,0x00,0x00,0x00,0x00,0x00,0x00,0x00,0x00,0x00,0x00,0x00,
    0x00,0x00,0x00,0x00,0x00,0x00,0x00,0x00,0x00,0x00,0x00,0x00,0x00,0x00,0x00,0x00,
    0x00,0x00,0x00,0x00,0x00,0x00,0x00,0x00,0x00,0x00,0x00,0x00,0x00,0x00,0x00,0x00,
    0x00,0x00,0x00,0x00,0x00,0x00,0x00,0x00,0x00,0x00,0x00,0x00,0x00,0x00,0x00,0x00,
    0x00,0x00,0x00,0x00,0x00,0x00,0x00,0x00,0x00,0x00,0x00,0x00,0x00,0x00,0x00,0x00,
    0x00,0x00,0x00,0x00,0x00,0x00,0x00,0x00,0x00,0x00,0x00,0x00,0x00,0x00,0x00,0x00,
    0x00,0x00,0x00,0x00,0x00,0x00,0x00,0x00,0x00,0x00,0x00,0x01,0x21,0x53,0x80,0xA1,
    0xC0,0xDC,0xED,0xF9,0xFF,0xFF,0xF9,0xED,0xDC,0xC0,0xA1,0x80,0x53,0x21,0x01,0x00,
    0x00,0x00,0x00,0x00,0x00,0x00,0x00,0x00,0x00,0x00,0x00,0x00,0x00,0x00,0x00,0x00,
    0x00,0x00,0x00,0x00,0x00,0x00,0x00,0x00,0x00,0x00,0x00,0x00,0x00,0x00,0x00,0x00,
    0x00,0x00,0x00,0x00,0x00,0x00,0x00,0x00,0x00,0x00,0x00,0x00,0x00,0x00,0x00,0x00,
    0x00,0x00,0x00,0x00,0x00,0x00,0x00,0x00,0x00,0x00,0x00,0x00,0x00,0x00,0x00,0x00,
    0x00,0x09,0x44,0x7F,0xB9,0xEE,0xFF,0xFF,0xFF,0xFF,0xFF,0xFF,0xFF,0xFF,0xFF,0xFF,
    0xFF,0xFF,0xFF,0xFF,0xFF,0xFF,0xFF,0xFF,0xEE,0xB9,0x7F,0x44,0x09,0x00,0x00,0x00,
    0x00,0x00,0x00,0x00,0x00,0x00,0x00,0x00,0x00,0x00,0x00,0x00,0x00,0x00,0x00,0x00,
    0x00,0x00,0x00,0x00,0x00,0x00,0x00,0x00,0x00,0x00,0x00,0x00,0x00,0x00,0x00,0x00,
    0x00,0x00,0x00,0x00,0x00,0x00,0x00,0x00,0x00,0x00,0x00,0x00,0x00,0x00,0x00,0x00,
    0x00,0x00,0x00,0x00,0x00,0x00,0x00,0x00,0x03,0x46,0x9F,0xF1,0xFF,0xFF,0xFF,0xFF,
    0xFF,0xFF,0xFF,0xFF,0xFF,0xFF,0xFF,0xFF,0xFF,0xFF,0xFF,0xFF,0xFF,0xFF,0xFF,0xFF,
    0xFF,0xFF,0xFF,0xFF,0xFF,0xFF,0xF1,0x9F,0x46,0x03,0x00,0x00,0x00,0x00,0x00,0x00,
    0x00,0x00,0x00,0x00,0x00,0x00,0x00,0x00,0x00,0x00,0x00,0x00,0x00,0x00,0x00,0x00,
    0x00,0x00,0x00,0x00,0x00,0x00,0x00,0x00,0x00,0x00,0x00,0x00,0x00,0x00,0x00,0x00,
    0x00,0x00,0x00,0x00,0x00,0x00,0x00,0x00,0x00,0x00,0x00,0x00,0x00,0x00,0x00,0x00,
    0x0B,0x67,0xD7,0xFF,0xFF,0xFF,0xFF,0xFF,0xFF,0xFF,0xFF,0xFF,0xFF,0xFF,0xFF,0xFF,
    0xFF,0xFF,0xFF,0xFF,0xFF,0xFF,0xFF,0xFF,0xFF,0xFF,0xFF,0xFF,0xFF,0xFF,0xFF,0xFF,
    0xFF,0xFF,0xFF,0xD7,0x67,0x0B,0x00,0x00,0x00,0x00,0x00,0x00,0x00,0x00,0x00,0x00,
    0x00,0x00,0x00,0x00,0x00,0x00,0x00,0x00,0x00,0x00,0x00,0x00,0x00,0x00,0x00,0x00,
    0x00,0x00,0x00,0x00,0x00,0x00,0x00,0x00,0x00,0x00,0x00,0x00,0x00,0x00,0x00,0x00,
    0x00,0x00,0x00,0x00,0x00,0x00,0x00,0x00,0x1B,0x8B,0xEE,0xFF,0xFF,0xFF,0xFF,0xFF,
    0xFF,0xFF,0xFF,0xFF,0xFF,0xFF,0xFF,0xFF,0xFF,0xFF,0xFF,0xFF,0xFF,0xFF,0xFF,0xFF,
    0xFF,0xFF,0xFF,0xFF,0xFF,0xFF,0xFF,0xFF,0xFF,0xFF,0xFF,0xFF,0xFF,0xFF,0xFF,0xEE,
    0x8B,0x1B,0x00,0x00,0x00,0x00,0x00,0x00,0x00,0x00,0x00,0x00,0x00,0x00,0x00,0x00,
    0x00,0x00,0x00,0x00,0x00,0x00,0x00,0x00,0x00,0x00,0x00,0x00,0x00,0x00,0x00,0x00,
    0x00,0x00,0x00,0x00,0x00,0x00,0x00,0x00,0x00,0x00,0x00,0x00,0x00,0x00,0x00,0x00,
    0x12,0x94,0xF8,0xFF,0xFF,0xFF,0xFF,0xFF,0xFF,0xFF,0xFF,0xFF,0xFF,0xFF,0xFF,0xFF,
    0xFF,0xFF,0xFF,0xFF,0xFF,0xFF,0xFF,0xFF,0xFF,0xFF,0xFF,0xFF,0xFF,0xFF,0xFF,0xFF,
    0xFF,0xFF,0xFF,0xFF,0xFF,0xFF,0xFF,0xFF,0xFF,0xFF,0xFF,0xF8,0x94,0x12,0x00,0x00,
    0x00,0x00,0x00,0x00,0x00,0x00,0x00,0x00,0x00,0x00,0x00,0x00,0x00,0x00,0x00,0x00,
    0x00,0x00,0x00,0x00,0x00,0x00,0x00,0x00,0x00,0x00,0x00,0x00,0x00,0x00,0x00,0x00,
    0x00,0x00,0x00,0x00,0x00,0x00,0x00,0x00,0x00,0x4F,0xE4,0xFF,0xFF,0xFF,0xFF,0xFF,
    0xFF,0xFF,0xFF,0xFF,0xFF,0xFF,0xFF,0xFF,0xFF,0xFF,0xFF,0xFF,0xFF,0xFF,0xFF,0xFF,
    0xFF,0xFF,0xFF,0xFF,0xFF,0xFF,0xFF,0xFF,0xFF,0xFF,0xFF,0xFF,0xFF,0xFF,0xFF,0xFF,
    0xFF,0xFF,0xFF,0xFF,0xFF,0xFF,0xFF,0xE4,0x4F,0x00,0x00,0x00,0x00,0x00,0x00,0x00,
    0x00,0x00,0x00,0x00,0x00,0x00,0x00,0x00,0x00,0x00,0x00,0x00,0x00,0x00,0x00,0x00,
    0x00,0x00,0x00,0x00,0x00,0x00,0x00,0x00,0x00,0x00,0x00,0x00,0x00,0x00,0x00,0x00,
    0x00,0x28,0xBA,0xFF,0xFF,0xFF,0xFF,0xFF,0xFF,0xFF,0xFF,0xFF,0xFF,0xFF,0xFF,0xFF,
    0xFF,0xFF,0xFF,0xFF,0xFF,0xFF,0xFF,0xFF,0xFF,0xFF,0xFF,0xFF,0xFF,0xFF,0xFF,0xFF,
    0xFF,0xFF,0xFF,0xFF,0xFF,0xFF,0xFF,0xFF,0xFF,0xFF,0xFF,0xFF,0xFF,0xFF,0xFF,0xFF,
    0xFF,0xFF,0xFF,0xBA,0x28,0x00,0x00,0x00,0x00,0x00,0x00,0x00,0x00,0x00,0x00,0x00,
    0x00,0x00,0x00,0x00,0x00,0x00,0x00,0x00,0x00,0x00,0x00,0x00,0x00,0x00,0x00,0x00,
    0x00,0x00,0x00,0x00,0x00,0x00,0x00,0x00,0x00,0x00,0x5C,0xF3,0xFF,0xFF,0xFF,0xFF,
    0xFF,0xFF,0xFF,0xFF,0xFF,0xFF,0xFF,0xFF,0xFF,0xFF,0xFF,0xFF,0xFF,0xFF,0xFF,0xFF,
    0xFF,0xFF,0xFF,0xFF,0xFF,0xFF,0xFF,0xFF,0xFF,0xFF,0xFF,0xFF,0xFF,0xFF,0xFF,0xFF,
    0xFF,0xFF,0xFF,0xFF,0xFF,0xFF,0xFF,0xFF,0xFF,0xFF,0xFF,0xFF,0xFF,0xFF,0xF3,0x5C,
    0x00,0x00,0x00,0x00,0x00,0x00,0x00,0x00,0x00,0x00,0x00,0x00,0x00,0x00,0x00,0x00,
    0x00,0x00,0x00,0x00,0x00,0x00,0x00,0x00,0x00,0x00,0x00,0x00,0x00,0x00,0x00,0x00,
    0x00,0x00,0x07,0x9B,0xFF,0xFF,0xFF,0xFF,0xFF,0xFF,0xFF,0xFF,0xFF,0xFF,0xFF,0xFF,
    0xFF,0xFF,0xFF,0xFF,0xFF,0xFF,0xFF,0xFF,0xFF,0xFF,0xFF,0xFF,0xFF,0xFF,0xFF,0xFF,
    0xFF,0xFF,0xFF,0xFF,0xFF,0xFF,0xFF,0xFF,0xFF,0xFF,0xFF,0xFF,0xFF,0xFF,0xFF,0xFF,
    0xFF,0xFF,0xFF,0xFF,0xFF,0xFF,0xFF,0xFF,0xFF,0xFF,0x9B,0x07,0x00,0x00,0x00,0x00,
    0x00,0x00,0x00,0x00,0x00,0x00,0x00,0x00,0x00,0x00,0x00,0x00,0x00,0x00,0x00,0x00,
    0x00,0x00,0x00,0x00,0x00,0x00,0x00,0x00,0x00,0x00,0x00,0x19,0xC1,0xFF,0xFF,0xFF,
    0xFF,0xFF,0xFF,0xFF,0xFF,0xFF,0xFF,0xFF,0xFF,0xFF,0xFF,0xFF,0xFF,0xFF,0xFF,0xFF,
    0xFF,0xFF,0xFF,0xFF,0xFF,0xFF,0xFF,0xFF,0xFF,0xFF,0xFF,0xFF,0xFF,0xFF,0xFF,0xFF,
    0xFF,0xFF,0xFF,0xFF,0xFF,0xFF,0xFF,0xFF,0xFF,0xFF,0xFF,0xFF,0xFF,0xFF,0xFF,0xFF,
    0xFF,0xFF,0xFF,0xFF,0xFF,0xC1,0x19,0x00,0x00,0x00,0x00,0x00,0x00,0x00,0x00,0x00,
    0x00,0x00,0x00,0x00,0x00,0x00,0x00,0x00,0x00,0x00,0x00,0x00,0x00,0x00,0x00,0x00,
    0x00,0x00,0x00,0x00,0x2E,0xE4,0xFF,0xFF,0xFF,0xFF,0xFF,0xFF,0xFF,0xFF,0xFF,0xFF,
    0xFF,0xFF,0xFF,0xFF,0xFF,0xFF,0xFF,0xFF,0xFF,0xFF,0xFF,0xFF,0xFF,0xFF,0xFF,0xFF,
    0xFF,0xFF,0xFF,0xFF,0xFF,0xFF,0xFF,0xFF,0xFF,0xFF,0xFF,0xFF,0xFF,0xFF,0xFF,0xFF,
    0xFF,0xFF,0xFF,0xFF,0xFF,0xFF,0xFF,0xFF,0xFF,0xFF,0xFF,0xFF,0xFF,0xFF,0xFF,0xFF,
    0xE4,0x2E,0x00,0x00,0x00,0x00,0x00,0x00,0x00,0x00,0x00,0x00,0x00,0x00,0x00,0x00,
    0x00,0x00,0x00,0x00,0x00,0x00,0x00,0x00,0x00,0x00,0x00,0x00,0x00,0x30,0xEC,0xFF,
    0xFF,0xFF,0xFF,0xFF,0xFF,0xFF,0xFF,0xFF,0xFF,0xFF,0xFF,0xFF,0xFF,0xFF,0xFF,0xFF,
    0xFF,0xFF,0xFF,0xFF,0xFF,0xFF,0xFF,0xFF,0xFF,0xFF,0xFF,0xFF,0xFF,0xFF,0xFF,0xFF,
    0xFF,0xFF,0xFF,0xFF,0xFF,0xFF,0xFF,0xFF,0xFF,0xFF,0xFF,0xFF,0xFF,0xFF,0xFF,0xFF,
    0xFF,0xFF,0xFF,0xFF,0xFF,0xFF,0xFF,0xFF,0xFF,0xFF,0xFF,0xEC,0x30,0x00,0x00,0x00,
    0x00,0x00,0x00,0x00,0x00,0x00,0x00,0x00,0x00,0x00,0x00,0x00,0x00,0x00,0x00,0x00,
    0x00,0x00,0x00,0x00,0x00,0x00,0x30,0xE6,0xFF,0xFF,0xFF,0xFF,0xFF,0xFF,0xFF,0xFF,
    0xFF,0xFF,0xFF,0xFF,0xFF,0xFF,0xFF,0xFF,0xFF,0xFF,0xFF,0xFF,0xFF,0xFF,0xFF,0xFF,
    0xFF,0xFF,0xFF,0xFF,0xFF,0xFF,0xFF,0xFF,0xFF,0xFF,0xFF,0xFF,0xFF,0xFF,0xFF,0xFF,
    0xFF,0xFF,0xFF,0xFF,0xFF,0xFF,0xFF,0xFF,0xFF,0xFF,0xFF,0xFF,0xFF,0xFF,0xFF,0xFF,
    0xFF,0xFF,0xFF,0xFF,0xFF,0xFF,0xE6,0x30,0x00,0x00,0x00,0x00,0x00,0x00,0x00,0x00,
    0x00,0x00,0x00,0x00,0x00,0x00,0x00,0x00,0x00,0x00,0x00,0x00,0x00,0x00,0x00,0x2E,
    0xEC,0xFF,0xFF,0xFF,0xFF,0xFF,0xFF,0xFF,0xFF,0xFF,0xFF,0xFF,0xFF,0xFF,0xFF,0xFF,
    0xFF,0xFF,0xFF,0xFF,0xFF,0xFF,0xFF,0xFF,0xFF,0xFF,0xFF,0xFF,0xFF,0xFF,0xFF,0xFF,
    0xFF,0xFF,0xFF,0xFF,0xFF,0xFF,0xFF,0xFF,0xFF,0xFF,0xFF,0xFF,0xFF,0xFF,0xFF,0xFF,
    0xFF,0xFF,0xFF,0xFF,0xFF,0xFF,0xFF,0xFF,0xFF,0xFF,0xFF,0xFF,0xFF,0xFF,0xFF,0xFF,
    0xFF,0xEC,0x2E,0x00,0x00,0x00,0x00,0x00,0x00,0x00,0x00,0x00,0x00,0x00,0x00,0x00,
    0x00,0x00,0x00,0x00,0x00,0x00,0x00,0x00,0x19,0xE4,0xFF,0xFF,0xFF,0xFF,0xFF,0xFF,
    0xFF,0xFF,0xFF,0xFF,0xFF,0xFF,0xFF,0xFF,0xFF,0xFF,0xFF,0xFF,0xFF,0xFF,0xFF,0xFF,
    0xFF,0xFF,0xFF,0xFF,0xFF,0xFF,0xFF,0xFF,0xFF,0xFF,0xFF,0xFF,0xFF,0xFF,0xFF,0xFF,
    0xFF,0xFF,0xFF,0xFF,0xFF,0xFF,0xFF,0xFF,0xFF,0xFF,0xFF,0xFF,0xFF,0xFF,0xFF,0xFF,
    0xFF,0xFF,0xFF,0xFF,0xFF,0xFF,0xFF,0xFF,0xFF,0xFF,0xFF,0xFF,0xE4,0x19,0x00,0x00,
    0x00,0x00,0x00,0x00,0x00,0x00,0x00,0x00,0x00,0x00,0x00,0x00,0x00,0x00,0x00,0x00,
    0x00,0x07,0xC1,0xFF,0xFF,0xFF,0xFF,0xFF,0xFF,0xFF,0xFF,0xFF,0xFF,0xFF,0xFF,0xFF,
    0xFF,0xFF,0xFF,0xFF,0xFF,0xFF,0xFF,0xFF,0xFF,0xFF,0xFF,0xFF,0xFF,0xFF,0xFF,0xFF,
    0xFF,0xFF,0xFF,0xFF,0xFF,0xFF,0xFF,0xFF,0xFF,0xFF,0xFF,0xFF,0xFF,0xFF,0xFF,0xFF,
    0xFF,0xFF,0xFF,0xFF,0xFF,0xFF,0xFF,0xFF,0xFF,0xFF,0xFF,0xFF,0xFF,0xFF,0xFF,0xFF,
    0xFF,0xFF,0xFF,0xFF,0xFF,0xFF,0xFF,0xC1,0x07,0x00,0x00,0x00,0x00,0x00,0x00,0x00,
    0x00,0x00,0x00,0x00,0x00,0x00,0x00,0x00,0x00,0x00,0x00,0x9B,0xFF,0xFF,0xFF,0xFF,
    0xFF,0xFF,0xFF,0xFF,0xFF,0xFF,0xFF,0xFF,0xFF,0xFF,0xFF,0xFF,0xFF,0xFF,0xFF,0xFF,
    0xFF,0xFF,0xFF,0xFF,0xFF,0xFF,0xFF,0xFF,0xFF,0xFF,0xFF,0xFF,0xFF,0xFF,0xFF,0xFF,
    0xFF,0xFF,0xFF,0xFF,0xFF,0xFF,0xFF,0xFF,0xFF,0xFF,0xFF,0xFF,0xFF,0xFF,0xFF,0xFF,
    0xFF,0xFF,0xFF,0xFF,0xFF,0xFF,0xFF,0xFF,0xFF,0xFF,0xFF,0xFF,0xFF,0xFF,0xFF,0xFF,
    0xFF,0xFF,0x9B,0x00,0x00,0x00,0x00,0x00,0x00,0x00,0x00,0x00,0x00,0x00,0x00,0x00,
    0x00,0x00,0x00,0x00,0x5C,0xFE,0xFF,0xFF,0xFF,0xFF,0xFF,0xFF,0xFF,0xFF,0xFF,0xFF,
    0xFF,0xFF,0xFF,0xFF,0xFF,0xFF,0xFF,0xFF,0xFF,0xFF,0xFF,0xFF,0xFF,0xFF,0xFF,0xFF,
    0xFF,0xFF,0xFF,0xFF,0xFF,0xFF,0xFF,0xFF,0xFF,0xFF,0xFF,0xFF,0xFF,0xFF,0xFF,0xFF,
    0xFF,0xFF,0xFF,0xFF,0xFF,0xFF,0xFF,0xFF,0xFF,0xFF,0xFF,0xFF,0xFF,0xFF,0xFF,0xFF,
    0xFF,0xFF,0xFF,0xFF,0xFF,0xFF,0xFF,0xFF,0xFF,0xFF,0xFF,0xFF,0xFE,0x5C,0x00,0x00,
    0x00,0x00,0x00,0x00,0x00,0x00,0x00,0x00,0x00,0x00,0x00,0x00,0x00,0x29,0xF3,0xFF,
    0xFF,0xFF,0xFF,0xFF,0xFF,0xFF,0xFF,0xFF,0xFF,0xFF,0xFF,0xFF,0xFF,0xFF,0xFF,0xFF,
    0xFF,0xFF,0xFF,0xFF,0xFF,0xFF,0xFF,0xFF,0xFF,0xFF,0xFF,0xFF,0xFF,0xFF,0xFF,0xFF,
    0xFF,0xFF,0xFF,0xFF,0xFF,0xFF,0xFF,0xFF,0xFF,0xFF,0xFF,0xFF,0xFF,0xFF,0xFF,0xFF,
    0xFF,0xFF,0xFF,0xFF,0xFF,0xFF,0xFF,0xFF,0xFF,0xFF,0xFF,0xFF,0xFF,0xFF,0xFF,0xFF,
    0xFF,0xFF,0xFF,0xFF,0xFF,0xFF,0xFF,0xF3,0x29,0x00,0x00,0x00,0x00,0x00,0x00,0x00,
    0x00,0x00,0x00,0x00,0x00,0x00,0x01,0xBA,0xFF,0xFF,0xFF,0xFF,0xFF,0xFF,0xFF,0xFF,
    0xFF,0xFF,0xFF,0xFF,0xFF,0xFF,0xFF,0xFF,0xFF,0xFF,0xFF,0xFF,0xFF,0xFF,0xFF,0xFF,
    0xFF,0xFF,0xFF,0xFF,0xFF,0xFF,0xFF,0xFF,0xFF,0xFF,0xFF,0xFF,0xFF,0xFF,0xFF,0xFF,
    0xFF,0xFF,0xFF,0xFF,0xFF,0xFF,0xFF,0xFF,0xFF,0xFF,0xFF,0xFF,0xFF,0xFF,0xFF,0xFF,
    0xFF,0xFF,0xFF,0xFF,0xFF,0xFF,0xFF,0xFF,0xFF,0xFF,0xFF,0xFF,0xFF,0xFF,0xFF,0xFF,
    0xFF,0xFF,0xBA,0x01,0x00,0x00,0x00,0x00,0x00,0x00,0x00,0x00,0x00,0x00,0x00,0x00,
    0x50,0xFF,0xFF,0xFF,0xFF,0xFF,0xFF,0xFF,0xFF,0xFF,0xFF,0xFF,0xFF,0xFF,0xFF,0xFF,
    0xFF,0xFF,0xFF,0xFF,0xFF,0xFF,0xFF,0xFF,0xFF,0xFF,0xFF,0xFF,0xFF,0xFF,0xFF,0xFF,
    0xFF,0xFF,0xFF,0xFF,0xFF,0xFF,0xFF,0xFF,0xFF,0xFF,0xFF,0xFF,0xFF,0xFF,0xFF,0xFF,
    0xFF,0xFF,0xFF,0xFF,0xFF,0xFF,0xFF,0xFF,0xFF,0xFF,0xFF,0xFF,0xFF,0xFF,0xFF,0xFF,
    0xFF,0xFF,0xFF,0xFF,0xFF,0xFF,0xFF,0xFF,0xFF,0xFF,0xFF,0xFF,0xFF,0x50,0x00,0x00,
    0x00,0x00,0x00,0x00,0x00,0x00,0x00,0x00,0x00,0x12,0xE3,0xFF,0xFF,0xFF,0xFF,0xFF,
    0xFF,0xFF,0xFF,0xFF,0xFF,0xFF,0xFF,0xFF,0xFF,0xFF,0xFF,0xFF,0xFF,0xFF,0xFF,0xFF,
    0xFF,0xFF,0xFF,0xFF,0xFF,0xFF,0xFF,0xFF,0xFF,0xFF,0xFF,0xFF,0xFF,0xFF,0xFF,0xFF,
    0xFF,0xFF,0xFF,0xFF,0xFF,0xFF,0xFF,0xFF,0xFF,0xFF,0xFF,0xFF,0xFF,0xFF,0xFF,0xFF,
    0xFF,0xFF,0xFF,0xFF,0xFF,0xFF,0xFF,0xFF,0xFF,0xFF,0xFF,0xFF,0xFF,0xFF,0xFF,0xFF,
    0xFF,0xFF,0xFF,0xFF,0xFF,0xFF,0xFF,0xE3,0x12,0x00,0x00,0x00,0x00,0x00,0x00,0x00,
    0x00,0x00,0x00,0x94,0xFF,0xFF,0xFF,0xFF,0xFF,0xFF,0xFF,0xFF,0xFF,0xFF,0xFF,0xFF,
    0xFF,0xFF,0xFF,0xFF,0xFF,0xFF,0xFF,0xFF,0xFF,0xFF,0xFF,0xFF,0xFF,0xFF,0xFF,0xFF,
    0xFF,0xFF,0xFF,0xFF,0xFF,0xFF,0xFF,0xFF,0xFF,0xFF,0xFF,0xFF,0xFF,0xFF,0xFF,0xFF,
    0xFF,0xFF,0xFF,0xFF,0xFF,0xFF,0xFF,0xFF,0xFF,0xFF,0xFF,0xFF,0xFF,0xFF,0xFF,0xFF,
    0xFF,0xFF,0xFF,0xFF,0xFF,0xFF,0xFF,0xFF,0xFF,0xFF,0xFF,0xFF,0xFF,0xFF,0xFF,0xFF,
    0xFF,0xFF,0x94,0x00,0x00,0x00,0x00,0x00,0x00,0x00,0x00,0x00,0x1C,0xF9,0xFF,0xFF,
    0xFF,0xFF,0xFF,0xFF,0xFF,0xFF,0xFF,0xFF,0xFF,0xFF,0xFF,0xFF,0xFF,0xFF,0xFF,0xFF,
    0xFF,0xFF,0xFF,0xFF,0xFF,0xFF,0xFF,0xFF,0xFF,0xFF,0xFF,0xFF,0xFF,0xFF,0xFF,0xFF,
    0xFF,0xFF,0xFF,0xFF,0xFF,0xFF,0xFF,0xFF,0xFF,0xFF,0xFF,0xFF,0xFF,0xFF,0xFF,0xFF,
    0xFF,0xFF,0xFF,0xFF,0xFF,0xFF,0xFF,0xFF,0xFF,0xFF,0xFF,0xFF,0xFF,0xFF,0xFF,0xFF,
    0xFF,0xFF,0xFF,0xFF,0xFF,0xFF,0xFF,0xFF,0xFF,0xFF,0xFF,0xFF,0xF9,0x1C,0x00,0x00,
    0x00,0x00,0x00,0x00,0x00,0x00,0x8B,0xFF,0xFF,0xFF,0xFF,0xFF,0xFF,0xFF,0xFF,0xFF,
    0xFF,0xFF,0xFF,0xFF,0xFF,0xFF,0xFF,0xFF,0xFF,0xFF,0xFF,0xFF,0xFF,0xFF,0xFF,0xFF,
    0xFF,0xFF,0xFF,0xFF,0xFF,0xFF,0xFF,0xFF,0xFF,0xFF,0xFF,0xFF,0xFF,0xFF,0xFF,0xFF,
    0xFF,0xFF,0xFF,0xFF,0xFF,0xFF,0xFF,0xFF,0xFF,0xFF,0xFF,0xFF,0xFF,0xFF,0xFF,0xFF,
    0xFF,0xFF,0xFF,0xFF,0xFF,0xFF,0xFF,0xFF,0xFF,0xFF,0xFF,0xFF,0xFF,0xFF,0xFF,0xFF,
    0xFF,0xFF,0xFF,0xFF,0xFF,0xFF,0xFF,0x8B,0x00,0x00,0x00,0x00,0x00,0x00,0x00,0x0B,
    0xEF,0xFF,0xFF,0xFF,0xFF,0xFF,0xFF,0xFF,0xFF,0xFF,0xFF,0xFF,0xFF,0xFF,0xFF,0xFF,
    0xFF,0xFF,0xFF,0xFF,0xFF,0xFF,0xFF,0xFF,0xFF,0xFF,0xFF,0xFF,0xFF,0xFF,0xFF,0xFF,
    0xFF,0xFF,0xFF,0xFF,0xFF,0xFF,0xFF,0xFF,0xFF,0xFF,0xFF,0xFF,0xFF,0xFF,0xFF,0xFF,
    0xFF,0xFF,0xFF,0xFF,0xFF,0xFF,0xFF,0xFF,0xFF,0xFF,0xFF,0xFF,0xFF,0xFF,0xFF,0xFF,
    0xFF,0xFF,0xFF,0xFF,0xFF,0xFF,0xFF,0xFF,0xFF,0xFF,0xFF,0xFF,0xFF,0xFF,0xFF,0xFF,
    0xFF,0xEF,0x0B,0x00,0x00,0x00,0x00,0x00,0x00,0x67,0xFF,0xFF,0xFF,0xFF,0xFF,0xFF,
    0xFF,0xFF,0xFF,0xFF,0xFF,0xFF,0xFF,0xFF,0xFF,0xFF,0xFF,0xFF,0xFF,0xFF,0xFF,0xFF,
    0xFF,0xFF,0xFF,0xFF,0xFF,0xFF,0xFF,0xFF,0xFF,0xFF,0xFF,0xFF,0xFF,0xFF,0xFF,0xFF,
    0xFF,0xFF,0xFF,0xFF,0xFF,0xFF,0xFF,0xFF,0xFF,0xFF,0xFF,0xFF,0xFF,0xFF,0xFF,0xFF,
    0xFF,0xFF,0xFF,0xFF,0xFF,0xFF,0xFF,0xFF,0xFF,0xFF,0xFF,0xFF,0xFF,0xFF,0xFF,0xFF,
    0xFF,0xFF,0xFF,0xFF,0xFF,0xFF,0xFF,0xFF,0xFF,0xFF,0xFF,0xFF,0x67,0x00,0x00,0x00,
    0x00,0x00,0x03,0xD7,0xFF,0xFF,0xFF,0xFF,0xFF,0xFF,0xFF,0xFF,0xFF,0xFF,0xFF,0xFF,
    0xFF,0xFF,0xFF,0xFF,0xFF,0xFF,0xFF,0xFF,0xFF,0xFF,0xFF,0xFF,0xFF,0xFF,0xFF,0xFF,
    0xFF,0xFF,0xFF,0xFF,0xFF,0xFF,0xFF,0xFF,0xFF,0xFF,0xFF,0xFF,0xFF,0xFF,0xFF,0xFF,
    0xFF,0xFF,0xFF,0xFF,0xFF,0xFF,0xFF,0xFF,0xFF,0xFF,0xFF,0xFF,0xFF,0xFF,0xFF,0xFF,
    0xFF,0xFF,0xFF,0xFF,0xFF,0xFF,0xFF,0xFF,0xFF,0xFF,0xFF,0xFF,0xFF,0xFF,0xFF,0xFF,
    0xFF,0xFF,0xFF,0xFF,0xFF,0xFF,0xD7,0x03,0x00,0x00,0x00,0x00,0x46,0xFE,0xFF,0xFF,
    0xFF,0xFF,0xFF,0xFF,0xFF,0xFF,0xFF,0xFF,0xFF,0xFF,0xFF,0xFF,0xFF,0xFF,0xFF,0xFF,
    0xFF,0xFF,0xFF,0xFF,0xFF,0xFF,0xFF,0xFF,0xFF,0xFF,0xFF,0xFF,0xFF,0xFF,0xFF,0xFF,
    0xFF,0xFF,0xFF,0xFF,0xFF,0xFF,0xFF,0xFF,0xFF,0xFF,0xFF,0xFF,0xFF,0xFF,0xFF,0xFF,
    0xFF,0xFF,0xFF,0xFF,0xFF,0xFF,0xFF,0xFF,0xFF,0xFF,0xFF,0xFF,0xFF,0xFF,0xFF,0xFF,
    0xFF,0xFF,0xFF,0xFF,0xFF,0xFF,0xFF,0xFF,0xFF,0xFF,0xFF,0xFF,0xFF,0xFF,0xFF,0xFF,
    0xFE,0x46,0x00,0x00,0x00,0x00,0x9F,0xFF,0xFF,0xFF,0xFF,0xFF,0xFF,0xFF,0xFF,0xFF,
    0xFF,0xFF,0xFF,0xFF,0xFF,0xFF,0xFF,0xFF,0xFF,0xFF,0xFF,0xFF,0xFF,0xFF,0xFF,0xFF,
    0xFF,0xFF,0xFF,0xFF,0xFF,0xFF,0xFF,0xFF,0xFF,0xFF,0xFF,0xFF,0xFF,0xFF,0xFF,0xFF,
    0xFF,0xFF,0xFF,0xFF,0xFF,0xFF,0xFF,0xFF,0xFF,0xFF,0xFF,0xFF,0xFF,0xFF,0xFF,0xFF,
    0xFF,0xFF,0xFF,0xFF,0xFF,0xFF,0xFF,0xFF,0xFF,0xFF,0xFF,0xFF,0xFF,0xFF,0xFF,0xFF,
    0xFF,0xFF,0xFF,0xFF,0xFF,0xFF,0xFF,0xFF,0xFF,0xFF,0xFF,0x9F,0x00,0x00,0x00,0x0A,
    0xF0,0xFF,0xFF,0xFF,0xFF,0xFF,0xFF,0xFF,0xFF,0xFF,0xFF,0xFF,0xFF,0xFF,0xFF,0xFF,
    0xFF,0xFF,0xFF,0xFF,0xFF,0xFF,0xFF,0xFF,0xFF,0xFF,0xFF,0xFF,0xFF,0xFF,0xFF,0xFF,
    0xFF,0xFF,0xFF,0xFF,0xFF,0xFF,0xFF,0xFF,0xFF,0xFF,0xFF,0xFF,0xFF,0xFF,0xFF,0xFF,
    0xFF,0xFF,0xFF,0xFF,0xFF,0xFF,0xFF,0xFF,0xFF,0xFF,0xFF,0xFF,0xFF,0xFF,0xFF,0xFF,
    0xFF,0xFF,0xFF,0xFF,0xFF,0xFF,0xFF,0xFF,0xFF,0xFF,0xFF,0xFF,0xFF,0xFF,0xFF,0xFF,
    0xFF,0xFF,0xFF,0xFF,0xFF,0xF0,0x0A,0x00,0x00,0x44,0xFF,0xFF,0xFF,0xFF,0xFF,0xFF,
    0xFF,0xFF,0xFF,0xFF,0xFF,0xFF,0xFF,0xFF,0xFF,0xFF,0xFF,0xFF,0xFF,0xFF,0xFF,0xFF,
    0xFF,0xFF,0xFF,0xFF,0xFF,0xFF,0xFF,0xFF,0xFF,0xFF,0xFF,0xFF,0xFF,0xFF,0xFF,0xFF,
    0xFF,0xFF,0xFF,0xFF,0xFF,0xFF,0xFF,0xFF,0xFF,0xFF,0xFF,0xFF,0xFF,0xFF,0xFF,0xFF,
    0xFF,0xFF,0xFF,0xFF,0xFF,0xFF,0xFF,0xFF,0xFF,0xFF,0xFF,0xFF,0xFF,0xFF,0xFF,0xFF,
    0xFF,0xFF,0xFF,0xFF,0xFF,0xFF,0xFF,0xFF,0xFF,0xFF,0xFF,0xFF,0xFF,0xFF,0xFF,0xFF,
    0x44,0x00,0x00,0x7F,0xFF,0xFF,0xFF,0xFF,0xFF,0xFF,0xFF,0xFF,0xFF,0xFF,0xFF,0xFF,
    0xFF,0xFF,0xFF,0xFF,0xFF,0xFF,0xFF,0xFF,0xFF,0xFF,0xFF,0xFF,0xFF,0xFF,0xFF,0xFF,
    0xFF,0xFF,0xFF,0xFF,0xFF,0xFF,0xFF,0xFF,0xFF,0xFF,0xFF,0xFF,0xFF,0xFF,0xFF,0xFF,
    0xFF,0xFF,0xFF,0xFF,0xFF,0xFF,0xFF,0xFF,0xFF,0xFF,0xFF,0xFF,0xFF,0xFF,0xFF,0xFF,
    0xFF,0xFF,0xFF,0xFF,0xFF,0xFF,0xFF,0xFF,0xFF,0xFF,0xFF,0xFF,0xFF,0xFF,0xFF,0xFF,
    0xFF,0xFF,0xFF,0xFF,0xFF,0xFF,0xFF,0xFF,0xFF,0xFF,0x7F,0x00,0x00,0xB9,0xFF,0xFF,
    0xFF,0xFF,0xFF,0xFF,0xFF,0xFF,0xFF,0xFF,0xFF,0xFF,0xFF,0xFF,0xFF,0xFF,0xFF,0xFF,
    0xFF,0xFF,0xFF,0xFF,0xFF,0xFF,0xFF,0xFF,0xFF,0xFF,0xFF,0xFF,0xFF,0xFF,0xFF,0xFF,
    0xFF,0xFF,0xFF,0xFF,0xFF,0xFF,0xFF,0xFF,0xFF,0xFF,0xFF,0xFF,0xFF,0xFF,0xFF,0xFF,
    0xFF,0xFF,0xFF,0xFF,0xFF,0xFF,0xFF,0xFF,0xFF,0xFF,0xFF,0xFF,0xFF,0xFF,0xFF,0xFF,
    0xFF,0xFF,0xFF,0xFF,0xFF,0xFF,0xFF,0xFF,0xFF,0xFF,0xFF,0xFF,0xFF,0xFF,0xFF,0xFF,
    0xFF,0xFF,0xFF,0xFF,0xB9,0x00,0x01,0xEE,0xFF,0xFF,0xFF,0xFF,0xFF,0xFF,0xFF,0xFF,
    0xFF,0xFF,0xFF,0xFF,0xFF,0xFF,0xFF,0xFF,0xFF,0xFF,0xFF,0xFF,0xFF,0xFF,0xFF,0xFF,
    0xFF,0xFF,0xFF,0xFF,0xFF,0xFF,0xFF,0xFF,0xFF,0xFF,0xFF,0xFF,0xFF,0xFF,0xFF,0xFF,
    0xFF,0xFF,0xFF,0xFF,0xFF,0xFF,0xFF,0xFF,0xFF,0xFF,0xFF,0xFF,0xFF,0xFF,0xFF,0xFF,
    0xFF,0xFF,0xFF,0xFF,0xFF,0xFF,0xFF,0xFF,0xFF,0xFF,0xFF,0xFF,0xFF,0xFF,0xFF,0xFF,
    0xFF,0xFF,0xFF,0xFF,0xFF,0xFF,0xFF,0xFF,0xFF,0xFF,0xFF,0xFF,0xFF,0xFF,0xEE,0x01,
    0x21,0xFE,0xFF,0xFF,0xFF,0xFF,0xFF,0xFF,0xFF,0xFF,0xFF,0xFF,0xFF,0xFF,0xFF,0xFF,
    0xFF,0xFF,0xFF,0xFF,0xFF,0xFF,0xFF,0xFF,0xFF,0xFF,0xFF,0xFF,0xFF,0xFF,0xFF,0xFF,
    0xFF,0xFF,0xFF,0xFF,0xFF,0xFF,0xFF,0xFF,0xFF,0xFF,0xFF,0xFF,0xFF,0xFF,0xFF,0xFF,
    0xFF,0xFF,0xFF,0xFF,0xFF,0xFF,0xFF,0xFF,0xFF,0xFF,0xFF,0xFF,0xFF,0xFF,0xFF,0xFF,
    0xFF,0xFF,0xFF,0xFF,0xFF,0xFF,0xFF,0xFF,0xFF,0xFF,0xFF,0xFF,0xFF,0xFF,0xFF,0xFF,
    0xFF,0xFF,0xFF,0xFF,0xFF,0xFF,0xFF,0xFF,0xFE,0x21,0x54,0xFF,0xFF,0xFF,0xFF,0xFF,
    0xFF,0xFF,0xFF,0xFF,0xFF,0xFF,0xFF,0xFF,0xFF,0xFF,0xFF,0xFF,0xFF,0xFF,0xFF,0xFF,
    0xFF,0xFF,0xFF,0xFF,0xFF,0xFF,0xFF,0xFF,0xFF,0xFF,0xFF,0xFF,0xFF,0xFF,0xFF,0xFF,
    0xFF,0xFF,0xFF,0xFF,0xFF,0xFF,0xFF,0xFF,0xFF,0xFF,0xFF,0xFF,0xFF,0xFF,0xFF,0xFF,
    0xFF,0xFF,0xFF,0xFF,0xFF,0xFF,0xFF,0xFF,0xFF,0xFF,0xFF,0xFF,0xFF,0xFF,0xFF,0xFF,
    0xFF,0xFF,0xFF,0xFF,0xFF,0xFF,0xFF,0xFF,0xFF,0xFF,0xFF,0xFF,0xFF,0xFF,0xFF,0xFF,
    0xFF,0xFF,0xFF,0x54,0x80,0xFF,0xFF,0xFF,0xFF,0xFF,0xFF,0xFF,0xFF,0xFF,0xFF,0xFF,
    0xFF,0xFF,0xFF,0xFF,0xFF,0xFF,0xFF,0xFF,0xFF,0xFF,0xFF,0xFF,0xFF,0xFF,0xFF,0xFF,
    0xFF,0xFF,0xFF,0xFF,0xFF,0xFF,0xFF,0xFF,0xFF,0xFF,0xFF,0xFF,0xFF,0xFF,0xFF,0xFF,
    0xFF,0xFF,0xFF,0xFF,0xFF,0xFF,0xFF,0xFF,0xFF,0xFF,0xFF,0xFF,0xFF,0xFF,0xFF,0xFF,
    0xFF,0xFF,0xFF,0xFF,0xFF,0xFF,0xFF,0xFF,0xFF,0xFF,0xFF,0xFF,0xFF,0xFF,0xFF,0xFF,
    0xFF,0xFF,0xFF,0xFF,0xFF,0xFF,0xFF,0xFF,0xFF,0xFF,0xFF,0xFF,0xFF,0x80,0xA1,0xFF,
    0xFF,0xFF,0xFF,0xFF,0xFF,0xFF,0xFF,0xFF,0xFF,0xFF,0xFF,0xFF,0xFF,0xFF,0xFF,0xFF,
    0xFF,0xFF,0xFF,0xFF,0xFF,0xFF,0xFF,0xFF,0xFF,0xFF,0xFF,0xFF,0xFF,0xFF,0xFF,0xFF,
    0xFF,0xFF,0xFF,0xFF,0xFF,0xFF,0xFF,0xFF,0xFF,0xFF,0xFF,0xFF,0xFF,0xFF,0xFF,0xFF,
    0xFF,0xFF,0xFF,0xFF,0xFF,0xFF,0xFF,0xFF,0xFF,0xFF,0xFF,0xFF,0xFF,0xFF,0xFF,0xFF,
    0xFF,0xFF,0xFF,0xFF,0xFF,0xFF,0xFF,0xFF,0xFF,0xFF,0xFF,0xFF,0xFF,0xFF,0xFF,0xFF,
    0xFF,0xFF,0xFF,0xFF,0xFF,0xFF,0xFF,0xA1,0xC0,0xFF,0xFF,0xFF,0xFF,0xFF,0xFF,0xFF,
    0xFF,0xFF,0xFF,0xFF,0xFF,0xFF,0xFF,0xFF,0xFF,0xFF,0xFF,0xFF,0xFF,0xFF,0xFF,0xFF,
    0xFF,0xFF,0xFF,0xFF,0xFF,0xFF,0xFF,0xFF,0xFF,0xFF,0xFF,0xFF,0xFF,0xFF,0xFF,0xFF,
    0xFF,0xFF,0xFF,0xFF,0xFF,0xFF,0xFF,0xFF,0xFF,0xFF,0xFF,0xFF,0xFF,0xFF,0xFF,0xFF,
    0xFF,0xFF,0xFF,0xFF,0xFF,0xFF,0xFF,0xFF,0xFF,0xFF,0xFF,0xFF,0xFF,0xFF,0xFF,0xFF,
    0xFF,0xFF,0xFF,0xFF,0xFF,0xFF,0xFF,0xFF,0xFF,0xFF,0xFF,0xFF,0xFF,0xFF,0xFF,0xFF,
    0xFF,0xC0,0xDC,0xFF,0xFF,0xFF,0xFF,0xFF,0xFF,0xFF,0xFF,0xFF,0xFF,0xFF,0xFF,0xFF,
    0xFF,0xFF,0xFF,0xFF,0xFF,0xFF,0xFF,0xFF,0xFF,0xFF,0xFF,0xFF,0xFF,0xFF,0xFF,0xFF,
    0xFF,0xFF,0xFF,0xFF,0xFF,0xFF,0xFF,0xFF,0xFF,0xFF,0xFF,0xFF,0xFF,0xFF,0xFF,0xFF,
    0xFF,0xFF,0xFF,0xFF,0xFF,0xFF,0xFF,0xFF,0xFF,0xFF,0xFF,0xFF,0xFF,0xFF,0xFF,0xFF,
    0xFF,0xFF,0xFF,0xFF,0xFF,0xFF,0xFF,0xFF,0xFF,0xFF,0xFF,0xFF,0xFF,0xFF,0xFF,0xFF,
    0xFF,0xFF,0xFF,0xFF,0xFF,0xFF,0xFF,0xFF,0xFF,0xFF,0xFF,0xDC,0xEE,0xFF,0xFF,0xFF,
    0xFF,0xFF,0xFF,0xFF,0xFF,0xFF,0xFF,0xFF,0xFF,0xFF,0xFF,0xFF,0xFF,0xFF,0xFF,0xFF,
    0xFF,0xFF,0xFF,0xFF,0xFF,0xFF,0xFF,0xFF,0xFF,0xFF,0xFF,0xFF,0xFF,0xFF,0xFF,0xFF,
    0xFF,0xFF,0xFF,0xFF,0xFF,0xFF,0xFF,0xFF,0xFF,0xFF,0xFF,0xFF,0xFF,0xFF,0xFF,0xFF,
    0xFF,0xFF,0xFF,0xFF,0xFF,0xFF,0xFF,0xFF,0xFF,0xFF,0xFF,0xFF,0xFF,0xFF,0xFF,0xFF,
    0xFF,0xFF,0xFF,0xFF,0xFF,0xFF,0xFF,0xFF,0xFF,0xFF,0xFF,0xFF,0xFF,0xFF,0xFF,0xFF,
    0xFF,0xFF,0xFF,0xFF,0xFF,0xEE,0xF9,0xFF,0xFF,0xFF,0xFF,0xFF,0xFF,0xFF,0xFF,0xFF,
    0xFF,0xFF,0xFF,0xFF,0xFF,0xFF,0xFF,0xFF,0xFF,0xFF,0xFF,0xFF,0xFF,0xFF,0xFF,0xFF,
    0xFF,0xFF,0xFF,0xFF,0xFF,0xFF,0xFF,0xFF,0xFF,0xFF,0xFF,0xFF,0xFF,0xFF,0xFF,0xFF,
    0xFF,0xFF,0xFF,0xFF,0xFF,0xFF,0xFF,0xFF,0xFF,0xFF,0xFF,0xFF,0xFF,0xFF,0xFF,0xFF,
    0xFF,0xFF,0xFF,0xFF,0xFF,0xFF,0xFF,0xFF,0xFF,0xFF,0xFF,0xFF,0xFF,0xFF,0xFF,0xFF,
    0xFF,0xFF,0xFF,0xFF,0xFF,0xFF,0xFF,0xFF,0xFF,0xFF,0xFF,0xFF,0xFF,0xFF,0xFF,0xF9,
    0xFF,0xFF,0xFF,0xFF,0xFF,0xFF,0xFF,0xFF,0xFF,0xFF,0xFF,0xFF,0xFF,0xFF,0xFF,0xFF,
    0xFF,0xFF,0xFF,0xFF,0xFF,0xFF,0xFF,0xFF,0xFF,0xFF,0xFF,0xFF,0xFF,0xFF,0xFF,0xFF,
    0xFF,0xFF,0xFF,0xFF,0xFF,0xFF,0xFF,0xFF,0xFF,0xFF,0xFF,0xFF,0xFF,0xFF,0xFF,0xFF,
    0xFF,0xFF,0xFF,0xFF,0xFF,0xFF,0xFF,0xFF,0xFF,0xFF,0xFF,0xFF,0xFF,0xFF,0xFF,0xFF,
    0xFF,0xFF,0xFF,0xFF,0xFF,0xFF,0xFF,0xFF,0xFF,0xFF,0xFF,0xFF,0xFF,0xFF,0xFF,0xFF,
    0xFF,0xFF,0xFF,0xFF,0xFF,0xFF,0xFF,0xFF,0xFF,0xFF,0xFF,0xFF,0xFF,0xFF,0xFF,0xFF,
    0xFF,0xFF,0xFF,0xFF,0xFF,0xFF,0xFF,0xFF,0xFF,0xFF,0xFF,0xFF,0xFF,0xFF,0xFF,0xFF,
    0xFF,0xFF,0xFF,0xFF,0xFF,0xFF,0xFF,0xFF,0xFF,0xFF,0xFF,0xFF,0xFF,0xFF,0xFF,0xFF,
    0xFF,0xFF,0xFF,0xFF,0xFF,0xFF,0xFF,0xFF,0xFF,0xFF,0xFF,0xFF,0xFF,0xFF,0xFF,0xFF,
    0xFF,0xFF,0xFF,0xFF,0xFF,0xFF,0xFF,0xFF,0xFF,0xFF,0xFF,0xFF,0xFF,0xFF,0xFF,0xFF,
    0xFF,0xFF,0xFF,0xFF,0xFF,0xFF,0xFF,0xFF,0xFF,0xFF,0xFF,0xFF,0xFF,0xFF,0xFF,0xFF,
    0xFF,0xFF,0xFF,0xFF,0xF9,0xFF,0xFF,0xFF,0xFF,0xFF,0xFF,0xFF,0xFF,0xFF,0xFF,0xFF,
    0xFF,0xFF,0xFF,0xFF,0xFF,0xFF,0xFF,0xFF,0xFF,0xFF,0xFF,0xFF,0xFF,0xFF,0xFF,0xFF,
    0xFF,0xFF,0xFF,0xFF,0xFF,0xFF,0xFF,0xFF,0xFF,0xFF,0xFF,0xFF,0xFF,0xFF,0xFF,0xFF,
    0xFF,0xFF,0xFF,0xFF,0xFF,0xFF,0xFF,0xFF,0xFF,0xFF,0xFF,0xFF,0xFF,0xFF,0xFF,0xFF,
    0xFF,0xFF,0xFF,0xFF,0xFF,0xFF,0xFF,0xFF,0xFF,0xFF,0xFF,0xFF,0xFF,0xFF,0xFF,0xFF,
    0xFF,0xFF,0xFF,0xFF,0xFF,0xFF,0xFF,0xFF,0xFF,0xFF,0xFF,0xFF,0xFF,0xF9,0xEE,0xFF,
    0xFF,0xFF,0xFF,0xFF,0xFF,0xFF,0xFF,0xFF,0xFF,0xFF,0xFF,0xFF,0xFF,0xFF,0xFF,0xFF,
    0xFF,0xFF,0xFF,0xFF,0xFF,0xFF,0xFF,0xFF,0xFF,0xFF,0xFF,0xFF,0xFF,0xFF,0xFF,0xFF,
    0xFF,0xFF,0xFF,0xFF,0xFF,0xFF,0xFF,0xFF,0xFF,0xFF,0xFF,0xFF,0xFF,0xFF,0xFF,0xFF,
    0xFF,0xFF,0xFF,0xFF,0xFF,0xFF,0xFF,0xFF,0xFF,0xFF,0xFF,0xFF,0xFF,0xFF,0xFF,0xFF,
    0xFF,0xFF,0xFF,0xFF,0xFF,0xFF,0xFF,0xFF,0xFF,0xFF,0xFF,0xFF,0xFF,0xFF,0xFF,0xFF,
    0xFF,0xFF,0xFF,0xFF,0xFF,0xFF,0xFF,0xEE,0xDC,0xFF,0xFF,0xFF,0xFF,0xFF,0xFF,0xFF,
    0xFF,0xFF,0xFF,0xFF,0xFF,0xFF,0xFF,0xFF,0xFF,0xFF,0xFF,0xFF,0xFF,0xFF,0xFF,0xFF,
    0xFF,0xFF,0xFF,0xFF,0xFF,0xFF,0xFF,0xFF,0xFF,0xFF,0xFF,0xFF,0xFF,0xFF,0xFF,0xFF,
    0xFF,0xFF,0xFF,0xFF,0xFF,0xFF,0xFF,0xFF,0xFF,0xFF,0xFF,0xFF,0xFF,0xFF,0xFF,0xFF,
    0xFF,0xFF,0xFF,0xFF,0xFF,0xFF,0xFF,0xFF,0xFF,0xFF,0xFF,0xFF,0xFF,0xFF,0xFF,0xFF,
    0xFF,0xFF,0xFF,0xFF,0xFF,0xFF,0xFF,0xFF,0xFF,0xFF,0xFF,0xFF,0xFF,0xFF,0xFF,0xFF,
    0xFF,0xDC,0xC0,0xFF,0xFF,0xFF,0xFF,0xFF,0xFF,0xFF,0xFF,0xFF,0xFF,0xFF,0xFF,0xFF,
    0xFF,0xFF,0xFF,0xFF,0xFF,0xFF,0xFF,0xFF,0xFF,0xFF,0xFF,0xFF,0xFF,0xFF,0xFF,0xFF,
    0xFF,0xFF,0xFF,0xFF,0xFF,0xFF,0xFF,0xFF,0xFF,0xFF,0xFF,0xFF,0xFF,0xFF,0xFF,0xFF,
    0xFF,0xFF,0xFF,0xFF,0xFF,0xFF,0xFF,0xFF,0xFF,0xFF,0xFF,0xFF,0xFF,0xFF,0xFF,0xFF,
    0xFF,0xFF,0xFF,0xFF,0xFF,0xFF,0xFF,0xFF,0xFF,0xFF,0xFF,0xFF,0xFF,0xFF,0xFF,0xFF,
    0xFF,0xFF,0xFF,0xFF,0xFF,0xFF,0xFF,0xFF,0xFF,0xFF,0xFF,0xC0,0xA1,0xFF,0xFF,0xFF,
    0xFF,0xFF,0xFF,0xFF,0xFF,0xFF,0xFF,0xFF,0xFF,0xFF,0xFF,0xFF,0xFF,0xFF,0xFF,0xFF,
    0xFF,0xFF,0xFF,0xFF,0xFF,0xFF,0xFF,0xFF,0xFF,0xFF,0xFF,0xFF,0xFF,0xFF,0xFF,0xFF,
    0xFF,0xFF,0xFF,0xFF,0xFF,0xFF,0xFF,0xFF,0xFF,0xFF,0xFF,0xFF,0xFF,0xFF,0xFF,0xFF,
    0xFF,0xFF,0xFF,0xFF,0xFF,0xFF,0xFF,0xFF,0xFF,0xFF,0xFF,0xFF,0xFF,0xFF,0xFF,0xFF,
    0xFF,0xFF,0xFF,0xFF,0xFF,0xFF,0xFF,0xFF,0xFF,0xFF,0xFF,0xFF,0xFF,0xFF,0xFF,0xFF,
    0xFF,0xFF,0xFF,0xFF,0xFF,0xA1,0x80,0xFF,0xFF,0xFF,0xFF,0xFF,0xFF,0xFF,0xFF,0xFF,
    0xFF,0xFF,0xFF,0xFF,0xFF,0xFF,0xFF,0xFF,0xFF,0xFF,0xFF,0xFF,0xFF,0xFF,0xFF,0xFF,
    0xFF,0xFF,0xFF,0xFF,0xFF,0xFF,0xFF,0xFF,0xFF,0xFF,0xFF,0xFF,0xFF,0xFF,0xFF,0xFF,
    0xFF,0xFF,0xFF,0xFF,0xFF,0xFF,0xFF,0xFF,0xFF,0xFF,0xFF,0xFF,0xFF,0xFF,0xFF,0xFF,
    0xFF,0xFF,0xFF,0xFF,0xFF,0xFF,0xFF,0xFF,0xFF,0xFF,0xFF,0xFF,0xFF,0xFF,0xFF,0xFF,
    0xFF,0xFF,0xFF,0xFF,0xFF,0xFF,0xFF,0xFF,0xFF,0xFF,0xFF,0xFF,0xFF,0xFF,0xFF,0x80,
    0x54,0xFF,0xFF,0xFF,0xFF,0xFF,0xFF,0xFF,0xFF,0xFF,0xFF,0xFF,0xFF,0xFF,0xFF,0xFF,
    0xFF,0xFF,0xFF,0xFF,0xFF,0xFF,0xFF,0xFF,0xFF,0xFF,0xFF,0xFF,0xFF,0xFF,0xFF,0xFF,
    0xFF,0xFF,0xFF,0xFF,0xFF,0xFF,0xFF,0xFF,0xFF,0xFF,0xFF,0xFF,0xFF,0xFF,0xFF,0xFF,
    0xFF,0xFF,0xFF,0xFF,0xFF,0xFF,0xFF,0xFF,0xFF,0xFF,0xFF,0xFF,0xFF,0xFF,0xFF,0xFF,
    0xFF,0xFF,0xFF,0xFF,0xFF,0xFF,0xFF,0xFF,0xFF,0xFF,0xFF,0xFF,0xFF,0xFF,0xFF,0xFF,
    0xFF,0xFF,0xFF,0xFF,0xFF,0xFF,0xFF,0xFF,0xFF,0x54,0x21,0xFE,0xFF,0xFF,0xFF,0xFF,
    0xFF,0xFF,0xFF,0xFF,0xFF,0xFF,0xFF,0xFF,0xFF,0xFF,0xFF,0xFF,0xFF,0xFF,0xFF,0xFF,
    0xFF,0xFF,0xFF,0xFF,0xFF,0xFF,0xFF,0xFF,0xFF,0xFF,0xFF,0xFF,0xFF,0xFF,0xFF,0xFF,
    0xFF,0xFF,0xFF,0xFF,0xFF,0xFF,0xFF,0xFF,0xFF,0xFF,0xFF,0xFF,0xFF,0xFF,0xFF,0xFF,
    0xFF,0xFF,0xFF,0xFF,0xFF,0xFF,0xFF,0xFF,0xFF,0xFF,0xFF,0xFF,0xFF,0xFF,0xFF,0xFF,
    0xFF,0xFF,0xFF,0xFF,0xFF,0xFF,0xFF,0xFF,0xFF,0xFF,0xFF,0xFF,0xFF,0xFF,0xFF,0xFF,
    0xFF,0xFF,0xFE,0x21,0x01,0xEE,0xFF,0xFF,0xFF,0xFF,0xFF,0xFF,0xFF,0xFF,0xFF,0xFF,
    0xFF,0xFF,0xFF,0xFF,0xFF,0xFF,0xFF,0xFF,0xFF,0xFF,0xFF,0xFF,0xFF,0xFF,0xFF,0xFF,
    0xFF,0xFF,0xFF,0xFF,0xFF,0xFF,0xFF,0xFF,0xFF,0xFF,0xFF,0xFF,0xFF,0xFF,0xFF,0xFF,
    0xFF,0xFF,0xFF,0xFF,0xFF,0xFF,0xFF,0xFF,0xFF,0xFF,0xFF,0xFF,0xFF,0xFF,0xFF,0xFF,
    0xFF,0xFF,0xFF,0xFF,0xFF,0xFF,0xFF,0xFF,0xFF,0xFF,0xFF,0xFF,0xFF,0xFF,0xFF,0xFF,
    0xFF,0xFF,0xFF,0xFF,0xFF,0xFF,0xFF,0xFF,0xFF,0xFF,0xFF,0xFF,0xEE,0x01,0x00,0xB9,
    0xFF,0xFF,0xFF,0xFF,0xFF,0xFF,0xFF,0xFF,0xFF,0xFF,0xFF,0xFF,0xFF,0xFF,0xFF,0xFF,
    0xFF,0xFF,0xFF,0xFF,0xFF,0xFF,0xFF,0xFF,0xFF,0xFF,0xFF,0xFF,0xFF,0xFF,0xFF,0xFF,
    0xFF,0xFF,0xFF,0xFF,0xFF,0xFF,0xFF,0xFF,0xFF,0xFF,0xFF,0xFF,0xFF,0xFF,0xFF,0xFF,
    0xFF,0xFF,0xFF,0xFF,0xFF,0xFF,0xFF,0xFF,0xFF,0xFF,0xFF,0xFF,0xFF,0xFF,0xFF,0xFF,
    0xFF,0xFF,0xFF,0xFF,0xFF,0xFF,0xFF,0xFF,0xFF,0xFF,0xFF,0xFF,0xFF,0xFF,0xFF,0xFF,
    0xFF,0xFF,0xFF,0xFF,0xFF,0xFF,0xB9,0x00,0x00,0x7F,0xFF,0xFF,0xFF,0xFF,0xFF,0xFF,
    0xFF,0xFF,0xFF,0xFF,0xFF,0xFF,0xFF,0xFF,0xFF,0xFF,0xFF,0xFF,0xFF,0xFF,0xFF,0xFF,
    0xFF,0xFF,0xFF,0xFF,0xFF,0xFF,0xFF,0xFF,0xFF,0xFF,0xFF,0xFF,0xFF,0xFF,0xFF,0xFF,
    0xFF,0xFF,0xFF,0xFF,0xFF,0xFF,0xFF,0xFF,0xFF,0xFF,0xFF,0xFF,0xFF,0xFF,0xFF,0xFF,
    0xFF,0xFF,0xFF,0xFF,0xFF,0xFF,0xFF,0xFF,0xFF,0xFF,0xFF,0xFF,0xFF,0xFF,0xFF,0xFF,
    0xFF,0xFF,0xFF,0xFF,0xFF,0xFF,0xFF,0xFF,0xFF,0xFF,0xFF,0xFF,0xFF,0xFF,0xFF,0xFF,
    0x7F,0x00,0x00,0x44,0xFF,0xFF,0xFF,0xFF,0xFF,0xFF,0xFF,0xFF,0xFF,0xFF,0xFF,0xFF,
    0xFF,0xFF,0xFF,0xFF,0xFF,0xFF,0xFF,0xFF,0xFF,0xFF,0xFF,0xFF,0xFF,0xFF,0xFF,0xFF,
    0xFF,0xFF,0xFF,0xFF,0xFF,0xFF,0xFF,0xFF,0xFF,0xFF,0xFF,0xFF,0xFF,0xFF,0xFF,0xFF,
    0xFF,0xFF,0xFF,0xFF,0xFF,0xFF,0xFF,0xFF,0xFF,0xFF,0xFF,0xFF,0xFF,0xFF,0xFF,0xFF,
    0xFF,0xFF,0xFF,0xFF,0xFF,0xFF,0xFF,0xFF,0xFF,0xFF,0xFF,0xFF,0xFF,0xFF,0xFF,0xFF,
    0xFF,0xFF,0xFF,0xFF,0xFF,0xFF,0xFF,0xFF,0xFF,0xFF,0x44,0x00,0x00,0x0A,0xF0,0xFF,
    0xFF,0xFF,0xFF,0xFF,0xFF,0xFF,0xFF,0xFF,0xFF,0xFF,0xFF,0xFF,0xFF,0xFF,0xFF,0xFF,
    0xFF,0xFF,0xFF,0xFF,0xFF,0xFF,0xFF,0xFF,0xFF,0xFF,0xFF,0xFF,0xFF,0xFF,0xFF,0xFF,
    0xFF,0xFF,0xFF,0xFF,0xFF,0xFF,0xFF,0xFF,0xFF,0xFF,0xFF,0xFF,0xFF,0xFF,0xFF,0xFF,
    0xFF,0xFF,0xFF,0xFF,0xFF,0xFF,0xFF,0xFF,0xFF,0xFF,0xFF,0xFF,0xFF,0xFF,0xFF,0xFF,
    0xFF,0xFF,0xFF,0xFF,0xFF,0xFF,0xFF,0xFF,0xFF,0xFF,0xFF,0xFF,0xFF,0xFF,0xFF,0xFF,
    0xFF,0xFF,0xFF,0xF0,0x0A,0x00,0x00,0x00,0x9F,0xFF,0xFF,0xFF,0xFF,0xFF,0xFF,0xFF,
    0xFF,0xFF,0xFF,0xFF,0xFF,0xFF,0xFF,0xFF,0xFF,0xFF,0xFF,0xFF,0xFF,0xFF,0xFF,0xFF,
    0xFF,0xFF,0xFF,0xFF,0xFF,0xFF,0xFF,0xFF,0xFF,0xFF,0xFF,0xFF,0xFF,0xFF,0xFF,0xFF,
    0xFF,0xFF,0xFF,0xFF,0xFF,0xFF,0xFF,0xFF,0xFF,0xFF,0xFF,0xFF,0xFF,0xFF,0xFF,0xFF,
    0xFF,0xFF,0xFF,0xFF,0xFF,0xFF,0xFF,0xFF,0xFF,0xFF,0xFF,0xFF,0xFF,0xFF,0xFF,0xFF,
    0xFF,0xFF,0xFF,0xFF,0xFF,0xFF,0xFF,0xFF,0xFF,0xFF,0xFF,0xFF,0xFF,0x9F,0x00,0x00,
    0x00,0x00,0x46,0xFE,0xFF,0xFF,0xFF,0xFF,0xFF,0xFF,0xFF,0xFF,0xFF,0xFF,0xFF,0xFF,
    0xFF,0xFF,0xFF,0xFF,0xFF,0xFF,0xFF,0xFF,0xFF,0xFF,0xFF,0xFF,0xFF,0xFF,0xFF,0xFF,
    0xFF,0xFF,0xFF,0xFF,0xFF,0xFF,0xFF,0xFF,0xFF,0xFF,0xFF,0xFF,0xFF,0xFF,0xFF,0xFF,
    0xFF,0xFF,0xFF,0xFF,0xFF,0xFF,0xFF,0xFF,0xFF,0xFF,0xFF,0xFF,0xFF,0xFF,0xFF,0xFF,
    0xFF,0xFF,0xFF,0xFF,0xFF,0xFF,0xFF,0xFF,0xFF,0xFF,0xFF,0xFF,0xFF,0xFF,0xFF,0xFF,
    0xFF,0xFF,0xFF,0xFF,0xFF,0xFF,0xFE,0x46,0x00,0x00,0x00,0x00,0x03,0xD7,0xFF,0xFF,
    0xFF,0xFF,0xFF,0xFF,0xFF,0xFF,0xFF,0xFF,0xFF,0xFF,0xFF,0xFF,0xFF,0xFF,0xFF,0xFF,
    0xFF,0xFF,0xFF,0xFF,0xFF,0xFF,0xFF,0xFF,0xFF,0xFF,0xFF,0xFF,0xFF,0xFF,0xFF,0xFF,
    0xFF,0xFF,0xFF,0xFF,0xFF,0xFF,0xFF,0xFF,0xFF,0xFF,0xFF,0xFF,0xFF,0xFF,0xFF,0xFF,
    0xFF,0xFF,0xFF,0xFF,0xFF,0xFF,0xFF,0xFF,0xFF,0xFF,0xFF,0xFF,0xFF,0xFF,0xFF,0xFF,
    0xFF,0xFF,0xFF,0xFF,0xFF,0xFF,0xFF,0xFF,0xFF,0xFF,0xFF,0xFF,0xFF,0xFF,0xFF,0xFF,
    0xD7,0x03,0x00,0x00,0x00,0x00,0x00,0x67,0xFF,0xFF,0xFF,0xFF,0xFF,0xFF,0xFF,0xFF,
    0xFF,0xFF,0xFF,0xFF,0xFF,0xFF,0xFF,0xFF,0xFF,0xFF,0xFF,0xFF,0xFF,0xFF,0xFF,0xFF,
    0xFF,0xFF,0xFF,0xFF,0xFF,0xFF,0xFF,0xFF,0xFF,0xFF,0xFF,0xFF,0xFF,0xFF,0xFF,0xFF,
    0xFF,0xFF,0xFF,0xFF,0xFF,0xFF,0xFF,0xFF,0xFF,0xFF,0xFF,0xFF,0xFF,0xFF,0xFF,0xFF,
    0xFF,0xFF,0xFF,0xFF,0xFF,0xFF,0xFF,0xFF,0xFF,0xFF,0xFF,0xFF,0xFF,0xFF,0xFF,0xFF,
    0xFF,0xFF,0xFF,0xFF,0xFF,0xFF,0xFF,0xFF,0xFF,0xFF,0x67,0x00,0x00,0x00,0x00,0x00,
    0x00,0x0B,0xEF,0xFF,0xFF,0xFF,0xFF,0xFF,0xFF,0xFF,0xFF,0xFF,0xFF,0xFF,0xFF,0xFF,
    0xFF,0xFF,0xFF,0xFF,0xFF,0xFF,0xFF,0xFF,0xFF,0xFF,0xFF,0xFF,0xFF,0xFF,0xFF,0xFF,
    0xFF,0xFF,0xFF,0xFF,0xFF,0xFF,0xFF,0xFF,0xFF,0xFF,0xFF,0xFF,0xFF,0xFF,0xFF,0xFF,
    0xFF,0xFF,0xFF,0xFF,0xFF,0xFF,0xFF,0xFF,0xFF,0xFF,0xFF,0xFF,0xFF,0xFF,0xFF,0xFF,
    0xFF,0xFF,0xFF,0xFF,0xFF,0xFF,0xFF,0xFF,0xFF,0xFF,0xFF,0xFF,0xFF,0xFF,0xFF,0xFF,
    0xFF,0xFF,0xFF,0xEF,0x0B,0x00,0x00,0x00,0x00,0x00,0x00,0x00,0x8B,0xFF,0xFF,0xFF,
    0xFF,0xFF,0xFF,0xFF,0xFF,0xFF,0xFF,0xFF,0xFF,0xFF,0xFF,0xFF,0xFF,0xFF,0xFF,0xFF,
    0xFF,0xFF,0xFF,0xFF,0xFF,0xFF,0xFF,0xFF,0xFF,0xFF,0xFF,0xFF,0xFF,0xFF,0xFF,0xFF,
    0xFF,0xFF,0xFF,0xFF,0xFF,0xFF,0xFF,0xFF,0xFF,0xFF,0xFF,0xFF,0xFF,0xFF,0xFF,0xFF,
    0xFF,0xFF,0xFF,0xFF,0xFF,0xFF,0xFF,0xFF,0xFF,0xFF,0xFF,0xFF,0xFF,0xFF,0xFF,0xFF,
    0xFF,0xFF,0xFF,0xFF,0xFF,0xFF,0xFF,0xFF,0xFF,0xFF,0xFF,0xFF,0xFF,0x8B,0x00,0x00,
    0x00,0x00,0x00,0x00,0x00,0x00,0x1C,0xF9,0xFF,0xFF,0xFF,0xFF,0xFF,0xFF,0xFF,0xFF,
    0xFF,0xFF,0xFF,0xFF,0xFF,0xFF,0xFF,0xFF,0xFF,0xFF,0xFF,0xFF,0xFF,0xFF,0xFF,0xFF,
    0xFF,0xFF,0xFF,0xFF,0xFF,0xFF,0xFF,0xFF,0xFF,0xFF,0xFF,0xFF,0xFF,0xFF,0xFF,0xFF,
    0xFF,0xFF,0xFF,0xFF,0xFF,0xFF,0xFF,0xFF,0xFF,0xFF,0xFF,0xFF,0xFF,0xFF,0xFF,0xFF,
    0xFF,0xFF,0xFF,0xFF,0xFF,0xFF,0xFF,0xFF,0xFF,0xFF,0xFF,0xFF,0xFF,0xFF,0xFF,0xFF,
    0xFF,0xFF,0xFF,0xFF,0xFF,0xFF,0xF9,0x1C,0x00,0x00,0x00,0x00,0x00,0x00,0x00,0x00,
    0x00,0x94,0xFF,0xFF,0xFF,0xFF,0xFF,0xFF,0xFF,0xFF,0xFF,0xFF,0xFF,0xFF,0xFF,0xFF,
    0xFF,0xFF,0xFF,0xFF,0xFF,0xFF,0xFF,0xFF,0xFF,0xFF,0xFF,0xFF,0xFF,0xFF,0xFF,0xFF,
    0xFF,0xFF,0xFF,0xFF,0xFF,0xFF,0xFF,0xFF,0xFF,0xFF,0xFF,0xFF,0xFF,0xFF,0xFF,0xFF,
    0xFF,0xFF,0xFF,0xFF,0xFF,0xFF,0xFF,0xFF,0xFF,0xFF,0xFF,0xFF,0xFF,0xFF,0xFF,0xFF,
    0xFF,0xFF,0xFF,0xFF,0xFF,0xFF,0xFF,0xFF,0xFF,0xFF,0xFF,0xFF,0xFF,0xFF,0xFF,0xFF,
    0x94,0x00,0x00,0x00,0x00,0x00,0x00,0x00,0x00,0x00,0x00,0x12,0xE3,0xFF,0xFF,0xFF,
    0xFF,0xFF,0xFF,0xFF,0xFF,0xFF,0xFF,0xFF,0xFF,0xFF,0xFF,0xFF,0xFF,0xFF,0xFF,0xFF,
    0xFF,0xFF,0xFF,0xFF,0xFF,0xFF,0xFF,0xFF,0xFF,0xFF,0xFF,0xFF,0xFF,0xFF,0xFF,0xFF,
    0xFF,0xFF,0xFF,0xFF,0xFF,0xFF,0xFF,0xFF,0xFF,0xFF,0xFF,0xFF,0xFF,0xFF,0xFF,0xFF,
    0xFF,0xFF,0xFF,0xFF,0xFF,0xFF,0xFF,0xFF,0xFF,0xFF,0xFF,0xFF,0xFF,0xFF,0xFF,0xFF,
    0xFF,0xFF,0xFF,0xFF,0xFF,0xFF,0xFF,0xFF,0xFF,0xE3,0x12,0x00,0x00,0x00,0x00,0x00,
    0x00,0x00,0x00,0x00,0x00,0x00,0x50,0xFF,0xFF,0xFF,0xFF,0xFF,0xFF,0xFF,0xFF,0xFF,
    0xFF,0xFF,0xFF,0xFF,0xFF,0xFF,0xFF,0xFF,0xFF,0xFF,0xFF,0xFF,0xFF,0xFF,0xFF,0xFF,
    0xFF,0xFF,0xFF,0xFF,0xFF,0xFF,0xFF,0xFF,0xFF,0xFF,0xFF,0xFF,0xFF,0xFF,0xFF,0xFF,
    0xFF,0xFF,0xFF,0xFF,0xFF,0xFF,0xFF,0xFF,0xFF,0xFF,0xFF,0xFF,0xFF,0xFF,0xFF,0xFF,
    0xFF,0xFF,0xFF,0xFF,0xFF,0xFF,0xFF,0xFF,0xFF,0xFF,0xFF,0xFF,0xFF,0xFF,0xFF,0xFF,
    0xFF,0xFF,0xFF,0x50,0x00,0x00,0x00,0x00,0x00,0x00,0x00,0x00,0x00,0x00,0x00,0x00,
    0x01,0xBA,0xFF,0xFF,0xFF,0xFF,0xFF,0xFF,0xFF,0xFF,0xFF,0xFF,0xFF,0xFF,0xFF,0xFF,
    0xFF,0xFF,0xFF,0xFF,0xFF,0xFF,0xFF,0xFF,0xFF,0xFF,0xFF,0xFF,0xFF,0xFF,0xFF,0xFF,
    0xFF,0xFF,0xFF,0xFF,0xFF,0xFF,0xFF,0xFF,0xFF,0xFF,0xFF,0xFF,0xFF,0xFF,0xFF,0xFF,
    0xFF,0xFF,0xFF,0xFF,0xFF,0xFF,0xFF,0xFF,0xFF,0xFF,0xFF,0xFF,0xFF,0xFF,0xFF,0xFF,
    0xFF,0xFF,0xFF,0xFF,0xFF,0xFF,0xFF,0xFF,0xFF,0xFF,0xFF,0xFF,0xBA,0x01,0x00,0x00,
    0x00,0x00,0x00,0x00,0x00,0x00,0x00,0x00,0x00,0x00,0x00,0x29,0xF3,0xFF,0xFF,0xFF,
    0xFF,0xFF,0xFF,0xFF,0xFF,0xFF,0xFF,0xFF,0xFF,0xFF,0xFF,0xFF,0xFF,0xFF,0xFF,0xFF,
    0xFF,0xFF,0xFF,0xFF,0xFF,0xFF,0xFF,0xFF,0xFF,0xFF,0xFF,0xFF,0xFF,0xFF,0xFF,0xFF,
    0xFF,0xFF,0xFF,0xFF,0xFF,0xFF,0xFF,0xFF,0xFF,0xFF,0xFF,0xFF,0xFF,0xFF,0xFF,0xFF,
    0xFF,0xFF,0xFF,0xFF,0xFF,0xFF,0xFF,0xFF,0xFF,0xFF,0xFF,0xFF,0xFF,0xFF,0xFF,0xFF,
    0xFF,0xFF,0xFF,0xFF,0xFF,0xF3,0x29,0x00,0x00,0x00,0x00,0x00,0x00,0x00,0x00,0x00,
    0x00,0x00,0x00,0x00,0x00,0x00,0x5C,0xFE,0xFF,0xFF,0xFF,0xFF,0xFF,0xFF,0xFF,0xFF,
    0xFF,0xFF,0xFF,0xFF,0xFF,0xFF,0xFF,0xFF,0xFF,0xFF,0xFF,0xFF,0xFF,0xFF,0xFF,0xFF,
    0xFF,0xFF,0xFF,0xFF,0xFF,0xFF,0xFF,0xFF,0xFF,0xFF,0xFF,0xFF,0xFF,0xFF,0xFF,0xFF,
    0xFF,0xFF,0xFF,0xFF,0xFF,0xFF,0xFF,0xFF,0xFF,0xFF,0xFF,0xFF,0xFF,0xFF,0xFF,0xFF,
    0xFF,0xFF,0xFF,0xFF,0xFF,0xFF,0xFF,0xFF,0xFF,0xFF,0xFF,0xFF,0xFF,0xFF,0xFE,0x5C,
    0x00,0x00,0x00,0x00,0x00,0x00,0x00,0x00,0x00,0x00,0x00,0x00,0x00,0x00,0x00,0x00,
    0x00,0x9B,0xFF,0xFF,0xFF,0xFF,0xFF,0xFF,0xFF,0xFF,0xFF,0xFF,0xFF,0xFF,0xFF,0xFF,
    0xFF,0xFF,0xFF,0xFF,0xFF,0xFF,0xFF,0xFF,0xFF,0xFF,0xFF,0xFF,0xFF,0xFF,0xFF,0xFF,
    0xFF,0xFF,0xFF,0xFF,0xFF,0xFF,0xFF,0xFF,0xFF,0xFF,0xFF,0xFF,0xFF,0xFF,0xFF,0xFF,
    0xFF,0xFF,0xFF,0xFF,0xFF,0xFF,0xFF,0xFF,0xFF,0xFF,0xFF,0xFF,0xFF,0xFF,0xFF,0xFF,
    0xFF,0xFF,0xFF,0xFF,0xFF,0xFF,0xFF,0xFF,0x9B,0x00,0x00,0x00,0x00,0x00,0x00,0x00,
    0x00,0x00,0x00,0x00,0x00,0x00,0x00,0x00,0x00,0x00,0x00,0x07,0xC1,0xFF,0xFF,0xFF,
    0xFF,0xFF,0xFF,0xFF,0xFF,0xFF,0xFF,0xFF,0xFF,0xFF,0xFF,0xFF,0xFF,0xFF,0xFF,0xFF,
    0xFF,0xFF,0xFF,0xFF,0xFF,0xFF,0xFF,0xFF,0xFF,0xFF,0xFF,0xFF,0xFF,0xFF,0xFF,0xFF,
    0xFF,0xFF,0xFF,0xFF,0xFF,0xFF,0xFF,0xFF,0xFF,0xFF,0xFF,0xFF,0xFF,0xFF,0xFF,0xFF,
    0xFF,0xFF,0xFF,0xFF,0xFF,0xFF,0xFF,0xFF,0xFF,0xFF,0xFF,0xFF,0xFF,0xFF,0xFF,0xFF,
    0xFF,0xC1,0x07,0x00,0x00,0x00,0x00,0x00,0x00,0x00,0x00,0x00,0x00,0x00,0x00,0x00,
    0x00,0x00,0x00,0x00,0x00,0x00,0x19,0xE4,0xFF,0xFF,0xFF,0xFF,0xFF,0xFF,0xFF,0xFF,
    0xFF,0xFF,0xFF,0xFF,0xFF,0xFF,0xFF,0xFF,0xFF,0xFF,0xFF,0xFF,0xFF,0xFF,0xFF,0xFF,
    0xFF,0xFF,0xFF,0xFF,0xFF,0xFF,0xFF,0xFF,0xFF,0xFF,0xFF,0xFF,0xFF,0xFF,0xFF,0xFF,
    0xFF,0xFF,0xFF,0xFF,0xFF,0xFF,0xFF,0xFF,0xFF,0xFF,0xFF,0xFF,0xFF,0xFF,0xFF,0xFF,
    0xFF,0xFF,0xFF,0xFF,0xFF,0xFF,0xFF,0xFF,0xFF,0xFF,0xE4,0x19,0x00,0x00,0x00,0x00,
    0x00,0x00,0x00,0x00,0x00,0x00,0x00,0x00,0x00,0x00,0x00,0x00,0x00,0x00,0x00,0x00,
    0x00,0x2E,0xEC,0xFF,0xFF,0xFF,0xFF,0xFF,0xFF,0xFF,0xFF,0xFF,0xFF,0xFF,0xFF,0xFF,
    0xFF,0xFF,0xFF,0xFF,0xFF,0xFF,0xFF,0xFF,0xFF,0xFF,0xFF,0xFF,0xFF,0xFF,0xFF,0xFF,
    0xFF,0xFF,0xFF,0xFF,0xFF,0xFF,0xFF,0xFF,0xFF,0xFF,0xFF,0xFF,0xFF,0xFF,0xFF,0xFF,
    0xFF,0xFF,0xFF,0xFF,0xFF,0xFF,0xFF,0xFF,0xFF,0xFF,0xFF,0xFF,0xFF,0xFF,0xFF,0xFF,
    0xFF,0xFF,0xFF,0xEC,0x2E,0x00,0x00,0x00,0x00,0x00,0x00,0x00,0x00,0x00,0x00,0x00,
    0x00,0x00,0x00,0x00,0x00,0x00,0x00,0x00,0x00,0x00,0x00,0x00,0x30,0xE6,0xFF,0xFF,
    0xFF,0xFF,0xFF,0xFF,0xFF,0xFF,0xFF,0xFF,0xFF,0xFF,0xFF,0xFF,0xFF,0xFF,0xFF,0xFF,
    0xFF,0xFF,0xFF,0xFF,0xFF,0xFF,0xFF,0xFF,0xFF,0xFF,0xFF,0xFF,0xFF,0xFF,0xFF,0xFF,
    0xFF,0xFF,0xFF,0xFF,0xFF,0xFF,0xFF,0xFF,0xFF,0xFF,0xFF,0xFF,0xFF,0xFF,0xFF,0xFF,
    0xFF,0xFF,0xFF,0xFF,0xFF,0xFF,0xFF,0xFF,0xFF,0xFF,0xFF,0xFF,0xE6,0x30,0x00,0x00,
    0x00,0x00,0x00,0x00,0x00,0x00,0x00,0x00,0x00,0x00,0x00,0x00,0x00,0x00,0x00,0x00,
    0x00,0x00,0x00,0x00,0x00,0x00,0x00,0x30,0xEC,0xFF,0xFF,0xFF,0xFF,0xFF,0xFF,0xFF,
    0xFF,0xFF,0xFF,0xFF,0xFF,0xFF,0xFF,0xFF,0xFF,0xFF,0xFF,0xFF,0xFF,0xFF,0xFF,0xFF,
    0xFF,0xFF,0xFF,0xFF,0xFF,0xFF,0xFF,0xFF,0xFF,0xFF,0xFF,0xFF,0xFF,0xFF,0xFF,0xFF,
    0xFF,0xFF,0xFF,0xFF,0xFF,0xFF,0xFF,0xFF,0xFF,0xFF,0xFF,0xFF,0xFF,0xFF,0xFF,0xFF,
    0xFF,0xFF,0xFF,0xFF,0xFF,0xEC,0x30,0x00,0x00,0x00,0x00,0x00,0x00,0x00,0x00,0x00,
    0x00,0x00,0x00,0x00,0x00,0x00,0x00,0x00,0x00,0x00,0x00,0x00,0x00,0x00,0x00,0x00,
    0x00,0x00,0x2E,0xE4,0xFF,0xFF,0xFF,0xFF,0xFF,0xFF,0xFF,0xFF,0xFF,0xFF,0xFF,0xFF,
    0xFF,0xFF,0xFF,0xFF,0xFF,0xFF,0xFF,0xFF,0xFF,0xFF,0xFF,0xFF,0xFF,0xFF,0xFF,0xFF,
    0xFF,0xFF,0xFF,0xFF,0xFF,0xFF,0xFF,0xFF,0xFF,0xFF,0xFF,0xFF,0xFF,0xFF,0xFF,0xFF,
    0xFF,0xFF,0xFF,0xFF,0xFF,0xFF,0xFF,0xFF,0xFF,0xFF,0xFF,0xFF,0xFF,0xFF,0xE4,0x2E,
    0x00,0x00,0x00,0x00,0x00,0x00,0x00,0x00,0x00,0x00,0x00,0x00,0x00,0x00,0x00,0x00,
    0x00,0x00,0x00,0x00,0x00,0x00,0x00,0x00,0x00,0x00,0x00,0x00,0x00,0x19,0xC1,0xFF,
    0xFF,0xFF,0xFF,0xFF,0xFF,0xFF,0xFF,0xFF,0xFF,0xFF,0xFF,0xFF,0xFF,0xFF,0xFF,0xFF,
    0xFF,0xFF,0xFF,0xFF,0xFF,0xFF,0xFF,0xFF,0xFF,0xFF,0xFF,0xFF,0xFF,0xFF,0xFF,0xFF,
    0xFF,0xFF,0xFF,0xFF,0xFF,0xFF,0xFF,0xFF,0xFF,0xFF,0xFF,0xFF,0xFF,0xFF,0xFF,0xFF,
    0xFF,0xFF,0xFF,0xFF,0xFF,0xFF,0xFF,0xC1,0x19,0x00,0x00,0x00,0x00,0x00,0x00,0x00,
    0x00,0x00,0x00,0x00,0x00,0x00,0x00,0x00,0x00,0x00,0x00,0x00,0x00,0x00,0x00,0x00,
    0x00,0x00,0x00,0x00,0x00,0x00,0x00,0x00,0x07,0x9B,0xFF,0xFF,0xFF,0xFF,0xFF,0xFF,
    0xFF,0xFF,0xFF,0xFF,0xFF,0xFF,0xFF,0xFF,0xFF,0xFF,0xFF,0xFF,0xFF,0xFF,0xFF,0xFF,
    0xFF,0xFF,0xFF,0xFF,0xFF,0xFF,0xFF,0xFF,0xFF,0xFF,0xFF,0xFF,0xFF,0xFF,0xFF,0xFF,
    0xFF,0xFF,0xFF,0xFF,0xFF,0xFF,0xFF,0xFF,0xFF,0xFF,0xFF,0xFF,0xFF,0xFF,0xFF,0xFF,
    0x9B,0x07,0x00,0x00,0x00,0x00,0x00,0x00,0x00,0x00,0x00,0x00,0x00,0x00,0x00,0x00,
    0x00,0x00,0x00,0x00,0x00,0x00,0x00,0x00,0x00,0x00,0x00,0x00,0x00,0x00,0x00,0x00,
    0x00,0x00,0x00,0x00,0x5C,0xF3,0xFF,0xFF,0xFF,0xFF,0xFF,0xFF,0xFF,0xFF,0xFF,0xFF,
    0xFF,0xFF,0xFF,0xFF,0xFF,0xFF,0xFF,0xFF,0xFF,0xFF,0xFF,0xFF,0xFF,0xFF,0xFF,0xFF,
    0xFF,0xFF,0xFF,0xFF,0xFF,0xFF,0xFF,0xFF,0xFF,0xFF,0xFF,0xFF,0xFF,0xFF,0xFF,0xFF,
    0xFF,0xFF,0xFF,0xFF,0xFF,0xFF,0xFF,0xFF,0xF3,0x5C,0x00,0x00,0x00,0x00,0x00,0x00,
    0x00,0x00,0x00,0x00,0x00,0x00,0x00,0x00,0x00,0x00,0x00,0x00,0x00,0x00,0x00,0x00,
    0x00,0x00,0x00,0x00,0x00,0x00,0x00,0x00,0x00,0x00,0x00,0x00,0x00,0x00,0x00,0x28,
    0xBA,0xFF,0xFF,0xFF,0xFF,0xFF,0xFF,0xFF,0xFF,0xFF,0xFF,0xFF,0xFF,0xFF,0xFF,0xFF,
    0xFF,0xFF,0xFF,0xFF,0xFF,0xFF,0xFF,0xFF,0xFF,0xFF,0xFF,0xFF,0xFF,0xFF,0xFF,0xFF,
    0xFF,0xFF,0xFF,0xFF,0xFF,0xFF,0xFF,0xFF,0xFF,0xFF,0xFF,0xFF,0xFF,0xFF,0xFF,0xFF,
    0xFF,0xBA,0x28,0x00,0x00,0x00,0x00,0x00,0x00,0x00,0x00,0x00,0x00,0x00,0x00,0x00,
    0x00,0x00,0x00,0x00,0x00,0x00,0x00,0x00,0x00,0x00,0x00,0x00,0x00,0x00,0x00,0x00,
    0x00,0x00,0x00,0x00,0x00,0x00,0x00,0x00,0x00,0x00,0x00,0x4F,0xE4,0xFF,0xFF,0xFF,
    0xFF,0xFF,0xFF,0xFF,0xFF,0xFF,0xFF,0xFF,0xFF,0xFF,0xFF,0xFF,0xFF,0xFF,0xFF,0xFF,
    0xFF,0xFF,0xFF,0xFF,0xFF,0xFF,0xFF,0xFF,0xFF,0xFF,0xFF,0xFF,0xFF,0xFF,0xFF,0xFF,
    0xFF,0xFF,0xFF,0xFF,0xFF,0xFF,0xFF,0xFF,0xFF,0xE4,0x4F,0x00,0x00,0x00,0x00,0x00,
    0x00,0x00,0x00,0x00,0x00,0x00,0x00,0x00,0x00,0x00,0x00,0x00,0x00,0x00,0x00,0x00,
    0x00,0x00,0x00,0x00,0x00,0x00,0x00,0x00,0x00,0x00,0x00,0x00,0x00,0x00,0x00,0x00,
    0x00,0x00,0x00,0x00,0x00,0x00,0x12,0x94,0xF8,0xFF,0xFF,0xFF,0xFF,0xFF,0xFF,0xFF,
    0xFF,0xFF,0xFF,0xFF,0xFF,0xFF,0xFF,0xFF,0xFF,0xFF,0xFF,0xFF,0xFF,0xFF,0xFF,0xFF,
    0xFF,0xFF,0xFF,0xFF,0xFF,0xFF,0xFF,0xFF,0xFF,0xFF,0xFF,0xFF,0xFF,0xFF,0xFF,0xFF,
    0xFF,0xF8,0x94,0x12,0x00,0x00,0x00,0x00,0x00,0x00,0x00,0x00,0x00,0x00,0x00,0x00,
    0x00,0x00,0x00,0x00,0x00,0x00,0x00,0x00,0x00,0x00,0x00,0x00,0x00,0x00,0x00,0x00,
    0x00,0x00,0x00,0x00,0x00,0x00,0x00,0x00,0x00,0x00,0x00,0x00,0x00,0x00,0x00,0x00,
    0x00,0x00,0x1B,0x8B,0xEE,0xFF,0xFF,0xFF,0xFF,0xFF,0xFF,0xFF,0xFF,0xFF,0xFF,0xFF,
    0xFF,0xFF,0xFF,0xFF,0xFF,0xFF,0xFF,0xFF,0xFF,0xFF,0xFF,0xFF,0xFF,0xFF,0xFF,0xFF,
    0xFF,0xFF,0xFF,0xFF,0xFF,0xFF,0xFF,0xFF,0xFF,0xEE,0x8B,0x1B,0x00,0x00,0x00,0x00,
    0x00,0x00,0x00,0x00,0x00,0x00,0x00,0x00,0x00,0x00,0x00,0x00,0x00,0x00,0x00,0x00,
    0x00,0x00,0x00,0x00,0x00,0x00,0x00,0x00,0x00,0x00,0x00,0x00,0x00,0x00,0x00,0x00,
    0x00,0x00,0x00,0x00,0x00,0x00,0x00,0x00,0x00,0x00,0x00,0x00,0x00,0x00,0x0B,0x67,
    0xD7,0xFF,0xFF,0xFF,0xFF,0xFF,0xFF,0xFF,0xFF,0xFF,0xFF,0xFF,0xFF,0xFF,0xFF,0xFF,
    0xFF,0xFF,0xFF,0xFF,0xFF,0xFF,0xFF,0xFF,0xFF,0xFF,0xFF,0xFF,0xFF,0xFF,0xFF,0xFF,
    0xFF,0xD7,0x67,0x0B,0x00,0x00,0x00,0x00,0x00,0x00,0x00,0x00,0x00,0x00,0x00,0x00,
    0x00,0x00,0x00,0x00,0x00,0x00,0x00,0x00,0x00,0x00,0x00,0x00,0x00,0x00,0x00,0x00,
    0x00,0x00,0x00,0x00,0x00,0x00,0x00,0x00,0x00,0x00,0x00,0x00,0x00,0x00,0x00,0x00,
    0x00,0x00,0x00,0x00,0x00,0x00,0x00,0x00,0x00,0x00,0x03,0x46,0x9F,0xF1,0xFF,0xFF,
    0xFF,0xFF,0xFF,0xFF,0xFF,0xFF,0xFF,0xFF,0xFF,0xFF,0xFF,0xFF,0xFF,0xFF,0xFF,0xFF,
    0xFF,0xFF,0xFF,0xFF,0xFF,0xFF,0xFF,0xFF,0xF1,0x9F,0x46,0x03,0x00,0x00,0x00,0x00,
    0x00,0x00,0x00,0x00,0x00,0x00,0x00,0x00,0x00,0x00,0x00,0x00,0x00,0x00,0x00,0x00,
    0x00,0x00,0x00,0x00,0x00,0x00,0x00,0x00,0x00,0x00,0x00,0x00,0x00,0x00,0x00,0x00,
    0x00,0x00,0x00,0x00,0x00,0x00,0x00,0x00,0x00,0x00,0x00,0x00,0x00,0x00,0x00,0x00,
    0x00,0x00,0x00,0x00,0x00,0x00,0x00,0x09,0x44,0x7F,0xB9,0xEE,0xFF,0xFF,0xFF,0xFF,
    0xFF,0xFF,0xFF,0xFF,0xFF,0xFF,0xFF,0xFF,0xFF,0xFF,0xFF,0xFF,0xFF,0xFF,0xEE,0xB9,
    0x7F,0x44,0x09,0x00,0x00,0x00,0x00,0x00,0x00,0x00,0x00,0x00,0x00,0x00,0x00,0x00,
    0x00,0x00,0x00,0x00,0x00,0x00,0x00,0x00,0x00,0x00,0x00,0x00,0x00,0x00,0x00,0x00,
    0x00,0x00,0x00,0x00,0x00,0x00,0x00,0x00,0x00,0x00,0x00,0x00,0x00,0x00,0x00,0x00,
    0x00,0x00,0x00,0x00,0x00,0x00,0x00,0x00,0x00,0x00,0x00,0x00,0x00,0x00,0x00,0x00,
    0x00,0x00,0x00,0x00,0x00,0x01,0x21,0x53,0x80,0xA1,0xC0,0xDC,0xED,0xF9,0xFF,0xFF,
    0xF9,0xED,0xDC,0xC0,0xA1,0x80,0x53,0x21,0x01,0x00,0x00,0x00,0x00,0x00,0x00,0x00,
    0x00,0x00,0x00,0x00,0x00,0x00,0x00,0x00,0x00,0x00,0x00,0x00,0x00,0x00,0x00,0x00,
    0x00,0x00,0x00,0x00,0x00,0x00,0x00,0x00,0x00,0x00,0x00,0x00,
};

const lv_image_dsc_t app_icon_keys = {
    .header = {
        .magic  = LV_IMAGE_HEADER_MAGIC,
        .cf     = LV_COLOR_FORMAT_RGB565A8,
        .flags  = 0,
        .w      = 90,
        .h      = 90,
        .stride = 180,
    },
    .data_size = sizeof(app_icon_keys_map),
    .data      = app_icon_keys_map,
};
