/* Generated by tools/mkassets.py. Do not edit by hand. */
#include "lvgl.h"

static const uint8_t app_icon_timer_map[] = {
    0x00,0x00,0x00,0x00,0x00,0x00,0x00,0x00,0x00,0x00,0x00,0x00,0x00,0x00,0x00,0x00,
    0x00,0x00,0x00,0x00,0x00,0x00,0x00,0x00,0x00,0x00,0x00,0x00,0x00,0x00,0x00,0x00,
    0x00,0x00,0x00,0x00,0x00,0x00,0x00,0x00,0x00,0x00,0x00,0x00,0x00,0x00,0x00,0x00,
    0x00,0x00,0x00,0x00,0x00,0x00,0x00,0x00,0x00,0x00,0x00,0x00,0x00,0x00,0x00,0x00,
    0x00,0x00,0x00,0x00,0x00,0x00,0x00,0x00,0x62,0x08,0xA3,0x10,0xA3,0x10,0xA3,0x10,
    0xA3,0x10,0xA3,0x10,0xA3,0x10,0xA3,0x10,0xA3,0x10,0xA3,0x10,0xA3,0x10,0xA3,0x10,
    0xA3,0x10,0xA3,0x10,0xA3,0x10,0xA3,0x10,0xA3,0x10,0x62,0x08,0x00,0x00,0x00,0x00,
    0x00,0x00,0x00,0x00,0x00,0x00,0x00,0x00,0x00,0x00,0x00,0x00,0x00,0x00,0x00,0x00,
    0x00,0x00,0x00,0x00,0x00,0x00,0x00,0x00,0x00,0x00,0x00,0x00,0x00,0x00,0x00,0x00,
    0x00,0x00,0x00,0x00,0x00,0x00,0x00,0x00,0x00,0x00,0x00,0x00,0x00,0x00,0x00,0x00,
    0x00,0x00,0x00,0x00,0x00,0x00,0x00,0x00,0x00,0x00,0x00,0x00,0x00,0x00,0x00,0x00,
    0x00,0x00,0x00,0x00,0x00,0x00,0x00,0x00,0x00,0x00,0x00,0x00,0x00,0x00,0x00,0x00,
    0x00,0x00,0x00,0x00,0x00,0x00,0x00,0x00,0x00,0x00,0x00,0x00,0x00,0x00,0x00,0x00,
    0x00,0x00,0x00,0x00,0x00,0x00,0x00,0x00,0x00,0x00,0x00,0x00,0x00,0x00,0x00,0x00,
    0x00,0x00,0x00,0x00,0x00,0x00,0x00,0x00,0x00,0x00,0x00,0x00,0x00,0x00,0x00,0x00,
    0x00,0x00,0xE3,0x00,0xA3,0x10,0xA3,0x10,0xA3,0x10,0xA3,0x10,0xA3,0x10,0xA3,0x10,
    0xA3,0x10,0xA3,0x10,0xA3,0x10,0xA3,0x10,0xA3,0x10,0xA3,0x10,0xA3,0x10,0xA3,0x10,
    0xA3,0x10,0xA3,0x10,0xA3,0x10,0xA3,0x10,0xA3,0x10,0xA3,0x10,0xA3,0x10,0xA3,0x10,
    0xA3,0x10,0xA3,0x10,0xA3,0x10,0xA3,0x10,0xE3,0x00,0x00,0x00,0x00,0x00,0x00,0x00,
    0x00,0x00,0x00,0x00,0x00,0x00,0x00,0x00,0x00,0x00,0x00,0x00,0x00,0x00,0x00,0x00,
    0x00,0x00,0x00,0x00,0x00,0x00,0x00,0x00,0x00,0x00,0x00,0x00,0x00,0x00,0x00,0x00,
    0x00,0x00,0x00,0x00,0x00,0x00,0x00,0x00,0x00,0x00,0x00,0x00,0x00,0x00,0x00,0x00,
    0x00,0x00,0x00,0x00,0x00,0x00,0x00,0x00,0x00,0x00,0x00,0x00,0x00,0x00,0x00,0x00,
    0x00,0x00,0x00,0x00,0x00,0x00,0x00,0x00,0x00,0x00,0x00,0x00,0x00,0x00,0x00,0x00,
    0x00,0x00,0x00,0x00,0x00,0x00,0x00,0x00,0x00,0x00,0x00,0x00,0x00,0x00,0x00,0x00,
    0x00,0x00,0x00,0x00,0x00,0x00,0x00,0x00,0x00,0x00,0x00,0x00,0x00,0x00,0x00,0x00,
    0x00,0x00,0xA3,0x10,0xA3,0x10,0xA3,0x10,0xA3,0x10,0xA3,0x10,0xA3,0x10,0xA3,0x10,
    0xA3,0x10,0xA3,0x10,0xA3,0x10,0xA3,0x10,0xA3,0x10,0xA3,0x10,0xA3,0x10,0xA3,0x10,
    0xA3,0x10,0xA3,0x10,0xA3,0x10,0xA3,0x10,0xA3,0x10,0xA3,0x10,0xA3,0x10,0xA3,0x10,
    0xA3,0x10,0xA3,0x10,0xA3,0x10,0xA3,0x10,0xA3,0x10,0xA3,0x10,0xA3,0x10,0xA3,0x10,
    0xA3,0x10,0x00,0x00,0x00,0x00,0x00,0x00,0x00,0x00,0x00,0x00,0x00,0x00,0x00,0x00,
    0x00,0x00,0x00,0x00,0x00,0x00,0x00,0x00,0x00,0x00,0x00,0x00,0x00,0x00,0x00,0x00,
    0x00,0x00,0x00,0x00,0x00,0x00,0x00,0x00,0x00,0x00,0x00,0x00,0x00,0x00,0x00,0x00,
    0x00,0x00,0x00,0x00,0x00,0x00,0x00,0x00,0x00,0x00,0x00,0x00,0x00,0x00,0x00,0x00,
    0x00,0x00,0x00,0x00,0x00,0x00,0x00,0x00,0x00,0x00,0x00,0x00,0x00,0x00,0x00,0x00,
    0x00,0x00,0x00,0x00,0x00,0x00,0x00,0x00,0x00,0x00,0x00,0x00,0x00,0x00,0x00,0x00,
    0x00,0x00,0x00,0x00,0x00,0x00,0x00,0x00,0x00,0x00,0x00,0x00,0x00,0x00,0x00,0x00,
    0xA2,0x10,0xA3,0x10,0xA3,0x10,0xA3,0x10,0xA3,0x10,0xA3,0x10,0xA3,0x10,0xA3,0x10,
    0xA3,0x10,0xA3,0x10,0xA3,0x10,0xA3,0x10,0xA3,0x10,0xA3,0x10,0xA3,0x10,0xA3,0x10,
    0xA3,0x10,0xA3,0x10,0xA3,0x10,0xA3,0x10,0xA3,0x10,0xA3,0x10,0xA3,0x10,0xA3,0x10,
    0xA3,0x10,0xA3,0x10,0xA3,0x10,0xA3,0x10,0xA3,0x10,0xA3,0x10,0xA3,0x10,0xA3,0x10,
    0xA3,0x10,0xA3,0x10,0xA3,0x10,0xA3,0x10,0xA3,0x10,0xA2,0x10,0x00,0x00,0x00,0x00,
    0x00,0x00,0x00,0x00,0x00,0x00,0x00,0x00,0x00,0x00,0x00,0x00,0x00,0x00,0x00,0x00,
    0x00,0x00,0x00,0x00,0x00,0x00,0x00,0x00,0x00,0x00,0x00,0x00,0x00,0x00,0x00,0x00,
    0x00,0x00,0x00,0x00,0x00,0x00,0x00,0x00,0x00,0x00,0x00,0x00,0x00,0x00,0x00,0x00,
    0x00,0x00,0x00,0x00,0x00,0x00,0x00,0x00,0x00,0x00,0x00,0x00,0x00,0x00,0x00,0x00,
    0x00,0x00,0x00,0x00,0x00,0x00,0x00,0x00,0x00,0x00,0x00,0x00,0x00,0x00,0x00,0x00,
    0x00,0x00,0x00,0x00,0x00,0x00,0x00,0x00,0x00,0x00,0x00,0x00,0x00,0x00,0x00,0x00,
    0x83,0x10,0xA3,0x10,0xA3,0x10,0xA3,0x10,0xA3,0x10,0xA3,0x10,0xA3,0x10,0xA3,0x10,
    0xA3,0x10,0xA3,0x10,0xA3,0x10,0xA3,0x10,0xA3,0x10,0xA3,0x10,0xA3,0x10,0xA3,0x10,
    0xA3,0x10,0xA3,0x10,0xA3,0x10,0xA3,0x10,0xA3,0x10,0xA3,0x10,0xA3,0x10,0xA3,0x10,
    0xA3,0x10,0xA3,0x10,0xA3,0x10,0xA3,0x10,0xA3,0x10,0xA3,0x10,0xA3,0x10,0xA3,0x10,
    0xA3,0x10,0xA3,0x10,0xA3,0x10,0xA3,0x10,0xA3,0x10,0xA3,0x10,0xA3,0x10,0xA3,0x10,
    0xA3,0x10,0x83,0x10,0x00,0x00,0x00,0x00,0x00,0x00,0x00,0x00,0x00,0x00,0x00,0x00,
    0x00,0x00,0x00,0x00,0x00,0x00,0x00,0x00,0x00,0x00,0x00,0x00,0x00,0x00,0x00,0x00,
    0x00,0x00,0x00,0x00,0x00,0x00,0x00,0x00,0x00,0x00,0x00,0x00,0x00,0x00,0x00,0x00,
    0x00,0x00,0x00,0x00,0x00,0x00,0x00,0x00,0x00,0x00,0x00,0x00,0x00,0x00,0x00,0x00,
    0x00,0x00,0x00,0x00,0x00,0x00,0x00,0x00,0x00,0x00,0x00,0x00,0x00,0x00,0x00,0x00,
    0x00,0x00,0x00,0x00,0x00,0x00,0x00,0x00,0x00,0x00,0x00,0x00,0x00,0x00,0x00,0x00,
    0x63,0x08,0xA3,0x10,0xA3,0x10,0xA3,0x10,0xA3,0x10,0xA3,0x10,0xA3,0x10,0xA3,0x10,
    0xA3,0x10,0xA3,0x10,0xA3,0x10,0xA3,0x10,0xA3,0x10,0xA3,0x10,0xA3,0x10,0xA3,0x10,
    0xA3,0x10,0xA3,0x10,0xA3,0x10,0xA3,0x10,0xA3,0x10,0xA3,0x10,0xA3,0x10,0xA3,0x10,
    0xA3,0x10,0xA3,0x10,0xA3,0x10,0xA3,0x10,0xA3,0x10,0xA3,0x10,0xA3,0x10,0xA3,0x10,
    0xA3,0x10,0xA3,0x10,0xA3,0x10,0xA3,0x10,0xA3,0x10,0xA3,0x10,0xA3,0x10,0xA3,0x10,
    0xA3,0x10,0xA3,0x10,0xA3,0x10,0xA3,0x10,0xA3,0x10,0x63,0x08,0x00,0x00,0x00,0x00,
    0x00,0x00,0x00,0x00,0x00,0x00,0x00,0x00,0x00,0x00,0x00,0x00,0x00,0x00,0x00,0x00,
    0x00,0x00,0x00,0x00,0x00,0x00,0x00,0x00,0x00,0x00,0x00,0x00,0x00,0x00,0x00,0x00,
    0x00,0x00,0x00,0x00,0x00,0x00,0x00,0x00,0x00,0x00,0x00,0x00,0x00,0x00,0x00,0x00,
    0x00,0x00,0x00,0x00,0x00,0x00,0x00,0x00,0x00,0x00,0x00,0x00,0x00,0x00,0x00,0x00,
    0x00,0x00,0x00,0x00,0x00,0x00,0x00,0x00,0x00,0x00,0x00,0x00,0x00,0x00,0x00,0x00,
    0x00,0x00,0x82,0x10,0xA3,0x10,0xA3,0x10,0xA3,0x10,0xA3,0x10,0xA3,0x10,0xA3,0x10,
    0xA3,0x10,0xA3,0x10,0xA3,0x10,0xA3,0x10,0xA3,0x10,0xA3,0x10,0xA3,0x10,0xA3,0x10,
    0xA3,0x10,0xA3,0x10,0xA3,0x10,0xA3,0x10,0xA3,0x10,0xA3,0x10,0xA3,0x10,0xA3,0x10,
    0xA3,0x10,0xA3,0x10,0xA3,0x10,0xA3,0x10,0xA3,0x10,0xA3,0x10,0xA3,0x10,0xA3,0x10,
    0xA3,0x10,0xA3,0x10,0xA3,0x10,0xA3,0x10,0xA3,0x10,0xA3,0x10,0xA3,0x10,0xA3,0x10,
    0xA3,0x10,0xA3,0x10,0xA3,0x10,0xA3,0x10,0xA3,0x10,0xA3,0x10,0xA3,0x10,0xA3,0x10,
    0x82,0x10,0x00,0x00,0x00,0x00,0x00,0x00,0x00,0x00,0x00,0x00,0x00,0x00,0x00,0x00,
    0x00,0x00,0x00,0x00,0x00,0x00,0x00,0x00,0x00,0x00,0x00,0x00,0x00,0x00,0x00,0x00,
    0x00,0x00,0x00,0x00,0x00,0x00,0x00,0x00,0x00,0x00,0x00,0x00,0x00,0x00,0x00,0x00,
    0x00,0x00,0x00,0x00,0x00,0x00,0x00,0x00,0x00,0x00,0x00,0x00,0x00,0x00,0x00,0x00,
    0x00,0x00,0x00,0x00,0x00,0x00,0x00,0x00,0x00,0x00,0x00,0x00,0x00,0x00,0x00,0x00,
    0x00,0x00,0x83,0x10,0xA3,0x10,0xA3,0x10,0xA3,0x10,0xA3,0x10,0xA3,0x10,0xA3,0x10,
    0xA3,0x10,0xA3,0x10,0xA3,0x10,0xA3,0x10,0xA3,0x10,0xA3,0x10,0xA3,0x10,0xA3,0x10,
    0xA3,0x10,0xA3,0x10,0xA3,0x10,0xA3,0x10,0xA3,0x10,0xA3,0x10,0xA3,0x10,0xA3,0x10,
    0xA3,0x10,0xA3,0x10,0xA3,0x10,0xA3,0x10,0xA3,0x10,0xA3,0x10,0xA3,0x10,0xA3,0x10,
    0xA3,0x10,0xA3,0x10,0xA3,0x10,0xA3,0x10,0xA3,0x10,0xA3,0x10,0xA3,0x10,0xA3,0x10,
    0xA3,0x10,0xA3,0x10,0xA3,0x10,0xA3,0x10,0xA3,0x10,0xA3,0x10,0xA3,0x10,0xA3,0x10,
    0xA3,0x10,0xA3,0x10,0xA3,0x10,0xA3,0x10,0x83,0x10,0x00,0x00,0x00,0x00,0x00,0x00,
    0x00,0x00,0x00,0x00,0x00,0x00,0x00,0x00,0x00,0x00,0x00,0x00,0x00,0x00,0x00,0x00,
    0x00,0x00,0x00,0x00,0x00,0x00,0x00,0x00,0x00,0x00,0x00,0x00,0x00,0x00,0x00,0x00,
    0x00,0x00,0x00,0x00,0x00,0x00,0x00,0x00,0x00,0x00,0x00,0x00,0x00,0x00,0x00,0x00,
    0x00,0x00,0x00,0x00,0x00,0x00,0x00,0x00,0x00,0x00,0x00,0x00,0x00,0x00,0x00,0x00,
    0x00,0x00,0x00,0x00,0x83,0x10,0xA3,0x10,0xA3,0x10,0xA3,0x10,0xA3,0x10,0xA3,0x10,
    0xA3,0x10,0xA3,0x10,0xA3,0x10,0xA3,0x10,0xA3,0x10,0xA3,0x10,0xA3,0x10,0xA3,0x10,
    0xA3,0x10,0xA3,0x10,0xA3,0x10,0xA3,0x10,0xA3,0x10,0xA3,0x10,0xA3,0x10,0xA3,0x10,
    0xA3,0x10,0xA3,0x10,0xA3,0x10,0xA3,0x10,0xA3,0x10,0xA3,0x10,0xA3,0x10,0xA3,0x10,
    0xA3,0x10,0xA3,0x10,0xA3,0x10,0xA3,0x10,0xA3,0x10,0xA3,0x10,0xA3,0x10,0xA3,0x10,
    0xA3,0x10,0xA3,0x10,0xA3,0x10,0xA3,0x10,0xA3,0x10,0xA3,0x10,0xA3,0x10,0xA3,0x10,
    0xA3,0x10,0xA3,0x10,0xA3,0x10,0xA3,0x10,0xA3,0x10,0xA3,0x10,0xA3,0x10,0x83,0x10,
    0x00,0x00,0x00,0x00,0x00,0x00,0x00,0x00,0x00,0x00,0x00,0x00,0x00,0x00,0x00,0x00,
    0x00,0x00,0x00,0x00,0x00,0x00,0x00,0x00,0x00,0x00,0x00,0x00,0x00,0x00,0x00,0x00,
    0x00,0x00,0x00,0x00,0x00,0x00,0x00,0x00,0x00,0x00,0x00,0x00,0x00,0x00,0x00,0x00,
    0x00,0x00,0x00,0x00,0x00,0x00,0x00,0x00,0x00,0x00,0x00,0x00,0x00,0x00,0x00,0x00,
    0x00,0x00,0x00,0x00,0x24,0x01,0x83,0x10,0xA3,0x10,0xA3,0x10,0xA3,0x10,0xA3,0x10,
    0xA3,0x10,0xA3,0x10,0xA3,0x10,0xA3,0x10,0xA3,0x10,0xA3,0x10,0xA3,0x10,0xA3,0x10,
    0xA3,0x10,0xA3,0x10,0xA3,0x10,0xA3,0x10,0xA3,0x10,0xA3,0x10,0xA3,0x10,0xA3,0x10,
    0xA3,0x10,0xA3,0x10,0xA3,0x10,0xA3,0x10,0xA3,0x10,0xA3,0x10,0xA3,0x10,0xA3,0x10,
    0xA3,0x10,0xA3,0x10,0xA3,0x10,0xA3,0x10,0xA3,0x10,0xA3,0x10,0xA3,0x10,0xA3,0x10,
    0xA3,0x10,0xA3,0x10,0xA3,0x10,0xA3,0x10,0xA3,0x10,0xA3,0x10,0xA3,0x10,0xA3,0x10,
    0xA3,0x10,0xA3,0x10,0xA3,0x10,0xA3,0x10,0xA3,0x10,0xA3,0x10,0xA3,0x10,0xA3,0x10,
    0xA3,0x10,0xA3,0x10,0x83,0x10,0x24,0x01,0x00,0x00,0x00,0x00,0x00,0x00,0x00,0x00,
    0x00,0x00,0x00,0x00,0x00,0x00,0x00,0x00,0x00,0x00,0x00,0x00,0x00,0x00,0x00,0x00,
    0x00,0x00,0x00,0x00,0x00,0x00,0x00,0x00,0x00,0x00,0x00,0x00,0x00,0x00,0x00,0x00,
    0x00,0x00,0x00,0x00,0x00,0x00,0x00,0x00,0x00,0x00,0x00,0x00,0x00,0x00,0x00,0x00,
    0x00,0x00,0x00,0x00,0x00,0x00,0xA2,0x10,0xA3,0x10,0xA3,0x10,0xA3,0x10,0xA3,0x10,
    0xA3,0x10,0xA3,0x10,0xA3,0x10,0xA3,0x10,0xA3,0x10,0xA3,0x10,0xA3,0x10,0xA3,0x10,
    0xA3,0x10,0xA3,0x10,0xA3,0x10,0xA3,0x10,0xA3,0x10,0xA3,0x10,0xA3,0x10,0xA3,0x10,
    0xA3,0x10,0xA3,0x10,0xA3,0x10,0xA3,0x10,0xA3,0x10,0xA3,0x10,0xA3,0x10,0xA3,0x10,
    0xA3,0x10,0xA3,0x10,0xA3,0x10,0xA3,0x10,0xA3,0x10,0xA3,0x10,0xA3,0x10,0xA3,0x10,
    0xA3,0x10,0xA3,0x10,0xA3,0x10,0xA3,0x10,0xA3,0x10,0xA3,0x10,0xA3,0x10,0xA3,0x10,
    0xA3,0x10,0xA3,0x10,0xA3,0x10,0xA3,0x10,0xA3,0x10,0xA3,0x10,0xA3,0x10,0xA3,0x10,
    0xA3,0x10,0xA3,0x10,0xA3,0x10,0xA3,0x10,0xA3,0x10,0xA3,0x10,0xA2,0x10,0x00,0x00,
    0x00,0x00,0x00,0x00,0x00,0x00,0x00,0x00,0x00,0x00,0x00,0x00,0x00,0x00,0x00,0x00,
    0x00,0x00,0x00,0x00,0x00,0x00,0x00,0x00,0x00,0x00,0x00,0x00,0x00,0x00,0x00,0x00,
    0x00,0x00,0x00,0x00,0x00,0x00,0x00,0x00,0x00,0x00,0x00,0x00,0x00,0x00,0x00,0x00,
    0x00,0x00,0x00,0x00,0x00,0x00,0x00,0x00,0x82,0x08,0xA3,0x10,0xA3,0x10,0xA3,0x10,
    0xA3,0x10,0xA3,0x10,0xA3,0x10,0xA3,0x10,0xA3,0x10,0xA3,0x10,0xA3,0x10,0xA3,0x10,
    0xA3,0x10,0xA3,0x10,0xA3,0x10,0xA3,0x10,0xA3,0x10,0xA3,0x10,0xA3,0x10,0xA3,0x10,
    0xA3,0x10,0xA3,0x10,0xA3,0x10,0xA3,0x10,0xA3,0x10,0xA3,0x10,0xA3,0x10,0xA3,0x10,
    0xA3,0x10,0xA3,0x10,0xA3,0x10,0xA3,0x10,0xA3,0x10,0xA3,0x10,0xA3,0x10,0xA3,0x10,
    0xA3,0x10,0xA3,0x10,0xA3,0x10,0xA3,0x10,0xA3,0x10,0xA3,0x10,0xA3,0x10,0xA3,0x10,
    0xA3,0x10,0xA3,0x10,0xA3,0x10,0xA3,0x10,0xA3,0x10,0xA3,0x10,0xA3,0x10,0xA3,0x10,
    0xA3,0x10,0xA3,0x10,0xA3,0x10,0xA3,0x10,0xA3,0x10,0xA3,0x10,0xA3,0x10,0xA3,0x10,
    0xA3,0x10,0x82,0x08,0x00,0x00,0x00,0x00,0x00,0x00,0x00,0x00,0x00,0x00,0x00,0x00,
    0x00,0x00,0x00,0x00,0x00,0x00,0x00,0x00,0x00,0x00,0x00,0x00,0x00,0x00,0x00,0x00,
    0x00,0x00,0x00,0x00,0x00,0x00,0x00,0x00,0x00,0x00,0x00,0x00,0x00,0x00,0x00,0x00,
    0x00,0x00,0x00,0x00,0x00,0x00,0x00,0x00,0x00,0x00,0xA3,0x10,0xA3,0x10,0xA3,0x10,
    0xA3,0x10,0xA3,0x10,0xA3,0x10,0xA3,0x10,0xA3,0x10,0xA3,0x10,0xA3,0x10,0xA3,0x10,
    0xA3,0x10,0xA3,0x10,0xA3,0x10,0xA3,0x10,0xA3,0x10,0xA3,0x10,0xA3,0x10,0xA3,0x10,
    0xA3,0x10,0xA3,0x10,0xA3,0x10,0xA3,0x10,0xA3,0x10,0xA3,0x10,0xA3,0x10,0xA3,0x10,
    0xA3,0x10,0xA3,0x10,0xA3,0x10,0xA3,0x10,0xA3,0x10,0xA3,0x10,0xA3,0x10,0xA3,0x10,
    0xA3,0x10,0xA3,0x10,0xA3,0x10,0xA3,0x10,0xA3,0x10,0xA3,0x10,0xA3,0x10,0xA3,0x10,
    0xA3,0x10,0xA3,0x10,0xA3,0x10,0xA3,0x10,0xA3,0x10,0xA3,0x10,0xA3,0x10,0xA3,0x10,
    0xA3,0x10,0xA3,0x10,0xA3,0x10,0xA3,0x10,0xA3,0x10,0xA3,0x10,0xA3,0x10,0xA3,0x10,
    0xA3,0x10,0xA3,0x10,0xA3,0x10,0xA3,0x10,0xA3,0x10,0x00,0x00,0x00,0x00,0x00,0x00,
    0x00,0x00,0x00,0x00,0x00,0x00,0x00,0x00,0x00,0x00,0x00,0x00,0x00,0x00,0x00,0x00,
    0x00,0x00,0x00,0x00,0x00,0x00,0x00,0x00,0x00,0x00,0x00,0x00,0x00,0x00,0x00,0x00,
    0x00,0x00,0x00,0x00,0x00,0x00,0x00,0x00,0x00,0x00,0x00,0x00,0xA3,0x10,0xA3,0x10,
    0xA3,0x10,0xA3,0x10,0xA3,0x10,0xA3,0x10,0xA3,0x10,0xA3,0x10,0xA3,0x10,0xA3,0x10,
    0xA3,0x10,0xA3,0x10,0xA3,0x10,0xA3,0x10,0xA3,0x10,0xA3,0x10,0xA3,0x10,0xA3,0x10,
    0xA3,0x10,0xA3,0x10,0xA3,0x10,0xA3,0x10,0xA3,0x10,0xA3,0x10,0xA3,0x10,0xA3,0x10,
    0xA3,0x10,0xA3,0x10,0xA3,0x10,0xA3,0x10,0xA3,0x10,0xA3,0x10,0xA3,0x10,0xA3,0x10,
    0xA3,0x10,0xA3,0x10,0xA3,0x10,0xA3,0x10,0xA3,0x10,0xA3,0x10,0xA3,0x10,0xA3,0x10,
    0xA3,0x10,0xA3,0x10,0xA3,0x10,0xA3,0x10,0xA3,0x10,0xA3,0x10,0xA3,0x10,0xA3,0x10,
    0xA3,0x10,0xA3,0x10,0xA3,0x10,0xA3,0x10,0xA3,0x10,0xA3,0x10,0xA3,0x10,0xA3,0x10,
    0xA3,0x10,0xA3,0x10,0xA3,0x10,0xA3,0x10,0xA3,0x10,0xA3,0x10,0xA3,0x10,0xA3,0x10,
    0x00,0x00,0x00,0x00,0x00,0x00,0x00,0x00,0x00,0x00,0x00,0x00,0x00,0x00,0x00,0x00,
    0x00,0x00,0x00,0x00,0x00,0x00,0x00,0x00,0x00,0x00,0x00,0x00,0x00,0x00,0x00,0x00,
    0x00,0x00,0x00,0x00,0x00,0x00,0x00,0x00,0x00,0x00,0x00,0x00,0x00,0x00,0x82,0x08,
    0xA3,0x10,0xA3,0x10,0xA3,0x10,0xA3,0x10,0xA3,0x10,0xA3,0x10,0xA3,0x10,0xA3,0x10,
    0xA3,0x10,0xA3,0x10,0xA3,0x10,0xA3,0x10,0xA3,0x10,0xA3,0x10,0xA3,0x10,0xA3,0x10,
    0xA3,0x10,0xA3,0x10,0xA3,0x10,0xA3,0x10,0xA3,0x10,0xA3,0x10,0xA3,0x10,0xA3,0x10,
    0xA3,0x10,0xA3,0x10,0xA3,0x10,0xA3,0x10,0xA3,0x10,0xA3,0x10,0xA3,0x10,0xA3,0x10,
    0xA3,0x10,0xA3,0x10,0xA3,0x10,0xA3,0x10,0xA3,0x10,0xA3,0x10,0xA3,0x10,0xA3,0x10,
    0xA3,0x10,0xA3,0x10,0xA3,0x10,0xA3,0x10,0xA3,0x10,0xA3,0x10,0xA3,0x10,0xA3,0x10,
    0xA3,0x10,0xA3,0x10,0xA3,0x10,0xA3,0x10,0xA3,0x10,0xA3,0x10,0xA3,0x10,0xA3,0x10,
    0xA3,0x10,0xA3,0x10,0xA3,0x10,0xA3,0x10,0xA3,0x10,0xA3,0x10,0xA3,0x10,0xA3,0x10,
    0xA3,0x10,0xA3,0x10,0x82,0x08,0x00,0x00,0x00,0x00,0x00,0x00,0x00,0x00,0x00,0x00,
    0x00,0x00,0x00,0x00,0x00,0x00,0x00,0x00,0x00,0x00,0x00,0x00,0x00,0x00,0x00,0x00,
    0x00,0x00,0x00,0x00,0x00,0x00,0x00,0x00,0x00,0x00,0x00,0x00,0x00,0x00,0x00,0x00,
    0xA3,0x10,0xA3,0x10,0xA3,0x10,0xA3,0x10,0xA3,0x10,0xA3,0x10,0xA3,0x10,0xA3,0x10,
    0xA3,0x10,0xA3,0x10,0xA3,0x10,0xA3,0x10,0xA3,0x10,0xA3,0x10,0xA3,0x10,0xA3,0x10,
    0xA3,0x10,0xA3,0x10,0xA3,0x10,0xA3,0x10,0xA3,0x10,0xA3,0x10,0xA3,0x10,0xA3,0x10,
    0xA3,0x10,0xA3,0x10,0xA3,0x10,0xA3,0x10,0xC3,0x10,0xC4,0x18,0xE4,0x18,0x04,0x19,
    0x04,0x19,0x05,0x21,0x05,0x21,0x9A,0x6C,0x9A,0x6C,0xF6,0x5B,0x94,0x53,0xCF,0x42,
    0xEA,0x29,0xE4,0x18,0xA3,0x10,0xA3,0x10,0xA3,0x10,0xA3,0x10,0xA3,0x10,0xA3,0x10,
    0xA3,0x10,0xA3,0x10,0xA3,0x10,0xA3,0x10,0xA3,0x10,0xA3,0x10,0xA3,0x10,0xA3,0x10,
    0xA3,0x10,0xA3,0x10,0xA3,0x10,0xA3,0x10,0xA3,0x10,0xA3,0x10,0xA3,0x10,0xA3,0x10,
    0xA3,0x10,0xA3,0x10,0xA3,0x10,0xA3,0x10,0xA3,0x10,0xA3,0x10,0x00,0x00,0x00,0x00,
    0x00,0x00,0x00,0x00,0x00,0x00,0x00,0x00,0x00,0x00,0x00,0x00,0x00,0x00,0x00,0x00,
    0x00,0x00,0x00,0x00,0x00,0x00,0x00,0x00,0x00,0x00,0x00,0x00,0x00,0x00,0x00,0x00,
    0x00,0x00,0x24,0x21,0xA3,0x10,0xA3,0x10,0xA3,0x10,0xA3,0x10,0xA3,0x10,0xA3,0x10,
    0xA3,0x10,0xA3,0x10,0xA3,0x10,0xA3,0x10,0xA3,0x10,0xA3,0x10,0xA3,0x10,0xA3,0x10,
    0xA3,0x10,0xA3,0x10,0xA3,0x10,0xA3,0x10,0xA3,0x10,0xA3,0x10,0xA3,0x10,0xA3,0x10,
    0xA3,0x10,0xA3,0x10,0xC3,0x10,0xC4,0x18,0x04,0x19,0x05,0x21,0x25,0x21,0x25,0x21,
    0x25,0x21,0x25,0x21,0x25,0x21,0x25,0x21,0x25,0x21,0x9F,0x7D,0x9F,0x7D,0x9F,0x7D,
    0x9F,0x7D,0x9F,0x7D,0x9F,0x7D,0x9F,0x7D,0x79,0x64,0x73,0x53,0x0B,0x32,0xC4,0x10,
    0xA3,0x10,0xA3,0x10,0xA3,0x10,0xA3,0x10,0xA3,0x10,0xA3,0x10,0xA3,0x10,0xA3,0x10,
    0xA3,0x10,0xA3,0x10,0xA3,0x10,0xA3,0x10,0xA3,0x10,0xA3,0x10,0xA3,0x10,0xA3,0x10,
    0xA3,0x10,0xA3,0x10,0xA3,0x10,0xA3,0x10,0xA3,0x10,0xA3,0x10,0xA3,0x10,0xA3,0x10,
    0x24,0x21,0x00,0x00,0x00,0x00,0x00,0x00,0x00,0x00,0x00,0x00,0x00,0x00,0x00,0x00,
    0x00,0x00,0x00,0x00,0x00,0x00,0x00,0x00,0x00,0x00,0x00,0x00,0x00,0x00,0x00,0x00,
    0x00,0x00,0x00,0x00,0x00,0x00,0x83,0x10,0xA3,0x10,0xA3,0x10,0xA3,0x10,0xA3,0x10,
    0xA3,0x10,0xA3,0x10,0xA3,0x10,0xA3,0x10,0xA3,0x10,0xA3,0x10,0xA3,0x10,0xA3,0x10,
    0xA3,0x10,0xA3,0x10,0xA3,0x10,0xA3,0x10,0xA3,0x10,0xA3,0x10,0xA3,0x10,0xA3,0x10,
    0xA3,0x10,0xA3,0x10,0xC3,0x10,0xE4,0x18,0x25,0x21,0x25,0x21,0x25,0x21,0x25,0x21,
    0x25,0x21,0x25,0x21,0x25,0x21,0x25,0x21,0x25,0x21,0x25,0x21,0x25,0x21,0x9F,0x7D,
    0x9F,0x7D,0x9F,0x7D,0x9F,0x7D,0x9F,0x7D,0x9F,0x7D,0x9F,0x7D,0x9F,0x7D,0x9F,0x7D,
    0x9F,0x7D,0x3E,0x7D,0x32,0x4B,0x05,0x19,0xA3,0x10,0xA3,0x10,0xA3,0x10,0xA3,0x10,
    0xA3,0x10,0xA3,0x10,0xA3,0x10,0xA3,0x10,0xA3,0x10,0xA3,0x10,0xA3,0x10,0xA3,0x10,
    0xA3,0x10,0xA3,0x10,0xA3,0x10,0xA3,0x10,0xA3,0x10,0xA3,0x10,0xA3,0x10,0xA3,0x10,
    0xA3,0x10,0xA3,0x10,0x83,0x10,0x00,0x00,0x00,0x00,0x00,0x00,0x00,0x00,0x00,0x00,
    0x00,0x00,0x00,0x00,0x00,0x00,0x00,0x00,0x00,0x00,0x00,0x00,0x00,0x00,0x00,0x00,
    0x00,0x00,0x00,0x00,0x00,0x00,0x00,0x00,0x83,0x10,0xA3,0x10,0xA3,0x10,0xA3,0x10,
    0xA3,0x10,0xA3,0x10,0xA3,0x10,0xA3,0x10,0xA3,0x10,0xA3,0x10,0xA3,0x10,0xA3,0x10,
    0xA3,0x10,0xA3,0x10,0xA3,0x10,0xA3,0x10,0xA3,0x10,0xA3,0x10,0xA3,0x10,0xA3,0x10,
    0xA3,0x10,0xA3,0x10,0xC3,0x10,0xE4,0x18,0x25,0x21,0x25,0x21,0x25,0x21,0x25,0x21,
    0x25,0x21,0x25,0x21,0x25,0x21,0x25,0x21,0x25,0x21,0x25,0x21,0x25,0x21,0x25,0x21,
    0x25,0x21,0x9F,0x7D,0x9F,0x7D,0x9F,0x7D,0x9F,0x7D,0x9F,0x7D,0x9F,0x7D,0x9F,0x7D,
    0x9F,0x7D,0x9F,0x7D,0x9F,0x7D,0x9F,0x7D,0x9F,0x7D,0x5E,0x7D,0x31,0x4B,0xE4,0x18,
    0xA3,0x10,0xA3,0x10,0xA3,0x10,0xA3,0x10,0xA3,0x10,0xA3,0x10,0xA3,0x10,0xA3,0x10,
    0xA3,0x10,0xA3,0x10,0xA3,0x10,0xA3,0x10,0xA3,0x10,0xA3,0x10,0xA3,0x10,0xA3,0x10,
    0xA3,0x10,0xA3,0x10,0xA3,0x10,0xA3,0x10,0xA3,0x10,0x83,0x10,0x00,0x00,0x00,0x00,
    0x00,0x00,0x00,0x00,0x00,0x00,0x00,0x00,0x00,0x00,0x00,0x00,0x00,0x00,0x00,0x00,
    0x00,0x00,0x00,0x00,0x00,0x00,0x00,0x00,0x00,0x00,0x83,0x10,0xA3,0x10,0xA3,0x10,
    0xA3,0x10,0xA3,0x10,0xA3,0x10,0xA3,0x10,0xA3,0x10,0xA3,0x10,0xA3,0x10,0xA3,0x10,
    0xA3,0x10,0xA3,0x10,0xA3,0x10,0xA3,0x10,0xA3,0x10,0xA3,0x10,0xA3,0x10,0xA3,0x10,
    0xA3,0x10,0xA3,0x10,0xC3,0x10,0xE4,0x18,0x25,0x21,0x25,0x21,0x25,0x21,0x25,0x21,
    0x25,0x21,0x25,0x21,0x25,0x21,0x25,0x21,0x25,0x21,0x25,0x21,0x25,0x21,0x25,0x21,
    0x25,0x21,0x25,0x21,0x25,0x21,0x9F,0x7D,0x9F,0x7D,0x9F,0x7D,0x9F,0x7D,0x9F,0x7D,
    0x9F,0x7D,0x9F,0x7D,0x9F,0x7D,0x9F,0x7D,0x9F,0x7D,0x9F,0x7D,0x9F,0x7D,0x9F,0x7D,
    0x9F,0x7D,0x3E,0x7D,0xF0,0x42,0xC4,0x10,0xA3,0x10,0xA3,0x10,0xA3,0x10,0xA3,0x10,
    0xA3,0x10,0xA3,0x10,0xA3,0x10,0xA3,0x10,0xA3,0x10,0xA3,0x10,0xA3,0x10,0xA3,0x10,
    0xA3,0x10,0xA3,0x10,0xA3,0x10,0xA3,0x10,0xA3,0x10,0xA3,0x10,0xA3,0x10,0xA3,0x10,
    0x83,0x10,0x00,0x00,0x00,0x00,0x00,0x00,0x00,0x00,0x00,0x00,0x00,0x00,0x00,0x00,
    0x00,0x00,0x00,0x00,0x00,0x00,0x00,0x00,0x00,0x00,0x00,0x00,0x00,0x00,0xA3,0x10,
    0xA3,0x10,0xA3,0x10,0xA3,0x10,0xA3,0x10,0xA3,0x10,0xA3,0x10,0xA3,0x10,0xA3,0x10,
    0xA3,0x10,0xA3,0x10,0xA3,0x10,0xA3,0x10,0xA3,0x10,0xA3,0x10,0xA3,0x10,0xA3,0x10,
    0xA3,0x10,0xA3,0x10,0xA3,0x10,0xC3,0x10,0x25,0x21,0x25,0x21,0x25,0x21,0x25,0x21,
    0x25,0x21,0x25,0x21,0x25,0x21,0x25,0x21,0x25,0x21,0x25,0x21,0x25,0x21,0x25,0x21,
    0x25,0x21,0x25,0x21,0x25,0x21,0x25,0x21,0x25,0x21,0x9F,0x7D,0x9F,0x7D,0x9F,0x7D,
    0x9F,0x7D,0x9F,0x7D,0x9F,0x7D,0x9F,0x7D,0x9F,0x7D,0x9F,0x7D,0x9F,0x7D,0x9F,0x7D,
    0x9F,0x7D,0x9F,0x7D,0x9F,0x7D,0x9F,0x7D,0x9F,0x7D,0xBB,0x6C,0x47,0x21,0xA3,0x10,
    0xA3,0x10,0xA3,0x10,0xA3,0x10,0xA3,0x10,0xA3,0x10,0xA3,0x10,0xA3,0x10,0xA3,0x10,
    0xA3,0x10,0xA3,0x10,0xA3,0x10,0xA3,0x10,0xA3,0x10,0xA3,0x10,0xA3,0x10,0xA3,0x10,
    0xA3,0x10,0xA3,0x10,0xA3,0x10,0x00,0x00,0x00,0x00,0x00,0x00,0x00,0x00,0x00,0x00,
    0x00,0x00,0x00,0x00,0x00,0x00,0x00,0x00,0x00,0x00,0x00,0x00,0x00,0x00,0x00,0x00,
    0x83,0x08,0xA3,0x10,0xA3,0x10,0xA3,0x10,0xA3,0x10,0xA3,0x10,0xA3,0x10,0xA3,0x10,
    0xA3,0x10,0xA3,0x10,0xA3,0x10,0xA3,0x10,0xA3,0x10,0xA3,0x10,0xA3,0x10,0xA3,0x10,
    0xA3,0x10,0xA3,0x10,0xA3,0x10,0xA3,0x10,0xE4,0x18,0x25,0x21,0x25,0x21,0x25,0x21,
    0x25,0x21,0x25,0x21,0x25,0x21,0x25,0x21,0x25,0x21,0x25,0x21,0x25,0x21,0x25,0x21,
    0x25,0x21,0x25,0x21,0x25,0x21,0x25,0x21,0x25,0x21,0x25,0x21,0x25,0x21,0x9F,0x7D,
    0x9F,0x7D,0x9F,0x7D,0x9F,0x7D,0x9F,0x7D,0x9F,0x7D,0x9F,0x7D,0x9F,0x7D,0x9F,0x7D,
    0x9F,0x7D,0x9F,0x7D,0x9F,0x7D,0x9F,0x7D,0x9F,0x7D,0x9F,0x7D,0x9F,0x7D,0x9F,0x7D,
    0x5E,0x7D,0x4C,0x32,0xA3,0x10,0xA3,0x10,0xA3,0x10,0xA3,0x10,0xA3,0x10,0xA3,0x10,
    0xA3,0x10,0xA3,0x10,0xA3,0x10,0xA3,0x10,0xA3,0x10,0xA3,0x10,0xA3,0x10,0xA3,0x10,
    0xA3,0x10,0xA3,0x10,0xA3,0x10,0xA3,0x10,0xA3,0x10,0x83,0x08,0x00,0x00,0x00,0x00,
    0x00,0x00,0x00,0x00,0x00,0x00,0x00,0x00,0x00,0x00,0x00,0x00,0x00,0x00,0x00,0x00,
    0x00,0x00,0x63,0x08,0xA3,0x10,0xA3,0x10,0xA3,0x10,0xA3,0x10,0xA3,0x10,0xA3,0x10,
    0xA3,0x10,0xA3,0x10,0xA3,0x10,0xA3,0x10,0xA3,0x10,0xA3,0x10,0xA3,0x10,0xA3,0x10,
    0xA3,0x10,0xA3,0x10,0xA3,0x10,0xA3,0x10,0xA3,0x10,0xE4,0x18,0x25,0x21,0x25,0x21,
    0x25,0x21,0x25,0x21,0x25,0x21,0x25,0x21,0x25,0x21,0x25,0x21,0x25,0x21,0x25,0x21,
    0x25,0x21,0x25,0x21,0x25,0x21,0x04,0x19,0xE4,0x18,0xC4,0x18,0xC4,0x10,0xA3,0x10,
    0xA3,0x10,0xA3,0x10,0xA3,0x10,0x88,0x21,0xCA,0x29,0x8E,0x3A,0x94,0x53,0xBB,0x6C,
    0x9F,0x7D,0x9F,0x7D,0x9F,0x7D,0x9F,0x7D,0x9F,0x7D,0x9F,0x7D,0x9F,0x7D,0x9F,0x7D,
    0x9F,0x7D,0x9F,0x7D,0x9F,0x7D,0x9F,0x7D,0x52,0x4B,0xA3,0x10,0xA3,0x10,0xA3,0x10,
    0xA3,0x10,0xA3,0x10,0xA3,0x10,0xA3,0x10,0xA3,0x10,0xA3,0x10,0xA3,0x10,0xA3,0x10,
    0xA3,0x10,0xA3,0x10,0xA3,0x10,0xA3,0x10,0xA3,0x10,0xA3,0x10,0xA3,0x10,0xA3,0x10,
    0x63,0x08,0x00,0x00,0x00,0x00,0x00,0x00,0x00,0x00,0x00,0x00,0x00,0x00,0x00,0x00,
    0x00,0x00,0x00,0x00,0x00,0x00,0xA3,0x10,0xA3,0x10,0xA3,0x10,0xA3,0x10,0xA3,0x10,
    0xA3,0x10,0xA3,0x10,0xA3,0x10,0xA3,0x10,0xA3,0x10,0xA3,0x10,0xA3,0x10,0xA3,0x10,
    0xA3,0x10,0xA3,0x10,0xA3,0x10,0xA3,0x10,0xA3,0x10,0xA3,0x10,0x04,0x19,0x25,0x21,
    0x25,0x21,0x25,0x21,0x25,0x21,0x25,0x21,0x25,0x21,0x25,0x21,0x25,0x21,0x25,0x21,
    0x25,0x21,0x25,0x21,0xE4,0x18,0xC3,0x10,0xA3,0x10,0xA3,0x10,0xA3,0x10,0xA3,0x10,
    0xA3,0x10,0xA3,0x10,0xA3,0x10,0xA3,0x10,0xA3,0x10,0xA3,0x10,0xA3,0x10,0xA3,0x10,
    0xA3,0x10,0xA3,0x10,0x67,0x21,0x73,0x53,0x3D,0x75,0x9F,0x7D,0x9F,0x7D,0x9F,0x7D,
    0x9F,0x7D,0x9F,0x7D,0x9F,0x7D,0x9F,0x7D,0x9F,0x7D,0x9F,0x7D,0x9F,0x7D,0x94,0x53,
    0xA3,0x10,0xA3,0x10,0xA3,0x10,0xA3,0x10,0xA3,0x10,0xA3,0x10,0xA3,0x10,0xA3,0x10,
    0xA3,0x10,0xA3,0x10,0xA3,0x10,0xA3,0x10,0xA3,0x10,0xA3,0x10,0xA3,0x10,0xA3,0x10,
    0xA3,0x10,0xA3,0x10,0xA3,0x10,0x00,0x00,0x00,0x00,0x00,0x00,0x00,0x00,0x00,0x00,
    0x00,0x00,0x00,0x00,0x00,0x00,0x00,0x00,0x83,0x10,0xA3,0x10,0xA3,0x10,0xA3,0x10,
    0xA3,0x10,0xA3,0x10,0xA3,0x10,0xA3,0x10,0xA3,0x10,0xA3,0x10,0xA3,0x10,0xA3,0x10,
    0xA3,0x10,0xA3,0x10,0xA3,0x10,0xA3,0x10,0xA3,0x10,0xA3,0x10,0xA3,0x10,0x04,0x19,
    0x25,0x21,0x25,0x21,0x25,0x21,0x25,0x21,0x25,0x21,0x25,0x21,0x25,0x21,0x25,0x21,
    0x25,0x21,0x25,0x21,0xE4,0x18,0xC3,0x10,0xA3,0x10,0xA3,0x10,0xA3,0x10,0xA3,0x10,
    0xA3,0x10,0xA3,0x10,0xA3,0x10,0xA3,0x10,0xA3,0x10,0xA3,0x10,0xA3,0x10,0xA3,0x10,
    0xA3,0x10,0xA3,0x10,0xA3,0x10,0xA3,0x10,0xA3,0x10,0xA3,0x10,0xE4,0x18,0x31,0x4B,
    0x5E,0x7D,0x9F,0x7D,0x9F,0x7D,0x9F,0x7D,0x9F,0x7D,0x9F,0x7D,0x9F,0x7D,0x9F,0x7D,
    0x9F,0x7D,0x9F,0x7D,0x94,0x53,0xA3,0x10,0xA3,0x10,0xA3,0x10,0xA3,0x10,0xA3,0x10,
    0xA3,0x10,0xA3,0x10,0xA3,0x10,0xA3,0x10,0xA3,0x10,0xA3,0x10,0xA3,0x10,0xA3,0x10,
    0xA3,0x10,0xA3,0x10,0xA3,0x10,0xA3,0x10,0xA3,0x10,0x83,0x10,0x00,0x00,0x00,0x00,
    0x00,0x00,0x00,0x00,0x00,0x00,0x00,0x00,0x00,0x00,0x00,0x00,0xA3,0x10,0xA3,0x10,
    0xA3,0x10,0xA3,0x10,0xA3,0x10,0xA3,0x10,0xA3,0x10,0xA3,0x10,0xA3,0x10,0xA3,0x10,
    0xA3,0x10,0xA3,0x10,0xA3,0x10,0xA3,0x10,0xA3,0x10,0xA3,0x10,0xA3,0x10,0xA3,0x10,
    0xE4,0x18,0x25,0x21,0x25,0x21,0x25,0x21,0x25,0x21,0x25,0x21,0x25,0x21,0x25,0x21,
    0x25,0x21,0x25,0x21,0x04,0x19,0xC3,0x10,0xA3,0x10,0xA3,0x10,0xA3,0x10,0xA3,0x10,
    0xA3,0x10,0xA3,0x10,0xA3,0x10,0xA3,0x10,0xA3,0x10,0xA3,0x10,0xA3,0x10,0xA3,0x10,
    0xA3,0x10,0xA3,0x10,0xA3,0x10,0xA3,0x10,0xA3,0x10,0xA3,0x10,0xA3,0x10,0xA3,0x10,
    0xA3,0x10,0xA3,0x10,0x26,0x19,0x73,0x53,0x7F,0x7D,0x9F,0x7D,0x9F,0x7D,0x9F,0x7D,
    0x9F,0x7D,0x9F,0x7D,0x9F,0x7D,0x9F,0x7D,0x9F,0x7D,0x52,0x4B,0xA3,0x10,0xA3,0x10,
    0xA3,0x10,0xA3,0x10,0xA3,0x10,0xA3,0x10,0xA3,0x10,0xA3,0x10,0xA3,0x10,0xA3,0x10,
    0xA3,0x10,0xA3,0x10,0xA3,0x10,0xA3,0x10,0xA3,0x10,0xA3,0x10,0xA3,0x10,0xA3,0x10,
    0x00,0x00,0x00,0x00,0x00,0x00,0x00,0x00,0x00,0x00,0x00,0x00,0x00,0x00,0xA2,0x10,
    0xA3,0x10,0xA3,0x10,0xA3,0x10,0xA3,0x10,0xA3,0x10,0xA3,0x10,0xA3,0x10,0xA3,0x10,
    0xA3,0x10,0xA3,0x10,0xA3,0x10,0xA3,0x10,0xA3,0x10,0xA3,0x10,0xA3,0x10,0xA3,0x10,
    0xA3,0x10,0xE4,0x18,0x25,0x21,0x25,0x21,0x25,0x21,0x25,0x21,0x25,0x21,0x25,0x21,
    0x25,0x21,0x25,0x21,0x25,0x21,0xC4,0x18,0xA3,0x10,0xA3,0x10,0xA3,0x10,0xA3,0x10,
    0xA3,0x10,0xA3,0x10,0xA3,0x10,0xA3,0x10,0xA3,0x10,0xA3,0x10,0xA3,0x10,0xA3,0x10,
    0xA3,0x10,0xA3,0x10,0xA3,0x10,0xA3,0x10,0xA3,0x10,0xA3,0x10,0xA3,0x10,0xA3,0x10,
    0xA3,0x10,0xA3,0x10,0xA3,0x10,0xA3,0x10,0xA3,0x10,0xA3,0x10,0x0B,0x32,0x5E,0x7D,
    0x9F,0x7D,0x9F,0x7D,0x9F,0x7D,0x9F,0x7D,0x9F,0x7D,0x9F,0x7D,0x9F,0x7D,0x9F,0x7D,
    0x4C,0x32,0xA3,0x10,0xA3,0x10,0xA3,0x10,0xA3,0x10,0xA3,0x10,0xA3,0x10,0xA3,0x10,
    0xA3,0x10,0xA3,0x10,0xA3,0x10,0xA3,0x10,0xA3,0x10,0xA3,0x10,0xA3,0x10,0xA3,0x10,
    0xA3,0x10,0xA3,0x10,0xA2,0x10,0x00,0x00,0x00,0x00,0x00,0x00,0x00,0x00,0x00,0x00,
    0x00,0x00,0xA3,0x10,0xA3,0x10,0xA3,0x10,0xA3,0x10,0xA3,0x10,0xA3,0x10,0xA3,0x10,
    0xA3,0x10,0xA3,0x10,0xA3,0x10,0xA3,0x10,0xA3,0x10,0xA3,0x10,0xA3,0x10,0xA3,0x10,
    0xA3,0x10,0xA3,0x10,0xC3,0x10,0x25,0x21,0x25,0x21,0x25,0x21,0x25,0x21,0x25,0x21,
    0x25,0x21,0x25,0x21,0x25,0x21,0x25,0x21,0xC3,0x10,0xA3,0x10,0xA3,0x10,0xA3,0x10,
    0xA3,0x10,0xA3,0x10,0xA3,0x10,0xA3,0x10,0xA3,0x10,0xA3,0x10,0xA3,0x10,0xA3,0x10,
    0xA3,0x10,0xA3,0x10,0xA3,0x10,0xA3,0x10,0xA3,0x10,0xA3,0x10,0xA3,0x10,0xA3,0x10,
    0xA3,0x10,0xA3,0x10,0xA3,0x10,0xA3,0x10,0xA3,0x10,0xA3,0x10,0xA3,0x10,0xA3,0x10,
    0xA3,0x10,0x47,0x21,0xFC,0x74,0x9F,0x7D,0x9F,0x7D,0x9F,0x7D,0x9F,0x7D,0x9F,0x7D,
    0x9F,0x7D,0x9F,0x7D,0x5E,0x7D,0x47,0x21,0xA3,0x10,0xA3,0x10,0xA3,0x10,0xA3,0x10,
    0xA3,0x10,0xA3,0x10,0xA3,0x10,0xA3,0x10,0xA3,0x10,0xA3,0x10,0xA3,0x10,0xA3,0x10,
    0xA3,0x10,0xA3,0x10,0xA3,0x10,0xA3,0x10,0xA3,0x10,0x00,0x00,0x00,0x00,0x00,0x00,
    0x00,0x00,0x00,0x00,0x00,0x00,0xA3,0x10,0xA3,0x10,0xA3,0x10,0xA3,0x10,0xA3,0x10,
    0xA3,0x10,0xA3,0x10,0xA3,0x10,0xA3,0x10,0xA3,0x10,0xA3,0x10,0xA3,0x10,0xA3,0x10,
    0xA3,0x10,0xA3,0x10,0xA3,0x10,0xC3,0x10,0x25,0x21,0x25,0x21,0x25,0x21,0x25,0x21,
    0x25,0x21,0x25,0x21,0x25,0x21,0x25,0x21,0x05,0x21,0xC3,0x10,0xA3,0x10,0xA3,0x10,
    0xA3,0x10,0xA3,0x10,0xA3,0x10,0xA3,0x10,0xA3,0x10,0xA3,0x10,0xA3,0x10,0xA3,0x10,
    0xA3,0x10,0xA3,0x10,0xA3,0x10,0xA3,0x10,0xA3,0x10,0xA3,0x10,0xA3,0x10,0xA3,0x10,
    0xA3,0x10,0xA3,0x10,0xA3,0x10,0xA3,0x10,0xA3,0x10,0xA3,0x10,0xA3,0x10,0xA3,0x10,
    0xA3,0x10,0xA3,0x10,0xA3,0x10,0xA3,0x10,0x05,0x19,0x38,0x64,0x9F,0x7D,0x9F,0x7D,
    0x9F,0x7D,0x9F,0x7D,0x9F,0x7D,0x9F,0x7D,0x9F,0x7D,0xBB,0x6C,0xC4,0x10,0xA3,0x10,
    0xA3,0x10,0xA3,0x10,0xA3,0x10,0xA3,0x10,0xA3,0x10,0xA3,0x10,0xA3,0x10,0xA3,0x10,
    0xA3,0x10,0xA3,0x10,0xA3,0x10,0xA3,0x10,0xA3,0x10,0xA3,0x10,0xA3,0x10,0x00,0x00,
    0x00,0x00,0x00,0x00,0x00,0x00,0x00,0x00,0xA3,0x10,0xA3,0x10,0xA3,0x10,0xA3,0x10,
    0xA3,0x10,0xA3,0x10,0xA3,0x10,0xA3,0x10,0xA3,0x10,0xA3,0x10,0xA3,0x10,0xA3,0x10,
    0xA3,0x10,0xA3,0x10,0xA3,0x10,0xA3,0x10,0xA3,0x10,0xE4,0x18,0x25,0x21,0x25,0x21,
    0x25,0x21,0x25,0x21,0x25,0x21,0x25,0x21,0x25,0x21,0x25,0x21,0xC3,0x10,0xA3,0x10,
    0xA3,0x10,0xA3,0x10,0xA3,0x10,0xA3,0x10,0xA3,0x10,0xA3,0x10,0xA3,0x10,0xA3,0x10,
    0xA3,0x10,0xA3,0x10,0xA3,0x10,0xA3,0x10,0xA3,0x10,0xA3,0x10,0xA3,0x10,0xA3,0x10,
    0xA3,0x10,0xA3,0x10,0xA3,0x10,0xA3,0x10,0xA3,0x10,0xA3,0x10,0xA3,0x10,0xA3,0x10,
    0xA3,0x10,0xA3,0x10,0xA3,0x10,0xA3,0x10,0xA3,0x10,0xA3,0x10,0xA3,0x10,0x05,0x19,
    0xFC,0x74,0x9F,0x7D,0x9F,0x7D,0x9F,0x7D,0x9F,0x7D,0x9F,0x7D,0x9F,0x7D,0x9F,0x7D,
    0xF0,0x42,0xA3,0x10,0xA3,0x10,0xA3,0x10,0xA3,0x10,0xA3,0x10,0xA3,0x10,0xA3,0x10,
    0xA3,0x10,0xA3,0x10,0xA3,0x10,0xA3,0x10,0xA3,0x10,0xA3,0x10,0xA3,0x10,0xA3,0x10,
    0xA3,0x10,0xA3,0x10,0x00,0x00,0x00,0x00,0x00,0x00,0x00,0x00,0xA3,0x10,0xA3,0x10,
    0xA3,0x10,0xA3,0x10,0xA3,0x10,0xA3,0x10,0xA3,0x10,0xA3,0x10,0xA3,0x10,0xA3,0x10,
    0xA3,0x10,0xA3,0x10,0xA3,0x10,0xA3,0x10,0xA3,0x10,0xA3,0x10,0xC3,0x10,0x25,0x21,
    0x25,0x21,0x25,0x21,0x25,0x21,0x25,0x21,0x25,0x21,0x25,0x21,0x25,0x21,0xC3,0x10,
    0xA3,0x10,0xA3,0x10,0xA3,0x10,0xA3,0x10,0xA3,0x10,0xA3,0x10,0xA3,0x10,0xA3,0x10,
    0xA3,0x10,0xA3,0x10,0xA3,0x10,0xA3,0x10,0xA3,0x10,0xA3,0x10,0xA3,0x10,0xA3,0x10,
    0xA3,0x10,0xA3,0x10,0xA3,0x10,0xA3,0x10,0xA3,0x10,0xA3,0x10,0xA3,0x10,0xA3,0x10,
    0xA3,0x10,0xA3,0x10,0xA3,0x10,0xA3,0x10,0xA3,0x10,0xA3,0x10,0xA3,0x10,0xA3,0x10,
    0xA3,0x10,0xA3,0x10,0x47,0x21,0x5E,0x7D,0x9F,0x7D,0x9F,0x7D,0x9F,0x7D,0x9F,0x7D,
    0x9F,0x7D,0x9F,0x7D,0x3E,0x7D,0xE4,0x18,0xA3,0x10,0xA3,0x10,0xA3,0x10,0xA3,0x10,
    0xA3,0x10,0xA3,0x10,0xA3,0x10,0xA3,0x10,0xA3,0x10,0xA3,0x10,0xA3,0x10,0xA3,0x10,
    0xA3,0x10,0xA3,0x10,0xA3,0x10,0xA3,0x10,0x00,0x00,0x00,0x00,0x00,0x00,0xC3,0x00,
    0xA3,0x10,0xA3,0x10,0xA3,0x10,0xA3,0x10,0xA3,0x10,0xA3,0x10,0xA3,0x10,0xA3,0x10,
    0xA3,0x10,0xA3,0x10,0xA3,0x10,0xA3,0x10,0xA3,0x10,0xA3,0x10,0xA3,0x10,0xA3,0x10,
    0xE4,0x18,0x25,0x21,0x25,0x21,0x25,0x21,0x25,0x21,0x25,0x21,0x25,0x21,0x25,0x21,
    0xC4,0x18,0xA3,0x10,0xA3,0x10,0xA3,0x10,0xA3,0x10,0xA3,0x10,0xA3,0x10,0xA3,0x10,
    0xA3,0x10,0xA3,0x10,0xA3,0x10,0xA3,0x10,0xA3,0x10,0xA3,0x10,0xA3,0x10,0xA3,0x10,
    0xA3,0x10,0xA3,0x10,0xA3,0x10,0xA3,0x10,0xA3,0x10,0xA3,0x10,0xA3,0x10,0xA3,0x10,
    0xA3,0x10,0xA3,0x10,0xA3,0x10,0xA3,0x10,0xA3,0x10,0xA3,0x10,0xA3,0x10,0xA3,0x10,
    0xA3,0x10,0xA3,0x10,0xA3,0x10,0xA3,0x10,0xA3,0x10,0x0B,0x32,0x7F,0x7D,0x9F,0x7D,
    0x9F,0x7D,0x9F,0x7D,0x9F,0x7D,0x9F,0x7D,0x9F,0x7D,0x31,0x4B,0xA3,0x10,0xA3,0x10,
    0xA3,0x10,0xA3,0x10,0xA3,0x10,0xA3,0x10,0xA3,0x10,0xA3,0x10,0xA3,0x10,0xA3,0x10,
    0xA3,0x10,0xA3,0x10,0xA3,0x10,0xA3,0x10,0xA3,0x10,0xA3,0x10,0xC3,0x00,0x00,0x00,
    0x00,0x00,0xA3,0x10,0xA3,0x10,0xA3,0x10,0xA3,0x10,0xA3,0x10,0xA3,0x10,0xA3,0x10,
    0xA3,0x10,0xA3,0x10,0xA3,0x10,0xA3,0x10,0xA3,0x10,0xA3,0x10,0xA3,0x10,0xA3,0x10,
    0xA3,0x10,0xC3,0x10,0x25,0x21,0x25,0x21,0x25,0x21,0x25,0x21,0x25,0x21,0x25,0x21,
    0x25,0x21,0x04,0x19,0xA3,0x10,0xA3,0x10,0xA3,0x10,0xA3,0x10,0xA3,0x10,0xA3,0x10,
    0xA3,0x10,0xA3,0x10,0xA3,0x10,0xA3,0x10,0xA3,0x10,0xA3,0x10,0xA3,0x10,0xA3,0x10,
    0xA3,0x10,0xA3,0x10,0xA3,0x10,0xA3,0x10,0xA3,0x10,0xA3,0x10,0xA3,0x10,0xA3,0x10,
    0xA3,0x10,0xA3,0x10,0xA3,0x10,0xA3,0x10,0xA3,0x10,0xA3,0x10,0xA3,0x10,0xA3,0x10,
    0xA3,0x10,0xA3,0x10,0xA3,0x10,0xA3,0x10,0xA3,0x10,0xA3,0x10,0xA3,0x10,0xA3,0x10,
    0x73,0x53,0x9F,0x7D,0x9F,0x7D,0x9F,0x7D,0x9F,0x7D,0x9F,0x7D,0x9F,0x7D,0x5E,0x7D,
    0x05,0x19,0xA3,0x10,0xA3,0x10,0xA3,0x10,0xA3,0x10,0xA3,0x10,0xA3,0x10,0xA3,0x10,
    0xA3,0x10,0xA3,0x10,0xA3,0x10,0xA3,0x10,0xA3,0x10,0xA3,0x10,0xA3,0x10,0xA3,0x10,
    0xA3,0x10,0x00,0x00,0x00,0x00,0xA3,0x10,0xA3,0x10,0xA3,0x10,0xA3,0x10,0xA3,0x10,
    0xA3,0x10,0xA3,0x10,0xA3,0x10,0xA3,0x10,0xA3,0x10,0xA3,0x10,0xA3,0x10,0xA3,0x10,
    0xA3,0x10,0xA3,0x10,0xA3,0x10,0xE4,0x18,0x25,0x21,0x25,0x21,0x25,0x21,0x25,0x21,
    0x25,0x21,0x25,0x21,0x25,0x21,0xC3,0x10,0xA3,0x10,0xA3,0x10,0xA3,0x10,0xA3,0x10,
    0xA3,0x10,0xA3,0x10,0xA3,0x10,0xA3,0x10,0xA3,0x10,0xA3,0x10,0xA3,0x10,0xA3,0x10,
    0xA3,0x10,0xA3,0x10,0xA3,0x10,0xA3,0x10,0xA3,0x10,0xA3,0x10,0xA3,0x10,0xA3,0x10,
    0xA3,0x10,0xA3,0x10,0xA3,0x10,0xA3,0x10,0xA3,0x10,0xA3,0x10,0xA3,0x10,0xA3,0x10,
    0xA3,0x10,0xA3,0x10,0xA3,0x10,0xA3,0x10,0xA3,0x10,0xA3,0x10,0xA3,0x10,0xA3,0x10,
    0xA3,0x10,0xA3,0x10,0x26,0x19,0x5E,0x7D,0x9F,0x7D,0x9F,0x7D,0x9F,0x7D,0x9F,0x7D,
    0x9F,0x7D,0x9F,0x7D,0x32,0x4B,0xA3,0x10,0xA3,0x10,0xA3,0x10,0xA3,0x10,0xA3,0x10,
    0xA3,0x10,0xA3,0x10,0xA3,0x10,0xA3,0x10,0xA3,0x10,0xA3,0x10,0xA3,0x10,0xA3,0x10,
    0xA3,0x10,0xA3,0x10,0xA3,0x10,0x00,0x00,0x00,0x00,0xA3,0x10,0xA3,0x10,0xA3,0x10,
    0xA3,0x10,0xA3,0x10,0xA3,0x10,0xA3,0x10,0xA3,0x10,0xA3,0x10,0xA3,0x10,0xA3,0x10,
    0xA3,0x10,0xA3,0x10,0xA3,0x10,0xA3,0x10,0xC3,0x10,0x25,0x21,0x25,0x21,0x25,0x21,
    0x25,0x21,0x25,0x21,0x25,0x21,0x25,0x21,0xE4,0x18,0xA3,0x10,0xA3,0x10,0xA3,0x10,
    0xA3,0x10,0xA3,0x10,0xA3,0x10,0xA3,0x10,0xA3,0x10,0xA3,0x10,0xA3,0x10,0xA3,0x10,
    0xA3,0x10,0xA3,0x10,0xA3,0x10,0xA3,0x10,0xA3,0x10,0xA3,0x10,0xA3,0x10,0xA3,0x10,
    0xA3,0x10,0xA3,0x10,0xA3,0x10,0xA3,0x10,0xA3,0x10,0xA3,0x10,0xA3,0x10,0xA3,0x10,
    0xA3,0x10,0xA3,0x10,0xA3,0x10,0xA3,0x10,0xA3,0x10,0xA3,0x10,0xA3,0x10,0xA3,0x10,
    0xA3,0x10,0xA3,0x10,0xA3,0x10,0xA3,0x10,0xA3,0x10,0x31,0x4B,0x9F,0x7D,0x9F,0x7D,
    0x9F,0x7D,0x9F,0x7D,0x9F,0x7D,0x9F,0x7D,0x3E,0x7D,0xC4,0x10,0xA3,0x10,0xA3,0x10,
    0xA3,0x10,0xA3,0x10,0xA3,0x10,0xA3,0x10,0xA3,0x10,0xA3,0x10,0xA3,0x10,0xA3,0x10,
    0xA3,0x10,0xA3,0x10,0xA3,0x10,0xA3,0x10,0xA3,0x10,0x00,0x00,0x00,0x00,0xA3,0x10,
    0xA3,0x10,0xA3,0x10,0xA3,0x10,0xA3,0x10,0xA3,0x10,0xA3,0x10,0xA3,0x10,0xA3,0x10,
    0xA3,0x10,0xA3,0x10,0xA3,0x10,0xA3,0x10,0xA3,0x10,0xA3,0x10,0xC4,0x18,0x25,0x21,
    0x25,0x21,0x25,0x21,0x25,0x21,0x25,0x21,0x25,0x21,0x25,0x21,0xC3,0x10,0xA3,0x10,
    0xA3,0x10,0xA3,0x10,0xA3,0x10,0xA3,0x10,0xA3,0x10,0xA3,0x10,0xA3,0x10,0xA3,0x10,
    0xA3,0x10,0xA3,0x10,0xA3,0x10,0xA3,0x10,0xA3,0x10,0xA3,0x10,0xA3,0x10,0xA3,0x10,
    0xA3,0x10,0xA3,0x10,0xA3,0x10,0xA3,0x10,0xA3,0x10,0xA3,0x10,0xA3,0x10,0xA3,0x10,
    0xA3,0x10,0xA3,0x10,0xA3,0x10,0xA3,0x10,0xA3,0x10,0xA3,0x10,0xA3,0x10,0xA3,0x10,
    0xA3,0x10,0xA3,0x10,0xA3,0x10,0xA3,0x10,0xA3,0x10,0xA3,0x10,0xA3,0x10,0xE4,0x18,
    0x3D,0x75,0x9F,0x7D,0x9F,0x7D,0x9F,0x7D,0x9F,0x7D,0x9F,0x7D,0x9F,0x7D,0x0B,0x32,
    0xA3,0x10,0xA3,0x10,0xA3,0x10,0xA3,0x10,0xA3,0x10,0xA3,0x10,0xA3,0x10,0xA3,0x10,
    0xA3,0x10,0xA3,0x10,0xA3,0x10,0xA3,0x10,0xA3,0x10,0xA3,0x10,0xA3,0x10,0x00,0x00,
    0x62,0x08,0xA3,0x10,0xA3,0x10,0xA3,0x10,0xA3,0x10,0xA3,0x10,0xA3,0x10,0xA3,0x10,
    0xA3,0x10,0xA3,0x10,0xA3,0x10,0xA3,0x10,0xA3,0x10,0xA3,0x10,0xA3,0x10,0xA3,0x10,
    0x04,0x19,0x25,0x21,0x25,0x21,0x25,0x21,0x25,0x21,0x25,0x21,0x25,0x21,0xE4,0x18,
    0xA3,0x10,0xA3,0x10,0xA3,0x10,0xA3,0x10,0xA3,0x10,0xA3,0x10,0xA3,0x10,0xA3,0x10,
    0xA3,0x10,0xA3,0x10,0xA3,0x10,0xA3,0x10,0xA3,0x10,0xA3,0x10,0xA3,0x10,0xA3,0x10,
    0xA3,0x10,0xA3,0x10,0xA3,0x10,0xA3,0x10,0xA3,0x10,0xA3,0x10,0xA3,0x10,0xA3,0x10,
    0xA3,0x10,0xA3,0x10,0xA3,0x10,0xA3,0x10,0xA3,0x10,0xA3,0x10,0xA3,0x10,0xA3,0x10,
    0xA3,0x10,0xA3,0x10,0xA3,0x10,0xA3,0x10,0xA3,0x10,0xA3,0x10,0xA3,0x10,0xA3,0x10,
    0xA3,0x10,0xA3,0x10,0x73,0x53,0x9F,0x7D,0x9F,0x7D,0x9F,0x7D,0x9F,0x7D,0x9F,0x7D,
    0x9F,0x7D,0x73,0x53,0xA3,0x10,0xA3,0x10,0xA3,0x10,0xA3,0x10,0xA3,0x10,0xA3,0x10,
    0xA3,0x10,0xA3,0x10,0xA3,0x10,0xA3,0x10,0xA3,0x10,0xA3,0x10,0xA3,0x10,0xA3,0x10,
    0xA3,0x10,0x62,0x08,0xA3,0x10,0xA3,0x10,0xA3,0x10,0xA3,0x10,0xA3,0x10,0xA3,0x10,
    0xA3,0x10,0xA3,0x10,0xA3,0x10,0xA3,0x10,0xA3,0x10,0xA3,0x10,0xA3,0x10,0xA3,0x10,
    0xA3,0x10,0xA3,0x10,0x05,0x21,0x25,0x21,0x25,0x21,0x25,0x21,0x25,0x21,0x25,0x21,
    0x25,0x21,0xC3,0x10,0xA3,0x10,0xA3,0x10,0xA3,0x10,0xA3,0x10,0xA3,0x10,0xA3,0x10,
    0xA3,0x10,0xA3,0x10,0xA3,0x10,0xA3,0x10,0xA3,0x10,0xA3,0x10,0xA3,0x10,0xA3,0x10,
    0xA3,0x10,0xA3,0x10,0xA3,0x10,0xA3,0x10,0xA3,0x10,0xA3,0x10,0xA3,0x10,0xA3,0x10,
    0xA3,0x10,0xA3,0x10,0xA3,0x10,0xA3,0x10,0xA3,0x10,0xA3,0x10,0xA3,0x10,0xA3,0x10,
    0xA3,0x10,0xA3,0x10,0xA3,0x10,0xA3,0x10,0xA3,0x10,0xA3,0x10,0xA3,0x10,0xA3,0x10,
    0xA3,0x10,0xA3,0x10,0xA3,0x10,0xA3,0x10,0x67,0x21,0x9F,0x7D,0x9F,0x7D,0x9F,0x7D,
    0x9F,0x7D,0x9F,0x7D,0x9F,0x7D,0x79,0x64,0xA3,0x10,0xA3,0x10,0xA3,0x10,0xA3,0x10,
    0xA3,0x10,0xA3,0x10,0xA3,0x10,0xA3,0x10,0xA3,0x10,0xA3,0x10,0xA3,0x10,0xA3,0x10,
    0xA3,0x10,0xA3,0x10,0xA3,0x10,0xA3,0x10,0xA3,0x10,0xA3,0x10,0xA3,0x10,0xA3,0x10,
    0xA3,0x10,0xA3,0x10,0xA3,0x10,0xA3,0x10,0xA3,0x10,0xA3,0x10,0xA3,0x10,0xA3,0x10,
    0xA3,0x10,0xA3,0x10,0xA3,0x10,0xC3,0x10,0x25,0x21,0x25,0x21,0x25,0x21,0x25,0x21,
    0x25,0x21,0x25,0x21,0x25,0x21,0xA3,0x10,0xA3,0x10,0xA3,0x10,0xA3,0x10,0xA3,0x10,
    0xA3,0x10,0xA3,0x10,0xA3,0x10,0xA3,0x10,0xA3,0x10,0xA3,0x10,0xA3,0x10,0xA3,0x10,
    0xA3,0x10,0xA3,0x10,0xA3,0x10,0xA3,0x10,0xA3,0x10,0xA3,0x10,0xA3,0x10,0xA3,0x10,
    0xA3,0x10,0xA3,0x10,0xA3,0x10,0xA3,0x10,0xA3,0x10,0xA3,0x10,0xA3,0x10,0xA3,0x10,
    0xA3,0x10,0xA3,0x10,0xA3,0x10,0xA3,0x10,0xA3,0x10,0xA3,0x10,0xA3,0x10,0xA3,0x10,
    0xA3,0x10,0xA3,0x10,0xA3,0x10,0xA3,0x10,0xA3,0x10,0xA3,0x10,0xA3,0x10,0xBB,0x6C,
    0x9F,0x7D,0x9F,0x7D,0x9F,0x7D,0x9F,0x7D,0x9F,0x7D,0x9F,0x7D,0xE4,0x18,0xA3,0x10,
    0xA3,0x10,0xA3,0x10,0xA3,0x10,0xA3,0x10,0xA3,0x10,0xA3,0x10,0xA3,0x10,0xA3,0x10,
    0xA3,0x10,0xA3,0x10,0xA3,0x10,0xA3,0x10,0xA3,0x10,0xA3,0x10,0xA3,0x10,0xA3,0x10,
    0xA3,0x10,0xA3,0x10,0xA3,0x10,0xA3,0x10,0xA3,0x10,0xA3,0x10,0xA3,0x10,0xA3,0x10,
    0xA3,0x10,0xA3,0x10,0xA3,0x10,0xA3,0x10,0xA3,0x10,0xC4,0x18,0x25,0x21,0x25,0x21,
    0x25,0x21,0x25,0x21,0x25,0x21,0x25,0x21,0x04,0x19,0xA3,0x10,0xA3,0x10,0xA3,0x10,
    0xA3,0x10,0xA3,0x10,0xA3,0x10,0xA3,0x10,0xA3,0x10,0xA3,0x10,0xA3,0x10,0xA3,0x10,
    0xA3,0x10,0xA3,0x10,0xA3,0x10,0xA3,0x10,0xA3,0x10,0xA3,0x10,0xA3,0x10,0xA3,0x10,
    0xA3,0x10,0xA3,0x10,0xA3,0x10,0xA3,0x10,0xA3,0x10,0xA3,0x10,0xA3,0x10,0xA3,0x10,
    0xA3,0x10,0xA3,0x10,0xA3,0x10,0xA3,0x10,0xA3,0x10,0xA3,0x10,0xA3,0x10,0xA3,0x10,
    0xA3,0x10,0xA3,0x10,0xA3,0x10,0xA3,0x10,0xA3,0x10,0xA3,0x10,0xA3,0x10,0xA3,0x10,
    0xA3,0x10,0x94,0x53,0x9F,0x7D,0x9F,0x7D,0x9F,0x7D,0x9F,0x7D,0x9F,0x7D,0x9F,0x7D,
    0xEA,0x29,0xA3,0x10,0xA3,0x10,0xA3,0x10,0xA3,0x10,0xA3,0x10,0xA3,0x10,0xA3,0x10,
    0xA3,0x10,0xA3,0x10,0xA3,0x10,0xA3,0x10,0xA3,0x10,0xA3,0x10,0xA3,0x10,0xA3,0x10,
    0xA3,0x10,0xA3,0x10,0xA3,0x10,0xA3,0x10,0xA3,0x10,0xA3,0x10,0xA3,0x10,0xA3,0x10,
    0xA3,0x10,0xA3,0x10,0xA3,0x10,0xA3,0x10,0xA3,0x10,0xA3,0x10,0xA3,0x10,0xE4,0x18,
    0x25,0x21,0x25,0x21,0x25,0x21,0x25,0x21,0x25,0x21,0x25,0x21,0xE4,0x18,0xA3,0x10,
    0xA3,0x10,0xA3,0x10,0xA3,0x10,0xA3,0x10,0xA3,0x10,0xA3,0x10,0xA3,0x10,0xA3,0x10,
    0xA3,0x10,0xA3,0x10,0xA3,0x10,0xA3,0x10,0xA3,0x10,0xA3,0x10,0xA3,0x10,0xA3,0x10,
    0xA3,0x10,0xA3,0x10,0xA3,0x10,0xA3,0x10,0xA3,0x10,0xA3,0x10,0xA3,0x10,0xA3,0x10,
    0xA3,0x10,0xA3,0x10,0xA3,0x10,0xA3,0x10,0xA3,0x10,0xA3,0x10,0xA3,0x10,0xA3,0x10,
    0xA3,0x10,0xA3,0x10,0xA3,0x10,0xA3,0x10,0xA3,0x10,0xA3,0x10,0xA3,0x10,0xA3,0x10,
    0xA3,0x10,0xA3,0x10,0xA3,0x10,0x8E,0x3A,0x9F,0x7D,0x9F,0x7D,0x9F,0x7D,0x9F,0x7D,
    0x9F,0x7D,0x9F,0x7D,0xCF,0x42,0xA3,0x10,0xA3,0x10,0xA3,0x10,0xA3,0x10,0xA3,0x10,
    0xA3,0x10,0xA3,0x10,0xA3,0x10,0xA3,0x10,0xA3,0x10,0xA3,0x10,0xA3,0x10,0xA3,0x10,
    0xA3,0x10,0xA3,0x10,0xA3,0x10,0xA3,0x10,0xA3,0x10,0xA3,0x10,0xA3,0x10,0xA3,0x10,
    0xA3,0x10,0xA3,0x10,0xA3,0x10,0xA3,0x10,0xA3,0x10,0xA3,0x10,0xA3,0x10,0xA3,0x10,
    0xA3,0x10,0x04,0x19,0x25,0x21,0x25,0x21,0x25,0x21,0x25,0x21,0x25,0x21,0x25,0x21,
    0xC4,0x18,0xA3,0x10,0xA3,0x10,0xA3,0x10,0xA3,0x10,0xA3,0x10,0xA3,0x10,0xA3,0x10,
    0xA3,0x10,0xA3,0x10,0xA3,0x10,0xA3,0x10,0xA3,0x10,0xA3,0x10,0xA3,0x10,0xA3,0x10,
    0xA3,0x10,0xA3,0x10,0xA3,0x10,0xA3,0x10,0xA3,0x10,0xA3,0x10,0xA3,0x10,0xA3,0x10,
    0xA3,0x10,0xA3,0x10,0xA3,0x10,0xA3,0x10,0xA3,0x10,0xA3,0x10,0xA3,0x10,0xA3,0x10,
    0xA3,0x10,0xA3,0x10,0xA3,0x10,0xA3,0x10,0xA3,0x10,0xA3,0x10,0xA3,0x10,0xA3,0x10,
    0xA3,0x10,0xA3,0x10,0xA3,0x10,0xA3,0x10,0xA3,0x10,0xCA,0x29,0x9F,0x7D,0x9F,0x7D,
    0x9F,0x7D,0x9F,0x7D,0x9F,0x7D,0x9F,0x7D,0x94,0x53,0xA3,0x10,0xA3,0x10,0xA3,0x10,
    0xA3,0x10,0xA3,0x10,0xA3,0x10,0xA3,0x10,0xA3,0x10,0xA3,0x10,0xA3,0x10,0xA3,0x10,
    0xA3,0x10,0xA3,0x10,0xA3,0x10,0xA3,0x10,0xA3,0x10,0xA3,0x10,0xA3,0x10,0xA3,0x10,
    0xA3,0x10,0xA3,0x10,0xA3,0x10,0xA3,0x10,0xA3,0x10,0xA3,0x10,0xA3,0x10,0xA3,0x10,
    0xA3,0x10,0xA3,0x10,0xA3,0x10,0x04,0x19,0x25,0x21,0x25,0x21,0x25,0x21,0x25,0x21,
    0x25,0x21,0x25,0x21,0xC4,0x10,0xA3,0x10,0xA3,0x10,0xA3,0x10,0xA3,0x10,0xA3,0x10,
    0xA3,0x10,0xA3,0x10,0xA3,0x10,0xA3,0x10,0xA3,0x10,0xA3,0x10,0xA3,0x10,0xA3,0x10,
    0xA3,0x10,0xA3,0x10,0xA3,0x10,0xA3,0x10,0xA3,0x10,0xA3,0x10,0xA3,0x10,0xA3,0x10,
    0xA3,0x10,0xA3,0x10,0xA3,0x10,0xA3,0x10,0xA3,0x10,0xA3,0x10,0xA3,0x10,0xA3,0x10,
    0xA3,0x10,0xA3,0x10,0xA3,0x10,0xA3,0x10,0xA3,0x10,0xA3,0x10,0xA3,0x10,0xA3,0x10,
    0xA3,0x10,0xA3,0x10,0xA3,0x10,0xA3,0x10,0xA3,0x10,0xA3,0x10,0xA3,0x10,0x88,0x21,
    0x9F,0x7D,0x9F,0x7D,0x9F,0x7D,0x9F,0x7D,0x9F,0x7D,0x9F,0x7D,0xF6,0x5B,0xA3,0x10,
    0xA3,0x10,0xA3,0x10,0xA3,0x10,0xA3,0x10,0xA3,0x10,0xA3,0x10,0xA3,0x10,0xA3,0x10,
    0xA3,0x10,0xA3,0x10,0xA3,0x10,0xA3,0x10,0xA3,0x10,0xA3,0x10,0xA3,0x10,0xA3,0x10,
    0xA3,0x10,0xA3,0x10,0xA3,0x10,0xA3,0x10,0xA3,0x10,0xA3,0x10,0xA3,0x10,0xA3,0x10,
    0xA3,0x10,0xA3,0x10,0xA3,0x10,0xA3,0x10,0xA3,0x10,0x05,0x21,0x25,0x21,0x25,0x21,
    0x25,0x21,0x25,0x21,0x25,0x21,0x25,0x21,0xA3,0x10,0xA3,0x10,0xA3,0x10,0xA3,0x10,
    0xA3,0x10,0xA3,0x10,0xA3,0x10,0xA3,0x10,0xA3,0x10,0xA3,0x10,0xA3,0x10,0xA3,0x10,
    0xA3,0x10,0xA3,0x10,0xA3,0x10,0xA3,0x10,0xA3,0x10,0xA3,0x10,0xA3,0x10,0xA3,0x10,
    0xA3,0x10,0xA3,0x10,0xA3,0x10,0xA3,0x10,0xA3,0x10,0xA3,0x10,0xA3,0x10,0xA3,0x10,
    0xA3,0x10,0xA3,0x10,0xA3,0x10,0xA3,0x10,0xA3,0x10,0xA3,0x10,0xA3,0x10,0xA3,0x10,
    0xA3,0x10,0xA3,0x10,0xA3,0x10,0xA3,0x10,0xA3,0x10,0xA3,0x10,0xA3,0x10,0xA3,0x10,
    0xA3,0x10,0xA3,0x10,0x9F,0x7D,0x9F,0x7D,0x9F,0x7D,0x9F,0x7D,0x9F,0x7D,0x9F,0x7D,
    0x9A,0x6C,0xA3,0x10,0xA3,0x10,0xA3,0x10,0xA3,0x10,0xA3,0x10,0xA3,0x10,0xA3,0x10,
    0xA3,0x10,0xA3,0x10,0xA3,0x10,0xA3,0x10,0xA3,0x10,0xA3,0x10,0xA3,0x10,0xA3,0x10,
    0xA3,0x10,0xA3,0x10,0xA3,0x10,0xA3,0x10,0xA3,0x10,0xA3,0x10,0xA3,0x10,0xA3,0x10,
    0xA3,0x10,0xA3,0x10,0xA3,0x10,0xA3,0x10,0xA3,0x10,0xA3,0x10,0xA3,0x10,0x05,0x21,
    0x25,0x21,0x25,0x21,0x25,0x21,0x25,0x21,0x25,0x21,0x25,0x21,0xA3,0x10,0xA3,0x10,
    0xA3,0x10,0xA3,0x10,0xA3,0x10,0xA3,0x10,0xA3,0x10,0xA3,0x10,0xA3,0x10,0xA3,0x10,
    0xA3,0x10,0xA3,0x10,0xA3,0x10,0xA3,0x10,0xA3,0x10,0xA3,0x10,0xA3,0x10,0xA3,0x10,
    0xA3,0x10,0xA3,0x10,0xA3,0x10,0xA3,0x10,0xA3,0x10,0xA3,0x10,0xA3,0x10,0xA3,0x10,
    0xA3,0x10,0xA3,0x10,0xA3,0x10,0xA3,0x10,0xA3,0x10,0xA3,0x10,0xA3,0x10,0xA3,0x10,
    0xA3,0x10,0xA3,0x10,0xA3,0x10,0xA3,0x10,0xA3,0x10,0xA3,0x10,0xA3,0x10,0xA3,0x10,
    0xA3,0x10,0xA3,0x10,0xA3,0x10,0xA3,0x10,0x9F,0x7D,0x9F,0x7D,0x9F,0x7D,0x9F,0x7D,
    0x9F,0x7D,0x9F,0x7D,0x9A,0x6C,0xA3,0x10,0xA3,0x10,0xA3,0x10,0xA3,0x10,0xA3,0x10,
    0xA3,0x10,0xA3,0x10,0xA3,0x10,0xA3,0x10,0xA3,0x10,0xA3,0x10,0xA3,0x10,0xA3,0x10,
    0xA3,0x10,0xA3,0x10,0xA3,0x10,0xA3,0x10,0xA3,0x10,0xA3,0x10,0xA3,0x10,0xA3,0x10,
    0xA3,0x10,0xA3,0x10,0xA3,0x10,0xA3,0x10,0xA3,0x10,0xA3,0x10,0xA3,0x10,0xA3,0x10,
    0xA3,0x10,0x05,0x21,0x25,0x21,0x25,0x21,0x25,0x21,0x25,0x21,0x25,0x21,0x25,0x21,
    0xA3,0x10,0xA3,0x10,0xA3,0x10,0xA3,0x10,0xA3,0x10,0xA3,0x10,0xA3,0x10,0xA3,0x10,
    0xA3,0x10,0xA3,0x10,0xA3,0x10,0xA3,0x10,0xA3,0x10,0xA3,0x10,0xA3,0x10,0xA3,0x10,
    0xA3,0x10,0xA3,0x10,0xA3,0x10,0xA3,0x10,0xA3,0x10,0xA3,0x10,0xA3,0x10,0xA3,0x10,
    0xA3,0x10,0xA3,0x10,0xA3,0x10,0xA3,0x10,0xA3,0x10,0xA3,0x10,0xA3,0x10,0xA3,0x10,
    0xA3,0x10,0xA3,0x10,0xA3,0x10,0xA3,0x10,0xA3,0x10,0xA3,0x10,0xA3,0x10,0xA3,0x10,
    0xA3,0x10,0xA3,0x10,0xA3,0x10,0xA3,0x10,0xA3,0x10,0xA3,0x10,0x9F,0x7D,0x9F,0x7D,
    0x9F,0x7D,0x9F,0x7D,0x9F,0x7D,0x9F,0x7D,0x9A,0x6C,0xA3,0x10,0xA3,0x10,0xA3,0x10,
    0xA3,0x10,0xA3,0x10,0xA3,0x10,0xA3,0x10,0xA3,0x10,0xA3,0x10,0xA3,0x10,0xA3,0x10,
    0xA3,0x10,0xA3,0x10,0xA3,0x10,0xA3,0x10,0xA3,0x10,0xA3,0x10,0xA3,0x10,0xA3,0x10,
    0xA3,0x10,0xA3,0x10,0xA3,0x10,0xA3,0x10,0xA3,0x10,0xA3,0x10,0xA3,0x10,0xA3,0x10,
    0xA3,0x10,0xA3,0x10,0xA3,0x10,0x05,0x21,0x25,0x21,0x25,0x21,0x25,0x21,0x25,0x21,
    0x25,0x21,0x25,0x21,0xA3,0x10,0xA3,0x10,0xA3,0x10,0xA3,0x10,0xA3,0x10,0xA3,0x10,
    0xA3,0x10,0xA3,0x10,0xA3,0x10,0xA3,0x10,0xA3,0x10,0xA3,0x10,0xA3,0x10,0xA3,0x10,
    0xA3,0x10,0xA3,0x10,0xA3,0x10,0xA3,0x10,0xA3,0x10,0xA3,0x10,0xA3,0x10,0xA3,0x10,
    0xA3,0x10,0xA3,0x10,0xA3,0x10,0xA3,0x10,0xA3,0x10,0xA3,0x10,0xA3,0x10,0xA3,0x10,
    0xA3,0x10,0xA3,0x10,0xA3,0x10,0xA3,0x10,0xA3,0x10,0xA3,0x10,0xA3,0x10,0xA3,0x10,
    0xA3,0x10,0xA3,0x10,0xA3,0x10,0xA3,0x10,0xA3,0x10,0xA3,0x10,0xA3,0x10,0xA3,0x10,
    0x9F,0x7D,0x9F,0x7D,0x9F,0x7D,0x9F,0x7D,0x9F,0x7D,0x9F,0x7D,0x9A,0x6C,0xA3,0x10,
    0xA3,0x10,0xA3,0x10,0xA3,0x10,0xA3,0x10,0xA3,0x10,0xA3,0x10,0xA3,0x10,0xA3,0x10,
    0xA3,0x10,0xA3,0x10,0xA3,0x10,0xA3,0x10,0xA3,0x10,0xA3,0x10,0xA3,0x10,0xA3,0x10,
    0xA3,0x10,0xA3,0x10,0xA3,0x10,0xA3,0x10,0xA3,0x10,0xA3,0x10,0xA3,0x10,0xA3,0x10,
    0xA3,0x10,0xA3,0x10,0xA3,0x10,0xA3,0x10,0xA3,0x10,0x04,0x19,0x25,0x21,0x25,0x21,
    0x25,0x21,0x25,0x21,0x25,0x21,0x25,0x21,0xC4,0x10,0xA3,0x10,0xA3,0x10,0xA3,0x10,
    0xA3,0x10,0xA3,0x10,0xA3,0x10,0xA3,0x10,0xA3,0x10,0xA3,0x10,0xA3,0x10,0xA3,0x10,
    0xA3,0x10,0xA3,0x10,0xA3,0x10,0xA3,0x10,0xA3,0x10,0xA3,0x10,0xA3,0x10,0xA3,0x10,
    0xA3,0x10,0xA3,0x10,0xA3,0x10,0xA3,0x10,0xA3,0x10,0xA3,0x10,0xA3,0x10,0xA3,0x10,
    0xA3,0x10,0xA3,0x10,0xA3,0x10,0xA3,0x10,0xA3,0x10,0xA3,0x10,0xA3,0x10,0xA3,0x10,
    0xA3,0x10,0xA3,0x10,0xA3,0x10,0xA3,0x10,0xA3,0x10,0xA3,0x10,0xA3,0x10,0xA3,0x10,
    0xA3,0x10,0x88,0x21,0x9F,0x7D,0x9F,0x7D,0x9F,0x7D,0x9F,0x7D,0x9F,0x7D,0x9F,0x7D,
    0xF6,0x5B,0xA3,0x10,0xA3,0x10,0xA3,0x10,0xA3,0x10,0xA3,0x10,0xA3,0x10,0xA3,0x10,
    0xA3,0x10,0xA3,0x10,0xA3,0x10,0xA3,0x10,0xA3,0x10,0xA3,0x10,0xA3,0x10,0xA3,0x10,
    0xA3,0x10,0xA3,0x10,0xA3,0x10,0xA3,0x10,0xA3,0x10,0xA3,0x10,0xA3,0x10,0xA3,0x10,
    0xA3,0x10,0xA3,0x10,0xA3,0x10,0xA3,0x10,0xA3,0x10,0xA3,0x10,0xA3,0x10,0x04,0x19,
    0x25,0x21,0x25,0x21,0x25,0x21,0x25,0x21,0x25,0x21,0x25,0x21,0xC4,0x18,0xA3,0x10,
    0xA3,0x10,0xA3,0x10,0xA3,0x10,0xA3,0x10,0xA3,0x10,0xA3,0x10,0xA3,0x10,0xA3,0x10,
    0xA3,0x10,0xA3,0x10,0xA3,0x10,0xA3,0x10,0xA3,0x10,0xA3,0x10,0xA3,0x10,0xA3,0x10,
    0xA3,0x10,0xA3,0x10,0xA3,0x10,0xA3,0x10,0xA3,0x10,0xA3,0x10,0xA3,0x10,0xA3,0x10,
    0xA3,0x10,0xA3,0x10,0xA3,0x10,0xA3,0x10,0xA3,0x10,0xA3,0x10,0xA3,0x10,0xA3,0x10,
    0xA3,0x10,0xA3,0x10,0xA3,0x10,0xA3,0x10,0xA3,0x10,0xA3,0x10,0xA3,0x10,0xA3,0x10,
    0xA3,0x10,0xA3,0x10,0xA3,0x10,0xCA,0x29,0x9F,0x7D,0x9F,0x7D,0x9F,0x7D,0x9F,0x7D,
    0x9F,0x7D,0x9F,0x7D,0x94,0x53,0xA3,0x10,0xA3,0x10,0xA3,0x10,0xA3,0x10,0xA3,0x10,
    0xA3,0x10,0xA3,0x10,0xA3,0x10,0xA3,0x10,0xA3,0x10,0xA3,0x10,0xA3,0x10,0xA3,0x10,
    0xA3,0x10,0xA3,0x10,0xA3,0x10,0xA3,0x10,0xA3,0x10,0xA3,0x10,0xA3,0x10,0xA3,0x10,
    0xA3,0x10,0xA3,0x10,0xA3,0x10,0xA3,0x10,0xA3,0x10,0xA3,0x10,0xA3,0x10,0xA3,0x10,
    0xA3,0x10,0xE4,0x18,0x25,0x21,0x25,0x21,0x25,0x21,0x25,0x21,0x25,0x21,0x25,0x21,
    0xE4,0x18,0xA3,0x10,0xA3,0x10,0xA3,0x10,0xA3,0x10,0xA3,0x10,0xA3,0x10,0xA3,0x10,
    0xA3,0x10,0xA3,0x10,0xA3,0x10,0xA3,0x10,0xA3,0x10,0xA3,0x10,0xA3,0x10,0xA3,0x10,
    0xA3,0x10,0xA3,0x10,0xA3,0x10,0xA3,0x10,0xA3,0x10,0xA3,0x10,0xA3,0x10,0xA3,0x10,
    0xA3,0x10,0xA3,0x10,0xA3,0x10,0xA3,0x10,0xA3,0x10,0xA3,0x10,0xA3,0x10,0xA3,0x10,
    0xA3,0x10,0xA3,0x10,0xA3,0x10,0xA3,0x10,0xA3,0x10,0xA3,0x10,0xA3,0x10,0xA3,0x10,
    0xA3,0x10,0xA3,0x10,0xA3,0x10,0xA3,0x10,0xA3,0x10,0x8E,0x3A,0x9F,0x7D,0x9F,0x7D,
    0x9F,0x7D,0x9F,0x7D,0x9F,0x7D,0x9F,0x7D,0xCF,0x42,0xA3,0x10,0xA3,0x10,0xA3,0x10,
    0xA3,0x10,0xA3,0x10,0xA3,0x10,0xA3,0x10,0xA3,0x10,0xA3,0x10,0xA3,0x10,0xA3,0x10,
    0xA3,0x10,0xA3,0x10,0xA3,0x10,0xA3,0x10,0xA3,0x10,0xA3,0x10,0xA3,0x10,0xA3,0x10,
    0xA3,0x10,0xA3,0x10,0xA3,0x10,0xA3,0x10,0xA3,0x10,0xA3,0x10,0xA3,0x10,0xA3,0x10,
    0xA3,0x10,0xA3,0x10,0xA3,0x10,0xC4,0x18,0x25,0x21,0x25,0x21,0x25,0x21,0x25,0x21,
    0x25,0x21,0x25,0x21,0x04,0x19,0xA3,0x10,0xA3,0x10,0xA3,0x10,0xA3,0x10,0xA3,0x10,
    0xA3,0x10,0xA3,0x10,0xA3,0x10,0xA3,0x10,0xA3,0x10,0xA3,0x10,0xA3,0x10,0xA3,0x10,
    0xA3,0x10,0xA3,0x10,0xA3,0x10,0xA3,0x10,0xA3,0x10,0xA3,0x10,0xA3,0x10,0xA3,0x10,
    0xA3,0x10,0xA3,0x10,0xA3,0x10,0xA3,0x10,0xA3,0x10,0xA3,0x10,0xA3,0x10,0xA3,0x10,
    0xA3,0x10,0xA3,0x10,0xA3,0x10,0xA3,0x10,0xA3,0x10,0xA3,0x10,0xA3,0x10,0xA3,0x10,
    0xA3,0x10,0xA3,0x10,0xA3,0x10,0xA3,0x10,0xA3,0x10,0xA3,0x10,0xA3,0x10,0x94,0x53,
    0x9F,0x7D,0x9F,0x7D,0x9F,0x7D,0x9F,0x7D,0x9F,0x7D,0x9F,0x7D,0xEA,0x29,0xA3,0x10,
    0xA3,0x10,0xA3,0x10,0xA3,0x10,0xA3,0x10,0xA3,0x10,0xA3,0x10,0xA3,0x10,0xA3,0x10,
    0xA3,0x10,0xA3,0x10,0xA3,0x10,0xA3,0x10,0xA3,0x10,0xA3,0x10,0xA3,0x10,0xA3,0x10,
    0xA3,0x10,0xA3,0x10,0xA3,0x10,0xA3,0x10,0xA3,0x10,0xA3,0x10,0xA3,0x10,0xA3,0x10,
    0xA3,0x10,0xA3,0x10,0xA3,0x10,0xA3,0x10,0xA3,0x10,0xC3,0x10,0x25,0x21,0x25,0x21,
    0x25,0x21,0x25,0x21,0x25,0x21,0x25,0x21,0x25,0x21,0xA3,0x10,0xA3,0x10,0xA3,0x10,
    0xA3,0x10,0xA3,0x10,0xA3,0x10,0xA3,0x10,0xA3,0x10,0xA3,0x10,0xA3,0x10,0xA3,0x10,
    0xA3,0x10,0xA3,0x10,0xA3,0x10,0xA3,0x10,0xA3,0x10,0xA3,0x10,0xA3,0x10,0xA3,0x10,
    0xA3,0x10,0xA3,0x10,0xA3,0x10,0xA3,0x10,0xA3,0x10,0xA3,0x10,0xA3,0x10,0xA3,0x10,
    0xA3,0x10,0xA3,0x10,0xA3,0x10,0xA3,0x10,0xA3,0x10,0xA3,0x10,0xA3,0x10,0xA3,0x10,
    0xA3,0x10,0xA3,0x10,0xA3,0x10,0xA3,0x10,0xA3,0x10,0xA3,0x10,0xA3,0x10,0xA3,0x10,
    0xA3,0x10,0xBB,0x6C,0x9F,0x7D,0x9F,0x7D,0x9F,0x7D,0x9F,0x7D,0x9F,0x7D,0x9F,0x7D,
    0xE4,0x18,0xA3,0x10,0xA3,0x10,0xA3,0x10,0xA3,0x10,0xA3,0x10,0xA3,0x10,0xA3,0x10,
    0xA3,0x10,0xA3,0x10,0xA3,0x10,0xA3,0x10,0xA3,0x10,0xA3,0x10,0xA3,0x10,0xA3,0x10,
    0xA3,0x10,0xA3,0x10,0xA3,0x10,0xA3,0x10,0xA3,0x10,0xA3,0x10,0xA3,0x10,0xA3,0x10,
    0xA3,0x10,0xA3,0x10,0xA3,0x10,0xA3,0x10,0xA3,0x10,0xA3,0x10,0xA3,0x10,0xA3,0x10,
    0x05,0x21,0x25,0x21,0x25,0x21,0x25,0x21,0x25,0x21,0x25,0x21,0x25,0x21,0xC3,0x10,
    0xA3,0x10,0xA3,0x10,0xA3,0x10,0xA3,0x10,0xA3,0x10,0xA3,0x10,0xA3,0x10,0xA3,0x10,
    0xA3,0x10,0xA3,0x10,0xA3,0x10,0xA3,0x10,0xA3,0x10,0xA3,0x10,0xA3,0x10,0xA3,0x10,
    0xA3,0x10,0xA3,0x10,0xA3,0x10,0xA3,0x10,0xA3,0x10,0xA3,0x10,0xA3,0x10,0xA3,0x10,
    0xA3,0x10,0xA3,0x10,0xA3,0x10,0xA3,0x10,0xA3,0x10,0xA3,0x10,0xA3,0x10,0xA3,0x10,
    0xA3,0x10,0xA3,0x10,0xA3,0x10,0xA3,0x10,0xA3,0x10,0xA3,0x10,0xA3,0x10,0xA3,0x10,
    0xA3,0x10,0xA3,0x10,0x67,0x21,0x9F,0x7D,0x9F,0x7D,0x9F,0x7D,0x9F,0x7D,0x9F,0x7D,
    0x9F,0x7D,0x79,0x64,0xA3,0x10,0xA3,0x10,0xA3,0x10,0xA3,0x10,0xA3,0x10,0xA3,0x10,
    0xA3,0x10,0xA3,0x10,0xA3,0x10,0xA3,0x10,0xA3,0x10,0xA3,0x10,0xA3,0x10,0xA3,0x10,
    0xA3,0x10,0xA3,0x10,0x62,0x08,0xA3,0x10,0xA3,0x10,0xA3,0x10,0xA3,0x10,0xA3,0x10,
    0xA3,0x10,0xA3,0x10,0xA3,0x10,0xA3,0x10,0xA3,0x10,0xA3,0x10,0xA3,0x10,0xA3,0x10,
    0xA3,0x10,0xA3,0x10,0x04,0x19,0x25,0x21,0x25,0x21,0x25,0x21,0x25,0x21,0x25,0x21,
    0x25,0x21,0xE4,0x18,0xA3,0x10,0xA3,0x10,0xA3,0x10,0xA3,0x10,0xA3,0x10,0xA3,0x10,
    0xA3,0x10,0xA3,0x10,0xA3,0x10,0xA3,0x10,0xA3,0x10,0xA3,0x10,0xA3,0x10,0xA3,0x10,
    0xA3,0x10,0xA3,0x10,0xA3,0x10,0xA3,0x10,0xA3,0x10,0xA3,0x10,0xA3,0x10,0xA3,0x10,
    0xA3,0x10,0xA3,0x10,0xA3,0x10,0xA3,0x10,0xA3,0x10,0xA3,0x10,0xA3,0x10,0xA3,0x10,
    0xA3,0x10,0xA3,0x10,0xA3,0x10,0xA3,0x10,0xA3,0x10,0xA3,0x10,0xA3,0x10,0xA3,0x10,
    0xA3,0x10,0xA3,0x10,0xA3,0x10,0xA3,0x10,0x73,0x53,0x9F,0x7D,0x9F,0x7D,0x9F,0x7D,
    0x9F,0x7D,0x9F,0x7D,0x9F,0x7D,0x73,0x53,0xA3,0x10,0xA3,0x10,0xA3,0x10,0xA3,0x10,
    0xA3,0x10,0xA3,0x10,0xA3,0x10,0xA3,0x10,0xA3,0x10,0xA3,0x10,0xA3,0x10,0xA3,0x10,
    0xA3,0x10,0xA3,0x10,0xA3,0x10,0x62,0x08,0x00,0x00,0xA3,0x10,0xA3,0x10,0xA3,0x10,
    0xA3,0x10,0xA3,0x10,0xA3,0x10,0xA3,0x10,0xA3,0x10,0xA3,0x10,0xA3,0x10,0xA3,0x10,
    0xA3,0x10,0xA3,0x10,0xA3,0x10,0xA3,0x10,0xC4,0x18,0x25,0x21,0x25,0x21,0x25,0x21,
    0x25,0x21,0x25,0x21,0x25,0x21,0x46,0x21,0xE4,0x18,0xA3,0x10,0xA3,0x10,0xA3,0x10,
    0xA3,0x10,0xA3,0x10,0xA3,0x10,0xA3,0x10,0xA3,0x10,0xA3,0x10,0xA3,0x10,0xA3,0x10,
    0xA3,0x10,0xA3,0x10,0xA3,0x10,0xA3,0x10,0xA3,0x10,0xA3,0x10,0xA3,0x10,0xA3,0x10,
    0xA3,0x10,0xA3,0x10,0xA3,0x10,0xA3,0x10,0xA3,0x10,0xA3,0x10,0xA3,0x10,0xA3,0x10,
    0xA3,0x10,0xA3,0x10,0xA3,0x10,0xA3,0x10,0xA3,0x10,0xA3,0x10,0xA3,0x10,0xA3,0x10,
    0xA3,0x10,0xA3,0x10,0xA3,0x10,0xA3,0x10,0xA3,0x10,0xE4,0x18,0x3D,0x75,0x9F,0x7D,
    0x9F,0x7D,0x9F,0x7D,0x9F,0x7D,0x9F,0x7D,0x9F,0x7D,0x0B,0x32,0xA3,0x10,0xA3,0x10,
    0xA3,0x10,0xA3,0x10,0xA3,0x10,0xA3,0x10,0xA3,0x10,0xA3,0x10,0xA3,0x10,0xA3,0x10,
    0xA3,0x10,0xA3,0x10,0xA3,0x10,0xA3,0x10,0xA3,0x10,0x00,0x00,0x00,0x00,0xA3,0x10,
    0xA3,0x10,0xA3,0x10,0xA3,0x10,0xA3,0x10,0xA3,0x10,0xA3,0x10,0xA3,0x10,0xA3,0x10,
    0xA3,0x10,0xA3,0x10,0xA3,0x10,0xA3,0x10,0xA3,0x10,0xA3,0x10,0xC3,0x10,0x25,0x21,
    0x25,0x21,0x25,0x21,0x25,0x21,0xC9,0x31,0xB4,0x5B,0x3E,0x7D,0x31,0x4B,0xA3,0x10,
    0xA3,0x10,0xA3,0x10,0xA3,0x10,0xA3,0x10,0xA3,0x10,0xA3,0x10,0xA3,0x10,0xA3,0x10,
    0xA3,0x10,0xA3,0x10,0xA3,0x10,0xA3,0x10,0xA3,0x10,0xA3,0x10,0xA3,0x10,0xA3,0x10,
    0xA3,0x10,0xA3,0x10,0xA3,0x10,0xA3,0x10,0xA3,0x10,0xA3,0x10,0xA3,0x10,0xA3,0x10,
    0xA3,0x10,0xA3,0x10,0xA3,0x10,0xA3,0x10,0xA3,0x10,0xA3,0x10,0xA3,0x10,0xA3,0x10,
    0xA3,0x10,0xA3,0x10,0xA3,0x10,0xA3,0x10,0xA3,0x10,0xA3,0x10,0xA3,0x10,0x31,0x4B,
    0x9F,0x7D,0x9F,0x7D,0x9F,0x7D,0x9F,0x7D,0x9F,0x7D,0x9F,0x7D,0x3E,0x7D,0xC4,0x10,
    0xA3,0x10,0xA3,0x10,0xA3,0x10,0xA3,0x10,0xA3,0x10,0xA3,0x10,0xA3,0x10,0xA3,0x10,
    0xA3,0x10,0xA3,0x10,0xA3,0x10,0xA3,0x10,0xA3,0x10,0xA3,0x10,0xA3,0x10,0x00,0x00,
    0x00,0x00,0xA3,0x10,0xA3,0x10,0xA3,0x10,0xA3,0x10,0xA3,0x10,0xA3,0x10,0xA3,0x10,
    0xA3,0x10,0xA3,0x10,0xA3,0x10,0xA3,0x10,0xA3,0x10,0xA3,0x10,0xA3,0x10,0xA3,0x10,
    0xA3,0x10,0xE4,0x18,0x25,0x21,0x0A,0x32,0x37,0x64,0x9F,0x7D,0x9F,0x7D,0x9F,0x7D,
    0x5E,0x7D,0x26,0x19,0xA3,0x10,0xA3,0x10,0xA3,0x10,0xA3,0x10,0xA3,0x10,0xA3,0x10,
    0xA3,0x10,0xA3,0x10,0xA3,0x10,0xA3,0x10,0xA3,0x10,0xA3,0x10,0xA3,0x10,0xA3,0x10,
    0xA3,0x10,0xA3,0x10,0xA3,0x10,0xA3,0x10,0xA3,0x10,0xA3,0x10,0xA3,0x10,0xA3,0x10,
    0xA3,0x10,0xA3,0x10,0xA3,0x10,0xA3,0x10,0xA3,0x10,0xA3,0x10,0xA3,0x10,0xA3,0x10,
    0xA3,0x10,0xA3,0x10,0xA3,0x10,0xA3,0x10,0xA3,0x10,0xA3,0x10,0xA3,0x10,0xA3,0x10,
    0x26,0x19,0x5E,0x7D,0x9F,0x7D,0x9F,0x7D,0x9F,0x7D,0x9F,0x7D,0x9F,0x7D,0x9F,0x7D,
    0x32,0x4B,0xA3,0x10,0xA3,0x10,0xA3,0x10,0xA3,0x10,0xA3,0x10,0xA3,0x10,0xA3,0x10,
    0xA3,0x10,0xA3,0x10,0xA3,0x10,0xA3,0x10,0xA3,0x10,0xA3,0x10,0xA3,0x10,0xA3,0x10,
    0xA3,0x10,0x00,0x00,0x00,0x00,0xA3,0x10,0xA3,0x10,0xA3,0x10,0xA3,0x10,0xA3,0x10,
    0xA3,0x10,0xA3,0x10,0xA3,0x10,0xA3,0x10,0xA3,0x10,0xA3,0x10,0xA3,0x10,0xA3,0x10,
    0xA3,0x10,0xA3,0x10,0xA3,0x10,0xC3,0x10,0xD5,0x5B,0x9F,0x7D,0x9F,0x7D,0x9F,0x7D,
    0x9F,0x7D,0x9F,0x7D,0x9F,0x7D,0x73,0x53,0xA3,0x10,0xA3,0x10,0xA3,0x10,0xA3,0x10,
    0xA3,0x10,0xA3,0x10,0xA3,0x10,0xA3,0x10,0xA3,0x10,0xA3,0x10,0xA3,0x10,0xA3,0x10,
    0xA3,0x10,0xA3,0x10,0xA3,0x10,0xA3,0x10,0xA3,0x10,0xA3,0x10,0xA3,0x10,0xA3,0x10,
    0xA3,0x10,0xA3,0x10,0xA3,0x10,0xA3,0x10,0xA3,0x10,0xA3,0x10,0xA3,0x10,0xA3,0x10,
    0xA3,0x10,0xA3,0x10,0xA3,0x10,0xA3,0x10,0xA3,0x10,0xA3,0x10,0xA3,0x10,0xA3,0x10,
    0xA3,0x10,0xA3,0x10,0x73,0x53,0x9F,0x7D,0x9F,0x7D,0x9F,0x7D,0x9F,0x7D,0x9F,0x7D,
    0x9F,0x7D,0x5E,0x7D,0x05,0x19,0xA3,0x10,0xA3,0x10,0xA3,0x10,0xA3,0x10,0xA3,0x10,
    0xA3,0x10,0xA3,0x10,0xA3,0x10,0xA3,0x10,0xA3,0x10,0xA3,0x10,0xA3,0x10,0xA3,0x10,
    0xA3,0x10,0xA3,0x10,0xA3,0x10,0x00,0x00,0x00,0x00,0xC3,0x00,0xA3,0x10,0xA3,0x10,
    0xA3,0x10,0xA3,0x10,0xA3,0x10,0xA3,0x10,0xA3,0x10,0xA3,0x10,0xA3,0x10,0xA3,0x10,
    0xA3,0x10,0xA3,0x10,0xA3,0x10,0xA3,0x10,0xA3,0x10,0xA3,0x10,0x31,0x4B,0x9F,0x7D,
    0x9F,0x7D,0x9F,0x7D,0x9F,0x7D,0x9F,0x7D,0x9F,0x7D,0x7F,0x7D,0x0B,0x32,0xA3,0x10,
    0xA3,0x10,0xA3,0x10,0xA3,0x10,0xA3,0x10,0xA3,0x10,0xA3,0x10,0xA3,0x10,0xA3,0x10,
    0xA3,0x10,0xA3,0x10,0xA3,0x10,0xA3,0x10,0xA3,0x10,0xA3,0x10,0xA3,0x10,0xA3,0x10,
    0xA3,0x10,0xA3,0x10,0xA3,0x10,0xA3,0x10,0xA3,0x10,0xA3,0x10,0xA3,0x10,0xA3,0x10,
    0xA3,0x10,0xA3,0x10,0xA3,0x10,0xA3,0x10,0xA3,0x10,0xA3,0x10,0xA3,0x10,0xA3,0x10,
    0xA3,0x10,0xA3,0x10,0xA3,0x10,0x0B,0x32,0x7F,0x7D,0x9F,0x7D,0x9F,0x7D,0x9F,0x7D,
    0x9F,0x7D,0x9F,0x7D,0x9F,0x7D,0x31,0x4B,0xA3,0x10,0xA3,0x10,0xA3,0x10,0xA3,0x10,
    0xA3,0x10,0xA3,0x10,0xA3,0x10,0xA3,0x10,0xA3,0x10,0xA3,0x10,0xA3,0x10,0xA3,0x10,
    0xA3,0x10,0xA3,0x10,0xA3,0x10,0xA3,0x10,0xC3,0x00,0x00,0x00,0x00,0x00,0x00,0x00,
    0xA3,0x10,0xA3,0x10,0xA3,0x10,0xA3,0x10,0xA3,0x10,0xA3,0x10,0xA3,0x10,0xA3,0x10,
    0xA3,0x10,0xA3,0x10,0xA3,0x10,0xA3,0x10,0xA3,0x10,0xA3,0x10,0xA3,0x10,0xA3,0x10,
    0xE4,0x18,0x3E,0x7D,0x9F,0x7D,0x9F,0x7D,0x9F,0x7D,0x9F,0x7D,0x9F,0x7D,0x9F,0x7D,
    0x5E,0x7D,0x47,0x21,0xA3,0x10,0xA3,0x10,0xA3,0x10,0xA3,0x10,0xA3,0x10,0xA3,0x10,
    0xA3,0x10,0xA3,0x10,0xA3,0x10,0xA3,0x10,0xA3,0x10,0xA3,0x10,0xA3,0x10,0xA3,0x10,
    0xA3,0x10,0xA3,0x10,0xA3,0x10,0xA3,0x10,0xA3,0x10,0xA3,0x10,0xA3,0x10,0xA3,0x10,
    0xA3,0x10,0xA3,0x10,0xA3,0x10,0xA3,0x10,0xA3,0x10,0xA3,0x10,0xA3,0x10,0xA3,0x10,
    0xA3,0x10,0xA3,0x10,0xA3,0x10,0xA3,0x10,0x47,0x21,0x5E,0x7D,0x9F,0x7D,0x9F,0x7D,
    0x9F,0x7D,0x9F,0x7D,0x9F,0x7D,0x9F,0x7D,0x3E,0x7D,0xE4,0x18,0xA3,0x10,0xA3,0x10,
    0xA3,0x10,0xA3,0x10,0xA3,0x10,0xA3,0x10,0xA3,0x10,0xA3,0x10,0xA3,0x10,0xA3,0x10,
    0xA3,0x10,0xA3,0x10,0xA3,0x10,0xA3,0x10,0xA3,0x10,0xA3,0x10,0x00,0x00,0x00,0x00,
    0x00,0x00,0x00,0x00,0xA3,0x10,0xA3,0x10,0xA3,0x10,0xA3,0x10,0xA3,0x10,0xA3,0x10,
    0xA3,0x10,0xA3,0x10,0xA3,0x10,0xA3,0x10,0xA3,0x10,0xA3,0x10,0xA3,0x10,0xA3,0x10,
    0xA3,0x10,0xA3,0x10,0xA3,0x10,0xF0,0x42,0x9F,0x7D,0x9F,0x7D,0x9F,0x7D,0x9F,0x7D,
    0x9F,0x7D,0x9F,0x7D,0x9F,0x7D,0xFC,0x74,0x05,0x19,0xA3,0x10,0xA3,0x10,0xA3,0x10,
    0xA3,0x10,0xA3,0x10,0xA3,0x10,0xA3,0x10,0xA3,0x10,0xA3,0x10,0xA3,0x10,0xA3,0x10,
    0xA3,0x10,0xA3,0x10,0xA3,0x10,0xA3,0x10,0xA3,0x10,0xA3,0x10,0xA3,0x10,0xA3,0x10,
    0xA3,0x10,0xA3,0x10,0xA3,0x10,0xA3,0x10,0xA3,0x10,0xA3,0x10,0xA3,0x10,0xA3,0x10,
    0xA3,0x10,0xA3,0x10,0xA3,0x10,0xA3,0x10,0xA3,0x10,0x05,0x19,0xFC,0x74,0x9F,0x7D,
    0x9F,0x7D,0x9F,0x7D,0x9F,0x7D,0x9F,0x7D,0x9F,0x7D,0x9F,0x7D,0xF0,0x42,0xA3,0x10,
    0xA3,0x10,0xA3,0x10,0xA3,0x10,0xA3,0x10,0xA3,0x10,0xA3,0x10,0xA3,0x10,0xA3,0x10,
    0xA3,0x10,0xA3,0x10,0xA3,0x10,0xA3,0x10,0xA3,0x10,0xA3,0x10,0xA3,0x10,0xA3,0x10,
    0x00,0x00,0x00,0x00,0x00,0x00,0x00,0x00,0x00,0x00,0xA3,0x10,0xA3,0x10,0xA3,0x10,
    0xA3,0x10,0xA3,0x10,0xA3,0x10,0xA3,0x10,0xA3,0x10,0xA3,0x10,0xA3,0x10,0xA3,0x10,
    0xA3,0x10,0xA3,0x10,0xA3,0x10,0xA3,0x10,0xA3,0x10,0xC4,0x10,0xBB,0x6C,0x9F,0x7D,
    0x9F,0x7D,0x9F,0x7D,0x9F,0x7D,0x9F,0x7D,0x9F,0x7D,0x9F,0x7D,0x38,0x64,0x05,0x19,
    0xA3,0x10,0xA3,0x10,0xA3,0x10,0xA3,0x10,0xA3,0x10,0xA3,0x10,0xA3,0x10,0xA3,0x10,
    0xA3,0x10,0xA3,0x10,0xA3,0x10,0xA3,0x10,0xA3,0x10,0xA3,0x10,0xA3,0x10,0xA3,0x10,
    0xA3,0x10,0xA3,0x10,0xA3,0x10,0xA3,0x10,0xA3,0x10,0xA3,0x10,0xA3,0x10,0xA3,0x10,
    0xA3,0x10,0xA3,0x10,0xA3,0x10,0xA3,0x10,0xA3,0x10,0xA3,0x10,0x05,0x19,0x38,0x64,
    0x9F,0x7D,0x9F,0x7D,0x9F,0x7D,0x9F,0x7D,0x9F,0x7D,0x9F,0x7D,0x9F,0x7D,0xBB,0x6C,
    0xC4,0x10,0xA3,0x10,0xA3,0x10,0xA3,0x10,0xA3,0x10,0xA3,0x10,0xA3,0x10,0xA3,0x10,
    0xA3,0x10,0xA3,0x10,0xA3,0x10,0xA3,0x10,0xA3,0x10,0xA3,0x10,0xA3,0x10,0xA3,0x10,
    0xA3,0x10,0x00,0x00,0x00,0x00,0x00,0x00,0x00,0x00,0x00,0x00,0x00,0x00,0xA3,0x10,
    0xA3,0x10,0xA3,0x10,0xA3,0x10,0xA3,0x10,0xA3,0x10,0xA3,0x10,0xA3,0x10,0xA3,0x10,
    0xA3,0x10,0xA3,0x10,0xA3,0x10,0xA3,0x10,0xA3,0x10,0xA3,0x10,0xA3,0x10,0xA3,0x10,
    0x47,0x21,0x5E,0x7D,0x9F,0x7D,0x9F,0x7D,0x9F,0x7D,0x9F,0x7D,0x9F,0x7D,0x9F,0x7D,
    0x9F,0x7D,0xFC,0x74,0x47,0x21,0xA3,0x10,0xA3,0x10,0xA3,0x10,0xA3,0x10,0xA3,0x10,
    0xA3,0x10,0xA3,0x10,0xA3,0x10,0xA3,0x10,0xA3,0x10,0xA3,0x10,0xA3,0x10,0xA3,0x10,
    0xA3,0x10,0xA3,0x10,0xA3,0x10,0xA3,0x10,0xA3,0x10,0xA3,0x10,0xA3,0x10,0xA3,0x10,
    0xA3,0x10,0xA3,0x10,0xA3,0x10,0xA3,0x10,0xA3,0x10,0xA3,0x10,0xA3,0x10,0x47,0x21,
    0xFC,0x74,0x9F,0x7D,0x9F,0x7D,0x9F,0x7D,0x9F,0x7D,0x9F,0x7D,0x9F,0x7D,0x9F,0x7D,
    0x5E,0x7D,0x47,0x21,0xA3,0x10,0xA3,0x10,0xA3,0x10,0xA3,0x10,0xA3,0x10,0xA3,0x10,
    0xA3,0x10,0xA3,0x10,0xA3,0x10,0xA3,0x10,0xA3,0x10,0xA3,0x10,0xA3,0x10,0xA3,0x10,
    0xA3,0x10,0xA3,0x10,0xA3,0x10,0x00,0x00,0x00,0x00,0x00,0x00,0x00,0x00,0x00,0x00,
    0x00,0x00,0xA2,0x10,0xA3,0x10,0xA3,0x10,0xA3,0x10,0xA3,0x10,0xA3,0x10,0xA3,0x10,
    0xA3,0x10,0xA3,0x10,0xA3,0x10,0xA3,0x10,0xA3,0x10,0xA3,0x10,0xA3,0x10,0xA3,0x10,
    0xA3,0x10,0xA3,0x10,0xA3,0x10,0x4C,0x32,0x9F,0x7D,0x9F,0x7D,0x9F,0x7D,0x9F,0x7D,
    0x9F,0x7D,0x9F,0x7D,0x9F,0x7D,0x9F,0x7D,0x5E,0x7D,0x0B,0x32,0xA3,0x10,0xA3,0x10,
    0xA3,0x10,0xA3,0x10,0xA3,0x10,0xA3,0x10,0xA3,0x10,0xA3,0x10,0xA3,0x10,0xA3,0x10,
    0xA3,0x10,0xA3,0x10,0xA3,0x10,0xA3,0x10,0xA3,0x10,0xA3,0x10,0xA3,0x10,0xA3,0x10,
    0xA3,0x10,0xA3,0x10,0xA3,0x10,0xA3,0x10,0xA3,0x10,0xA3,0x10,0xA3,0x10,0xA3,0x10,
    0x0B,0x32,0x5E,0x7D,0x9F,0x7D,0x9F,0x7D,0x9F,0x7D,0x9F,0x7D,0x9F,0x7D,0x9F,0x7D,
    0x9F,0x7D,0x9F,0x7D,0x4C,0x32,0xA3,0x10,0xA3,0x10,0xA3,0x10,0xA3,0x10,0xA3,0x10,
    0xA3,0x10,0xA3,0x10,0xA3,0x10,0xA3,0x10,0xA3,0x10,0xA3,0x10,0xA3,0x10,0xA3,0x10,
    0xA3,0x10,0xA3,0x10,0xA3,0x10,0xA3,0x10,0xA2,0x10,0x00,0x00,0x00,0x00,0x00,0x00,
    0x00,0x00,0x00,0x00,0x00,0x00,0x00,0x00,0xA3,0x10,0xA3,0x10,0xA3,0x10,0xA3,0x10,
    0xA3,0x10,0xA3,0x10,0xA3,0x10,0xA3,0x10,0xA3,0x10,0xA3,0x10,0xA3,0x10,0xA3,0x10,
    0xA3,0x10,0xA3,0x10,0xA3,0x10,0xA3,0x10,0xA3,0x10,0xA3,0x10,0x52,0x4B,0x9F,0x7D,
    0x9F,0x7D,0x9F,0x7D,0x9F,0x7D,0x9F,0x7D,0x9F,0x7D,0x9F,0x7D,0x9F,0x7D,0x7F,0x7D,
    0x73,0x53,0x26,0x19,0xA3,0x10,0xA3,0x10,0xA3,0x10,0xA3,0x10,0xA3,0x10,0xA3,0x10,
    0xA3,0x10,0xA3,0x10,0xA3,0x10,0xA3,0x10,0xA3,0x10,0xA3,0x10,0xA3,0x10,0xA3,0x10,
    0xA3,0x10,0xA3,0x10,0xA3,0x10,0xA3,0x10,0xA3,0x10,0xA3,0x10,0xA3,0x10,0xA3,0x10,
    0x26,0x19,0x73,0x53,0x7F,0x7D,0x9F,0x7D,0x9F,0x7D,0x9F,0x7D,0x9F,0x7D,0x9F,0x7D,
    0x9F,0x7D,0x9F,0x7D,0x9F,0x7D,0x52,0x4B,0xA3,0x10,0xA3,0x10,0xA3,0x10,0xA3,0x10,
    0xA3,0x10,0xA3,0x10,0xA3,0x10,0xA3,0x10,0xA3,0x10,0xA3,0x10,0xA3,0x10,0xA3,0x10,
    0xA3,0x10,0xA3,0x10,0xA3,0x10,0xA3,0x10,0xA3,0x10,0xA3,0x10,0x00,0x00,0x00,0x00,
    0x00,0x00,0x00,0x00,0x00,0x00,0x00,0x00,0x00,0x00,0x00,0x00,0x83,0x10,0xA3,0x10,
    0xA3,0x10,0xA3,0x10,0xA3,0x10,0xA3,0x10,0xA3,0x10,0xA3,0x10,0xA3,0x10,0xA3,0x10,
    0xA3,0x10,0xA3,0x10,0xA3,0x10,0xA3,0x10,0xA3,0x10,0xA3,0x10,0xA3,0x10,0xA3,0x10,
    0xA3,0x10,0x94,0x53,0x9F,0x7D,0x9F,0x7D,0x9F,0x7D,0x9F,0x7D,0x9F,0x7D,0x9F,0x7D,
    0x9F,0x7D,0x9F,0x7D,0x9F,0x7D,0x5E,0x7D,0x31,0x4B,0xE4,0x18,0xA3,0x10,0xA3,0x10,
    0xA3,0x10,0xA3,0x10,0xA3,0x10,0xA3,0x10,0xA3,0x10,0xA3,0x10,0xA3,0x10,0xA3,0x10,
    0xA3,0x10,0xA3,0x10,0xA3,0x10,0xA3,0x10,0xA3,0x10,0xA3,0x10,0xA3,0x10,0xA3,0x10,
    0xE4,0x18,0x31,0x4B,0x5E,0x7D,0x9F,0x7D,0x9F,0x7D,0x9F,0x7D,0x9F,0x7D,0x9F,0x7D,
    0x9F,0x7D,0x9F,0x7D,0x9F,0x7D,0x9F,0x7D,0x94,0x53,0xA3,0x10,0xA3,0x10,0xA3,0x10,
    0xA3,0x10,0xA3,0x10,0xA3,0x10,0xA3,0x10,0xA3,0x10,0xA3,0x10,0xA3,0x10,0xA3,0x10,
    0xA3,0x10,0xA3,0x10,0xA3,0x10,0xA3,0x10,0xA3,0x10,0xA3,0x10,0xA3,0x10,0x83,0x10,
    0x00,0x00,0x00,0x00,0x00,0x00,0x00,0x00,0x00,0x00,0x00,0x00,0x00,0x00,0x00,0x00,
    0x00,0x00,0xA3,0x10,0xA3,0x10,0xA3,0x10,0xA3,0x10,0xA3,0x10,0xA3,0x10,0xA3,0x10,
    0xA3,0x10,0xA3,0x10,0xA3,0x10,0xA3,0x10,0xA3,0x10,0xA3,0x10,0xA3,0x10,0xA3,0x10,
    0xA3,0x10,0xA3,0x10,0xA3,0x10,0xA3,0x10,0x94,0x53,0x9F,0x7D,0x9F,0x7D,0x9F,0x7D,
    0x9F,0x7D,0x9F,0x7D,0x9F,0x7D,0x9F,0x7D,0x9F,0x7D,0x9F,0x7D,0x9F,0x7D,0x3D,0x75,
    0x73,0x53,0x67,0x21,0xA3,0x10,0xA3,0x10,0xA3,0x10,0xA3,0x10,0xA3,0x10,0xA3,0x10,
    0xA3,0x10,0xA3,0x10,0xA3,0x10,0xA3,0x10,0xA3,0x10,0xA3,0x10,0xA3,0x10,0xA3,0x10,
    0x67,0x21,0x73,0x53,0x3D,0x75,0x9F,0x7D,0x9F,0x7D,0x9F,0x7D,0x9F,0x7D,0x9F,0x7D,
    0x9F,0x7D,0x9F,0x7D,0x9F,0x7D,0x9F,0x7D,0x9F,0x7D,0x94,0x53,0xA3,0x10,0xA3,0x10,
    0xA3,0x10,0xA3,0x10,0xA3,0x10,0xA3,0x10,0xA3,0x10,0xA3,0x10,0xA3,0x10,0xA3,0x10,
    0xA3,0x10,0xA3,0x10,0xA3,0x10,0xA3,0x10,0xA3,0x10,0xA3,0x10,0xA3,0x10,0xA3,0x10,
    0xA3,0x10,0x00,0x00,0x00,0x00,0x00,0x00,0x00,0x00,0x00,0x00,0x00,0x00,0x00,0x00,
    0x00,0x00,0x00,0x00,0x00,0x00,0x63,0x08,0xA3,0x10,0xA3,0x10,0xA3,0x10,0xA3,0x10,
    0xA3,0x10,0xA3,0x10,0xA3,0x10,0xA3,0x10,0xA3,0x10,0xA3,0x10,0xA3,0x10,0xA3,0x10,
    0xA3,0x10,0xA3,0x10,0xA3,0x10,0xA3,0x10,0xA3,0x10,0xA3,0x10,0xA3,0x10,0x52,0x4B,
    0x9F,0x7D,0x9F,0x7D,0x9F,0x7D,0x9F,0x7D,0x9F,0x7D,0x9F,0x7D,0x9F,0x7D,0x9F,0x7D,
    0x9F,0x7D,0x9F,0x7D,0x9F,0x7D,0x9F,0x7D,0xBB,0x6C,0x94,0x53,0x8E,0x3A,0xCA,0x29,
    0x88,0x21,0xA3,0x10,0xA3,0x10,0xA3,0x10,0xA3,0x10,0x88,0x21,0xCA,0x29,0x8E,0x3A,
    0x94,0x53,0xBB,0x6C,0x9F,0x7D,0x9F,0x7D,0x9F,0x7D,0x9F,0x7D,0x9F,0x7D,0x9F,0x7D,
    0x9F,0x7D,0x9F,0x7D,0x9F,0x7D,0x9F,0x7D,0x9F,0x7D,0x9F,0x7D,0x52,0x4B,0xA3,0x10,
    0xA3,0x10,0xA3,0x10,0xA3,0x10,0xA3,0x10,0xA3,0x10,0xA3,0x10,0xA3,0x10,0xA3,0x10,
    0xA3,0x10,0xA3,0x10,0xA3,0x10,0xA3,0x10,0xA3,0x10,0xA3,0x10,0xA3,0x10,0xA3,0x10,
    0xA3,0x10,0xA3,0x10,0x63,0x08,0x00,0x00,0x00,0x00,0x00,0x00,0x00,0x00,0x00,0x00,
    0x00,0x00,0x00,0x00,0x00,0x00,0x00,0x00,0x00,0x00,0x00,0x00,0x83,0x08,0xA3,0x10,
    0xA3,0x10,0xA3,0x10,0xA3,0x10,0xA3,0x10,0xA3,0x10,0xA3,0x10,0xA3,0x10,0xA3,0x10,
    0xA3,0x10,0xA3,0x10,0xA3,0x10,0xA3,0x10,0xA3,0x10,0xA3,0x10,0xA3,0x10,0xA3,0x10,
    0xA3,0x10,0xA3,0x10,0x4C,0x32,0x5E,0x7D,0x9F,0x7D,0x9F,0x7D,0x9F,0x7D,0x9F,0x7D,
    0x9F,0x7D,0x9F,0x7D,0x9F,0x7D,0x9F,0x7D,0x9F,0x7D,0x9F,0x7D,0x9F,0x7D,0x9F,0x7D,
    0x9F,0x7D,0x9F,0x7D,0x9F,0x7D,0x9F,0x7D,0x9F,0x7D,0x9F,0x7D,0x9F,0x7D,0x9F,0x7D,
    0x9F,0x7D,0x9F,0x7D,0x9F,0x7D,0x9F,0x7D,0x9F,0x7D,0x9F,0x7D,0x9F,0x7D,0x9F,0x7D,
    0x9F,0x7D,0x9F,0x7D,0x9F,0x7D,0x9F,0x7D,0x9F,0x7D,0x9F,0x7D,0x5E,0x7D,0x4C,0x32,
    0xA3,0x10,0xA3,0x10,0xA3,0x10,0xA3,0x10,0xA3,0x10,0xA3,0x10,0xA3,0x10,0xA3,0x10,
    0xA3,0x10,0xA3,0x10,0xA3,0x10,0xA3,0x10,0xA3,0x10,0xA3,0x10,0xA3,0x10,0xA3,0x10,
    0xA3,0x10,0xA3,0x10,0xA3,0x10,0x83,0x08,0x00,0x00,0x00,0x00,0x00,0x00,0x00,0x00,
    0x00,0x00,0x00,0x00,0x00,0x00,0x00,0x00,0x00,0x00,0x00,0x00,0x00,0x00,0x00,0x00,
    0x00,0x00,0xA3,0x10,0xA3,0x10,0xA3,0x10,0xA3,0x10,0xA3,0x10,0xA3,0x10,0xA3,0x10,
    0xA3,0x10,0xA3,0x10,0xA3,0x10,0xA3,0x10,0xA3,0x10,0xA3,0x10,0xA3,0x10,0xA3,0x10,
    0xA3,0x10,0xA3,0x10,0xA3,0x10,0xA3,0x10,0xA3,0x10,0x47,0x21,0xBB,0x6C,0x9F,0x7D,
    0x9F,0x7D,0x9F,0x7D,0x9F,0x7D,0x9F,0x7D,0x9F,0x7D,0x9F,0x7D,0x9F,0x7D,0x9F,0x7D,
    0x9F,0x7D,0x9F,0x7D,0x9F,0x7D,0x9F,0x7D,0x9F,0x7D,0x9F,0x7D,0x9F,0x7D,0x9F,0x7D,
    0x9F,0x7D,0x9F,0x7D,0x9F,0x7D,0x9F,0x7D,0x9F,0x7D,0x9F,0x7D,0x9F,0x7D,0x9F,0x7D,
    0x9F,0x7D,0x9F,0x7D,0x9F,0x7D,0x9F,0x7D,0x9F,0x7D,0x9F,0x7D,0x9F,0x7D,0xBB,0x6C,
    0x47,0x21,0xA3,0x10,0xA3,0x10,0xA3,0x10,0xA3,0x10,0xA3,0x10,0xA3,0x10,0xA3,0x10,
    0xA3,0x10,0xA3,0x10,0xA3,0x10,0xA3,0x10,0xA3,0x10,0xA3,0x10,0xA3,0x10,0xA3,0x10,
    0xA3,0x10,0xA3,0x10,0xA3,0x10,0xA3,0x10,0xA3,0x10,0x00,0x00,0x00,0x00,0x00,0x00,
    0x00,0x00,0x00,0x00,0x00,0x00,0x00,0x00,0x00,0x00,0x00,0x00,0x00,0x00,0x00,0x00,
    0x00,0x00,0x00,0x00,0x00,0x00,0x83,0x10,0xA3,0x10,0xA3,0x10,0xA3,0x10,0xA3,0x10,
    0xA3,0x10,0xA3,0x10,0xA3,0x10,0xA3,0x10,0xA3,0x10,0xA3,0x10,0xA3,0x10,0xA3,0x10,
    0xA3,0x10,0xA3,0x10,0xA3,0x10,0xA3,0x10,0xA3,0x10,0xA3,0x10,0xA3,0x10,0xA3,0x10,
    0xC4,0x10,0xF0,0x42,0x3E,0x7D,0x9F,0x7D,0x9F,0x7D,0x9F,0x7D,0x9F,0x7D,0x9F,0x7D,
    0x9F,0x7D,0x9F,0x7D,0x9F,0x7D,0x9F,0x7D,0x9F,0x7D,0x9F,0x7D,0x9F,0x7D,0x9F,0x7D,
    0x9F,0x7D,0x9F,0x7D,0x9F,0x7D,0x9F,0x7D,0x9F,0x7D,0x9F,0x7D,0x9F,0x7D,0x9F,0x7D,
    0x9F,0x7D,0x9F,0x7D,0x9F,0x7D,0x9F,0x7D,0x9F,0x7D,0x9F,0x7D,0x9F,0x7D,0x3E,0x7D,
    0xF0,0x42,0xC4,0x10,0xA3,0x10,0xA3,0x10,0xA3,0x10,0xA3,0x10,0xA3,0x10,0xA3,0x10,
    0xA3,0x10,0xA3,0x10,0xA3,0x10,0xA3,0x10,0xA3,0x10,0xA3,0x10,0xA3,0x10,0xA3,0x10,
    0xA3,0x10,0xA3,0x10,0xA3,0x10,0xA3,0x10,0xA3,0x10,0xA3,0x10,0x83,0x10,0x00,0x00,
    0x00,0x00,0x00,0x00,0x00,0x00,0x00,0x00,0x00,0x00,0x00,0x00,0x00,0x00,0x00,0x00,
    0x00,0x00,0x00,0x00,0x00,0x00,0x00,0x00,0x00,0x00,0x00,0x00,0x83,0x10,0xA3,0x10,
    0xA3,0x10,0xA3,0x10,0xA3,0x10,0xA3,0x10,0xA3,0x10,0xA3,0x10,0xA3,0x10,0xA3,0x10,
    0xA3,0x10,0xA3,0x10,0xA3,0x10,0xA3,0x10,0xA3,0x10,0xA3,0x10,0xA3,0x10,0xA3,0x10,
    0xA3,0x10,0xA3,0x10,0xA3,0x10,0xA3,0x10,0xE4,0x18,0x31,0x4B,0x5E,0x7D,0x9F,0x7D,
    0x9F,0x7D,0x9F,0x7D,0x9F,0x7D,0x9F,0x7D,0x9F,0x7D,0x9F,0x7D,0x9F,0x7D,0x9F,0x7D,
    0x9F,0x7D,0x9F,0x7D,0x9F,0x7D,0x9F,0x7D,0x9F,0x7D,0x9F,0x7D,0x9F,0x7D,0x9F,0x7D,
    0x9F,0x7D,0x9F,0x7D,0x9F,0x7D,0x9F,0x7D,0x9F,0x7D,0x9F,0x7D,0x9F,0x7D,0x5E,0x7D,
    0x31,0x4B,0xE4,0x18,0xA3,0x10,0xA3,0x10,0xA3,0x10,0xA3,0x10,0xA3,0x10,0xA3,0x10,
    0xA3,0x10,0xA3,0x10,0xA3,0x10,0xA3,0x10,0xA3,0x10,0xA3,0x10,0xA3,0x10,0xA3,0x10,
    0xA3,0x10,0xA3,0x10,0xA3,0x10,0xA3,0x10,0xA3,0x10,0xA3,0x10,0xA3,0x10,0x83,0x10,
    0x00,0x00,0x00,0x00,0x00,0x00,0x00,0x00,0x00,0x00,0x00,0x00,0x00,0x00,0x00,0x00,
    0x00,0x00,0x00,0x00,0x00,0x00,0x00,0x00,0x00,0x00,0x00,0x00,0x00,0x00,0x00,0x00,
    0x00,0x00,0x83,0x10,0xA3,0x10,0xA3,0x10,0xA3,0x10,0xA3,0x10,0xA3,0x10,0xA3,0x10,
    0xA3,0x10,0xA3,0x10,0xA3,0x10,0xA3,0x10,0xA3,0x10,0xA3,0x10,0xA3,0x10,0xA3,0x10,
    0xA3,0x10,0xA3,0x10,0xA3,0x10,0xA3,0x10,0xA3,0x10,0xA3,0x10,0xA3,0x10,0xA3,0x10,
    0x05,0x19,0x32,0x4B,0x3E,0x7D,0x9F,0x7D,0x9F,0x7D,0x9F,0x7D,0x9F,0x7D,0x9F,0x7D,
    0x9F,0x7D,0x9F,0x7D,0x9F,0x7D,0x9F,0x7D,0x9F,0x7D,0x9F,0x7D,0x9F,0x7D,0x9F,0x7D,
    0x9F,0x7D,0x9F,0x7D,0x9F,0x7D,0x9F,0x7D,0x9F,0x7D,0x9F,0x7D,0x9F,0x7D,0x3E,0x7D,
    0x32,0x4B,0x05,0x19,0xA3,0x10,0xA3,0x10,0xA3,0x10,0xA3,0x10,0xA3,0x10,0xA3,0x10,
    0xA3,0x10,0xA3,0x10,0xA3,0x10,0xA3,0x10,0xA3,0x10,0xA3,0x10,0xA3,0x10,0xA3,0x10,
    0xA3,0x10,0xA3,0x10,0xA3,0x10,0xA3,0x10,0xA3,0x10,0xA3,0x10,0xA3,0x10,0xA3,0x10,
    0x83,0x10,0x00,0x00,0x00,0x00,0x00,0x00,0x00,0x00,0x00,0x00,0x00,0x00,0x00,0x00,
    0x00,0x00,0x00,0x00,0x00,0x00,0x00,0x00,0x00,0x00,0x00,0x00,0x00,0x00,0x00,0x00,
    0x00,0x00,0x00,0x00,0x00,0x00,0x24,0x21,0xA3,0x10,0xA3,0x10,0xA3,0x10,0xA3,0x10,
    0xA3,0x10,0xA3,0x10,0xA3,0x10,0xA3,0x10,0xA3,0x10,0xA3,0x10,0xA3,0x10,0xA3,0x10,
    0xA3,0x10,0xA3,0x10,0xA3,0x10,0xA3,0x10,0xA3,0x10,0xA3,0x10,0xA3,0x10,0xA3,0x10,
    0xA3,0x10,0xA3,0x10,0xA3,0x10,0xA3,0x10,0xC4,0x10,0x0B,0x32,0x73,0x53,0x79,0x64,
    0x9F,0x7D,0x9F,0x7D,0x9F,0x7D,0x9F,0x7D,0x9F,0x7D,0x9F,0x7D,0x9F,0x7D,0x9F,0x7D,
    0x9F,0x7D,0x9F,0x7D,0x9F,0x7D,0x9F,0x7D,0x9F,0x7D,0x9F,0x7D,0x79,0x64,0x73,0x53,
    0x0B,0x32,0xC4,0x10,0xA3,0x10,0xA3,0x10,0xA3,0x10,0xA3,0x10,0xA3,0x10,0xA3,0x10,
    0xA3,0x10,0xA3,0x10,0xA3,0x10,0xA3,0x10,0xA3,0x10,0xA3,0x10,0xA3,0x10,0xA3,0x10,
    0xA3,0x10,0xA3,0x10,0xA3,0x10,0xA3,0x10,0xA3,0x10,0xA3,0x10,0xA3,0x10,0xA3,0x10,
    0xA3,0x10,0xA3,0x10,0x24,0x21,0x00,0x00,0x00,0x00,0x00,0x00,0x00,0x00,0x00,0x00,
    0x00,0x00,0x00,0x00,0x00,0x00,0x00,0x00,0x00,0x00,0x00,0x00,0x00,0x00,0x00,0x00,
    0x00,0x00,0x00,0x00,0x00,0x00,0x00,0x00,0x00,0x00,0x00,0x00,0xA3,0x10,0xA3,0x10,
    0xA3,0x10,0xA3,0x10,0xA3,0x10,0xA3,0x10,0xA3,0x10,0xA3,0x10,0xA3,0x10,0xA3,0x10,
    0xA3,0x10,0xA3,0x10,0xA3,0x10,0xA3,0x10,0xA3,0x10,0xA3,0x10,0xA3,0x10,0xA3,0x10,
    0xA3,0x10,0xA3,0x10,0xA3,0x10,0xA3,0x10,0xA3,0x10,0xA3,0x10,0xA3,0x10,0xA3,0x10,
    0xA3,0x10,0xA3,0x10,0xE4,0x18,0xEA,0x29,0xCF,0x42,0x94,0x53,0xF6,0x5B,0x9A,0x6C,
    0x9A,0x6C,0x9A,0x6C,0x9A,0x6C,0xF6,0x5B,0x94,0x53,0xCF,0x42,0xEA,0x29,0xE4,0x18,
    0xA3,0x10,0xA3,0x10,0xA3,0x10,0xA3,0x10,0xA3,0x10,0xA3,0x10,0xA3,0x10,0xA3,0x10,
    0xA3,0x10,0xA3,0x10,0xA3,0x10,0xA3,0x10,0xA3,0x10,0xA3,0x10,0xA3,0x10,0xA3,0x10,
    0xA3,0x10,0xA3,0x10,0xA3,0x10,0xA3,0x10,0xA3,0x10,0xA3,0x10,0xA3,0x10,0xA3,0x10,
    0xA3,0x10,0xA3,0x10,0xA3,0x10,0xA3,0x10,0x00,0x00,0x00,0x00,0x00,0x00,0x00,0x00,
    0x00,0x00,0x00,0x00,0x00,0x00,0x00,0x00,0x00,0x00,0x00,0x00,0x00,0x00,0x00,0x00,
    0x00,0x00,0x00,0x00,0x00,0x00,0x00,0x00,0x00,0x00,0x00,0x00,0x00,0x00,0x00,0x00,
    0x00,0x00,0x82,0x08,0xA3,0x10,0xA3,0x10,0xA3,0x10,0xA3,0x10,0xA3,0x10,0xA3,0x10,
    0xA3,0x10,0xA3,0x10,0xA3,0x10,0xA3,0x10,0xA3,0x10,0xA3,0x10,0xA3,0x10,0xA3,0x10,
    0xA3,0x10,0xA3,0x10,0xA3,0x10,0xA3,0x10,0xA3,0x10,0xA3,0x10,0xA3,0x10,0xA3,0x10,
    0xA3,0x10,0xA3,0x10,0xA3,0x10,0xA3,0x10,0xA3,0x10,0xA3,0x10,0xA3,0x10,0xA3,0x10,
    0xA3,0x10,0xA3,0x10,0xA3,0x10,0xA3,0x10,0xA3,0x10,0xA3,0x10,0xA3,0x10,0xA3,0x10,
    0xA3,0x10,0xA3,0x10,0xA3,0x10,0xA3,0x10,0xA3,0x10,0xA3,0x10,0xA3,0x10,0xA3,0x10,
    0xA3,0x10,0xA3,0x10,0xA3,0x10,0xA3,0x10,0xA3,0x10,0xA3,0x10,0xA3,0x10,0xA3,0x10,
    0xA3,0x10,0xA3,0x10,0xA3,0x10,0xA3,0x10,0xA3,0x10,0xA3,0x10,0xA3,0x10,0xA3,0x10,
    0xA3,0x10,0xA3,0x10,0xA3,0x10,0xA3,0x10,0x82,0x08,0x00,0x00,0x00,0x00,0x00,0x00,
    0x00,0x00,0x00,0x00,0x00,0x00,0x00,0x00,0x00,0x00,0x00,0x00,0x00,0x00,0x00,0x00,
    0x00,0x00,0x00,0x00,0x00,0x00,0x00,0x00,0x00,0x00,0x00,0x00,0x00,0x00,0x00,0x00,
    0x00,0x00,0x00,0x00,0x00,0x00,0x00,0x00,0xA3,0x10,0xA3,0x10,0xA3,0x10,0xA3,0x10,
    0xA3,0x10,0xA3,0x10,0xA3,0x10,0xA3,0x10,0xA3,0x10,0xA3,0x10,0xA3,0x10,0xA3,0x10,
    0xA3,0x10,0xA3,0x10,0xA3,0x10,0xA3,0x10,0xA3,0x10,0xA3,0x10,0xA3,0x10,0xA3,0x10,
    0xA3,0x10,0xA3,0x10,0xA3,0x10,0xA3,0x10,0xA3,0x10,0xA3,0x10,0xA3,0x10,0xA3,0x10,
    0xA3,0x10,0xA3,0x10,0xA3,0x10,0xA3,0x10,0xA3,0x10,0xA3,0x10,0xA3,0x10,0xA3,0x10,
    0xA3,0x10,0xA3,0x10,0xA3,0x10,0xA3,0x10,0xA3,0x10,0xA3,0x10,0xA3,0x10,0xA3,0x10,
    0xA3,0x10,0xA3,0x10,0xA3,0x10,0xA3,0x10,0xA3,0x10,0xA3,0x10,0xA3,0x10,0xA3,0x10,
    0xA3,0x10,0xA3,0x10,0xA3,0x10,0xA3,0x10,0xA3,0x10,0xA3,0x10,0xA3,0x10,0xA3,0x10,
    0xA3,0x10,0xA3,0x10,0xA3,0x10,0xA3,0x10,0xA3,0x10,0xA3,0x10,0x00,0x00,0x00,0x00,
    0x00,0x00,0x00,0x00,0x00,0x00,0x00,0x00,0x00,0x00,0x00,0x00,0x00,0x00,0x00,0x00,
    0x00,0x00,0x00,0x00,0x00,0x00,0x00,0x00,0x00,0x00,0x00,0x00,0x00,0x00,0x00,0x00,
    0x00,0x00,0x00,0x00,0x00,0x00,0x00,0x00,0x00,0x00,0x00,0x00,0x00,0x00,0xA3,0x10,
    0xA3,0x10,0xA3,0x10,0xA3,0x10,0xA3,0x10,0xA3,0x10,0xA3,0x10,0xA3,0x10,0xA3,0x10,
    0xA3,0x10,0xA3,0x10,0xA3,0x10,0xA3,0x10,0xA3,0x10,0xA3,0x10,0xA3,0x10,0xA3,0x10,
    0xA3,0x10,0xA3,0x10,0xA3,0x10,0xA3,0x10,0xA3,0x10,0xA3,0x10,0xA3,0x10,0xA3,0x10,
    0xA3,0x10,0xA3,0x10,0xA3,0x10,0xA3,0x10,0xA3,0x10,0xA3,0x10,0xA3,0x10,0xA3,0x10,
    0xA3,0x10,0xA3,0x10,0xA3,0x10,0xA3,0x10,0xA3,0x10,0xA3,0x10,0xA3,0x10,0xA3,0x10,
    0xA3,0x10,0xA3,0x10,0xA3,0x10,0xA3,0x10,0xA3,0x10,0xA3,0x10,0xA3,0x10,0xA3,0x10,
    0xA3,0x10,0xA3,0x10,0xA3,0x10,0xA3,0x10,0xA3,0x10,0xA3,0x10,0xA3,0x10,0xA3,0x10,
    0xA3,0x10,0xA3,0x10,0xA3,0x10,0xA3,0x10,0xA3,0x10,0xA3,0x10,0xA3,0x10,0x00,0x00,
    0x00,0x00,0x00,0x00,0x00,0x00,0x00,0x00,0x00,0x00,0x00,0x00,0x00,0x00,0x00,0x00,
    0x00,0x00,0x00,0x00,0x00,0x00,0x00,0x00,0x00,0x00,0x00,0x00,0x00,0x00,0x00,0x00,
    0x00,0x00,0x00,0x00,0x00,0x00,0x00,0x00,0x00,0x00,0x00,0x00,0x00,0x00,0x00,0x00,
    0x00,0x00,0x00,0x00,0x82,0x08,0xA3,0x10,0xA3,0x10,0xA3,0x10,0xA3,0x10,0xA3,0x10,
    0xA3,0x10,0xA3,0x10,0xA3,0x10,0xA3,0x10,0xA3,0x10,0xA3,0x10,0xA3,0x10,0xA3,0x10,
    0xA3,0x10,0xA3,0x10,0xA3,0x10,0xA3,0x10,0xA3,0x10,0xA3,0x10,0xA3,0x10,0xA3,0x10,
    0xA3,0x10,0xA3,0x10,0xA3,0x10,0xA3,0x10,0xA3,0x10,0xA3,0x10,0xA3,0x10,0xA3,0x10,
    0xA3,0x10,0xA3,0x10,0xA3,0x10,0xA3,0x10,0xA3,0x10,0xA3,0x10,0xA3,0x10,0xA3,0x10,
    0xA3,0x10,0xA3,0x10,0xA3,0x10,0xA3,0x10,0xA3,0x10,0xA3,0x10,0xA3,0x10,0xA3,0x10,
    0xA3,0x10,0xA3,0x10,0xA3,0x10,0xA3,0x10,0xA3,0x10,0xA3,0x10,0xA3,0x10,0xA3,0x10,
    0xA3,0x10,0xA3,0x10,0xA3,0x10,0xA3,0x10,0xA3,0x10,0xA3,0x10,0xA3,0x10,0x82,0x08,
    0x00,0x00,0x00,0x00,0x00,0x00,0x00,0x00,0x00,0x00,0x00,0x00,0x00,0x00,0x00,0x00,
    0x00,0x00,0x00,0x00,0x00,0x00,0x00,0x00,0x00,0x00,0x00,0x00,0x00,0x00,0x00,0x00,
    0x00,0x00,0x00,0x00,0x00,0x00,0x00,0x00,0x00,0x00,0x00,0x00,0x00,0x00,0x00,0x00,
    0x00,0x00,0x00,0x00,0x00,0x00,0x00,0x00,0x00,0x00,0xA2,0x10,0xA3,0x10,0xA3,0x10,
    0xA3,0x10,0xA3,0x10,0xA3,0x10,0xA3,0x10,0xA3,0x10,0xA3,0x10,0xA3,0x10,0xA3,0x10,
    0xA3,0x10,0xA3,0x10,0xA3,0x10,0xA3,0x10,0xA3,0x10,0xA3,0x10,0xA3,0x10,0xA3,0x10,
    0xA3,0x10,0xA3,0x10,0xA3,0x10,0xA3,0x10,0xA3,0x10,0xA3,0x10,0xA3,0x10,0xA3,0x10,
    0xA3,0x10,0xA3,0x10,0xA3,0x10,0xA3,0x10,0xA3,0x10,0xA3,0x10,0xA3,0x10,0xA3,0x10,
    0xA3,0x10,0xA3,0x10,0xA3,0x10,0xA3,0x10,0xA3,0x10,0xA3,0x10,0xA3,0x10,0xA3,0x10,
    0xA3,0x10,0xA3,0x10,0xA3,0x10,0xA3,0x10,0xA3,0x10,0xA3,0x10,0xA3,0x10,0xA3,0x10,
    0xA3,0x10,0xA3,0x10,0xA3,0x10,0xA3,0x10,0xA3,0x10,0xA3,0x10,0xA3,0x10,0xA3,0x10,
    0xA2,0x10,0x00,0x00,0x00,0x00,0x00,0x00,0x00,0x00,0x00,0x00,0x00,0x00,0x00,0x00,
    0x00,0x00,0x00,0x00,0x00,0x00,0x00,0x00,0x00,0x00,0x00,0x00,0x00,0x00,0x00,0x00,
    0x00,0x00,0x00,0x00,0x00,0x00,0x00,0x00,0x00,0x00,0x00,0x00,0x00,0x00,0x00,0x00,
    0x00,0x00,0x00,0x00,0x00,0x00,0x00,0x00,0x00,0x00,0x00,0x00,0x00,0x00,0x00,0x00,
    0x24,0x01,0x83,0x10,0xA3,0x10,0xA3,0x10,0xA3,0x10,0xA3,0x10,0xA3,0x10,0xA3,0x10,
    0xA3,0x10,0xA3,0x10,0xA3,0x10,0xA3,0x10,0xA3,0x10,0xA3,0x10,0xA3,0x10,0xA3,0x10,
    0xA3,0x10,0xA3,0x10,0xA3,0x10,0xA3,0x10,0xA3,0x10,0xA3,0x10,0xA3,0x10,0xA3,0x10,
    0xA3,0x10,0xA3,0x10,0xA3,0x10,0xA3,0x10,0xA3,0x10,0xA3,0x10,0xA3,0x10,0xA3,0x10,
    0xA3,0x10,0xA3,0x10,0xA3,0x10,0xA3,0x10,0xA3,0x10,0xA3,0x10,0xA3,0x10,0xA3,0x10,
    0xA3,0x10,0xA3,0x10,0xA3,0x10,0xA3,0x10,0xA3,0x10,0xA3,0x10,0xA3,0x10,0xA3,0x10,
    0xA3,0x10,0xA3,0x10,0xA3,0x10,0xA3,0x10,0xA3,0x10,0xA3,0x10,0xA3,0x10,0xA3,0x10,
    0x83,0x10,0x24,0x01,0x00,0x00,0x00,0x00,0x00,0x00,0x00,0x00,0x00,0x00,0x00,0x00,
    0x00,0x00,0x00,0x00,0x00,0x00,0x00,0x00,0x00,0x00,0x00,0x00,0x00,0x00,0x00,0x00,
    0x00,0x00,0x00,0x00,0x00,0x00,0x00,0x00,0x00,0x00,0x00,0x00,0x00,0x00,0x00,0x00,
    0x00,0x00,0x00,0x00,0x00,0x00,0x00,0x00,0x00,0x00,0x00,0x00,0x00,0x00,0x00,0x00,
    0x00,0x00,0x00,0x00,0x00,0x00,0x00,0x00,0x83,0x10,0xA3,0x10,0xA3,0x10,0xA3,0x10,
    0xA3,0x10,0xA3,0x10,0xA3,0x10,0xA3,0x10,0xA3,0x10,0xA3,0x10,0xA3,0x10,0xA3,0x10,
    0xA3,0x10,0xA3,0x10,0xA3,0x10,0xA3,0x10,0xA3,0x10,0xA3,0x10,0xA3,0x10,0xA3,0x10,
    0xA3,0x10,0xA3,0x10,0xA3,0x10,0xA3,0x10,0xA3,0x10,0xA3,0x10,0xA3,0x10,0xA3,0x10,
    0xA3,0x10,0xA3,0x10,0xA3,0x10,0xA3,0x10,0xA3,0x10,0xA3,0x10,0xA3,0x10,0xA3,0x10,
    0xA3,0x10,0xA3,0x10,0xA3,0x10,0xA3,0x10,0xA3,0x10,0xA3,0x10,0xA3,0x10,0xA3,0x10,
    0xA3,0x10,0xA3,0x10,0xA3,0x10,0xA3,0x10,0xA3,0x10,0xA3,0x10,0xA3,0x10,0xA3,0x10,
    0xA3,0x10,0x83,0x10,0x00,0x00,0x00,0x00,0x00,0x00,0x00,0x00,0x00,0x00,0x00,0x00,
    0x00,0x00,0x00,0x00,0x00,0x00,0x00,0x00,0x00,0x00,0x00,0x00,0x00,0x00,0x00,0x00,
    0x00,0x00,0x00,0x00,0x00,0x00,0x00,0x00,0x00,0x00,0x00,0x00,0x00,0x00,0x00,0x00,
    0x00,0x00,0x00,0x00,0x00,0x00,0x00,0x00,0x00,0x00,0x00,0x00,0x00,0x00,0x00,0x00,
    0x00,0x00,0x00,0x00,0x00,0x00,0x00,0x00,0x00,0x00,0x00,0x00,0x00,0x00,0x83,0x10,
    0xA3,0x10,0xA3,0x10,0xA3,0x10,0xA3,0x10,0xA3,0x10,0xA3,0x10,0xA3,0x10,0xA3,0x10,
    0xA3,0x10,0xA3,0x10,0xA3,0x10,0xA3,0x10,0xA3,0x10,0xA3,0x10,0xA3,0x10,0xA3,0x10,
    0xA3,0x10,0xA3,0x10,0xA3,0x10,0xA3,0x10,0xA3,0x10,0xA3,0x10,0xA3,0x10,0xA3,0x10,
    0xA3,0x10,0xA3,0x10,0xA3,0x10,0xA3,0x10,0xA3,0x10,0xA3,0x10,0xA3,0x10,0xA3,0x10,
    0xA3,0x10,0xA3,0x10,0xA3,0x10,0xA3,0x10,0xA3,0x10,0xA3,0x10,0xA3,0x10,0xA3,0x10,
    0xA3,0x10,0xA3,0x10,0xA3,0x10,0xA3,0x10,0xA3,0x10,0xA3,0x10,0xA3,0x10,0xA3,0x10,
    0xA3,0x10,0xA3,0x10,0x83,0x10,0x00,0x00,0x00,0x00,0x00,0x00,0x00,0x00,0x00,0x00,
    0x00,0x00,0x00,0x00,0x00,0x00,0x00,0x00,0x00,0x00,0x00,0x00,0x00,0x00,0x00,0x00,
    0x00,0x00,0x00,0x00,0x00,0x00,0x00,0x00,0x00,0x00,0x00,0x00,0x00,0x00,0x00,0x00,
    0x00,0x00,0x00,0x00,0x00,0x00,0x00,0x00,0x00,0x00,0x00,0x00,0x00,0x00,0x00,0x00,
    0x00,0x00,0x00,0x00,0x00,0x00,0x00,0x00,0x00,0x00,0x00,0x00,0x00,0x00,0x00,0x00,
    0x00,0x00,0x00,0x00,0x00,0x00,0x82,0x10,0xA3,0x10,0xA3,0x10,0xA3,0x10,0xA3,0x10,
    0xA3,0x10,0xA3,0x10,0xA3,0x10,0xA3,0x10,0xA3,0x10,0xA3,0x10,0xA3,0x10,0xA3,0x10,
    0xA3,0x10,0xA3,0x10,0xA3,0x10,0xA3,0x10,0xA3,0x10,0xA3,0x10,0xA3,0x10,0xA3,0x10,
    0xA3,0x10,0xA3,0x10,0xA3,0x10,0xA3,0x10,0xA3,0x10,0xA3,0x10,0xA3,0x10,0xA3,0x10,
    0xA3,0x10,0xA3,0x10,0xA3,0x10,0xA3,0x10,0xA3,0x10,0xA3,0x10,0xA3,0x10,0xA3,0x10,
    0xA3,0x10,0xA3,0x10,0xA3,0x10,0xA3,0x10,0xA3,0x10,0xA3,0x10,0xA3,0x10,0xA3,0x10,
    0xA3,0x10,0xA3,0x10,0x82,0x10,0x00,0x00,0x00,0x00,0x00,0x00,0x00,0x00,0x00,0x00,
    0x00,0x00,0x00,0x00,0x00,0x00,0x00,0x00,0x00,0x00,0x00,0x00,0x00,0x00,0x00,0x00,
    0x00,0x00,0x00,0x00,0x00,0x00,0x00,0x00,0x00,0x00,0x00,0x00,0x00,0x00,0x00,0x00,
    0x00,0x00,0x00,0x00,0x00,0x00,0x00,0x00,0x00,0x00,0x00,0x00,0x00,0x00,0x00,0x00,
    0x00,0x00,0x00,0x00,0x00,0x00,0x00,0x00,0x00,0x00,0x00,0x00,0x00,0x00,0x00,0x00,
    0x00,0x00,0x00,0x00,0x00,0x00,0x00,0x00,0x00,0x00,0x00,0x00,0x63,0x08,0xA3,0x10,
    0xA3,0x10,0xA3,0x10,0xA3,0x10,0xA3,0x10,0xA3,0x10,0xA3,0x10,0xA3,0x10,0xA3,0x10,
    0xA3,0x10,0xA3,0x10,0xA3,0x10,0xA3,0x10,0xA3,0x10,0xA3,0x10,0xA3,0x10,0xA3,0x10,
    0xA3,0x10,0xA3,0x10,0xA3,0x10,0xA3,0x10,0xA3,0x10,0xA3,0x10,0xA3,0x10,0xA3,0x10,
    0xA3,0x10,0xA3,0x10,0xA3,0x10,0xA3,0x10,0xA3,0x10,0xA3,0x10,0xA3,0x10,0xA3,0x10,
    0xA3,0x10,0xA3,0x10,0xA3,0x10,0xA3,0x10,0xA3,0x10,0xA3,0x10,0xA3,0x10,0xA3,0x10,
    0xA3,0x10,0xA3,0x10,0xA3,0x10,0x63,0x08,0x00,0x00,0x00,0x00,0x00,0x00,0x00,0x00,
    0x00,0x00,0x00,0x00,0x00,0x00,0x00,0x00,0x00,0x00,0x00,0x00,0x00,0x00,0x00,0x00,
    0x00,0x00,0x00,0x00,0x00,0x00,0x00,0x00,0x00,0x00,0x00,0x00,0x00,0x00,0x00,0x00,
    0x00,0x00,0x00,0x00,0x00,0x00,0x00,0x00,0x00,0x00,0x00,0x00,0x00,0x00,0x00,0x00,
    0x00,0x00,0x00,0x00,0x00,0x00,0x00,0x00,0x00,0x00,0x00,0x00,0x00,0x00,0x00,0x00,
    0x00,0x00,0x00,0x00,0x00,0x00,0x00,0x00,0x00,0x00,0x00,0x00,0x00,0x00,0x00,0x00,
    0x00,0x00,0x00,0x00,0x83,0x10,0xA3,0x10,0xA3,0x10,0xA3,0x10,0xA3,0x10,0xA3,0x10,
    0xA3,0x10,0xA3,0x10,0xA3,0x10,0xA3,0x10,0xA3,0x10,0xA3,0x10,0xA3,0x10,0xA3,0x10,
    0xA3,0x10,0xA3,0x10,0xA3,0x10,0xA3,0x10,0xA3,0x10,0xA3,0x10,0xA3,0x10,0xA3,0x10,
    0xA3,0x10,0xA3,0x10,0xA3,0x10,0xA3,0x10,0xA3,0x10,0xA3,0x10,0xA3,0x10,0xA3,0x10,
    0xA3,0x10,0xA3,0x10,0xA3,0x10,0xA3,0x10,0xA3,0x10,0xA3,0x10,0xA3,0x10,0xA3,0x10,
    0xA3,0x10,0xA3,0x10,0xA3,0x10,0x83,0x10,0x00,0x00,0x00,0x00,0x00,0x00,0x00,0x00,
    0x00,0x00,0x00,0x00,0x00,0x00,0x00,0x00,0x00,0x00,0x00,0x00,0x00,0x00,0x00,0x00,
    0x00,0x00,0x00,0x00,0x00,0x00,0x00,0x00,0x00,0x00,0x00,0x00,0x00,0x00,0x00,0x00,
    0x00,0x00,0x00,0x00,0x00,0x00,0x00,0x00,0x00,0x00,0x00,0x00,0x00,0x00,0x00,0x00,
    0x00,0x00,0x00,0x00,0x00,0x00,0x00,0x00,0x00,0x00,0x00,0x00,0x00,0x00,0x00,0x00,
    0x00,0x00,0x00,0x00,0x00,0x00,0x00,0x00,0x00,0x00,0x00,0x00,0x00,0x00,0x00,0x00,
    0x00,0x00,0x00,0x00,0x00,0x00,0x00,0x00,0x00,0x00,0x00,0x00,0xA2,0x10,0xA3,0x10,
    0xA3,0x10,0xA3,0x10,0xA3,0x10,0xA3,0x10,0xA3,0x10,0xA3,0x10,0xA3,0x10,0xA3,0x10,
    0xA3,0x10,0xA3,0x10,0xA3,0x10,0xA3,0x10,0xA3,0x10,0xA3,0x10,0xA3,0x10,0xA3,0x10,
    0xA3,0x10,0xA3,0x10,0xA3,0x10,0xA3,0x10,0xA3,0x10,0xA3,0x10,0xA3,0x10,0xA3,0x10,
    0xA3,0x10,0xA3,0x10,0xA3,0x10,0xA3,0x10,0xA3,0x10,0xA3,0x10,0xA3,0x10,0xA3,0x10,
    0xA3,0x10,0xA3,0x10,0xA3,0x10,0xA2,0x10,0x00,0x00,0x00,0x00,0x00,0x00,0x00,0x00,
    0x00,0x00,0x00,0x00,0x00,0x00,0x00,0x00,0x00,0x00,0x00,0x00,0x00,0x00,0x00,0x00,
    0x00,0x00,0x00,0x00,0x00,0x00,0x00,0x00,0x00,0x00,0x00,0x00,0x00,0x00,0x00,0x00,
    0x00,0x00,0x00,0x00,0x00,0x00,0x00,0x00,0x00,0x00,0x00,0x00,0x00,0x00,0x00,0x00,
    0x00,0x00,0x00,0x00,0x00,0x00,0x00,0x00,0x00,0x00,0x00,0x00,0x00,0x00,0x00,0x00,
    0x00,0x00,0x00,0x00,0x00,0x00,0x00,0x00,0x00,0x00,0x00,0x00,0x00,0x00,0x00,0x00,
    0x00,0x00,0x00,0x00,0x00,0x00,0x00,0x00,0x00,0x00,0x00,0x00,0x00,0x00,0x00,0x00,
    0x00,0x00,0x00,0x00,0x00,0x00,0xA3,0x10,0xA3,0x10,0xA3,0x10,0xA3,0x10,0xA3,0x10,
    0xA3,0x10,0xA3,0x10,0xA3,0x10,0xA3,0x10,0xA3,0x10,0xA3,0x10,0xA3,0x10,0xA3,0x10,
    0xA3,0x10,0xA3,0x10,0xA3,0x10,0xA3,0x10,0xA3,0x10,0xA3,0x10,0xA3,0x10,0xA3,0x10,
    0xA3,0x10,0xA3,0x10,0xA3,0x10,0xA3,0x10,0xA3,0x10,0xA3,0x10,0xA3,0x10,0xA3,0x10,
    0xA3,0x10,0xA3,0x10,0xA3,0x10,0x00,0x00,0x00,0x00,0x00,0x00,0x00,0x00,0x00,0x00,
    0x00,0x00,0x00,0x00,0x00,0x00,0x00,0x00,0x00,0x00,0x00,0x00,0x00,0x00,0x00,0x00,
    0x00,0x00,0x00,0x00,0x00,0x00,0x00,0x00,0x00,0x00,0x00,0x00,0x00,0x00,0x00,0x00,
    0x00,0x00,0x00,0x00,0x00,0x00,0x00,0x00,0x00,0x00,0x00,0x00,0x00,0x00,0x00,0x00,
    0x00,0x00,0x00,0x00,0x00,0x00,0x00,0x00,0x00,0x00,0x00,0x00,0x00,0x00,0x00,0x00,
    0x00,0x00,0x00,0x00,0x00,0x00,0x00,0x00,0x00,0x00,0x00,0x00,0x00,0x00,0x00,0x00,
    0x00,0x00,0x00,0x00,0x00,0x00,0x00,0x00,0x00,0x00,0x00,0x00,0x00,0x00,0x00,0x00,
    0x00,0x00,0x00,0x00,0x00,0x00,0x00,0x00,0x00,0x00,0x00,0x00,0x00,0x00,0xE3,0x00,
    0xA3,0x10,0xA3,0x10,0xA3,0x10,0xA3,0x10,0xA3,0x10,0xA3,0x10,0xA3,0x10,0xA3,0x10,
    0xA3,0x10,0xA3,0x10,0xA3,0x10,0xA3,0x10,0xA3,0x10,0xA3,0x10,0xA3,0x10,0xA3,0x10,
    0xA3,0x10,0xA3,0x10,0xA3,0x10,0xA3,0x10,0xA3,0x10,0xA3,0x10,0xA3,0x10,0xA3,0x10,
    0xA3,0x10,0xA3,0x10,0xE3,0x00,0x00,0x00,0x00,0x00,0x00,0x00,0x00,0x00,0x00,0x00,
    0x00,0x00,0x00,0x00,0x00,0x00,0x00,0x00,0x00,0x00,0x00,0x00,0x00,0x00,0x00,0x00,
    0x00,0x00,0x00,0x00,0x00,0x00,0x00,0x00,0x00,0x00,0x00,0x00,0x00,0x00,0x00,0x00,
    0x00,0x00,0x00,0x00,0x00,0x00,0x00,0x00,0x00,0x00,0x00,0x00,0x00,0x00,0x00,0x00,
    0x00,0x00,0x00,0x00,0x00,0x00,0x00,0x00,0x00,0x00,0x00,0x00,0x00,0x00,0x00,0x00,
    0x00,0x00,0x00,0x00,0x00,0x00,0x00,0x00,0x00,0x00,0x00,0x00,0x00,0x00,0x00,0x00,
    0x00,0x00,0x00,0x00,0x00,0x00,0x00,0x00,0x00,0x00,0x00,0x00,0x00,0x00,0x00,0x00,
    0x00,0x00,0x00,0x00,0x00,0x00,0x00,0x00,0x00,0x00,0x00,0x00,0x00,0x00,0x00,0x00,
    0x00,0x00,0x00,0x00,0x00,0x00,0x00,0x00,0x00,0x00,0x00,0x00,0x62,0x08,0xA3,0x10,
    0xA3,0x10,0xA3,0x10,0xA3,0x10,0xA3,0x10,0xA3,0x10,0xA3,0x10,0xA3,0x10,0xA3,0x10,
    0xA3,0x10,0xA3,0x10,0xA3,0x10,0xA3,0x10,0xA3,0x10,0xA3,0x10,0xA3,0x10,0x62,0x08,
    0x00,0x00,0x00,0x00,0x00,0x00,0x00,0x00,0x00,0x00,0x00,0x00,0x00,0x00,0x00,0x00,
    0x00,0x00,0x00,0x00,0x00,0x00,0x00,0x00,0x00,0x00,0x00,0x00,0x00,0x00,0x00,0x00,
    0x00,0x00,0x00,0x00,0x00,0x00,0x00,0x00,0x00,0x00,0x00,0x00,0x00,0x00,0x00,0x00,
    0x00,0x00,0x00,0x00,0x00,0x00,0x00,0x00,0x00,0x00,0x00,0x00,0x00,0x00,0x00,0x00,
    0x00,0x00,0x00,0x00,0x00,0x00,0x00,0x00,0x00,0x00,0x00,0x00,0x00,0x00,0x00,0x00,
    0x00,0x00,0x00,0x00,0x00,0x00,0x00,0x00,0x00,0x00,0x00,0x00,0x00,0x00,0x00,0x00,
    0x00,0x00,0x00,0x00,0x00,0x00,0x00,0x00,0x00,0x00,0x00,0x01,0x21,0x53,0x80,0xA1,
    0xC0,0xDC,0xED,0xF9,0xFF,0xFF,0xF9,0xED,0xDC,0xC0,0xA1,0x80,0x53,0x21,0x01,0x00,
    0x00,0x00,0x00,0x00,0x00,0x00,0x00,0x00,0x00,0x00,0x00,0x00,0x00,0x00,0x00,0x00,
    0x00,0x00,0x00,0x00,0x00,0x00,0x00,0x00,0x00,0x00,0x00,0x00,0x00,0x00,0x00,0x00,
    0x00,0x00,0x00,0x00,0x00,0x00,0x00,0x00,0x00,0x00,0x00,0x00,0x00,0x00,0x00,0x00,
    0x00,0x00,0x00,0x00,0x00,0x00,0x00,0x00,0x00,0x00,0x00,0x00,0x00,0x00,0x00,0x00,
    0x00,0x09,0x44,0x7F,0xB9,0xEE,0xFF,0xFF,0xFF,0xFF,0xFF,0xFF,0xFF,0xFF,0xFF,0xFF,
    0xFF,0xFF,0xFF,0xFF,0xFF,0xFF,0xFF,0xFF,0xEE,0xB9,0x7F,0x44,0x09,0x00,0x00,0x00,
    0x00,0x00,0x00,0x00,0x00,0x00,0x00,0x00,0x00,0x00,0x00,0x00,0x00,0x00,0x00,0x00,
    0x00,0x00,0x00,0x00,0x00,0x00,0x00,0x00,0x00,0x00,0x00,0x00,0x00,0x00,0x00,0x00,
    0x00,0x00,0x00,0x00,0x00,0x00,0x00,0x00,0x00,0x00,0x00,0x00,0x00,0x00,0x00,0x00,
    0x00,0x00,0x00,0x00,0x00,0x00,0x00,0x00,0x03,0x46,0x9F,0xF1,0xFF,0xFF,0xFF,0xFF,
    0xFF,0xFF,0xFF,0xFF,0xFF,0xFF,0xFF,0xFF,0xFF,0xFF,0xFF,0xFF,0xFF,0xFF,0xFF,0xFF,
    0xFF,0xFF,0xFF,0xFF,0xFF,0xFF,0xF1,0x9F,0x46,0x03,0x00,0x00,0x00,0x00,0x00,0x00,
    0x00,0x00,0x00,0x00,0x00,0x00,0x00,0x00,0x00,0x00,0x00,0x00,0x00,0x00,0x00,0x00,
    0x00,0x00,0x00,0x00,0x00,0x00,0x00,0x00,0x00,0x00,0x00,0x00,0x00,0x00,0x00,0x00,
    0x00,0x00,0x00,0x00,0x00,0x00,0x00,0x00,0x00,0x00,0x00,0x00,0x00,0x00,0x00,0x00,
    0x0B,0x67,0xD7,0xFF,0xFF,0xFF,0xFF,0xFF,0xFF,0xFF,0xFF,0xFF,0xFF,0xFF,0xFF,0xFF,
    0xFF,0xFF,0xFF,0xFF,0xFF,0xFF,0xFF,0xFF,0xFF,0xFF,0xFF,0xFF,0xFF,0xFF,0xFF,0xFF,
    0xFF,0xFF,0xFF,0xD7,0x67,0x0B,0x00,0x00,0x00,0x00,0x00,0x00,0x00,0x00,0x00,0x00,
    0x00,0x00,0x00,0x00,0x00,0x00,0x00,0x00,0x00,0x00,0x00,0x00,0x00,0x00,0x00,0x00,
    0x00,0x00,0x00,0x00,0x00,0x00,0x00,0x00,0x00,0x00,0x00,0x00,0x00,0x00,0x00,0x00,
    0x00,0x00,0x00,0x00,0x00,0x00,0x00,0x00,0x1B,0x8B,0xEE,0xFF,0xFF,0xFF,0xFF,0xFF,
    0xFF,0xFF,0xFF,0xFF,0xFF,0xFF,0xFF,0xFF,0xFF,0xFF,0xFF,0xFF,0xFF,0xFF,0xFF,0xFF,
    0xFF,0xFF,0xFF,0xFF,0xFF,0xFF,0xFF,0xFF,0xFF,0xFF,0xFF,0xFF,0xFF,0xFF,0xFF,0xEE,
    0x8B,0x1B,0x00,0x00,0x00,0x00,0x00,0x00,0x00,0x00,0x00,0x00,0x00,0x00,0x00,0x00,
    0x00,0x00,0x00,0x00,0x00,0x00,0x00,0x00,0x00,0x00,0x00,0x00,0x00,0x00,0x00,0x00,
    0x00,0x00,0x00,0x00,0x00,0x00,0x00,0x00,0x00,0x00,0x00,0x00,0x00,0x00,0x00,0x00,
    0x12,0x94,0xF8,0xFF,0xFF,0xFF,0xFF,0xFF,0xFF,0xFF,0xFF,0xFF,0xFF,0xFF,0xFF,0xFF,
    0xFF,0xFF,0xFF,0xFF,0xFF,0xFF,0xFF,0xFF,0xFF,0xFF,0xFF,0xFF,0xFF,0xFF,0xFF,0xFF,
    0xFF,0xFF,0xFF,0xFF,0xFF,0xFF,0xFF,0xFF,0xFF,0xFF,0xFF,0xF8,0x94,0x12,0x00,0x00,
    0x00,0x00,0x00,0x00,0x00,0x00,0x00,0x00,0x00,0x00,0x00,0x00,0x00,0x00,0x00,0x00,
    0x00,0x00,0x00,0x00,0x00,0x00,0x00,0x00,0x00,0x00,0x00,0x00,0x00,0x00,0x00,0x00,
    0x00,0x00,0x00,0x00,0x00,0x00,0x00,0x00,0x00,0x4F,0xE4,0xFF,0xFF,0xFF,0xFF,0xFF,
    0xFF,0xFF,0xFF,0xFF,0xFF,0xFF,0xFF,0xFF,0xFF,0xFF,0xFF,0xFF,0xFF,0xFF,0xFF,0xFF,
    0xFF,0xFF,0xFF,0xFF,0xFF,0xFF,0xFF,0xFF,0xFF,0xFF,0xFF,0xFF,0xFF,0xFF,0xFF,0xFF,
    0xFF,0xFF,0xFF,0xFF,0xFF,0xFF,0xFF,0xE4,0x4F,0x00,0x00,0x00,0x00,0x00,0x00,0x00,
    0x00,0x00,0x00,0x00,0x00,0x00,0x00,0x00,0x00,0x00,0x00,0x00,0x00,0x00,0x00,0x00,
    0x00,0x00,0x00,0x00,0x00,0x00,0x00,0x00,0x00,0x00,0x00,0x00,0x00,0x00,0x00,0x00,
    0x00,0x28,0xBA,0xFF,0xFF,0xFF,0xFF,0xFF,0xFF,0xFF,0xFF,0xFF,0xFF,0xFF,0xFF,0xFF,
    0xFF,0xFF,0xFF,0xFF,0xFF,0xFF,0xFF,0xFF,0xFF,0xFF,0xFF,0xFF,0xFF,0xFF,0xFF,0xFF,
    0xFF,0xFF,0xFF,0xFF,0xFF,0xFF,0xFF,0xFF,0xFF,0xFF,0xFF,0xFF,0xFF,0xFF,0xFF,0xFF,
    0xFF,0xFF,0xFF,0xBA,0x28,0x00,0x00,0x00,0x00,0x00,0x00,0x00,0x00,0x00,0x00,0x00,
    0x00,0x00,0x00,0x00,0x00,0x00,0x00,0x00,0x00,0x00,0x00,0x00,0x00,0x00,0x00,0x00,
    0x00,0x00,0x00,0x00,0x00,0x00,0x00,0x00,0x00,0x00,0x5C,0xF3,0xFF,0xFF,0xFF,0xFF,
    0xFF,0xFF,0xFF,0xFF,0xFF,0xFF,0xFF,0xFF,0xFF,0xFF,0xFF,0xFF,0xFF,0xFF,0xFF,0xFF,
    0xFF,0xFF,0xFF,0xFF,0xFF,0xFF,0xFF,0xFF,0xFF,0xFF,0xFF,0xFF,0xFF,0xFF,0xFF,0xFF,
    0xFF,0xFF,0xFF,0xFF,0xFF,0xFF,0xFF,0xFF,0xFF,0xFF,0xFF,0xFF,0xFF,0xFF,0xF3,0x5C,
    0x00,0x00,0x00,0x00,0x00,0x00,0x00,0x00,0x00,0x00,0x00,0x00,0x00,0x00,0x00,0x00,
    0x00,0x00,0x00,0x00,0x00,0x00,0x00,0x00,0x00,0x00,0x00,0x00,0x00,0x00,0x00,0x00,
    0x00,0x00,0x07,0x9B,0xFF,0xFF,0xFF,0xFF,0xFF,0xFF,0xFF,0xFF,0xFF,0xFF,0xFF,0xFF,
    0xFF,0xFF,0xFF,0xFF,0xFF,0xFF,0xFF,0xFF,0xFF,0xFF,0xFF,0xFF,0xFF,0xFF,0xFF,0xFF,
    0xFF,0xFF,0xFF,0xFF,0xFF,0xFF,0xFF,0xFF,0xFF,0xFF,0xFF,0xFF,0xFF,0xFF,0xFF,0xFF,
    0xFF,0xFF,0xFF,0xFF,0xFF,0xFF,0xFF,0xFF,0xFF,0xFF,0x9B,0x07,0x00,0x00,0x00,0x00,
    0x00,0x00,0x00,0x00,0x00,0x00,0x00,0x00,0x00,0x00,0x00,0x00,0x00,0x00,0x00,0x00,
    0x00,0x00,0x00,0x00,0x00,0x00,0x00,0x00,0x00,0x00,0x00,0x19,0xC1,0xFF,0xFF,0xFF,
    0xFF,0xFF,0xFF,0xFF,0xFF,0xFF,0xFF,0xFF,0xFF,0xFF,0xFF,0xFF,0xFF,0xFF,0xFF,0xFF,
    0xFF,0xFF,0xFF,0xFF,0xFF,0xFF,0xFF,0xFF,0xFF,0xFF,0xFF,0xFF,0xFF,0xFF,0xFF,0xFF,
    0xFF,0xFF,0xFF,0xFF,0xFF,0xFF,0xFF,0xFF,0xFF,0xFF,0xFF,0xFF,0xFF,0xFF,0xFF,0xFF,
    0xFF,0xFF,0xFF,0xFF,0xFF,0xC1,0x19,0x00,0x00,0x00,0x00,0x00,0x00,0x00,0x00,0x00,
    0x00,0x00,0x00,0x00,0x00,0x00,0x00,0x00,0x00,0x00,0x00,0x00,0x00,0x00,0x00,0x00,
    0x00,0x00,0x00,0x00,0x2E,0xE4,0xFF,0xFF,0xFF,0xFF,0xFF,0xFF,0xFF,0xFF,0xFF,0xFF,
    0xFF,0xFF,0xFF,0xFF,0xFF,0xFF,0xFF,0xFF,0xFF,0xFF,0xFF,0xFF,0xFF,0xFF,0xFF,0xFF,
    0xFF,0xFF,0xFF,0xFF,0xFF,0xFF,0xFF,0xFF,0xFF,0xFF,0xFF,0xFF,0xFF,0xFF,0xFF,0xFF,
    0xFF,0xFF,0xFF,0xFF,0xFF,0xFF,0xFF,0xFF,0xFF,0xFF,0xFF,0xFF,0xFF,0xFF,0xFF,0xFF,
    0xE4,0x2E,0x00,0x00,0x00,0x00,0x00,0x00,0x00,0x00,0x00,0x00,0x00,0x00,0x00,0x00,
    0x00,0x00,0x00,0x00,0x00,0x00,0x00,0x00,0x00,0x00,0x00,0x00,0x00,0x30,0xEC,0xFF,
    0xFF,0xFF,0xFF,0xFF,0xFF,0xFF,0xFF,0xFF,0xFF,0xFF,0xFF,0xFF,0xFF,0xFF,0xFF,0xFF,
    0xFF,0xFF,0xFF,0xFF,0xFF,0xFF,0xFF,0xFF,0xFF,0xFF,0xFF,0xFF,0xFF,0xFF,0xFF,0xFF,
    0xFF,0xFF,0xFF,0xFF,0xFF,0xFF,0xFF,0xFF,0xFF,0xFF,0xFF,0xFF,0xFF,0xFF,0xFF,0xFF,
    0xFF,0xFF,0xFF,0xFF,0xFF,0xFF,0xFF,0xFF,0xFF,0xFF,0xFF,0xEC,0x30,0x00,0x00,0x00,
    0x00,0x00,0x00,0x00,0x00,0x00,0x00,0x00,0x00,0x00,0x00,0x00,0x00,0x00,0x00,0x00,
    0x00,0x00,0x00,0x00,0x00,0x00,0x30,0xE6,0xFF,0xFF,0xFF,0xFF,0xFF,0xFF,0xFF,0xFF,
    0xFF,0xFF,0xFF,0xFF,0xFF,0xFF,0xFF,0xFF,0xFF,0xFF,0xFF,0xFF,0xFF,0xFF,0xFF,0xFF,
    0xFF,0xFF,0xFF,0xFF,0xFF,0xFF,0xFF,0xFF,0xFF,0xFF,0xFF,0xFF,0xFF,0xFF,0xFF,0xFF,
    0xFF,0xFF,0xFF,0xFF,0xFF,0xFF,0xFF,0xFF,0xFF,0xFF,0xFF,0xFF,0xFF,0xFF,0xFF,0xFF,
    0xFF,0xFF,0xFF,0xFF,0xFF,0xFF,0xE6,0x30,0x00,0x00,0x00,0x00,0x00,0x00,0x00,0x00,
    0x00,0x00,0x00,0x00,0x00,0x00,0x00,0x00,0x00,0x00,0x00,0x00,0x00,0x00,0x00,0x2E,
    0xEC,0xFF,0xFF,0xFF,0xFF,0xFF,0xFF,0xFF,0xFF,0xFF,0xFF,0xFF,0xFF,0xFF,0xFF,0xFF,
    0xFF,0xFF,0xFF,0xFF,0xFF,0xFF,0xFF,0xFF,0xFF,0xFF,0xFF,0xFF,0xFF,0xFF,0xFF,0xFF,
    0xFF,0xFF,0xFF,0xFF,0xFF,0xFF,0xFF,0xFF,0xFF,0xFF,0xFF,0xFF,0xFF,0xFF,0xFF,0xFF,
    0xFF,0xFF,0xFF,0xFF,0xFF,0xFF,0xFF,0xFF,0xFF,0xFF,0xFF,0xFF,0xFF,0xFF,0xFF,0xFF,
    0xFF,0xEC,0x2E,0x00,0x00,0x00,0x00,0x00,0x00,0x00,0x00,0x00,0x00,0x00,0x00,0x00,
    0x00,0x00,0x00,0x00,0x00,0x00,0x00,0x00,0x19,0xE4,0xFF,0xFF,0xFF,0xFF,0xFF,0xFF,
    0xFF,0xFF,0xFF,0xFF,0xFF,0xFF,0xFF,0xFF,0xFF,0xFF,0xFF,0xFF,0xFF,0xFF,0xFF,0xFF,
    0xFF,0xFF,0xFF,0xFF,0xFF,0xFF,0xFF,0xFF,0xFF,0xFF,0xFF,0xFF,0xFF,0xFF,0xFF,0xFF,
    0xFF,0xFF,0xFF,0xFF,0xFF,0xFF,0xFF,0xFF,0xFF,0xFF,0xFF,0xFF,0xFF,0xFF,0xFF,0xFF,
    0xFF,0xFF,0xFF,0xFF,0xFF,0xFF,0xFF,0xFF,0xFF,0xFF,0xFF,0xFF,0xE4,0x19,0x00,0x00,
    0x00,0x00,0x00,0x00,0x00,0x00,0x00,0x00,0x00,0x00,0x00,0x00,0x00,0x00,0x00,0x00,
    0x00,0x07,0xC1,0xFF,0xFF,0xFF,0xFF,0xFF,0xFF,0xFF,0xFF,0xFF,0xFF,0xFF,0xFF,0xFF,
    0xFF,0xFF,0xFF,0xFF,0xFF,0xFF,0xFF,0xFF,0xFF,0xFF,0xFF,0xFF,0xFF,0xFF,0xFF,0xFF,
    0xFF,0xFF,0xFF,0xFF,0xFF,0xFF,0xFF,0xFF,0xFF,0xFF,0xFF,0xFF,0xFF,0xFF,0xFF,0xFF,
    0xFF,0xFF,0xFF,0xFF,0xFF,0xFF,0xFF,0xFF,0xFF,0xFF,0xFF,0xFF,0xFF,0xFF,0xFF,0xFF,
    0xFF,0xFF,0xFF,0xFF,0xFF,0xFF,0xFF,0xC1,0x07,0x00,0x00,0x00,0x00,0x00,0x00,0x00,
    0x00,0x00,0x00,0x00,0x00,0x00,0x00,0x00,0x00,0x00,0x00,0x9B,0xFF,0xFF,0xFF,0xFF,
    0xFF,0xFF,0xFF,0xFF,0xFF,0xFF,0xFF,0xFF,0xFF,0xFF,0xFF,0xFF,0xFF,0xFF,0xFF,0xFF,
    0xFF,0xFF,0xFF,0xFF,0xFF,0xFF,0xFF,0xFF,0xFF,0xFF,0xFF,0xFF,0xFF,0xFF,0xFF,0xFF,
    0xFF,0xFF,0xFF,0xFF,0xFF,0xFF,0xFF,0xFF,0xFF,0xFF,0xFF,0xFF,0xFF,0xFF,0xFF,0xFF,
    0xFF,0xFF,0xFF,0xFF,0xFF,0xFF,0xFF,0xFF,0xFF,0xFF,0xFF,0xFF,0xFF,0xFF,0xFF,0xFF,
    0xFF,0xFF,0x9B,0x00,0x00,0x00,0x00,0x00,0x00,0x00,0x00,0x00,0x00,0x00,0x00,0x00,
    0x00,0x00,0x00,0x00,0x5C,0xFE,0xFF,0xFF,0xFF,0xFF,0xFF,0xFF,0xFF,0xFF,0xFF,0xFF,
    0xFF,0xFF,0xFF,0xFF,0xFF,0xFF,0xFF,0xFF,0xFF,0xFF,0xFF,0xFF,0xFF,0xFF,0xFF,0xFF,
    0xFF,0xFF,0xFF,0xFF,0xFF,0xFF,0xFF,0xFF,0xFF,0xFF,0xFF,0xFF,0xFF,0xFF,0xFF,0xFF,
    0xFF,0xFF,0xFF,0xFF,0xFF,0xFF,0xFF,0xFF,0xFF,0xFF,0xFF,0xFF,0xFF,0xFF,0xFF,0xFF,
    0xFF,0xFF,0xFF,0xFF,0xFF,0xFF,0xFF,0xFF,0xFF,0xFF,0xFF,0xFF,0xFE,0x5C,0x00,0x00,
    0x00,0x00,0x00,0x00,0x00,0x00,0x00,0x00,0x00,0x00,0x00,0x00,0x00,0x29,0xF3,0xFF,
    0xFF,0xFF,0xFF,0xFF,0xFF,0xFF,0xFF,0xFF,0xFF,0xFF,0xFF,0xFF,0xFF,0xFF,0xFF,0xFF,
    0xFF,0xFF,0xFF,0xFF,0xFF,0xFF,0xFF,0xFF,0xFF,0xFF,0xFF,0xFF,0xFF,0xFF,0xFF,0xFF,
    0xFF,0xFF,0xFF,0xFF,0xFF,0xFF,0xFF,0xFF,0xFF,0xFF,0xFF,0xFF,0xFF,0xFF,0xFF,0xFF,
    0xFF,0xFF,0xFF,0xFF,0xFF,0xFF,0xFF,0xFF,0xFF,0xFF,0xFF,0xFF,0xFF,0xFF,0xFF,0xFF,
    0xFF,0xFF,0xFF,0xFF,0xFF,0xFF,0xFF,0xF3,0x29,0x00,0x00,0x00,0x00,0x00,0x00,0x00,
    0x00,0x00,0x00,0x00,0x00,0x00,0x01,0xBA,0xFF,0xFF,0xFF,0xFF,0xFF,0xFF,0xFF,0xFF,
    0xFF,0xFF,0xFF,0xFF,0xFF,0xFF,0xFF,0xFF,0xFF,0xFF,0xFF,0xFF,0xFF,0xFF,0xFF,0xFF,
    0xFF,0xFF,0xFF,0xFF,0xFF,0xFF,0xFF,0xFF,0xFF,0xFF,0xFF,0xFF,0xFF,0xFF,0xFF,0xFF,
    0xFF,0xFF,0xFF,0xFF,0xFF,0xFF,0xFF,0xFF,0xFF,0xFF,0xFF,0xFF,0xFF,0xFF,0xFF,0xFF,
    0xFF,0xFF,0xFF,0xFF,0xFF,0xFF,0xFF,0xFF,0xFF,0xFF,0xFF,0xFF,0xFF,0xFF,0xFF,0xFF,
    0xFF,0xFF,0xBA,0x01,0x00,0x00,0x00,0x00,0x00,0x00,0x00,0x00,0x00,0x00,0x00,0x00,
    0x50,0xFF,0xFF,0xFF,0xFF,0xFF,0xFF,0xFF,0xFF,0xFF,0xFF,0xFF,0xFF,0xFF,0xFF,0xFF,
    0xFF,0xFF,0xFF,0xFF,0xFF,0xFF,0xFF,0xFF,0xFF,0xFF,0xFF,0xFF,0xFF,0xFF,0xFF,0xFF,
    0xFF,0xFF,0xFF,0xFF,0xFF,0xFF,0xFF,0xFF,0xFF,0xFF,0xFF,0xFF,0xFF,0xFF,0xFF,0xFF,
    0xFF,0xFF,0xFF,0xFF,0xFF,0xFF,0xFF,0xFF,0xFF,0xFF,0xFF,0xFF,0xFF,0xFF,0xFF,0xFF,
    0xFF,0xFF,0xFF,0xFF,0xFF,0xFF,0xFF,0xFF,0xFF,0xFF,0xFF,0xFF,0xFF,0x50,0x00,0x00,
    0x00,0x00,0x00,0x00,0x00,0x00,0x00,0x00,0x00,0x12,0xE3,0xFF,0xFF,0xFF,0xFF,0xFF,
    0xFF,0xFF,0xFF,0xFF,0xFF,0xFF,0xFF,0xFF,0xFF,0xFF,0xFF,0xFF,0xFF,0xFF,0xFF,0xFF,
    0xFF,0xFF,0xFF,0xFF,0xFF,0xFF,0xFF,0xFF,0xFF,0xFF,0xFF,0xFF,0xFF,0xFF,0xFF,0xFF,
    0xFF,0xFF,0xFF,0xFF,0xFF,0xFF,0xFF,0xFF,0xFF,0xFF,0xFF,0xFF,0xFF,0xFF,0xFF,0xFF,
    0xFF,0xFF,0xFF,0xFF,0xFF,0xFF,0xFF,0xFF,0xFF,0xFF,0xFF,0xFF,0xFF,0xFF,0xFF,0xFF,
    0xFF,0xFF,0xFF,0xFF,0xFF,0xFF,0xFF,0xE3,0x12,0x00,0x00,0x00,0x00,0x00,0x00,0x00,
    0x00,0x00,0x00,0x94,0xFF,0xFF,0xFF,0xFF,0xFF,0xFF,0xFF,0xFF,0xFF,0xFF,0xFF,0xFF,
    0xFF,0xFF,0xFF,0xFF,0xFF,0xFF,0xFF,0xFF,0xFF,0xFF,0xFF,0xFF,0xFF,0xFF,0xFF,0xFF,
    0xFF,0xFF,0xFF,0xFF,0xFF,0xFF,0xFF,0xFF,0xFF,0xFF,0xFF,0xFF,0xFF,0xFF,0xFF,0xFF,
    0xFF,0xFF,0xFF,0xFF,0xFF,0xFF,0xFF,0xFF,0xFF,0xFF,0xFF,0xFF,0xFF,0xFF,0xFF,0xFF,
    0xFF,0xFF,0xFF,0xFF,0xFF,0xFF,0xFF,0xFF,0xFF,0xFF,0xFF,0xFF,0xFF,0xFF,0xFF,0xFF,
    0xFF,0xFF,0x94,0x00,0x00,0x00,0x00,0x00,0x00,0x00,0x00,0x00,0x1C,0xF9,0xFF,0xFF,
    0xFF,0xFF,0xFF,0xFF,0xFF,0xFF,0xFF,0xFF,0xFF,0xFF,0xFF,0xFF,0xFF,0xFF,0xFF,0xFF,
    0xFF,0xFF,0xFF,0xFF,0xFF,0xFF,0xFF,0xFF,0xFF,0xFF,0xFF,0xFF,0xFF,0xFF,0xFF,0xFF,
    0xFF,0xFF,0xFF,0xFF,0xFF,0xFF,0xFF,0xFF,0xFF,0xFF,0xFF,0xFF,0xFF,0xFF,0xFF,0xFF,
    0xFF,0xFF,0xFF,0xFF,0xFF,0xFF,0xFF,0xFF,0xFF,0xFF,0xFF,0xFF,0xFF,0xFF,0xFF,0xFF,
    0xFF,0xFF,0xFF,0xFF,0xFF,0xFF,0xFF,0xFF,0xFF,0xFF,0xFF,0xFF,0xF9,0x1C,0x00,0x00,
    0x00,0x00,0x00,0x00,0x00,0x00,0x8B,0xFF,0xFF,0xFF,0xFF,0xFF,0xFF,0xFF,0xFF,0xFF,
    0xFF,0xFF,0xFF,0xFF,0xFF,0xFF,0xFF,0xFF,0xFF,0xFF,0xFF,0xFF,0xFF,0xFF,0xFF,0xFF,
    0xFF,0xFF,0xFF,0xFF,0xFF,0xFF,0xFF,0xFF,0xFF,0xFF,0xFF,0xFF,0xFF,0xFF,0xFF,0xFF,
    0xFF,0xFF,0xFF,0xFF,0xFF,0xFF,0xFF,0xFF,0xFF,0xFF,0xFF,0xFF,0xFF,0xFF,0xFF,0xFF,
    0xFF,0xFF,0xFF,0xFF,0xFF,0xFF,0xFF,0xFF,0xFF,0xFF,0xFF,0xFF,0xFF,0xFF,0xFF,0xFF,
    0xFF,0xFF,0xFF,0xFF,0xFF,0xFF,0xFF,0x8B,0x00,0x00,0x00,0x00,0x00,0x00,0x00,0x0B,
    0xEF,0xFF,0xFF,0xFF,0xFF,0xFF,0xFF,0xFF,0xFF,0xFF,0xFF,0xFF,0xFF,0xFF,0xFF,0xFF,
    0xFF,0xFF,0xFF,0xFF,0xFF,0xFF,0xFF,0xFF,0xFF,0xFF,0xFF,0xFF,0xFF,0xFF,0xFF,0xFF,
    0xFF,0xFF,0xFF,0xFF,0xFF,0xFF,0xFF,0xFF,0xFF,0xFF,0xFF,0xFF,0xFF,0xFF,0xFF,0xFF,
    0xFF,0xFF,0xFF,0xFF,0xFF,0xFF,0xFF,0xFF,0xFF,0xFF,0xFF,0xFF,0xFF,0xFF,0xFF,0xFF,
    0xFF,0xFF,0xFF,0xFF,0xFF,0xFF,0xFF,0xFF,0xFF,0xFF,0xFF,0xFF,0xFF,0xFF,0xFF,0xFF,
    0xFF,0xEF,0x0B,0x00,0x00,0x00,0x00,0x00,0x00,0x67,0xFF,0xFF,0xFF,0xFF,0xFF,0xFF,
    0xFF,0xFF,0xFF,0xFF,0xFF,0xFF,0xFF,0xFF,0xFF,0xFF,0xFF,0xFF,0xFF,0xFF,0xFF,0xFF,
    0xFF,0xFF,0xFF,0xFF,0xFF,0xFF,0xFF,0xFF,0xFF,0xFF,0xFF,0xFF,0xFF,0xFF,0xFF,0xFF,
    0xFF,0xFF,0xFF,0xFF,0xFF,0xFF,0xFF,0xFF,0xFF,0xFF,0xFF,0xFF,0xFF,0xFF,0xFF,0xFF,
    0xFF,0xFF,0xFF,0xFF,0xFF,0xFF,0xFF,0xFF,0xFF,0xFF,0xFF,0xFF,0xFF,0xFF,0xFF,0xFF,
    0xFF,0xFF,0xFF,0xFF,0xFF,0xFF,0xFF,0xFF,0xFF,0xFF,0xFF,0xFF,0x67,0x00,0x00,0x00,
    0x00,0x00,0x03,0xD7,0xFF,0xFF,0xFF,0xFF,0xFF,0xFF,0xFF,0xFF,0xFF,0xFF,0xFF,0xFF,
    0xFF,0xFF,0xFF,0xFF,0xFF,0xFF,0xFF,0xFF,0xFF,0xFF,0xFF,0xFF,0xFF,0xFF,0xFF,0xFF,
    0xFF,0xFF,0xFF,0xFF,0xFF,0xFF,0xFF,0xFF,0xFF,0xFF,0xFF,0xFF,0xFF,0xFF,0xFF,0xFF,
    0xFF,0xFF,0xFF,0xFF,0xFF,0xFF,0xFF,0xFF,0xFF,0xFF,0xFF,0xFF,0xFF,0xFF,0xFF,0xFF,
    0xFF,0xFF,0xFF,0xFF,0xFF,0xFF,0xFF,0xFF,0xFF,0xFF,0xFF,0xFF,0xFF,0xFF,0xFF,0xFF,
    0xFF,0xFF,0xFF,0xFF,0xFF,0xFF,0xD7,0x03,0x00,0x00,0x00,0x00,0x46,0xFE,0xFF,0xFF,
    0xFF,0xFF,0xFF,0xFF,0xFF,0xFF,0xFF,0xFF,0xFF,0xFF,0xFF,0xFF,0xFF,0xFF,0xFF,0xFF,
    0xFF,0xFF,0xFF,0xFF,0xFF,0xFF,0xFF,0xFF,0xFF,0xFF,0xFF,0xFF,0xFF,0xFF,0xFF,0xFF,
    0xFF,0xFF,0xFF,0xFF,0xFF,0xFF,0xFF,0xFF,0xFF,0xFF,0xFF,0xFF,0xFF,0xFF,0xFF,0xFF,
    0xFF,0xFF,0xFF,0xFF,0xFF,0xFF,0xFF,0xFF,0xFF,0xFF,0xFF,0xFF,0xFF,0xFF,0xFF,0xFF,
    0xFF,0xFF,0xFF,0xFF,0xFF,0xFF,0xFF,0xFF,0xFF,0xFF,0xFF,0xFF,0xFF,0xFF,0xFF,0xFF,
    0xFE,0x46,0x00,0x00,0x00,0x00,0x9F,0xFF,0xFF,0xFF,0xFF,0xFF,0xFF,0xFF,0xFF,0xFF,
    0xFF,0xFF,0xFF,0xFF,0xFF,0xFF,0xFF,0xFF,0xFF,0xFF,0xFF,0xFF,0xFF,0xFF,0xFF,0xFF,
    0xFF,0xFF,0xFF,0xFF,0xFF,0xFF,0xFF,0xFF,0xFF,0xFF,0xFF,0xFF,0xFF,0xFF,0xFF,0xFF,
    0xFF,0xFF,0xFF,0xFF,0xFF,0xFF,0xFF,0xFF,0xFF,0xFF,0xFF,0xFF,0xFF,0xFF,0xFF,0xFF,
    0xFF,0xFF,0xFF,0xFF,0xFF,0xFF,0xFF,0xFF,0xFF,0xFF,0xFF,0xFF,0xFF,0xFF,0xFF,0xFF,
    0xFF,0xFF,0xFF,0xFF,0xFF,0xFF,0xFF,0xFF,0xFF,0xFF,0xFF,0x9F,0x00,0x00,0x00,0x0A,
    0xF0,0xFF,0xFF,0xFF,0xFF,0xFF,0xFF,0xFF,0xFF,0xFF,0xFF,0xFF,0xFF,0xFF,0xFF,0xFF,
    0xFF,0xFF,0xFF,0xFF,0xFF,0xFF,0xFF,0xFF,0xFF,0xFF,0xFF,0xFF,0xFF,0xFF,0xFF,0xFF,
    0xFF,0xFF,0xFF,0xFF,0xFF,0xFF,0xFF,0xFF,0xFF,0xFF,0xFF,0xFF,0xFF,0xFF,0xFF,0xFF,
    0xFF,0xFF,0xFF,0xFF,0xFF,0xFF,0xFF,0xFF,0xFF,0xFF,0xFF,0xFF,0xFF,0xFF,0xFF,0xFF,
    0xFF,0xFF,0xFF,0xFF,0xFF,0xFF,0xFF,0xFF,0xFF,0xFF,0xFF,0xFF,0xFF,0xFF,0xFF,0xFF,
    0xFF,0xFF,0xFF,0xFF,0xFF,0xF0,0x0A,0x00,0x00,0x44,0xFF,0xFF,0xFF,0xFF,0xFF,0xFF,
    0xFF,0xFF,0xFF,0xFF,0xFF,0xFF,0xFF,0xFF,0xFF,0xFF,0xFF,0xFF,0xFF,0xFF,0xFF,0xFF,
    0xFF,0xFF,0xFF,0xFF,0xFF,0xFF,0xFF,0xFF,0xFF,0xFF,0xFF,0xFF,0xFF,0xFF,0xFF,0xFF,
    0xFF,0xFF,0xFF,0xFF,0xFF,0xFF,0xFF,0xFF,0xFF,0xFF,0xFF,0xFF,0xFF,0xFF,0xFF,0xFF,
    0xFF,0xFF,0xFF,0xFF,0xFF,0xFF,0xFF,0xFF,0xFF,0xFF,0xFF,0xFF,0xFF,0xFF,0xFF,0xFF,
    0xFF,0xFF,0xFF,0xFF,0xFF,0xFF,0xFF,0xFF,0xFF,0xFF,0xFF,0xFF,0xFF,0xFF,0xFF,0xFF,
    0x44,0x00,0x00,0x7F,0xFF,0xFF,0xFF,0xFF,0xFF,0xFF,0xFF,0xFF,0xFF,0xFF,0xFF,0xFF,
    0xFF,0xFF,0xFF,0xFF,0xFF,0xFF,0xFF,0xFF,0xFF,0xFF,0xFF,0xFF,0xFF,0xFF,0xFF,0xFF,
    0xFF,0xFF,0xFF,0xFF,0xFF,0xFF,0xFF,0xFF,0xFF,0xFF,0xFF,0xFF,0xFF,0xFF,0xFF,0xFF,
    0xFF,0xFF,0xFF,0xFF,0xFF,0xFF,0xFF,0xFF,0xFF,0xFF,0xFF,0xFF,0xFF,0xFF,0xFF,0xFF,
    0xFF,0xFF,0xFF,0xFF,0xFF,0xFF,0xFF,0xFF,0xFF,0xFF,0xFF,0xFF,0xFF,0xFF,0xFF,0xFF,
    0xFF,0xFF,0xFF,0xFF,0xFF,0xFF,0xFF,0xFF,0xFF,0xFF,0x7F,0x00,0x00,0xB9,0xFF,0xFF,
    0xFF,0xFF,0xFF,0xFF,0xFF,0xFF,0xFF,0xFF,0xFF,0xFF,0xFF,0xFF,0xFF,0xFF,0xFF,0xFF,
    0xFF,0xFF,0xFF,0xFF,0xFF,0xFF,0xFF,0xFF,0xFF,0xFF,0xFF,0xFF,0xFF,0xFF,0xFF,0xFF,
    0xFF,0xFF,0xFF,0xFF,0xFF,0xFF,0xFF,0xFF,0xFF,0xFF,0xFF,0xFF,0xFF,0xFF,0xFF,0xFF,
    0xFF,0xFF,0xFF,0xFF,0xFF,0xFF,0xFF,0xFF,0xFF,0xFF,0xFF,0xFF,0xFF,0xFF,0xFF,0xFF,
    0xFF,0xFF,0xFF,0xFF,0xFF,0xFF,0xFF,0xFF,0xFF,0xFF,0xFF,0xFF,0xFF,0xFF,0xFF,0xFF,
    0xFF,0xFF,0xFF,0xFF,0xB9,0x00,0x01,0xEE,0xFF,0xFF,0xFF,0xFF,0xFF,0xFF,0xFF,0xFF,
    0xFF,0xFF,0xFF,0xFF,0xFF,0xFF,0xFF,0xFF,0xFF,0xFF,0xFF,0xFF,0xFF,0xFF,0xFF,0xFF,
    0xFF,0xFF,0xFF,0xFF,0xFF,0xFF,0xFF,0xFF,0xFF,0xFF,0xFF,0xFF,0xFF,0xFF,0xFF,0xFF,
    0xFF,0xFF,0xFF,0xFF,0xFF,0xFF,0xFF,0xFF,0xFF,0xFF,0xFF,0xFF,0xFF,0xFF,0xFF,0xFF,
    0xFF,0xFF,0xFF,0xFF,0xFF,0xFF,0xFF,0xFF,0xFF,0xFF,0xFF,0xFF,0xFF,0xFF,0xFF,0xFF,
    0xFF,0xFF,0xFF,0xFF,0xFF,0xFF,0xFF,0xFF,0xFF,0xFF,0xFF,0xFF,0xFF,0xFF,0xEE,0x01,
    0x21,0xFE,0xFF,0xFF,0xFF,0xFF,0xFF,0xFF,0xFF,0xFF,0xFF,0xFF,0xFF,0xFF,0xFF,0xFF,
    0xFF,0xFF,0xFF,0xFF,0xFF,0xFF,0xFF,0xFF,0xFF,0xFF,0xFF,0xFF,0xFF,0xFF,0xFF,0xFF,
    0xFF,0xFF,0xFF,0xFF,0xFF,0xFF,0xFF,0xFF,0xFF,0xFF,0xFF,0xFF,0xFF,0xFF,0xFF,0xFF,
    0xFF,0xFF,0xFF,0xFF,0xFF,0xFF,0xFF,0xFF,0xFF,0xFF,0xFF,0xFF,0xFF,0xFF,0xFF,0xFF,
    0xFF,0xFF,0xFF,0xFF,0xFF,0xFF,0xFF,0xFF,0xFF,0xFF,0xFF,0xFF,0xFF,0xFF,0xFF,0xFF,
    0xFF,0xFF,0xFF,0xFF,0xFF,0xFF,0xFF,0xFF,0xFE,0x21,0x54,0xFF,0xFF,0xFF,0xFF,0xFF,
    0xFF,0xFF,0xFF,0xFF,0xFF,0xFF,0xFF,0xFF,0xFF,0xFF,0xFF,0xFF,0xFF,0xFF,0xFF,0xFF,
    0xFF,0xFF,0xFF,0xFF,0xFF,0xFF,0xFF,0xFF,0xFF,0xFF,0xFF,0xFF,0xFF,0xFF,0xFF,0xFF,
    0xFF,0xFF,0xFF,0xFF,0xFF,0xFF,0xFF,0xFF,0xFF,0xFF,0xFF,0xFF,0xFF,0xFF,0xFF,0xFF,
    0xFF,0xFF,0xFF,0xFF,0xFF,0xFF,0xFF,0xFF,0xFF,0xFF,0xFF,0xFF,0xFF,0xFF,0xFF,0xFF,
    0xFF,0xFF,0xFF,0xFF,0xFF,0xFF,0xFF,0xFF,0xFF,0xFF,0xFF,0xFF,0xFF,0xFF,0xFF,0xFF,
    0xFF,0xFF,0xFF,0x54,0x80,0xFF,0xFF,0xFF,0xFF,0xFF,0xFF,0xFF,0xFF,0xFF,0xFF,0xFF,
    0xFF,0xFF,0xFF,0xFF,0xFF,0xFF,0xFF,0xFF,0xFF,0xFF,0xFF,0xFF,0xFF,0xFF,0xFF,0xFF,
    0xFF,0xFF,0xFF,0xFF,0xFF,0xFF,0xFF,0xFF,0xFF,0xFF,0xFF,0xFF,0xFF,0xFF,0xFF,0xFF,
    0xFF,0xFF,0xFF,0xFF,0xFF,0xFF,0xFF,0xFF,0xFF,0xFF,0xFF,0xFF,0xFF,0xFF,0xFF,0xFF,
    0xFF,0xFF,0xFF,0xFF,0xFF,0xFF,0xFF,0xFF,0xFF,0xFF,0xFF,0xFF,0xFF,0xFF,0xFF,0xFF,
    0xFF,0xFF,0xFF,0xFF,0xFF,0xFF,0xFF,0xFF,0xFF,0xFF,0xFF,0xFF,0xFF,0x80,0xA1,0xFF,
    0xFF,0xFF,0xFF,0xFF,0xFF,0xFF,0xFF,0xFF,0xFF,0xFF,0xFF,0xFF,0xFF,0xFF,0xFF,0xFF,
    0xFF,0xFF,0xFF,0xFF,0xFF,0xFF,0xFF,0xFF,0xFF,0xFF,0xFF,0xFF,0xFF,0xFF,0xFF,0xFF,
    0xFF,0xFF,0xFF,0xFF,0xFF,0xFF,0xFF,0xFF,0xFF,0xFF,0xFF,0xFF,0xFF,0xFF,0xFF,0xFF,
    0xFF,0xFF,0xFF,0xFF,0xFF,0xFF,0xFF,0xFF,0xFF,0xFF,0xFF,0xFF,0xFF,0xFF,0xFF,0xFF,
    0xFF,0xFF,0xFF,0xFF,0xFF,0xFF,0xFF,0xFF,0xFF,0xFF,0xFF,0xFF,0xFF,0xFF,0xFF,0xFF,
    0xFF,0xFF,0xFF,0xFF,0xFF,0xFF,0xFF,0xA1,0xC0,0xFF,0xFF,0xFF,0xFF,0xFF,0xFF,0xFF,
    0xFF,0xFF,0xFF,0xFF,0xFF,0xFF,0xFF,0xFF,0xFF,0xFF,0xFF,0xFF,0xFF,0xFF,0xFF,0xFF,
    0xFF,0xFF,0xFF,0xFF,0xFF,0xFF,0xFF,0xFF,0xFF,0xFF,0xFF,0xFF,0xFF,0xFF,0xFF,0xFF,
    0xFF,0xFF,0xFF,0xFF,0xFF,0xFF,0xFF,0xFF,0xFF,0xFF,0xFF,0xFF,0xFF,0xFF,0xFF,0xFF,
    0xFF,0xFF,0xFF,0xFF,0xFF,0xFF,0xFF,0xFF,0xFF,0xFF,0xFF,0xFF,0xFF,0xFF,0xFF,0xFF,
    0xFF,0xFF,0xFF,0xFF,0xFF,0xFF,0xFF,0xFF,0xFF,0xFF,0xFF,0xFF,0xFF,0xFF,0xFF,0xFF,
    0xFF,0xC0,0xDC,0xFF,0xFF,0xFF,0xFF,0xFF,0xFF,0xFF,0xFF,0xFF,0xFF,0xFF,0xFF,0xFF,
    0xFF,0xFF,0xFF,0xFF,0xFF,0xFF,0xFF,0xFF,0xFF,0xFF,0xFF,0xFF,0xFF,0xFF,0xFF,0xFF,
    0xFF,0xFF,0xFF,0xFF,0xFF,0xFF,0xFF,0xFF,0xFF,0xFF,0xFF,0xFF,0xFF,0xFF,0xFF,0xFF,
    0xFF,0xFF,0xFF,0xFF,0xFF,0xFF,0xFF,0xFF,0xFF,0xFF,0xFF,0xFF,0xFF,0xFF,0xFF,0xFF,
    0xFF,0xFF,0xFF,0xFF,0xFF,0xFF,0xFF,0xFF,0xFF,0xFF,0xFF,0xFF,0xFF,0xFF,0xFF,0xFF,
    0xFF,0xFF,0xFF,0xFF,0xFF,0xFF,0xFF,0xFF,0xFF,0xFF,0xFF,0xDC,0xEE,0xFF,0xFF,0xFF,
    0xFF,0xFF,0xFF,0xFF,0xFF,0xFF,0xFF,0xFF,0xFF,0xFF,0xFF,0xFF,0xFF,0xFF,0xFF,0xFF,
    0xFF,0xFF,0xFF,0xFF,0xFF,0xFF,0xFF,0xFF,0xFF,0xFF,0xFF,0xFF,0xFF,0xFF,0xFF,0xFF,
    0xFF,0xFF,0xFF,0xFF,0xFF,0xFF,0xFF,0xFF,0xFF,0xFF,0xFF,0xFF,0xFF,0xFF,0xFF,0xFF,
    0xFF,0xFF,0xFF,0xFF,0xFF,0xFF,0xFF,0xFF,0xFF,0xFF,0xFF,0xFF,0xFF,0xFF,0xFF,0xFF,
    0xFF,0xFF,0xFF,0xFF,0xFF,0xFF,0xFF,0xFF,0xFF,0xFF,0xFF,0xFF,0xFF,0xFF,0xFF,0xFF,
    0xFF,0xFF,0xFF,0xFF,0xFF,0xEE,0xF9,0xFF,0xFF,0xFF,0xFF,0xFF,0xFF,0xFF,0xFF,0xFF,
    0xFF,0xFF,0xFF,0xFF,0xFF,0xFF,0xFF,0xFF,0xFF,0xFF,0xFF,0xFF,0xFF,0xFF,0xFF,0xFF,
    0xFF,0xFF,0xFF,0xFF,0xFF,0xFF,0xFF,0xFF,0xFF,0xFF,0xFF,0xFF,0xFF,0xFF,0xFF,0xFF,
    0xFF,0xFF,0xFF,0xFF,0xFF,0xFF,0xFF,0xFF,0xFF,0xFF,0xFF,0xFF,0xFF,0xFF,0xFF,0xFF,
    0xFF,0xFF,0xFF,0xFF,0xFF,0xFF,0xFF,0xFF,0xFF,0xFF,0xFF,0xFF,0xFF,0xFF,0xFF,0xFF,
    0xFF,0xFF,0xFF,0xFF,0xFF,0xFF,0xFF,0xFF,0xFF,0xFF,0xFF,0xFF,0xFF,0xFF,0xFF,0xF9,
    0xFF,0xFF,0xFF,0xFF,0xFF,0xFF,0xFF,0xFF,0xFF,0xFF,0xFF,0xFF,0xFF,0xFF,0xFF,0xFF,
    0xFF,0xFF,0xFF,0xFF,0xFF,0xFF,0xFF,0xFF,0xFF,0xFF,0xFF,0xFF,0xFF,0xFF,0xFF,0xFF,
    0xFF,0xFF,0xFF,0xFF,0xFF,0xFF,0xFF,0xFF,0xFF,0xFF,0xFF,0xFF,0xFF,0xFF,0xFF,0xFF,
    0xFF,0xFF,0xFF,0xFF,0xFF,0xFF,0xFF,0xFF,0xFF,0xFF,0xFF,0xFF,0xFF,0xFF,0xFF,0xFF,
    0xFF,0xFF,0xFF,0xFF,0xFF,0xFF,0xFF,0xFF,0xFF,0xFF,0xFF,0xFF,0xFF,0xFF,0xFF,0xFF,
    0xFF,0xFF,0xFF,0xFF,0xFF,0xFF,0xFF,0xFF,0xFF,0xFF,0xFF,0xFF,0xFF,0xFF,0xFF,0xFF,
    0xFF,0xFF,0xFF,0xFF,0xFF,0xFF,0xFF,0xFF,0xFF,0xFF,0xFF,0xFF,0xFF,0xFF,0xFF,0xFF,
    0xFF,0xFF,0xFF,0xFF,0xFF,0xFF,0xFF,0xFF,0xFF,0xFF,0xFF,0xFF,0xFF,0xFF,0xFF,0xFF,
    0xFF,0xFF,0xFF,0xFF,0xFF,0xFF,0xFF,0xFF,0xFF,0xFF,0xFF,0xFF,0xFF,0xFF,0xFF,0xFF,
    0xFF,0xFF,0xFF,0xFF,0xFF,0xFF,0xFF,0xFF,0xFF,0xFF,0xFF,0xFF,0xFF,0xFF,0xFF,0xFF,
    0xFF,0xFF,0xFF,0xFF,0xFF,0xFF,0xFF,0xFF,0xFF,0xFF,0xFF,0xFF,0xFF,0xFF,0xFF,0xFF,
    0xFF,0xFF,0xFF,0xFF,0xF9,0xFF,0xFF,0xFF,0xFF,0xFF,0xFF,0xFF,0xFF,0xFF,0xFF,0xFF,
    0xFF,0xFF,0xFF,0xFF,0xFF,0xFF,0xFF,0xFF,0xFF,0xFF,0xFF,0xFF,0xFF,0xFF,0xFF,0xFF,
    0xFF,0xFF,0xFF,0xFF,0xFF,0xFF,0xFF,0xFF,0xFF,0xFF,0xFF,0xFF,0xFF,0xFF,0xFF,0xFF,
    0xFF,0xFF,0xFF,0xFF,0xFF,0xFF,0xFF,0xFF,0xFF,0xFF,0xFF,0xFF,0xFF,0xFF,0xFF,0xFF,
    0xFF,0xFF,0xFF,0xFF,0xFF,0xFF,0xFF,0xFF,0xFF,0xFF,0xFF,0xFF,0xFF,0xFF,0xFF,0xFF,
    0xFF,0xFF,0xFF,0xFF,0xFF,0xFF,0xFF,0xFF,0xFF,0xFF,0xFF,0xFF,0xFF,0xF9,0xEE,0xFF,
    0xFF,0xFF,0xFF,0xFF,0xFF,0xFF,0xFF,0xFF,0xFF,0xFF,0xFF,0xFF,0xFF,0xFF,0xFF,0xFF,
    0xFF,0xFF,0xFF,0xFF,0xFF,0xFF,0xFF,0xFF,0xFF,0xFF,0xFF,0xFF,0xFF,0xFF,0xFF,0xFF,
    0xFF,0xFF,0xFF,0xFF,0xFF,0xFF,0xFF,0xFF,0xFF,0xFF,0xFF,0xFF,0xFF,0xFF,0xFF,0xFF,
    0xFF,0xFF,0xFF,0xFF,0xFF,0xFF,0xFF,0xFF,0xFF,0xFF,0xFF,0xFF,0xFF,0xFF,0xFF,0xFF,
    0xFF,0xFF,0xFF,0xFF,0xFF,0xFF,0xFF,0xFF,0xFF,0xFF,0xFF,0xFF,0xFF,0xFF,0xFF,0xFF,
    0xFF,0xFF,0xFF,0xFF,0xFF,0xFF,0xFF,0xEE,0xDC,0xFF,0xFF,0xFF,0xFF,0xFF,0xFF,0xFF,
    0xFF,0xFF,0xFF,0xFF,0xFF,0xFF,0xFF,0xFF,0xFF,0xFF,0xFF,0xFF,0xFF,0xFF,0xFF,0xFF,
    0xFF,0xFF,0xFF,0xFF,0xFF,0xFF,0xFF,0xFF,0xFF,0xFF,0xFF,0xFF,0xFF,0xFF,0xFF,0xFF,
    0xFF,0xFF,0xFF,0xFF,0xFF,0xFF,0xFF,0xFF,0xFF,0xFF,0xFF,0xFF,0xFF,0xFF,0xFF,0xFF,
    0xFF,0xFF,0xFF,0xFF,0xFF,0xFF,0xFF,0xFF,0xFF,0xFF,0xFF,0xFF,0xFF,0xFF,0xFF,0xFF,
    0xFF,0xFF,0xFF,0xFF,0xFF,0xFF,0xFF,0xFF,0xFF,0xFF,0xFF,0xFF,0xFF,0xFF,0xFF,0xFF,
    0xFF,0xDC,0xC0,0xFF,0xFF,0xFF,0xFF,0xFF,0xFF,0xFF,0xFF,0xFF,0xFF,0xFF,0xFF,0xFF,
    0xFF,0xFF,0xFF,0xFF,0xFF,0xFF,0xFF,0xFF,0xFF,0xFF,0xFF,0xFF,0xFF,0xFF,0xFF,0xFF,
    0xFF,0xFF,0xFF,0xFF,0xFF,0xFF,0xFF,0xFF,0xFF,0xFF,0xFF,0xFF,0xFF,0xFF,0xFF,0xFF,
    0xFF,0xFF,0xFF,0xFF,0xFF,0xFF,0xFF,0xFF,0xFF,0xFF,0xFF,0xFF,0xFF,0xFF,0xFF,0xFF,
    0xFF,0xFF,0xFF,0xFF,0xFF,0xFF,0xFF,0xFF,0xFF,0xFF,0xFF,0xFF,0xFF,0xFF,0xFF,0xFF,
    0xFF,0xFF,0xFF,0xFF,0xFF,0xFF,0xFF,0xFF,0xFF,0xFF,0xFF,0xC0,0xA1,0xFF,0xFF,0xFF,
    0xFF,0xFF,0xFF,0xFF,0xFF,0xFF,0xFF,0xFF,0xFF,0xFF,0xFF,0xFF,0xFF,0xFF,0xFF,0xFF,
    0xFF,0xFF,0xFF,0xFF,0xFF,0xFF,0xFF,0xFF,0xFF,0xFF,0xFF,0xFF,0xFF,0xFF,0xFF,0xFF,
    0xFF,0xFF,0xFF,0xFF,0xFF,0xFF,0xFF,0xFF,0xFF,0xFF,0xFF,0xFF,0xFF,0xFF,0xFF,0xFF,
    0xFF,0xFF,0xFF,0xFF,0xFF,0xFF,0xFF,0xFF,0xFF,0xFF,0xFF,0xFF,0xFF,0xFF,0xFF,0xFF,
    0xFF,0xFF,0xFF,0xFF,0xFF,0xFF,0xFF,0xFF,0xFF,0xFF,0xFF,0xFF,0xFF,0xFF,0xFF,0xFF,
    0xFF,0xFF,0xFF,0xFF,0xFF,0xA1,0x80,0xFF,0xFF,0xFF,0xFF,0xFF,0xFF,0xFF,0xFF,0xFF,
    0xFF,0xFF,0xFF,0xFF,0xFF,0xFF,0xFF,0xFF,0xFF,0xFF,0xFF,0xFF,0xFF,0xFF,0xFF,0xFF,
    0xFF,0xFF,0xFF,0xFF,0xFF,0xFF,0xFF,0xFF,0xFF,0xFF,0xFF,0xFF,0xFF,0xFF,0xFF,0xFF,
    0xFF,0xFF,0xFF,0xFF,0xFF,0xFF,0xFF,0xFF,0xFF,0xFF,0xFF,0xFF,0xFF,0xFF,0xFF,0xFF,
    0xFF,0xFF,0xFF,0xFF,0xFF,0xFF,0xFF,0xFF,0xFF,0xFF,0xFF,0xFF,0xFF,0xFF,0xFF,0xFF,
    0xFF,0xFF,0xFF,0xFF,0xFF,0xFF,0xFF,0xFF,0xFF,0xFF,0xFF,0xFF,0xFF,0xFF,0xFF,0x80,
    0x54,0xFF,0xFF,0xFF,0xFF,0xFF,0xFF,0xFF,0xFF,0xFF,0xFF,0xFF,0xFF,0xFF,0xFF,0xFF,
    0xFF,0xFF,0xFF,0xFF,0xFF,0xFF,0xFF,0xFF,0xFF,0xFF,0xFF,0xFF,0xFF,0xFF,0xFF,0xFF,
    0xFF,0xFF,0xFF,0xFF,0xFF,0xFF,0xFF,0xFF,0xFF,0xFF,0xFF,0xFF,0xFF,0xFF,0xFF,0xFF,
    0xFF,0xFF,0xFF,0xFF,0xFF,0xFF,0xFF,0xFF,0xFF,0xFF,0xFF,0xFF,0xFF,0xFF,0xFF,0xFF,
    0xFF,0xFF,0xFF,0xFF,0xFF,0xFF,0xFF,0xFF,0xFF,0xFF,0xFF,0xFF,0xFF,0xFF,0xFF,0xFF,
    0xFF,0xFF,0xFF,0xFF,0xFF,0xFF,0xFF,0xFF,0xFF,0x54,0x21,0xFE,0xFF,0xFF,0xFF,0xFF,
    0xFF,0xFF,0xFF,0xFF,0xFF,0xFF,0xFF,0xFF,0xFF,0xFF,0xFF,0xFF,0xFF,0xFF,0xFF,0xFF,
    0xFF,0xFF,0xFF,0xFF,0xFF,0xFF,0xFF,0xFF,0xFF,0xFF,0xFF,0xFF,0xFF,0xFF,0xFF,0xFF,
    0xFF,0xFF,0xFF,0xFF,0xFF,0xFF,0xFF,0xFF,0xFF,0xFF,0xFF,0xFF,0xFF,0xFF,0xFF,0xFF,
    0xFF,0xFF,0xFF,0xFF,0xFF,0xFF,0xFF,0xFF,0xFF,0xFF,0xFF,0xFF,0xFF,0xFF,0xFF,0xFF,
    0xFF,0xFF,0xFF,0xFF,0xFF,0xFF,0xFF,0xFF,0xFF,0xFF,0xFF,0xFF,0xFF,0xFF,0xFF,0xFF,
    0xFF,0xFF,0xFE,0x21,0x01,0xEE,0xFF,0xFF,0xFF,0xFF,0xFF,0xFF,0xFF,0xFF,0xFF,0xFF,
    0xFF,0xFF,0xFF,0xFF,0xFF,0xFF,0xFF,0xFF,0xFF,0xFF,0xFF,0xFF,0xFF,0xFF,0xFF,0xFF,
    0xFF,0xFF,0xFF,0xFF,0xFF,0xFF,0xFF,0xFF,0xFF,0xFF,0xFF,0xFF,0xFF,0xFF,0xFF,0xFF,
    0xFF,0xFF,0xFF,0xFF,0xFF,0xFF,0xFF,0xFF,0xFF,0xFF,0xFF,0xFF,0xFF,0xFF,0xFF,0xFF,
    0xFF,0xFF,0xFF,0xFF,0xFF,0xFF,0xFF,0xFF,0xFF,0xFF,0xFF,0xFF,0xFF,0xFF,0xFF,0xFF,
    0xFF,0xFF,0xFF,0xFF,0xFF,0xFF,0xFF,0xFF,0xFF,0xFF,0xFF,0xFF,0xEE,0x01,0x00,0xB9,
    0xFF,0xFF,0xFF,0xFF,0xFF,0xFF,0xFF,0xFF,0xFF,0xFF,0xFF,0xFF,0xFF,0xFF,0xFF,0xFF,
    0xFF,0xFF,0xFF,0xFF,0xFF,0xFF,0xFF,0xFF,0xFF,0xFF,0xFF,0xFF,0xFF,0xFF,0xFF,0xFF,
    0xFF,0xFF,0xFF,0xFF,0xFF,0xFF,0xFF,0xFF,0xFF,0xFF,0xFF,0xFF,0xFF,0xFF,0xFF,0xFF,
    0xFF,0xFF,0xFF,0xFF,0xFF,0xFF,0xFF,0xFF,0xFF,0xFF,0xFF,0xFF,0xFF,0xFF,0xFF,0xFF,
    0xFF,0xFF,0xFF,0xFF,0xFF,0xFF,0xFF,0xFF,0xFF,0xFF,0xFF,0xFF,0xFF,0xFF,0xFF,0xFF,
    0xFF,0xFF,0xFF,0xFF,0xFF,0xFF,0xB9,0x00,0x00,0x7F,0xFF,0xFF,0xFF,0xFF,0xFF,0xFF,
    0xFF,0xFF,0xFF,0xFF,0xFF,0xFF,0xFF,0xFF,0xFF,0xFF,0xFF,0xFF,0xFF,0xFF,0xFF,0xFF,
    0xFF,0xFF,0xFF,0xFF,0xFF,0xFF,0xFF,0xFF,0xFF,0xFF,0xFF,0xFF,0xFF,0xFF,0xFF,0xFF,
    0xFF,0xFF,0xFF,0xFF,0xFF,0xFF,0xFF,0xFF,0xFF,0xFF,0xFF,0xFF,0xFF,0xFF,0xFF,0xFF,
    0xFF,0xFF,0xFF,0xFF,0xFF,0xFF,0xFF,0xFF,0xFF,0xFF,0xFF,0xFF,0xFF,0xFF,0xFF,0xFF,
    0xFF,0xFF,0xFF,0xFF,0xFF,0xFF,0xFF,0xFF,0xFF,0xFF,0xFF,0xFF,0xFF,0xFF,0xFF,0xFF,
    0x7F,0x00,0x00,0x44,0xFF,0xFF,0xFF,0xFF,0xFF,0xFF,0xFF,0xFF,0xFF,0xFF,0xFF,0xFF,
    0xFF,0xFF,0xFF,0xFF,0xFF,0xFF,0xFF,0xFF,0xFF,0xFF,0xFF,0xFF,0xFF,0xFF,0xFF,0xFF,
    0xFF,0xFF,0xFF,0xFF,0xFF,0xFF,0xFF,0xFF,0xFF,0xFF,0xFF,0xFF,0xFF,0xFF,0xFF,0xFF,
    0xFF,0xFF,0xFF,0xFF,0xFF,0xFF,0xFF,0xFF,0xFF,0xFF,0xFF,0xFF,0xFF,0xFF,0xFF,0xFF,
    0xFF,0xFF,0xFF,0xFF,0xFF,0xFF,0xFF,0xFF,0xFF,0xFF,0xFF,0xFF,0xFF,0xFF,0xFF,0xFF,
    0xFF,0xFF,0xFF,0xFF,0xFF,0xFF,0xFF,0xFF,0xFF,0xFF,0x44,0x00,0x00,0x0A,0xF0,0xFF,
    0xFF,0xFF,0xFF,0xFF,0xFF,0xFF,0xFF,0xFF,0xFF,0xFF,0xFF,0xFF,0xFF,0xFF,0xFF,0xFF,
    0xFF,0xFF,0xFF,0xFF,0xFF,0xFF,0xFF,0xFF,0xFF,0xFF,0xFF,0xFF,0xFF,0xFF,0xFF,0xFF,
    0xFF,0xFF,0xFF,0xFF,0xFF,0xFF,0xFF,0xFF,0xFF,0xFF,0xFF,0xFF,0xFF,0xFF,0xFF,0xFF,
    0xFF,0xFF,0xFF,0xFF,0xFF,0xFF,0xFF,0xFF,0xFF,0xFF,0xFF,0xFF,0xFF,0xFF,0xFF,0xFF,
    0xFF,0xFF,0xFF,0xFF,0xFF,0xFF,0xFF,0xFF,0xFF,0xFF,0xFF,0xFF,0xFF,0xFF,0xFF,0xFF,
    0xFF,0xFF,0xFF,0xF0,0x0A,0x00,0x00,0x00,0x9F,0xFF,0xFF,0xFF,0xFF,0xFF,0xFF,0xFF,
    0xFF,0xFF,0xFF,0xFF,0xFF,0xFF,0xFF,0xFF,0xFF,0xFF,0xFF,0xFF,0xFF,0xFF,0xFF,0xFF,
    0xFF,0xFF,0xFF,0xFF,0xFF,0xFF,0xFF,0xFF,0xFF,0xFF,0xFF,0xFF,0xFF,0xFF,0xFF,0xFF,
    0xFF,0xFF,0xFF,0xFF,0xFF,0xFF,0xFF,0xFF,0xFF,0xFF,0xFF,0xFF,0xFF,0xFF,0xFF,0xFF,
    0xFF,0xFF,0xFF,0xFF,0xFF,0xFF,0xFF,0xFF,0xFF,0xFF,0xFF,0xFF,0xFF,0xFF,0xFF,0xFF,
    0xFF,0xFF,0xFF,0xFF,0xFF,0xFF,0xFF,0xFF,0xFF,0xFF,0xFF,0xFF,0xFF,0x9F,0x00,0x00,
    0x00,0x00,0x46,0xFE,0xFF,0xFF,0xFF,0xFF,0xFF,0xFF,0xFF,0xFF,0xFF,0xFF,0xFF,0xFF,
    0xFF,0xFF,0xFF,0xFF,0xFF,0xFF,0xFF,0xFF,0xFF,0xFF,0xFF,0xFF,0xFF,0xFF,0xFF,0xFF,
    0xFF,0xFF,0xFF,0xFF,0xFF,0xFF,0xFF,0xFF,0xFF,0xFF,0xFF,0xFF,0xFF,0xFF,0xFF,0xFF,
    0xFF,0xFF,0xFF,0xFF,0xFF,0xFF,0xFF,0xFF,0xFF,0xFF,0xFF,0xFF,0xFF,0xFF,0xFF,0xFF,
    0xFF,0xFF,0xFF,0xFF,0xFF,0xFF,0xFF,0xFF,0xFF,0xFF,0xFF,0xFF,0xFF,0xFF,0xFF,0xFF,
    0xFF,0xFF,0xFF,0xFF,0xFF,0xFF,0xFE,0x46,0x00,0x00,0x00,0x00,0x03,0xD7,0xFF,0xFF,
    0xFF,0xFF,0xFF,0xFF,0xFF,0xFF,0xFF,0xFF,0xFF,0xFF,0xFF,0xFF,0xFF,0xFF,0xFF,0xFF,
    0xFF,0xFF,0xFF,0xFF,0xFF,0xFF,0xFF,0xFF,0xFF,0xFF,0xFF,0xFF,0xFF,0xFF,0xFF,0xFF,
    0xFF,0xFF,0xFF,0xFF,0xFF,0xFF,0xFF,0xFF,0xFF,0xFF,0xFF,0xFF,0xFF,0xFF,0xFF,0xFF,
    0xFF,0xFF,0xFF,0xFF,0xFF,0xFF,0xFF,0xFF,0xFF,0xFF,0xFF,0xFF,0xFF,0xFF,0xFF,0xFF,
    0xFF,0xFF,0xFF,0xFF,0xFF,0xFF,0xFF,0xFF,0xFF,0xFF,0xFF,0xFF,0xFF,0xFF,0xFF,0xFF,
    0xD7,0x03,0x00,0x00,0x00,0x00,0x00,0x67,0xFF,0xFF,0xFF,0xFF,0xFF,0xFF,0xFF,0xFF,
    0xFF,0xFF,0xFF,0xFF,0xFF,0xFF,0xFF,0xFF,0xFF,0xFF,0xFF,0xFF,0xFF,0xFF,0xFF,0xFF,
    0xFF,0xFF,0xFF,0xFF,0xFF,0xFF,0xFF,0xFF,0xFF,0xFF,0xFF,0xFF,0xFF,0xFF,0xFF,0xFF,
    0xFF,0xFF,0xFF,0xFF,0xFF,0xFF,0xFF,0xFF,0xFF,0xFF,0xFF,0xFF,0xFF,0xFF,0xFF,0xFF,
    0xFF,0xFF,0xFF,0xFF,0xFF,0xFF,0xFF,0xFF,0xFF,0xFF,0xFF,0xFF,0xFF,0xFF,0xFF,0xFF,
    0xFF,0xFF,0xFF,0xFF,0xFF,0xFF,0xFF,0xFF,0xFF,0xFF,0x67,0x00,0x00,0x00,0x00,0x00,
    0x00,0x0B,0xEF,0xFF,0xFF,0xFF,0xFF,0xFF,0xFF,0xFF,0xFF,0xFF,0xFF,0xFF,0xFF,0xFF,
    0xFF,0xFF,0xFF,0xFF,0xFF,0xFF,0xFF,0xFF,0xFF,0xFF,0xFF,0xFF,0xFF,0xFF,0xFF,0xFF,
    0xFF,0xFF,0xFF,0xFF,0xFF,0xFF,0xFF,0xFF,0xFF,0xFF,0xFF,0xFF,0xFF,0xFF,0xFF,0xFF,
    0xFF,0xFF,0xFF,0xFF,0xFF,0xFF,0xFF,0xFF,0xFF,0xFF,0xFF,0xFF,0xFF,0xFF,0xFF,0xFF,
    0xFF,0xFF,0xFF,0xFF,0xFF,0xFF,0xFF,0xFF,0xFF,0xFF,0xFF,0xFF,0xFF,0xFF,0xFF,0xFF,
    0xFF,0xFF,0xFF,0xEF,0x0B,0x00,0x00,0x00,0x00,0x00,0x00,0x00,0x8B,0xFF,0xFF,0xFF,
    0xFF,0xFF,0xFF,0xFF,0xFF,0xFF,0xFF,0xFF,0xFF,0xFF,0xFF,0xFF,0xFF,0xFF,0xFF,0xFF,
    0xFF,0xFF,0xFF,0xFF,0xFF,0xFF,0xFF,0xFF,0xFF,0xFF,0xFF,0xFF,0xFF,0xFF,0xFF,0xFF,
    0xFF,0xFF,0xFF,0xFF,0xFF,0xFF,0xFF,0xFF,0xFF,0xFF,0xFF,0xFF,0xFF,0xFF,0xFF,0xFF,
    0xFF,0xFF,0xFF,0xFF,0xFF,0xFF,0xFF,0xFF,0xFF,0xFF,0xFF,0xFF,0xFF,0xFF,0xFF,0xFF,
    0xFF,0xFF,0xFF,0xFF,0xFF,0xFF,0xFF,0xFF,0xFF,0xFF,0xFF,0xFF,0xFF,0x8B,0x00,0x00,
    0x00,0x00,0x00,0x00,0x00,0x00,0x1C,0xF9,0xFF,0xFF,0xFF,0xFF,0xFF,0xFF,0xFF,0xFF,
    0xFF,0xFF,0xFF,0xFF,0xFF,0xFF,0xFF,0xFF,0xFF,0xFF,0xFF,0xFF,0xFF,0xFF,0xFF,0xFF,
    0xFF,0xFF,0xFF,0xFF,0xFF,0xFF,0xFF,0xFF,0xFF,0xFF,0xFF,0xFF,0xFF,0xFF,0xFF,0xFF,
    0xFF,0xFF,0xFF,0xFF,0xFF,0xFF,0xFF,0xFF,0xFF,0xFF,0xFF,0xFF,0xFF,0xFF,0xFF,0xFF,
    0xFF,0xFF,0xFF,0xFF,0xFF,0xFF,0xFF,0xFF,0xFF,0xFF,0xFF,0xFF,0xFF,0xFF,0xFF,0xFF,
    0xFF,0xFF,0xFF,0xFF,0xFF,0xFF,0xF9,0x1C,0x00,0x00,0x00,0x00,0x00,0x00,0x00,0x00,
    0x00,0x94,0xFF,0xFF,0xFF,0xFF,0xFF,0xFF,0xFF,0xFF,0xFF,0xFF,0xFF,0xFF,0xFF,0xFF,
    0xFF,0xFF,0xFF,0xFF,0xFF,0xFF,0xFF,0xFF,0xFF,0xFF,0xFF,0xFF,0xFF,0xFF,0xFF,0xFF,
    0xFF,0xFF,0xFF,0xFF,0xFF,0xFF,0xFF,0xFF,0xFF,0xFF,0xFF,0xFF,0xFF,0xFF,0xFF,0xFF,
    0xFF,0xFF,0xFF,0xFF,0xFF,0xFF,0xFF,0xFF,0xFF,0xFF,0xFF,0xFF,0xFF,0xFF,0xFF,0xFF,
    0xFF,0xFF,0xFF,0xFF,0xFF,0xFF,0xFF,0xFF,0xFF,0xFF,0xFF,0xFF,0xFF,0xFF,0xFF,0xFF,
    0x94,0x00,0x00,0x00,0x00,0x00,0x00,0x00,0x00,0x00,0x00,0x12,0xE3,0xFF,0xFF,0xFF,
    0xFF,0xFF,0xFF,0xFF,0xFF,0xFF,0xFF,0xFF,0xFF,0xFF,0xFF,0xFF,0xFF,0xFF,0xFF,0xFF,
    0xFF,0xFF,0xFF,0xFF,0xFF,0xFF,0xFF,0xFF,0xFF,0xFF,0xFF,0xFF,0xFF,0xFF,0xFF,0xFF,
    0xFF,0xFF,0xFF,0xFF,0xFF,0xFF,0xFF,0xFF,0xFF,0xFF,0xFF,0xFF,0xFF,0xFF,0xFF,0xFF,
    0xFF,0xFF,0xFF,0xFF,0xFF,0xFF,0xFF,0xFF,0xFF,0xFF,0xFF,0xFF,0xFF,0xFF,0xFF,0xFF,
    0xFF,0xFF,0xFF,0xFF,0xFF,0xFF,0xFF,0xFF,0xFF,0xE3,0x12,0x00,0x00,0x00,0x00,0x00,
    0x00,0x00,0x00,0x00,0x00,0x00,0x50,0xFF,0xFF,0xFF,0xFF,0xFF,0xFF,0xFF,0xFF,0xFF,
    0xFF,0xFF,0xFF,0xFF,0xFF,0xFF,0xFF,0xFF,0xFF,0xFF,0xFF,0xFF,0xFF,0xFF,0xFF,0xFF,
    0xFF,0xFF,0xFF,0xFF,0xFF,0xFF,0xFF,0xFF,0xFF,0xFF,0xFF,0xFF,0xFF,0xFF,0xFF,0xFF,
    0xFF,0xFF,0xFF,0xFF,0xFF,0xFF,0xFF,0xFF,0xFF,0xFF,0xFF,0xFF,0xFF,0xFF,0xFF,0xFF,
    0xFF,0xFF,0xFF,0xFF,0xFF,0xFF,0xFF,0xFF,0xFF,0xFF,0xFF,0xFF,0xFF,0xFF,0xFF,0xFF,
    0xFF,0xFF,0xFF,0x50,0x00,0x00,0x00,0x00,0x00,0x00,0x00,0x00,0x00,0x00,0x00,0x00,
    0x01,0xBA,0xFF,0xFF,0xFF,0xFF,0xFF,0xFF,0xFF,0xFF,0xFF,0xFF,0xFF,0xFF,0xFF,0xFF,
    0xFF,0xFF,0xFF,0xFF,0xFF,0xFF,0xFF,0xFF,0xFF,0xFF,0xFF,0xFF,0xFF,0xFF,0xFF,0xFF,
    0xFF,0xFF,0xFF,0xFF,0xFF,0xFF,0xFF,0xFF,0xFF,0xFF,0xFF,0xFF,0xFF,0xFF,0xFF,0xFF,
    0xFF,0xFF,0xFF,0xFF,0xFF,0xFF,0xFF,0xFF,0xFF,0xFF,0xFF,0xFF,0xFF,0xFF,0xFF,0xFF,
    0xFF,0xFF,0xFF,0xFF,0xFF,0xFF,0xFF,0xFF,0xFF,0xFF,0xFF,0xFF,0xBA,0x01,0x00,0x00,
    0x00,0x00,0x00,0x00,0x00,0x00,0x00,0x00,0x00,0x00,0x00,0x29,0xF3,0xFF,0xFF,0xFF,
    0xFF,0xFF,0xFF,0xFF,0xFF,0xFF,0xFF,0xFF,0xFF,0xFF,0xFF,0xFF,0xFF,0xFF,0xFF,0xFF,
    0xFF,0xFF,0xFF,0xFF,0xFF,0xFF,0xFF,0xFF,0xFF,0xFF,0xFF,0xFF,0xFF,0xFF,0xFF,0xFF,
    0xFF,0xFF,0xFF,0xFF,0xFF,0xFF,0xFF,0xFF,0xFF,0xFF,0xFF,0xFF,0xFF,0xFF,0xFF,0xFF,
    0xFF,0xFF,0xFF,0xFF,0xFF,0xFF,0xFF,0xFF,0xFF,0xFF,0xFF,0xFF,0xFF,0xFF,0xFF,0xFF,
    0xFF,0xFF,0xFF,0xFF,0xFF,0xF3,0x29,0x00,0x00,0x00,0x00,0x00,0x00,0x00,0x00,0x00,
    0x00,0x00,0x00,0x00,0x00,0x00,0x5C,0xFE,0xFF,0xFF,0xFF,0xFF,0xFF,0xFF,0xFF,0xFF,
    0xFF,0xFF,0xFF,0xFF,0xFF,0xFF,0xFF,0xFF,0xFF,0xFF,0xFF,0xFF,0xFF,0xFF,0xFF,0xFF,
    0xFF,0xFF,0xFF,0xFF,0xFF,0xFF,0xFF,0xFF,0xFF,0xFF,0xFF,0xFF,0xFF,0xFF,0xFF,0xFF,
    0xFF,0xFF,0xFF,0xFF,0xFF,0xFF,0xFF,0xFF,0xFF,0xFF,0xFF,0xFF,0xFF,0xFF,0xFF,0xFF,
    0xFF,0xFF,0xFF,0xFF,0xFF,0xFF,0xFF,0xFF,0xFF,0xFF,0xFF,0xFF,0xFF,0xFF,0xFE,0x5C,
    0x00,0x00,0x00,0x00,0x00,0x00,0x00,0x00,0x00,0x00,0x00,0x00,0x00,0x00,0x00,0x00,
    0x00,0x9B,0xFF,0xFF,0xFF,0xFF,0xFF,0xFF,0xFF,0xFF,0xFF,0xFF,0xFF,0xFF,0xFF,0xFF,
    0xFF,0xFF,0xFF,0xFF,0xFF,0xFF,0xFF,0xFF,0xFF,0xFF,0xFF,0xFF,0xFF,0xFF,0xFF,0xFF,
    0xFF,0xFF,0xFF,0xFF,0xFF,0xFF,0xFF,0xFF,0xFF,0xFF,0xFF,0xFF,0xFF,0xFF,0xFF,0xFF,
    0xFF,0xFF,0xFF,0xFF,0xFF,0xFF,0xFF,0xFF,0xFF,0xFF,0xFF,0xFF,0xFF,0xFF,0xFF,0xFF,
    0xFF,0xFF,0xFF,0xFF,0xFF,0xFF,0xFF,0xFF,0x9B,0x00,0x00,0x00,0x00,0x00,0x00,0x00,
    0x00,0x00,0x00,0x00,0x00,0x00,0x00,0x00,0x00,0x00,0x00,0x07,0xC1,0xFF,0xFF,0xFF,
    0xFF,0xFF,0xFF,0xFF,0xFF,0xFF,0xFF,0xFF,0xFF,0xFF,0xFF,0xFF,0xFF,0xFF,0xFF,0xFF,
    0xFF,0xFF,0xFF,0xFF,0xFF,0xFF,0xFF,0xFF,0xFF,0xFF,0xFF,0xFF,0xFF,0xFF,0xFF,0xFF,
    0xFF,0xFF,0xFF,0xFF,0xFF,0xFF,0xFF,0xFF,0xFF,0xFF,0xFF,0xFF,0xFF,0xFF,0xFF,0xFF,
    0xFF,0xFF,0xFF,0xFF,0xFF,0xFF,0xFF,0xFF,0xFF,0xFF,0xFF,0xFF,0xFF,0xFF,0xFF,0xFF,
    0xFF,0xC1,0x07,0x00,0x00,0x00,0x00,0x00,0x00,0x00,0x00,0x00,0x00,0x00,0x00,0x00,
    0x00,0x00,0x00,0x00,0x00,0x00,0x19,0xE4,0xFF,0xFF,0xFF,0xFF,0xFF,0xFF,0xFF,0xFF,
    0xFF,0xFF,0xFF,0xFF,0xFF,0xFF,0xFF,0xFF,0xFF,0xFF,0xFF,0xFF,0xFF,0xFF,0xFF,0xFF,
    0xFF,0xFF,0xFF,0xFF,0xFF,0xFF,0xFF,0xFF,0xFF,0xFF,0xFF,0xFF,0xFF,0xFF,0xFF,0xFF,
    0xFF,0xFF,0xFF,0xFF,0xFF,0xFF,0xFF,0xFF,0xFF,0xFF,0xFF,0xFF,0xFF,0xFF,0xFF,0xFF,
    0xFF,0xFF,0xFF,0xFF,0xFF,0xFF,0xFF,0xFF,0xFF,0xFF,0xE4,0x19,0x00,0x00,0x00,0x00,
    0x00,0x00,0x00,0x00,0x00,0x00,0x00,0x00,0x00,0x00,0x00,0x00,0x00,0x00,0x00,0x00,
    0x00,0x2E,0xEC,0xFF,0xFF,0xFF,0xFF,0xFF,0xFF,0xFF,0xFF,0xFF,0xFF,0xFF,0xFF,0xFF,
    0xFF,0xFF,0xFF,0xFF,0xFF,0xFF,0xFF,0xFF,0xFF,0xFF,0xFF,0xFF,0xFF,0xFF,0xFF,0xFF,
    0xFF,0xFF,0xFF,0xFF,0xFF,0xFF,0xFF,0xFF,0xFF,0xFF,0xFF,0xFF,0xFF,0xFF,0xFF,0xFF,
    0xFF,0xFF,0xFF,0xFF,0xFF,0xFF,0xFF,0xFF,0xFF,0xFF,0xFF,0xFF,0xFF,0xFF,0xFF,0xFF,
    0xFF,0xFF,0xFF,0xEC,0x2E,0x00,0x00,0x00,0x00,0x00,0x00,0x00,0x00,0x00,0x00,0x00,
    0x00,0x00,0x00,0x00,0x00,0x00,0x00,0x00,0x00,0x00,0x00,0x00,0x30,0xE6,0xFF,0xFF,
    0xFF,0xFF,0xFF,0xFF,0xFF,0xFF,0xFF,0xFF,0xFF,0xFF,0xFF,0xFF,0xFF,0xFF,0xFF,0xFF,
    0xFF,0xFF,0xFF,0xFF,0xFF,0xFF,0xFF,0xFF,0xFF,0xFF,0xFF,0xFF,0xFF,0xFF,0xFF,0xFF,
    0xFF,0xFF,0xFF,0xFF,0xFF,0xFF,0xFF,0xFF,0xFF,0xFF,0xFF,0xFF,0xFF,0xFF,0xFF,0xFF,
    0xFF,0xFF,0xFF,0xFF,0xFF,0xFF,0xFF,0xFF,0xFF,0xFF,0xFF,0xFF,0xE6,0x30,0x00,0x00,
    0x00,0x00,0x00,0x00,0x00,0x00,0x00,0x00,0x00,0x00,0x00,0x00,0x00,0x00,0x00,0x00,
    0x00,0x00,0x00,0x00,0x00,0x00,0x00,0x30,0xEC,0xFF,0xFF,0xFF,0xFF,0xFF,0xFF,0xFF,
    0xFF,0xFF,0xFF,0xFF,0xFF,0xFF,0xFF,0xFF,0xFF,0xFF,0xFF,0xFF,0xFF,0xFF,0xFF,0xFF,
    0xFF,0xFF,0xFF,0xFF,0xFF,0xFF,0xFF,0xFF,0xFF,0xFF,0xFF,0xFF,0xFF,0xFF,0xFF,0xFF,
    0xFF,0xFF,0xFF,0xFF,0xFF,0xFF,0xFF,0xFF,0xFF,0xFF,0xFF,0xFF,0xFF,0xFF,0xFF,0xFF,
    0xFF,0xFF,0xFF,0xFF,0xFF,0xEC,0x30,0x00,0x00,0x00,0x00,0x00,0x00,0x00,0x00,0x00,
    0x00,0x00,0x00,0x00,0x00,0x00,0x00,0x00,0x00,0x00,0x00,0x00,0x00,0x00,0x00,0x00,
    0x00,0x00,0x2E,0xE4,0xFF,0xFF,0xFF,0xFF,0xFF,0xFF,0xFF,0xFF,0xFF,0xFF,0xFF,0xFF,
    0xFF,0xFF,0xFF,0xFF,0xFF,0xFF,0xFF,0xFF,0xFF,0xFF,0xFF,0xFF,0xFF,0xFF,0xFF,0xFF,
    0xFF,0xFF,0xFF,0xFF,0xFF,0xFF,0xFF,0xFF,0xFF,0xFF,0xFF,0xFF,0xFF,0xFF,0xFF,0xFF,
    0xFF,0xFF,0xFF,0xFF,0xFF,0xFF,0xFF,0xFF,0xFF,0xFF,0xFF,0xFF,0xFF,0xFF,0xE4,0x2E,
    0x00,0x00,0x00,0x00,0x00,0x00,0x00,0x00,0x00,0x00,0x00,0x00,0x00,0x00,0x00,0x00,
    0x00,0x00,0x00,0x00,0x00,0x00,0x00,0x00,0x00,0x00,0x00,0x00,0x00,0x19,0xC1,0xFF,
    0xFF,0xFF,0xFF,0xFF,0xFF,0xFF,0xFF,0xFF,0xFF,0xFF,0xFF,0xFF,0xFF,0xFF,0xFF,0xFF,
    0xFF,0xFF,0xFF,0xFF,0xFF,0xFF,0xFF,0xFF,0xFF,0xFF,0xFF,0xFF,0xFF,0xFF,0xFF,0xFF,
    0xFF,0xFF,0xFF,0xFF,0xFF,0xFF,0xFF,0xFF,0xFF,0xFF,0xFF,0xFF,0xFF,0xFF,0xFF,0xFF,
    0xFF,0xFF,0xFF,0xFF,0xFF,0xFF,0xFF,0xC1,0x19,0x00,0x00,0x00,0x00,0x00,0x00,0x00,
    0x00,0x00,0x00,0x00,0x00,0x00,0x00,0x00,0x00,0x00,0x00,0x00,0x00,0x00,0x00,0x00,
    0x00,0x00,0x00,0x00,0x00,0x00,0x00,0x00,0x07,0x9B,0xFF,0xFF,0xFF,0xFF,0xFF,0xFF,
    0xFF,0xFF,0xFF,0xFF,0xFF,0xFF,0xFF,0xFF,0xFF,0xFF,0xFF,0xFF,0xFF,0xFF,0xFF,0xFF,
    0xFF,0xFF,0xFF,0xFF,0xFF,0xFF,0xFF,0xFF,0xFF,0xFF,0xFF,0xFF,0xFF,0xFF,0xFF,0xFF,
    0xFF,0xFF,0xFF,0xFF,0xFF,0xFF,0xFF,0xFF,0xFF,0xFF,0xFF,0xFF,0xFF,0xFF,0xFF,0xFF,
    0x9B,0x07,0x00,0x00,0x00,0x00,0x00,0x00,0x00,0x00,0x00,0x00,0x00,0x00,0x00,0x00,
    0x00,0x00,0x00,0x00,0x00,0x00,0x00,0x00,0x00,0x00,0x00,0x00,0x00,0x00,0x00,0x00,
    0x00,0x00,0x00,0x00,0x5C,0xF3,0xFF,0xFF,0xFF,0xFF,0xFF,0xFF,0xFF,0xFF,0xFF,0xFF,
    0xFF,0xFF,0xFF,0xFF,0xFF,0xFF,0xFF,0xFF,0xFF,0xFF,0xFF,0xFF,0xFF,0xFF,0xFF,0xFF,
    0xFF,0xFF,0xFF,0xFF,0xFF,0xFF,0xFF,0xFF,0xFF,0xFF,0xFF,0xFF,0xFF,0xFF,0xFF,0xFF,
    0xFF,0xFF,0xFF,0xFF,0xFF,0xFF,0xFF,0xFF,0xF3,0x5C,0x00,0x00,0x00,0x00,0x00,0x00,
    0x00,0x00,0x00,0x00,0x00,0x00,0x00,0x00,0x00,0x00,0x00,0x00,0x00,0x00,0x00,0x00,
    0x00,0x00,0x00,0x00,0x00,0x00,0x00,0x00,0x00,0x00,0x00,0x00,0x00,0x00,0x00,0x28,
    0xBA,0xFF,0xFF,0xFF,0xFF,0xFF,0xFF,0xFF,0xFF,0xFF,0xFF,0xFF,0xFF,0xFF,0xFF,0xFF,
    0xFF,0xFF,0xFF,0xFF,0xFF,0xFF,0xFF,0xFF,0xFF,0xFF,0xFF,0xFF,0xFF,0xFF,0xFF,0xFF,
    0xFF,0xFF,0xFF,0xFF,0xFF,0xFF,0xFF,0xFF,0xFF,0xFF,0xFF,0xFF,0xFF,0xFF,0xFF,0xFF,
    0xFF,0xBA,0x28,0x00,0x00,0x00,0x00,0x00,0x00,0x00,0x00,0x00,0x00,0x00,0x00,0x00,
    0x00,0x00,0x00,0x00,0x00,0x00,0x00,0x00,0x00,0x00,0x00,0x00,0x00,0x00,0x00,0x00,
    0x00,0x00,0x00,0x00,0x00,0x00,0x00,0x00,0x00,0x00,0x00,0x4F,0xE4,0xFF,0xFF,0xFF,
    0xFF,0xFF,0xFF,0xFF,0xFF,0xFF,0xFF,0xFF,0xFF,0xFF,0xFF,0xFF,0xFF,0xFF,0xFF,0xFF,
    0xFF,0xFF,0xFF,0xFF,0xFF,0xFF,0xFF,0xFF,0xFF,0xFF,0xFF,0xFF,0xFF,0xFF,0xFF,0xFF,
    0xFF,0xFF,0xFF,0xFF,0xFF,0xFF,0xFF,0xFF,0xFF,0xE4,0x4F,0x00,0x00,0x00,0x00,0x00,
    0x00,0x00,0x00,0x00,0x00,0x00,0x00,0x00,0x00,0x00,0x00,0x00,0x00,0x00,0x00,0x00,
    0x00,0x00,0x00,0x00,0x00,0x00,0x00,0x00,0x00,0x00,0x00,0x00,0x00,0x00,0x00,0x00,
    0x00,0x00,0x00,0x00,0x00,0x00,0x12,0x94,0xF8,0xFF,0xFF,0xFF,0xFF,0xFF,0xFF,0xFF,
    0xFF,0xFF,0xFF,0xFF,0xFF,0xFF,0xFF,0xFF,0xFF,0xFF,0xFF,0xFF,0xFF,0xFF,0xFF,0xFF,
    0xFF,0xFF,0xFF,0xFF,0xFF,0xFF,0xFF,0xFF,0xFF,0xFF,0xFF,0xFF,0xFF,0xFF,0xFF,0xFF,
    0xFF,0xF8,0x94,0x12,0x00,0x00,0x00,0x00,0x00,0x00,0x00,0x00,0x00,0x00,0x00,0x00,
    0x00,0x00,0x00,0x00,0x00,0x00,0x00,0x00,0x00,0x00,0x00,0x00,0x00,0x00,0x00,0x00,
    0x00,0x00,0x00,0x00,0x00,0x00,0x00,0x00,0x00,0x00,0x00,0x00,0x00,0x00,0x00,0x00,
    0x00,0x00,0x1B,0x8B,0xEE,0xFF,0xFF,0xFF,0xFF,0xFF,0xFF,0xFF,0xFF,0xFF,0xFF,0xFF,
    0xFF,0xFF,0xFF,0xFF,0xFF,0xFF,0xFF,0xFF,0xFF,0xFF,0xFF,0xFF,0xFF,0xFF,0xFF,0xFF,
    0xFF,0xFF,0xFF,0xFF,0xFF,0xFF,0xFF,0xFF,0xFF,0xEE,0x8B,0x1B,0x00,0x00,0x00,0x00,
    0x00,0x00,0x00,0x00,0x00,0x00,0x00,0x00,0x00,0x00,0x00,0x00,0x00,0x00,0x00,0x00,
    0x00,0x00,0x00,0x00,0x00,0x00,0x00,0x00,0x00,0x00,0x00,0x00,0x00,0x00,0x00,0x00,
    0x00,0x00,0x00,0x00,0x00,0x00,0x00,0x00,0x00,0x00,0x00,0x00,0x00,0x00,0x0B,0x67,
    0xD7,0xFF,0xFF,0xFF,0xFF,0xFF,0xFF,0xFF,0xFF,0xFF,0xFF,0xFF,0xFF,0xFF,0xFF,0xFF,
    0xFF,0xFF,0xFF,0xFF,0xFF,0xFF,0xFF,0xFF,0xFF,0xFF,0xFF,0xFF,0xFF,0xFF,0xFF,0xFF,
    0xFF,0xD7,0x67,0x0B,0x00,0x00,0x00,0x00,0x00,0x00,0x00,0x00,0x00,0x00,0x00,0x00,
    0x00,0x00,0x00,0x00,0x00,0x00,0x00,0x00,0x00,0x00,0x00,0x00,0x00,0x00,0x00,0x00,
    0x00,0x00,0x00,0x00,0x00,0x00,0x00,0x00,0x00,0x00,0x00,0x00,0x00,0x00,0x00,0x00,
    0x00,0x00,0x00,0x00,0x00,0x00,0x00,0x00,0x00,0x00,0x03,0x46,0x9F,0xF1,0xFF,0xFF,
    0xFF,0xFF,0xFF,0xFF,0xFF,0xFF,0xFF,0xFF,0xFF,0xFF,0xFF,0xFF,0xFF,0xFF,0xFF,0xFF,
    0xFF,0xFF,0xFF,0xFF,0xFF,0xFF,0xFF,0xFF,0xF1,0x9F,0x46,0x03,0x00,0x00,0x00,0x00,
    0x00,0x00,0x00,0x00,0x00,0x00,0x00,0x00,0x00,0x00,0x00,0x00,0x00,0x00,0x00,0x00,
    0x00,0x00,0x00,0x00,0x00,0x00,0x00,0x00,0x00,0x00,0x00,0x00,0x00,0x00,0x00,0x00,
    0x00,0x00,0x00,0x00,0x00,0x00,0x00,0x00,0x00,0x00,0x00,0x00,0x00,0x00,0x00,0x00,
    0x00,0x00,0x00,0x00,0x00,0x00,0x00,0x09,0x44,0x7F,0xB9,0xEE,0xFF,0xFF,0xFF,0xFF,
    0xFF,0xFF,0xFF,0xFF,0xFF,0xFF,0xFF,0xFF,0xFF,0xFF,0xFF,0xFF,0xFF,0xFF,0xEE,0xB9,
    0x7F,0x44,0x09,0x00,0x00,0x00,0x00,0x00,0x00,0x00,0x00,0x00,0x00,0x00,0x00,0x00,
    0x00,0x00,0x00,0x00,0x00,0x00,0x00,0x00,0x00,0x00,0x00,0x00,0x00,0x00,0x00,0x00,
    0x00,0x00,0x00,0x00,0x00,0x00,0x00,0x00,0x00,0x00,0x00,0x00,0x00,0x00,0x00,0x00,
    0x00,0x00,0x00,0x00,0x00,0x00,0x00,0x00,0x00,0x00,0x00,0x00,0x00,0x00,0x00,0x00,
    0x00,0x00,0x00,0x00,0x00,0x01,0x21,0x53,0x80,0xA1,0xC0,0xDC,0xED,0xF9,0xFF,0xFF,
    0xF9,0xED,0xDC,0xC0,0xA1,0x80,0x53,0x21,0x01,0x00,0x00,0x00,0x00,0x00,0x00,0x00,
    0x00,0x00,0x00,0x00,0x00,0x00,0x00,0x00,0x00,0x00,0x00,0x00,0x00,0x00,0x00,0x00,
    0x00,0x00,0x00,0x00,0x00,0x00,0x00,0x00,0x00,0x00,0x00,0x00,
};

const lv_image_dsc_t app_icon_timer = {
    .header = {
        .magic  = LV_IMAGE_HEADER_MAGIC,
        .cf     = LV_COLOR_FORMAT_RGB565A8,
        .flags  = 0,
        .w      = 90,
        .h      = 90,
        .stride = 180,
    },
    .data_size = sizeof(app_icon_timer_map),
    .data      = app_icon_timer_map,
};
