/* Generated by tools/mkassets.py. Do not edit by hand. */
#include "lvgl.h"

static const uint8_t app_icon_meet_map[] = {
    0x00,0x00,0x00,0x00,0x00,0x00,0x00,0x00,0x00,0x00,0x00,0x00,0x00,0x00,0x00,0x00,
    0x00,0x00,0x00,0x00,0x00,0x00,0x00,0x00,0x00,0x00,0x00,0x00,0x00,0x00,0x00,0x00,
    0x00,0x00,0x00,0x00,0x00,0x00,0x00,0x00,0x00,0x00,0x00,0x00,0x00,0x00,0x00,0x00,
    0x00,0x00,0x00,0x00,0x00,0x00,0x00,0x00,0x00,0x00,0x00,0x00,0x00,0x00,0x00,0x00,
    0x00,0x00,0x00,0x00,0x00,0x00,0x00,0x00,0x61,0x10,0x62,0x18,0x62,0x10,0x62,0x10,
    0x62,0x10,0x82,0x18,0x82,0x10,0x82,0x10,0x82,0x18,0x82,0x18,0x82,0x10,0x82,0x10,
    0x82,0x18,0x62,0x10,0x62,0x10,0x62,0x10,0x62,0x18,0x61,0x10,0x00,0x00,0x00,0x00,
    0x00,0x00,0x00,0x00,0x00,0x00,0x00,0x00,0x00,0x00,0x00,0x00,0x00,0x00,0x00,0x00,
    0x00,0x00,0x00,0x00,0x00,0x00,0x00,0x00,0x00,0x00,0x00,0x00,0x00,0x00,0x00,0x00,
    0x00,0x00,0x00,0x00,0x00,0x00,0x00,0x00,0x00,0x00,0x00,0x00,0x00,0x00,0x00,0x00,
    0x00,0x00,0x00,0x00,0x00,0x00,0x00,0x00,0x00,0x00,0x00,0x00,0x00,0x00,0x00,0x00,
    0x00,0x00,0x00,0x00,0x00,0x00,0x00,0x00,0x00,0x00,0x00,0x00,0x00,0x00,0x00,0x00,
    0x00,0x00,0x00,0x00,0x00,0x00,0x00,0x00,0x00,0x00,0x00,0x00,0x00,0x00,0x00,0x00,
    0x00,0x00,0x00,0x00,0x00,0x00,0x00,0x00,0x00,0x00,0x00,0x00,0x00,0x00,0x00,0x00,
    0x00,0x00,0x00,0x00,0x00,0x00,0x00,0x00,0x00,0x00,0x00,0x00,0x00,0x00,0x00,0x00,
    0x00,0x00,0xE3,0x18,0x62,0x18,0x82,0x18,0x82,0x18,0x82,0x10,0x82,0x18,0x82,0x18,
    0x82,0x18,0x82,0x18,0x82,0x18,0x82,0x18,0x82,0x18,0x82,0x18,0x82,0x18,0x82,0x18,
    0x82,0x18,0x82,0x18,0x82,0x18,0x82,0x18,0x82,0x18,0x82,0x18,0x82,0x18,0x82,0x18,
    0x82,0x10,0x82,0x18,0x82,0x18,0x62,0x18,0xE3,0x18,0x00,0x00,0x00,0x00,0x00,0x00,
    0x00,0x00,0x00,0x00,0x00,0x00,0x00,0x00,0x00,0x00,0x00,0x00,0x00,0x00,0x00,0x00,
    0x00,0x00,0x00,0x00,0x00,0x00,0x00,0x00,0x00,0x00,0x00,0x00,0x00,0x00,0x00,0x00,
    0x00,0x00,0x00,0x00,0x00,0x00,0x00,0x00,0x00,0x00,0x00,0x00,0x00,0x00,0x00,0x00,
    0x00,0x00,0x00,0x00,0x00,0x00,0x00,0x00,0x00,0x00,0x00,0x00,0x00,0x00,0x00,0x00,
    0x00,0x00,0x00,0x00,0x00,0x00,0x00,0x00,0x00,0x00,0x00,0x00,0x00,0x00,0x00,0x00,
    0x00,0x00,0x00,0x00,0x00,0x00,0x00,0x00,0x00,0x00,0x00,0x00,0x00,0x00,0x00,0x00,
    0x00,0x00,0x00,0x00,0x00,0x00,0x00,0x00,0x00,0x00,0x00,0x00,0x00,0x00,0x00,0x00,
    0x00,0x00,0x82,0x18,0x82,0x18,0x62,0x18,0x82,0x18,0x82,0x18,0x82,0x18,0x82,0x18,
    0x82,0x18,0x82,0x18,0x82,0x18,0x82,0x18,0x82,0x18,0x82,0x18,0x82,0x18,0x82,0x18,
    0x82,0x18,0x82,0x18,0x82,0x18,0x82,0x18,0x82,0x18,0x82,0x18,0x82,0x18,0x82,0x18,
    0x82,0x18,0x82,0x18,0x82,0x18,0x82,0x18,0x82,0x18,0x82,0x18,0x62,0x18,0x82,0x18,
    0x82,0x18,0x00,0x00,0x00,0x00,0x00,0x00,0x00,0x00,0x00,0x00,0x00,0x00,0x00,0x00,
    0x00,0x00,0x00,0x00,0x00,0x00,0x00,0x00,0x00,0x00,0x00,0x00,0x00,0x00,0x00,0x00,
    0x00,0x00,0x00,0x00,0x00,0x00,0x00,0x00,0x00,0x00,0x00,0x00,0x00,0x00,0x00,0x00,
    0x00,0x00,0x00,0x00,0x00,0x00,0x00,0x00,0x00,0x00,0x00,0x00,0x00,0x00,0x00,0x00,
    0x00,0x00,0x00,0x00,0x00,0x00,0x00,0x00,0x00,0x00,0x00,0x00,0x00,0x00,0x00,0x00,
    0x00,0x00,0x00,0x00,0x00,0x00,0x00,0x00,0x00,0x00,0x00,0x00,0x00,0x00,0x00,0x00,
    0x00,0x00,0x00,0x00,0x00,0x00,0x00,0x00,0x00,0x00,0x00,0x00,0x00,0x00,0x00,0x00,
    0xA2,0x10,0x62,0x18,0x82,0x10,0x82,0x18,0x82,0x18,0x82,0x18,0x82,0x18,0x82,0x18,
    0x82,0x18,0x82,0x18,0x82,0x18,0x82,0x18,0x82,0x18,0x82,0x18,0x82,0x18,0x82,0x18,
    0x82,0x18,0x82,0x18,0x82,0x18,0x82,0x18,0x82,0x18,0x82,0x18,0x82,0x18,0x82,0x18,
    0x82,0x18,0x82,0x18,0x82,0x18,0x82,0x18,0x82,0x18,0x82,0x18,0x82,0x18,0x82,0x18,
    0x82,0x18,0x82,0x18,0x82,0x18,0x82,0x10,0x62,0x18,0xA2,0x10,0x00,0x00,0x00,0x00,
    0x00,0x00,0x00,0x00,0x00,0x00,0x00,0x00,0x00,0x00,0x00,0x00,0x00,0x00,0x00,0x00,
    0x00,0x00,0x00,0x00,0x00,0x00,0x00,0x00,0x00,0x00,0x00,0x00,0x00,0x00,0x00,0x00,
    0x00,0x00,0x00,0x00,0x00,0x00,0x00,0x00,0x00,0x00,0x00,0x00,0x00,0x00,0x00,0x00,
    0x00,0x00,0x00,0x00,0x00,0x00,0x00,0x00,0x00,0x00,0x00,0x00,0x00,0x00,0x00,0x00,
    0x00,0x00,0x00,0x00,0x00,0x00,0x00,0x00,0x00,0x00,0x00,0x00,0x00,0x00,0x00,0x00,
    0x00,0x00,0x00,0x00,0x00,0x00,0x00,0x00,0x00,0x00,0x00,0x00,0x00,0x00,0x00,0x00,
    0x82,0x18,0x82,0x10,0x82,0x18,0x82,0x18,0x82,0x18,0x82,0x18,0x82,0x18,0x82,0x18,
    0x82,0x18,0x82,0x18,0x82,0x18,0x82,0x18,0x82,0x18,0x82,0x18,0x82,0x18,0x82,0x18,
    0x82,0x18,0x82,0x18,0x82,0x18,0x82,0x18,0x82,0x18,0x82,0x18,0x82,0x18,0x82,0x18,
    0x82,0x18,0x82,0x18,0x82,0x18,0x82,0x18,0x82,0x18,0x82,0x18,0x82,0x18,0x82,0x18,
    0x82,0x18,0x82,0x18,0x82,0x18,0x82,0x18,0x82,0x18,0x82,0x18,0x82,0x18,0x82,0x18,
    0x82,0x10,0x82,0x18,0x00,0x00,0x00,0x00,0x00,0x00,0x00,0x00,0x00,0x00,0x00,0x00,
    0x00,0x00,0x00,0x00,0x00,0x00,0x00,0x00,0x00,0x00,0x00,0x00,0x00,0x00,0x00,0x00,
    0x00,0x00,0x00,0x00,0x00,0x00,0x00,0x00,0x00,0x00,0x00,0x00,0x00,0x00,0x00,0x00,
    0x00,0x00,0x00,0x00,0x00,0x00,0x00,0x00,0x00,0x00,0x00,0x00,0x00,0x00,0x00,0x00,
    0x00,0x00,0x00,0x00,0x00,0x00,0x00,0x00,0x00,0x00,0x00,0x00,0x00,0x00,0x00,0x00,
    0x00,0x00,0x00,0x00,0x00,0x00,0x00,0x00,0x00,0x00,0x00,0x00,0x00,0x00,0x00,0x00,
    0x61,0x18,0x62,0x18,0x82,0x10,0x82,0x18,0x82,0x18,0x82,0x18,0x82,0x18,0x82,0x18,
    0x82,0x18,0x82,0x18,0x82,0x18,0x82,0x18,0x82,0x18,0x82,0x18,0x82,0x18,0x82,0x18,
    0x82,0x18,0x82,0x18,0x82,0x18,0x82,0x18,0x82,0x18,0x82,0x18,0x82,0x18,0x82,0x18,
    0x82,0x18,0x82,0x18,0x82,0x18,0x82,0x18,0x82,0x18,0x82,0x18,0x82,0x18,0x82,0x18,
    0x82,0x18,0x82,0x18,0x82,0x18,0x82,0x18,0x82,0x18,0x82,0x18,0x82,0x18,0x82,0x18,
    0x82,0x18,0x82,0x18,0x82,0x18,0x82,0x10,0x62,0x18,0x61,0x18,0x00,0x00,0x00,0x00,
    0x00,0x00,0x00,0x00,0x00,0x00,0x00,0x00,0x00,0x00,0x00,0x00,0x00,0x00,0x00,0x00,
    0x00,0x00,0x00,0x00,0x00,0x00,0x00,0x00,0x00,0x00,0x00,0x00,0x00,0x00,0x00,0x00,
    0x00,0x00,0x00,0x00,0x00,0x00,0x00,0x00,0x00,0x00,0x00,0x00,0x00,0x00,0x00,0x00,
    0x00,0x00,0x00,0x00,0x00,0x00,0x00,0x00,0x00,0x00,0x00,0x00,0x00,0x00,0x00,0x00,
    0x00,0x00,0x00,0x00,0x00,0x00,0x00,0x00,0x00,0x00,0x00,0x00,0x00,0x00,0x00,0x00,
    0x00,0x00,0x82,0x18,0x62,0x10,0x82,0x18,0x82,0x18,0x82,0x18,0x82,0x18,0x82,0x18,
    0x82,0x18,0x82,0x18,0x82,0x18,0x82,0x18,0x82,0x18,0x82,0x18,0x82,0x18,0x82,0x18,
    0x82,0x18,0x82,0x18,0x82,0x18,0x82,0x18,0x82,0x18,0x82,0x18,0x82,0x18,0x82,0x18,
    0x82,0x18,0x82,0x18,0x82,0x18,0x82,0x18,0x82,0x18,0x82,0x18,0x82,0x18,0x82,0x18,
    0x82,0x18,0x82,0x18,0x82,0x18,0x82,0x18,0x82,0x18,0x82,0x18,0x82,0x18,0x82,0x18,
    0x82,0x18,0x82,0x18,0x82,0x18,0x82,0x18,0x82,0x18,0x82,0x18,0x82,0x18,0x62,0x10,
    0x82,0x18,0x00,0x00,0x00,0x00,0x00,0x00,0x00,0x00,0x00,0x00,0x00,0x00,0x00,0x00,
    0x00,0x00,0x00,0x00,0x00,0x00,0x00,0x00,0x00,0x00,0x00,0x00,0x00,0x00,0x00,0x00,
    0x00,0x00,0x00,0x00,0x00,0x00,0x00,0x00,0x00,0x00,0x00,0x00,0x00,0x00,0x00,0x00,
    0x00,0x00,0x00,0x00,0x00,0x00,0x00,0x00,0x00,0x00,0x00,0x00,0x00,0x00,0x00,0x00,
    0x00,0x00,0x00,0x00,0x00,0x00,0x00,0x00,0x00,0x00,0x00,0x00,0x00,0x00,0x00,0x00,
    0x00,0x00,0x82,0x18,0x82,0x18,0x82,0x18,0x82,0x18,0x82,0x18,0x82,0x18,0x82,0x18,
    0x82,0x18,0x82,0x18,0x82,0x18,0x82,0x18,0x82,0x18,0x82,0x18,0x82,0x18,0x82,0x18,
    0x82,0x18,0x82,0x18,0x82,0x18,0x82,0x18,0x82,0x18,0x82,0x18,0x82,0x18,0x82,0x18,
    0x82,0x18,0x82,0x18,0x82,0x18,0x82,0x18,0x82,0x18,0x82,0x18,0x82,0x18,0x82,0x18,
    0x82,0x18,0x82,0x18,0x82,0x18,0x82,0x18,0x82,0x18,0x82,0x18,0x82,0x18,0x82,0x18,
    0x82,0x18,0x82,0x18,0x82,0x18,0x82,0x18,0x82,0x18,0x82,0x18,0x82,0x18,0x82,0x18,
    0x82,0x18,0x82,0x18,0x82,0x18,0x82,0x18,0x82,0x18,0x00,0x00,0x00,0x00,0x00,0x00,
    0x00,0x00,0x00,0x00,0x00,0x00,0x00,0x00,0x00,0x00,0x00,0x00,0x00,0x00,0x00,0x00,
    0x00,0x00,0x00,0x00,0x00,0x00,0x00,0x00,0x00,0x00,0x00,0x00,0x00,0x00,0x00,0x00,
    0x00,0x00,0x00,0x00,0x00,0x00,0x00,0x00,0x00,0x00,0x00,0x00,0x00,0x00,0x00,0x00,
    0x00,0x00,0x00,0x00,0x00,0x00,0x00,0x00,0x00,0x00,0x00,0x00,0x00,0x00,0x00,0x00,
    0x00,0x00,0x00,0x00,0x82,0x10,0x62,0x18,0x82,0x18,0x82,0x18,0x82,0x18,0x82,0x18,
    0x82,0x18,0x82,0x18,0x82,0x18,0x82,0x18,0x82,0x18,0x82,0x18,0x82,0x18,0x82,0x18,
    0x82,0x18,0x82,0x18,0x82,0x18,0x82,0x18,0x82,0x18,0x82,0x18,0x82,0x18,0x82,0x18,
    0x82,0x18,0x82,0x18,0x82,0x18,0x82,0x18,0x82,0x18,0x82,0x18,0x82,0x18,0x82,0x18,
    0x82,0x18,0x82,0x18,0x82,0x18,0x82,0x18,0x82,0x18,0x82,0x18,0x82,0x18,0x82,0x18,
    0x82,0x18,0x82,0x18,0x82,0x18,0x82,0x18,0x82,0x18,0x82,0x18,0x82,0x18,0x82,0x18,
    0x82,0x18,0x82,0x18,0x82,0x18,0x82,0x18,0x82,0x18,0x82,0x18,0x62,0x18,0x82,0x10,
    0x00,0x00,0x00,0x00,0x00,0x00,0x00,0x00,0x00,0x00,0x00,0x00,0x00,0x00,0x00,0x00,
    0x00,0x00,0x00,0x00,0x00,0x00,0x00,0x00,0x00,0x00,0x00,0x00,0x00,0x00,0x00,0x00,
    0x00,0x00,0x00,0x00,0x00,0x00,0x00,0x00,0x00,0x00,0x00,0x00,0x00,0x00,0x00,0x00,
    0x00,0x00,0x00,0x00,0x00,0x00,0x00,0x00,0x00,0x00,0x00,0x00,0x00,0x00,0x00,0x00,
    0x00,0x00,0x00,0x00,0x00,0x20,0x82,0x18,0x82,0x18,0x82,0x18,0x82,0x18,0x82,0x18,
    0x82,0x18,0x82,0x18,0x82,0x18,0x82,0x18,0x82,0x18,0x82,0x18,0x82,0x18,0x82,0x18,
    0x82,0x18,0x82,0x18,0x82,0x18,0x82,0x18,0x82,0x18,0x82,0x18,0x82,0x18,0x82,0x18,
    0x82,0x18,0x82,0x18,0x82,0x18,0x82,0x18,0x82,0x18,0x82,0x18,0x82,0x18,0x82,0x18,
    0x82,0x18,0x82,0x18,0x82,0x18,0x82,0x18,0x82,0x18,0x82,0x18,0x82,0x18,0x82,0x18,
    0x82,0x18,0x82,0x18,0x82,0x18,0x82,0x18,0x82,0x18,0x82,0x18,0x82,0x18,0x82,0x18,
    0x82,0x18,0x82,0x18,0x82,0x18,0x82,0x18,0x82,0x18,0x82,0x18,0x82,0x18,0x82,0x18,
    0x82,0x18,0x82,0x18,0x82,0x18,0x00,0x20,0x00,0x00,0x00,0x00,0x00,0x00,0x00,0x00,
    0x00,0x00,0x00,0x00,0x00,0x00,0x00,0x00,0x00,0x00,0x00,0x00,0x00,0x00,0x00,0x00,
    0x00,0x00,0x00,0x00,0x00,0x00,0x00,0x00,0x00,0x00,0x00,0x00,0x00,0x00,0x00,0x00,
    0x00,0x00,0x00,0x00,0x00,0x00,0x00,0x00,0x00,0x00,0x00,0x00,0x00,0x00,0x00,0x00,
    0x00,0x00,0x00,0x00,0x00,0x00,0xA2,0x10,0x62,0x10,0x82,0x18,0x82,0x18,0x82,0x18,
    0x82,0x18,0x82,0x18,0x82,0x18,0x82,0x18,0x82,0x18,0x82,0x18,0x82,0x18,0x82,0x18,
    0x82,0x18,0x82,0x18,0x82,0x18,0x82,0x18,0x82,0x18,0x82,0x18,0x82,0x18,0x82,0x18,
    0x82,0x18,0x82,0x18,0x82,0x18,0x82,0x18,0x82,0x18,0x82,0x18,0x82,0x18,0x82,0x18,
    0x82,0x18,0x82,0x18,0x82,0x18,0x82,0x18,0x82,0x18,0x82,0x18,0x82,0x18,0x82,0x18,
    0x82,0x18,0x82,0x18,0x82,0x18,0x82,0x18,0x82,0x18,0x82,0x18,0x82,0x18,0x82,0x18,
    0x82,0x18,0x82,0x18,0x82,0x18,0x82,0x18,0x82,0x18,0x82,0x18,0x82,0x18,0x82,0x18,
    0x82,0x18,0x82,0x18,0x82,0x18,0x82,0x18,0x82,0x18,0x62,0x10,0xA2,0x10,0x00,0x00,
    0x00,0x00,0x00,0x00,0x00,0x00,0x00,0x00,0x00,0x00,0x00,0x00,0x00,0x00,0x00,0x00,
    0x00,0x00,0x00,0x00,0x00,0x00,0x00,0x00,0x00,0x00,0x00,0x00,0x00,0x00,0x00,0x00,
    0x00,0x00,0x00,0x00,0x00,0x00,0x00,0x00,0x00,0x00,0x00,0x00,0x00,0x00,0x00,0x00,
    0x00,0x00,0x00,0x00,0x00,0x00,0x00,0x00,0x82,0x10,0x62,0x10,0x82,0x18,0x82,0x18,
    0x82,0x18,0x82,0x18,0x82,0x18,0x82,0x18,0x82,0x18,0x82,0x18,0x82,0x18,0x82,0x18,
    0x82,0x18,0x82,0x18,0x82,0x18,0x82,0x18,0x82,0x18,0x82,0x18,0x82,0x18,0x82,0x18,
    0x82,0x18,0x82,0x18,0x82,0x18,0x82,0x18,0x82,0x18,0x82,0x18,0x82,0x18,0x82,0x18,
    0x82,0x18,0x82,0x18,0x82,0x18,0x82,0x18,0x82,0x18,0x82,0x18,0x82,0x18,0x82,0x18,
    0x82,0x18,0x82,0x18,0x82,0x18,0x82,0x18,0x82,0x18,0x82,0x18,0x82,0x18,0x82,0x18,
    0x82,0x18,0x82,0x18,0x82,0x18,0x82,0x18,0x82,0x18,0x82,0x18,0x82,0x18,0x82,0x18,
    0x82,0x18,0x82,0x18,0x82,0x18,0x82,0x18,0x82,0x18,0x82,0x18,0x82,0x18,0x82,0x18,
    0x62,0x10,0x82,0x10,0x00,0x00,0x00,0x00,0x00,0x00,0x00,0x00,0x00,0x00,0x00,0x00,
    0x00,0x00,0x00,0x00,0x00,0x00,0x00,0x00,0x00,0x00,0x00,0x00,0x00,0x00,0x00,0x00,
    0x00,0x00,0x00,0x00,0x00,0x00,0x00,0x00,0x00,0x00,0x00,0x00,0x00,0x00,0x00,0x00,
    0x00,0x00,0x00,0x00,0x00,0x00,0x00,0x00,0x00,0x00,0x62,0x18,0x82,0x10,0x82,0x18,
    0x82,0x18,0x82,0x18,0x82,0x18,0x82,0x18,0x82,0x18,0x82,0x18,0x82,0x18,0x82,0x18,
    0x82,0x18,0x82,0x18,0x82,0x18,0x82,0x18,0x82,0x18,0x82,0x18,0x82,0x18,0x82,0x18,
    0x82,0x18,0x82,0x18,0x82,0x18,0x82,0x18,0x82,0x18,0x82,0x18,0x82,0x18,0x82,0x18,
    0x82,0x18,0x82,0x18,0x82,0x18,0x82,0x18,0x82,0x18,0x82,0x18,0x82,0x18,0x82,0x18,
    0x82,0x18,0x82,0x18,0x82,0x18,0x82,0x18,0x82,0x18,0x82,0x18,0x82,0x18,0x82,0x18,
    0x82,0x18,0x82,0x18,0x82,0x18,0x82,0x18,0x82,0x18,0x82,0x18,0x82,0x18,0x82,0x18,
    0x82,0x18,0x82,0x18,0x82,0x18,0x82,0x18,0x82,0x18,0x82,0x18,0x82,0x18,0x82,0x18,
    0x82,0x18,0x82,0x18,0x82,0x18,0x82,0x10,0x62,0x18,0x00,0x00,0x00,0x00,0x00,0x00,
    0x00,0x00,0x00,0x00,0x00,0x00,0x00,0x00,0x00,0x00,0x00,0x00,0x00,0x00,0x00,0x00,
    0x00,0x00,0x00,0x00,0x00,0x00,0x00,0x00,0x00,0x00,0x00,0x00,0x00,0x00,0x00,0x00,
    0x00,0x00,0x00,0x00,0x00,0x00,0x00,0x00,0x00,0x00,0x00,0x00,0x62,0x10,0x82,0x18,
    0x82,0x18,0x82,0x18,0x82,0x18,0x82,0x18,0x82,0x18,0x82,0x18,0x82,0x18,0x82,0x18,
    0x82,0x18,0x82,0x18,0x82,0x18,0x82,0x18,0x82,0x18,0x82,0x18,0x82,0x18,0x82,0x18,
    0x82,0x18,0x82,0x18,0x82,0x18,0x82,0x18,0x82,0x18,0x82,0x18,0x82,0x18,0x82,0x18,
    0x82,0x18,0x82,0x18,0x82,0x18,0x82,0x18,0x82,0x18,0x82,0x18,0x82,0x18,0x82,0x18,
    0x82,0x18,0x82,0x18,0x82,0x18,0x82,0x18,0x82,0x18,0x82,0x18,0x82,0x18,0x82,0x18,
    0x82,0x18,0x82,0x18,0x82,0x18,0x82,0x18,0x82,0x18,0x82,0x18,0x82,0x18,0x82,0x18,
    0x82,0x18,0x82,0x18,0x82,0x18,0x82,0x18,0x82,0x18,0x82,0x18,0x82,0x18,0x82,0x18,
    0x82,0x18,0x82,0x18,0x82,0x18,0x82,0x18,0x82,0x18,0x82,0x18,0x82,0x18,0x62,0x10,
    0x00,0x00,0x00,0x00,0x00,0x00,0x00,0x00,0x00,0x00,0x00,0x00,0x00,0x00,0x00,0x00,
    0x00,0x00,0x00,0x00,0x00,0x00,0x00,0x00,0x00,0x00,0x00,0x00,0x00,0x00,0x00,0x00,
    0x00,0x00,0x00,0x00,0x00,0x00,0x00,0x00,0x00,0x00,0x00,0x00,0x00,0x00,0x82,0x10,
    0x82,0x10,0x82,0x18,0x82,0x18,0x82,0x18,0x82,0x18,0x82,0x18,0x82,0x18,0x82,0x18,
    0x82,0x18,0x82,0x18,0x82,0x18,0x82,0x18,0x82,0x18,0x82,0x18,0x82,0x18,0x82,0x18,
    0x82,0x18,0x82,0x18,0x82,0x18,0x82,0x18,0x82,0x18,0x82,0x18,0x82,0x18,0x82,0x18,
    0x82,0x18,0x82,0x18,0x82,0x18,0x82,0x18,0x82,0x18,0x82,0x18,0x82,0x18,0x82,0x18,
    0x82,0x18,0x82,0x18,0x82,0x18,0x82,0x18,0x82,0x18,0x82,0x18,0x82,0x18,0x82,0x18,
    0x82,0x18,0x82,0x18,0x82,0x18,0x82,0x18,0x82,0x18,0x82,0x18,0x82,0x18,0x82,0x18,
    0x82,0x18,0x82,0x18,0x82,0x18,0x82,0x18,0x82,0x18,0x82,0x18,0x82,0x18,0x82,0x18,
    0x82,0x18,0x82,0x18,0x82,0x18,0x82,0x18,0x82,0x18,0x82,0x18,0x82,0x18,0x82,0x18,
    0x82,0x18,0x82,0x10,0x82,0x10,0x00,0x00,0x00,0x00,0x00,0x00,0x00,0x00,0x00,0x00,
    0x00,0x00,0x00,0x00,0x00,0x00,0x00,0x00,0x00,0x00,0x00,0x00,0x00,0x00,0x00,0x00,
    0x00,0x00,0x00,0x00,0x00,0x00,0x00,0x00,0x00,0x00,0x00,0x00,0x00,0x00,0x00,0x00,
    0xA2,0x10,0x62,0x18,0x82,0x18,0x82,0x18,0x82,0x18,0x82,0x18,0x82,0x18,0x82,0x18,
    0x82,0x18,0x82,0x18,0x82,0x18,0x82,0x18,0x82,0x18,0x82,0x18,0x82,0x18,0x82,0x18,
    0x82,0x18,0x82,0x18,0x82,0x18,0x82,0x18,0x82,0x18,0x82,0x18,0x82,0x18,0x82,0x18,
    0x82,0x18,0x82,0x18,0x82,0x18,0x82,0x18,0x82,0x18,0x82,0x18,0x82,0x18,0x82,0x18,
    0xE3,0x38,0x86,0x79,0xE7,0xA1,0xE7,0xA1,0x86,0x81,0x04,0x49,0x82,0x18,0x82,0x18,
    0x82,0x18,0x82,0x18,0x82,0x18,0x82,0x18,0x82,0x18,0x82,0x18,0x82,0x18,0x82,0x18,
    0x82,0x18,0x82,0x18,0x82,0x18,0x82,0x18,0x82,0x18,0x82,0x18,0x82,0x18,0x82,0x18,
    0x82,0x18,0x82,0x18,0x82,0x18,0x82,0x18,0x82,0x18,0x82,0x18,0x82,0x18,0x82,0x18,
    0x82,0x18,0x82,0x18,0x82,0x18,0x82,0x18,0x62,0x18,0xA2,0x10,0x00,0x00,0x00,0x00,
    0x00,0x00,0x00,0x00,0x00,0x00,0x00,0x00,0x00,0x00,0x00,0x00,0x00,0x00,0x00,0x00,
    0x00,0x00,0x00,0x00,0x00,0x00,0x00,0x00,0x00,0x00,0x00,0x00,0x00,0x00,0x00,0x00,
    0x00,0x00,0x04,0x20,0x62,0x10,0x82,0x18,0x82,0x18,0x82,0x18,0x82,0x18,0x82,0x18,
    0x82,0x18,0x82,0x18,0x82,0x18,0x82,0x18,0x82,0x18,0x82,0x18,0x82,0x18,0x82,0x18,
    0x82,0x18,0x82,0x18,0x82,0x18,0x82,0x18,0x82,0x18,0x82,0x18,0x82,0x18,0x82,0x18,
    0x82,0x18,0x82,0x18,0x82,0x18,0x82,0x18,0x82,0x18,0x82,0x18,0x82,0x18,0x82,0x18,
    0x66,0x71,0x69,0xDA,0xCB,0xFA,0xCB,0xFA,0xCB,0xFA,0xCB,0xFA,0xCB,0xFA,0xCB,0xFA,
    0xAA,0xEA,0xA6,0x81,0x82,0x20,0x82,0x18,0x82,0x18,0x82,0x18,0x82,0x18,0x82,0x18,
    0x82,0x18,0x82,0x18,0x82,0x18,0x82,0x18,0x82,0x18,0x82,0x18,0x82,0x18,0x82,0x18,
    0x82,0x18,0x82,0x18,0x82,0x18,0x82,0x18,0x82,0x18,0x82,0x18,0x82,0x18,0x82,0x18,
    0x82,0x18,0x82,0x18,0x82,0x18,0x82,0x18,0x82,0x18,0x82,0x18,0x82,0x18,0x62,0x10,
    0x04,0x20,0x00,0x00,0x00,0x00,0x00,0x00,0x00,0x00,0x00,0x00,0x00,0x00,0x00,0x00,
    0x00,0x00,0x00,0x00,0x00,0x00,0x00,0x00,0x00,0x00,0x00,0x00,0x00,0x00,0x00,0x00,
    0x00,0x00,0x00,0x00,0x00,0x00,0x82,0x18,0x82,0x18,0x82,0x18,0x82,0x18,0x82,0x18,
    0x82,0x18,0x82,0x18,0x82,0x18,0x82,0x18,0x82,0x18,0x82,0x18,0x82,0x18,0x82,0x18,
    0x82,0x18,0x82,0x18,0x82,0x18,0x82,0x18,0x82,0x18,0x82,0x18,0x82,0x18,0x82,0x18,
    0x82,0x18,0x82,0x18,0x82,0x18,0x82,0x18,0x82,0x18,0x82,0x18,0x82,0x18,0x82,0x18,
    0x82,0x20,0x08,0xB2,0xCB,0xFA,0xCB,0xFA,0xCB,0xFA,0xCB,0xFA,0xCB,0xFA,0xCB,0xFA,
    0xCB,0xFA,0xCB,0xFA,0xCB,0xFA,0xCB,0xFA,0x69,0xD2,0xC3,0x30,0x82,0x18,0x82,0x18,
    0x82,0x18,0x82,0x18,0x82,0x18,0x82,0x18,0x82,0x18,0x82,0x18,0x82,0x18,0x82,0x18,
    0x82,0x18,0x82,0x18,0x82,0x18,0x82,0x18,0x82,0x18,0x82,0x18,0x82,0x18,0x82,0x18,
    0x82,0x18,0x82,0x18,0x82,0x18,0x82,0x18,0x82,0x18,0x82,0x18,0x82,0x18,0x82,0x18,
    0x82,0x18,0x82,0x18,0x82,0x18,0x00,0x00,0x00,0x00,0x00,0x00,0x00,0x00,0x00,0x00,
    0x00,0x00,0x00,0x00,0x00,0x00,0x00,0x00,0x00,0x00,0x00,0x00,0x00,0x00,0x00,0x00,
    0x00,0x00,0x00,0x00,0x00,0x00,0x00,0x00,0x82,0x18,0x82,0x18,0x82,0x18,0x82,0x18,
    0x82,0x18,0x82,0x18,0x82,0x18,0x82,0x18,0x82,0x18,0x82,0x18,0x82,0x18,0x82,0x18,
    0x82,0x18,0x82,0x18,0x82,0x18,0x82,0x18,0x82,0x18,0x82,0x18,0x82,0x18,0x82,0x18,
    0x82,0x18,0x82,0x18,0x82,0x18,0x82,0x18,0x82,0x18,0x82,0x18,0x82,0x18,0x82,0x18,
    0x82,0x18,0x82,0x18,0x49,0xCA,0xCB,0xFA,0xCB,0xFA,0xCB,0xFA,0xCB,0xFA,0xCB,0xFA,
    0xCB,0xFA,0xCB,0xFA,0xCB,0xFA,0xCB,0xFA,0xCB,0xFA,0xCB,0xFA,0xCB,0xFA,0x8A,0xE2,
    0xA3,0x28,0x82,0x18,0x82,0x18,0x82,0x18,0x82,0x18,0x82,0x18,0x82,0x18,0x82,0x18,
    0x82,0x18,0x82,0x18,0x82,0x18,0x82,0x18,0x82,0x18,0x82,0x18,0x82,0x18,0x82,0x18,
    0x82,0x18,0x82,0x18,0x82,0x18,0x82,0x18,0x82,0x18,0x82,0x18,0x82,0x18,0x82,0x18,
    0x82,0x18,0x82,0x18,0x82,0x18,0x82,0x18,0x82,0x18,0x82,0x18,0x00,0x00,0x00,0x00,
    0x00,0x00,0x00,0x00,0x00,0x00,0x00,0x00,0x00,0x00,0x00,0x00,0x00,0x00,0x00,0x00,
    0x00,0x00,0x00,0x00,0x00,0x00,0x00,0x00,0x00,0x00,0x82,0x18,0x62,0x18,0x82,0x18,
    0x82,0x18,0x82,0x18,0x82,0x18,0x82,0x18,0x82,0x18,0x82,0x18,0x82,0x18,0x82,0x18,
    0x82,0x18,0x82,0x18,0x82,0x18,0x82,0x18,0x82,0x18,0x82,0x18,0x82,0x18,0x82,0x18,
    0x82,0x18,0x82,0x18,0x82,0x18,0x82,0x18,0x82,0x18,0x82,0x18,0x82,0x18,0x82,0x18,
    0x82,0x18,0x82,0x18,0x82,0x18,0xA7,0x89,0xCB,0xFA,0xCB,0xFA,0xCB,0xFA,0xCB,0xFA,
    0xCB,0xFA,0xCB,0xFA,0xCB,0xFA,0xCB,0xFA,0xCB,0xFA,0xCB,0xFA,0xCB,0xFA,0xCB,0xFA,
    0xCB,0xFA,0xCB,0xFA,0x08,0xB2,0x82,0x18,0x82,0x18,0x82,0x18,0x82,0x18,0x82,0x18,
    0x82,0x18,0x82,0x18,0x82,0x18,0x82,0x18,0x82,0x18,0x82,0x18,0x82,0x18,0x82,0x18,
    0x82,0x18,0x82,0x18,0x82,0x18,0x82,0x18,0x82,0x18,0x82,0x18,0x82,0x18,0x82,0x18,
    0x82,0x18,0x82,0x18,0x82,0x18,0x82,0x18,0x82,0x18,0x82,0x18,0x82,0x18,0x62,0x18,
    0x82,0x18,0x00,0x00,0x00,0x00,0x00,0x00,0x00,0x00,0x00,0x00,0x00,0x00,0x00,0x00,
    0x00,0x00,0x00,0x00,0x00,0x00,0x00,0x00,0x00,0x00,0x00,0x00,0x00,0x00,0x82,0x18,
    0x82,0x18,0x82,0x18,0x82,0x18,0x82,0x18,0x82,0x18,0x82,0x18,0x82,0x18,0x82,0x18,
    0x82,0x18,0x82,0x18,0x82,0x18,0x82,0x18,0x82,0x18,0x82,0x18,0x82,0x18,0x82,0x18,
    0x82,0x18,0x82,0x18,0x82,0x18,0x82,0x18,0x82,0x18,0x82,0x18,0x82,0x18,0x82,0x18,
    0x82,0x18,0x82,0x18,0x82,0x18,0x82,0x18,0xA3,0x28,0xCB,0xF2,0xCB,0xFA,0xCB,0xFA,
    0xCB,0xFA,0xCB,0xFA,0xCB,0xFA,0xCB,0xFA,0xCB,0xFA,0xCB,0xFA,0xCB,0xFA,0xCB,0xFA,
    0xCB,0xFA,0xCB,0xFA,0xCB,0xFA,0xCB,0xFA,0xCB,0xFA,0x04,0x49,0x82,0x18,0x82,0x18,
    0x82,0x18,0x82,0x18,0x82,0x18,0x82,0x18,0x82,0x18,0x82,0x18,0x82,0x18,0x82,0x18,
    0x82,0x18,0x82,0x18,0x82,0x18,0x82,0x18,0x82,0x18,0x82,0x18,0x82,0x18,0x82,0x18,
    0x82,0x18,0x82,0x18,0x82,0x18,0x82,0x18,0x82,0x18,0x82,0x18,0x82,0x18,0x82,0x18,
    0x82,0x18,0x82,0x18,0x82,0x18,0x00,0x00,0x00,0x00,0x00,0x00,0x00,0x00,0x00,0x00,
    0x00,0x00,0x00,0x00,0x00,0x00,0x00,0x00,0x00,0x00,0x00,0x00,0x00,0x00,0x00,0x00,
    0x62,0x18,0x82,0x18,0x82,0x18,0x82,0x18,0x82,0x18,0x82,0x18,0x82,0x18,0x82,0x18,
    0x82,0x18,0x82,0x18,0x82,0x18,0x82,0x18,0x82,0x18,0x82,0x18,0x82,0x18,0x82,0x18,
    0x82,0x18,0x82,0x18,0x82,0x18,0x82,0x18,0x82,0x18,0x82,0x18,0x82,0x18,0x82,0x18,
    0x82,0x18,0x82,0x18,0x82,0x18,0x82,0x18,0x82,0x18,0x82,0x18,0x86,0x79,0xCB,0xFA,
    0xCB,0xFA,0xCB,0xFA,0xCB,0xFA,0xCB,0xFA,0xCB,0xFA,0xCB,0xFA,0xCB,0xFA,0xCB,0xFA,
    0xCB,0xFA,0xCB,0xFA,0xCB,0xFA,0xCB,0xFA,0xCB,0xFA,0xCB,0xFA,0xCB,0xFA,0x08,0xAA,
    0x82,0x18,0x82,0x18,0x82,0x18,0x82,0x18,0x82,0x18,0x82,0x18,0x82,0x18,0x82,0x18,
    0x82,0x18,0x82,0x18,0x82,0x18,0x82,0x18,0x82,0x18,0x82,0x18,0x82,0x18,0x82,0x18,
    0x82,0x18,0x82,0x18,0x82,0x18,0x82,0x18,0x82,0x18,0x82,0x18,0x82,0x18,0x82,0x18,
    0x82,0x18,0x82,0x18,0x82,0x18,0x82,0x18,0x82,0x18,0x62,0x18,0x00,0x00,0x00,0x00,
    0x00,0x00,0x00,0x00,0x00,0x00,0x00,0x00,0x00,0x00,0x00,0x00,0x00,0x00,0x00,0x00,
    0x00,0x00,0x63,0x18,0x62,0x18,0x82,0x18,0x82,0x18,0x82,0x18,0x82,0x18,0x82,0x18,
    0x82,0x18,0x82,0x18,0x82,0x18,0x82,0x18,0x82,0x18,0x82,0x18,0x82,0x18,0x82,0x18,
    0x82,0x18,0x82,0x18,0x82,0x18,0x82,0x18,0x82,0x18,0x82,0x18,0x82,0x18,0x82,0x18,
    0x82,0x18,0x82,0x18,0x82,0x18,0x82,0x18,0x82,0x18,0x82,0x18,0x82,0x18,0x82,0x18,
    0x29,0xC2,0xCB,0xFA,0xCB,0xFA,0xCB,0xFA,0xCB,0xFA,0xCB,0xFA,0xCB,0xFA,0xCB,0xFA,
    0xCB,0xFA,0xCB,0xFA,0xCB,0xFA,0xCB,0xFA,0xCB,0xFA,0xCB,0xFA,0xCB,0xFA,0xCB,0xFA,
    0xCB,0xFA,0xAA,0xF2,0x82,0x18,0x82,0x18,0x82,0x18,0x82,0x18,0x82,0x18,0x82,0x18,
    0x82,0x18,0x82,0x18,0x82,0x18,0x82,0x18,0x82,0x18,0x82,0x18,0x82,0x18,0x82,0x18,
    0x82,0x18,0x82,0x18,0x82,0x18,0x82,0x18,0x82,0x18,0x82,0x18,0x82,0x18,0x82,0x18,
    0x82,0x18,0x82,0x18,0x82,0x18,0x82,0x18,0x82,0x18,0x82,0x18,0x82,0x18,0x62,0x18,
    0x63,0x18,0x00,0x00,0x00,0x00,0x00,0x00,0x00,0x00,0x00,0x00,0x00,0x00,0x00,0x00,
    0x00,0x00,0x00,0x00,0x00,0x00,0x62,0x18,0x82,0x18,0x82,0x18,0x82,0x18,0x82,0x18,
    0x82,0x18,0x82,0x18,0x82,0x18,0x82,0x18,0x82,0x18,0x82,0x18,0x82,0x18,0x82,0x18,
    0x82,0x18,0x82,0x18,0x82,0x18,0x82,0x18,0x82,0x18,0x82,0x18,0x82,0x18,0x82,0x18,
    0x82,0x18,0x82,0x18,0x82,0x18,0x82,0x18,0x82,0x18,0x82,0x18,0x82,0x18,0x82,0x18,
    0x82,0x18,0x82,0x18,0xCB,0xF2,0xCB,0xFA,0xCB,0xFA,0xCB,0xFA,0xCB,0xFA,0xCB,0xFA,
    0xCB,0xFA,0xCB,0xFA,0xCB,0xFA,0xCB,0xFA,0xCB,0xFA,0xCB,0xFA,0xCB,0xFA,0xCB,0xFA,
    0xCB,0xFA,0xCB,0xFA,0xCB,0xFA,0xCB,0xFA,0xE3,0x38,0x82,0x18,0x82,0x18,0x82,0x18,
    0x82,0x18,0x82,0x18,0x82,0x18,0x82,0x18,0x82,0x18,0x82,0x18,0x82,0x18,0x82,0x18,
    0x82,0x18,0x82,0x18,0x82,0x18,0x82,0x18,0x82,0x18,0x82,0x18,0x82,0x18,0x82,0x18,
    0x82,0x18,0x82,0x18,0x82,0x18,0x82,0x18,0x82,0x18,0x82,0x18,0x82,0x18,0x82,0x18,
    0x82,0x18,0x82,0x18,0x62,0x18,0x00,0x00,0x00,0x00,0x00,0x00,0x00,0x00,0x00,0x00,
    0x00,0x00,0x00,0x00,0x00,0x00,0x00,0x00,0x82,0x10,0x82,0x18,0x82,0x18,0x82,0x18,
    0x82,0x18,0x82,0x18,0x82,0x18,0x82,0x18,0x82,0x18,0x82,0x18,0x82,0x18,0x82,0x18,
    0x82,0x18,0x82,0x18,0x82,0x18,0x82,0x18,0x82,0x18,0x82,0x18,0x82,0x18,0x82,0x18,
    0x82,0x18,0x82,0x18,0x82,0x18,0x82,0x18,0x82,0x18,0x82,0x18,0x82,0x18,0x82,0x18,
    0x82,0x18,0x82,0x18,0x82,0x18,0x82,0x18,0xCB,0xFA,0xCB,0xFA,0xCB,0xFA,0xCB,0xFA,
    0xCB,0xFA,0xCB,0xFA,0xCB,0xFA,0xCB,0xFA,0xCB,0xFA,0xCB,0xFA,0xCB,0xFA,0xCB,0xFA,
    0xCB,0xFA,0xCB,0xFA,0xCB,0xFA,0xCB,0xFA,0xCB,0xFA,0xCB,0xFA,0xE4,0x40,0x82,0x18,
    0x82,0x18,0x82,0x18,0x82,0x18,0x82,0x18,0x82,0x18,0x82,0x18,0x82,0x18,0x82,0x18,
    0x82,0x18,0x82,0x18,0x82,0x18,0x82,0x18,0x82,0x18,0x82,0x18,0x82,0x18,0x82,0x18,
    0x82,0x18,0x82,0x18,0x82,0x18,0x82,0x18,0x82,0x18,0x82,0x18,0x82,0x18,0x82,0x18,
    0x82,0x18,0x82,0x18,0x82,0x18,0x82,0x18,0x82,0x18,0x82,0x10,0x00,0x00,0x00,0x00,
    0x00,0x00,0x00,0x00,0x00,0x00,0x00,0x00,0x00,0x00,0x00,0x00,0x82,0x10,0x82,0x18,
    0x82,0x18,0x82,0x18,0x82,0x18,0x82,0x18,0x82,0x18,0x82,0x18,0x82,0x18,0x82,0x18,
    0x82,0x18,0x82,0x18,0x82,0x18,0x82,0x18,0x82,0x18,0x82,0x18,0x82,0x18,0x82,0x18,
    0x82,0x18,0x82,0x18,0x82,0x18,0x82,0x18,0x82,0x18,0x82,0x18,0x82,0x18,0x82,0x18,
    0x82,0x18,0x82,0x18,0x82,0x18,0x82,0x18,0x82,0x18,0x82,0x18,0xCB,0xFA,0xCB,0xFA,
    0xCB,0xFA,0xCB,0xFA,0xCB,0xFA,0xCB,0xFA,0xCB,0xFA,0xCB,0xFA,0xCB,0xFA,0xCB,0xFA,
    0xCB,0xFA,0xCB,0xFA,0xCB,0xFA,0xCB,0xFA,0xCB,0xFA,0xCB,0xFA,0xCB,0xFA,0xCB,0xFA,
    0xE4,0x40,0x82,0x18,0x82,0x18,0x82,0x18,0x82,0x18,0x82,0x18,0x82,0x18,0x82,0x18,
    0x82,0x18,0x82,0x18,0x82,0x18,0x82,0x18,0x82,0x18,0x82,0x18,0x82,0x18,0x82,0x18,
    0x82,0x18,0x82,0x18,0x82,0x18,0x82,0x18,0x82,0x18,0x82,0x18,0x82,0x18,0x82,0x18,
    0x82,0x18,0x82,0x18,0x82,0x18,0x82,0x18,0x82,0x18,0x82,0x18,0x82,0x18,0x82,0x10,
    0x00,0x00,0x00,0x00,0x00,0x00,0x00,0x00,0x00,0x00,0x00,0x00,0x00,0x00,0xA2,0x10,
    0x82,0x18,0x82,0x18,0x82,0x18,0x82,0x18,0x82,0x18,0x82,0x18,0x82,0x18,0x82,0x18,
    0x82,0x18,0x82,0x18,0x82,0x18,0x82,0x18,0x82,0x18,0x82,0x18,0x82,0x18,0x82,0x18,
    0x82,0x18,0x82,0x18,0x82,0x18,0x82,0x18,0x82,0x18,0x82,0x18,0x82,0x18,0x82,0x18,
    0x82,0x18,0x82,0x18,0x82,0x18,0x82,0x18,0x82,0x18,0x82,0x18,0x82,0x18,0x82,0x18,
    0xCB,0xFA,0xCB,0xFA,0xCB,0xFA,0xCB,0xFA,0xCB,0xFA,0xCB,0xFA,0xCB,0xFA,0xCB,0xFA,
    0xCB,0xFA,0xCB,0xFA,0xCB,0xFA,0xCB,0xFA,0xCB,0xFA,0xCB,0xFA,0xCB,0xFA,0xCB,0xFA,
    0xCB,0xFA,0xCB,0xFA,0xE4,0x40,0x82,0x18,0x82,0x18,0x82,0x18,0x82,0x18,0x82,0x18,
    0x82,0x18,0x82,0x18,0x82,0x18,0x82,0x18,0x82,0x18,0x82,0x18,0x82,0x18,0x82,0x18,
    0x82,0x18,0x82,0x18,0x82,0x18,0x82,0x18,0x82,0x18,0x82,0x18,0x82,0x18,0x82,0x18,
    0x82,0x18,0x82,0x18,0x82,0x18,0x82,0x18,0x82,0x18,0x82,0x18,0x82,0x18,0x82,0x18,
    0x82,0x18,0x82,0x18,0xA2,0x10,0x00,0x00,0x00,0x00,0x00,0x00,0x00,0x00,0x00,0x00,
    0x00,0x00,0x62,0x18,0x82,0x18,0x82,0x18,0x82,0x18,0x82,0x18,0x82,0x18,0x82,0x18,
    0x82,0x18,0x82,0x18,0x82,0x18,0x82,0x18,0x82,0x18,0x82,0x18,0x82,0x18,0x82,0x18,
    0x82,0x18,0x82,0x18,0x82,0x18,0x82,0x18,0x82,0x18,0x82,0x18,0x82,0x18,0x82,0x18,
    0x82,0x18,0x82,0x18,0x82,0x18,0x82,0x18,0x82,0x18,0x82,0x18,0x82,0x18,0x82,0x18,
    0x82,0x18,0x82,0x18,0xCB,0xFA,0xCB,0xFA,0xCB,0xFA,0xCB,0xFA,0xCB,0xFA,0xCB,0xFA,
    0xCB,0xFA,0xCB,0xFA,0xCB,0xFA,0xCB,0xFA,0xCB,0xFA,0xCB,0xFA,0xCB,0xFA,0xCB,0xFA,
    0xCB,0xFA,0xCB,0xFA,0xCB,0xFA,0xCB,0xFA,0xE4,0x40,0x82,0x18,0x82,0x18,0x82,0x18,
    0x82,0x18,0x82,0x18,0x82,0x18,0x82,0x18,0x82,0x18,0x82,0x18,0x82,0x18,0x82,0x18,
    0x82,0x18,0x82,0x18,0x82,0x18,0x82,0x18,0x82,0x18,0x82,0x18,0x82,0x18,0x82,0x18,
    0x82,0x18,0x82,0x18,0x82,0x18,0x82,0x18,0x82,0x18,0x82,0x18,0x82,0x18,0x82,0x18,
    0x82,0x18,0x82,0x18,0x82,0x18,0x82,0x18,0x62,0x18,0x00,0x00,0x00,0x00,0x00,0x00,
    0x00,0x00,0x00,0x00,0x00,0x00,0x62,0x10,0x82,0x18,0x82,0x18,0x82,0x18,0x82,0x18,
    0x82,0x18,0x82,0x18,0x82,0x18,0x82,0x18,0x82,0x18,0x82,0x18,0x82,0x18,0x82,0x18,
    0x82,0x18,0x82,0x18,0x82,0x18,0x82,0x18,0x82,0x18,0x82,0x18,0x82,0x18,0x82,0x18,
    0x82,0x18,0x82,0x18,0x82,0x18,0x82,0x18,0x82,0x18,0x82,0x18,0x82,0x18,0x82,0x18,
    0x82,0x18,0x82,0x18,0x82,0x18,0x82,0x18,0xCB,0xFA,0xCB,0xFA,0xCB,0xFA,0xCB,0xFA,
    0xCB,0xFA,0xCB,0xFA,0xCB,0xFA,0xCB,0xFA,0xCB,0xFA,0xCB,0xFA,0xCB,0xFA,0xCB,0xFA,
    0xCB,0xFA,0xCB,0xFA,0xCB,0xFA,0xCB,0xFA,0xCB,0xFA,0xCB,0xFA,0xE4,0x40,0x82,0x18,
    0x82,0x18,0x82,0x18,0x82,0x18,0x82,0x18,0x82,0x18,0x82,0x18,0x82,0x18,0x82,0x18,
    0x82,0x18,0x82,0x18,0x82,0x18,0x82,0x18,0x82,0x18,0x82,0x18,0x82,0x18,0x82,0x18,
    0x82,0x18,0x82,0x18,0x82,0x18,0x82,0x18,0x82,0x18,0x82,0x18,0x82,0x18,0x82,0x18,
    0x82,0x18,0x82,0x18,0x82,0x18,0x82,0x18,0x82,0x18,0x82,0x18,0x62,0x10,0x00,0x00,
    0x00,0x00,0x00,0x00,0x00,0x00,0x00,0x00,0x62,0x18,0x82,0x18,0x82,0x18,0x82,0x18,
    0x82,0x18,0x82,0x18,0x82,0x18,0x82,0x18,0x82,0x18,0x82,0x18,0x82,0x18,0x82,0x18,
    0x82,0x18,0x82,0x18,0x82,0x18,0x82,0x18,0x82,0x18,0x82,0x18,0x82,0x18,0x82,0x18,
    0x82,0x18,0x82,0x18,0x82,0x18,0x82,0x18,0x82,0x18,0x82,0x18,0x82,0x18,0x82,0x18,
    0x82,0x18,0x82,0x18,0x82,0x18,0x82,0x18,0x82,0x18,0x82,0x18,0xCB,0xFA,0xCB,0xFA,
    0xCB,0xFA,0xCB,0xFA,0xCB,0xFA,0xCB,0xFA,0xCB,0xFA,0xCB,0xFA,0xCB,0xFA,0xCB,0xFA,
    0xCB,0xFA,0xCB,0xFA,0xCB,0xFA,0xCB,0xFA,0xCB,0xFA,0xCB,0xFA,0xCB,0xFA,0xCB,0xFA,
    0xE4,0x40,0x82,0x18,0x82,0x18,0x82,0x18,0x82,0x18,0x82,0x18,0x82,0x18,0x82,0x18,
    0x82,0x18,0x82,0x18,0x82,0x18,0x82,0x18,0x82,0x18,0x82,0x18,0x82,0x18,0x82,0x18,
    0x82,0x18,0x82,0x18,0x82,0x18,0x82,0x18,0x82,0x18,0x82,0x18,0x82,0x18,0x82,0x18,
    0x82,0x18,0x82,0x18,0x82,0x18,0x82,0x18,0x82,0x18,0x82,0x18,0x82,0x18,0x82,0x18,
    0x82,0x18,0x62,0x18,0x00,0x00,0x00,0x00,0x00,0x00,0x00,0x00,0x82,0x18,0x82,0x18,
    0x82,0x18,0x82,0x18,0x82,0x18,0x82,0x18,0x82,0x18,0x82,0x18,0x82,0x18,0x82,0x18,
    0x82,0x18,0x82,0x18,0x82,0x18,0x82,0x18,0x82,0x18,0x82,0x18,0x82,0x18,0x82,0x18,
    0x82,0x18,0x82,0x18,0x82,0x18,0x82,0x18,0x82,0x18,0x82,0x18,0x82,0x18,0x82,0x18,
    0x82,0x18,0x82,0x18,0x82,0x18,0x82,0x18,0x82,0x18,0x82,0x18,0x82,0x18,0x82,0x18,
    0xCB,0xFA,0xCB,0xFA,0xCB,0xFA,0xCB,0xFA,0xCB,0xFA,0xCB,0xFA,0xCB,0xFA,0xCB,0xFA,
    0xCB,0xFA,0xCB,0xFA,0xCB,0xFA,0xCB,0xFA,0xCB,0xFA,0xCB,0xFA,0xCB,0xFA,0xCB,0xFA,
    0xCB,0xFA,0xCB,0xFA,0xE4,0x40,0x82,0x18,0x82,0x18,0x82,0x18,0x82,0x18,0x82,0x18,
    0x82,0x18,0x82,0x18,0x82,0x18,0x82,0x18,0x82,0x18,0x82,0x18,0x82,0x18,0x82,0x18,
    0x82,0x18,0x82,0x18,0x82,0x18,0x82,0x18,0x82,0x18,0x82,0x18,0x82,0x18,0x82,0x18,
    0x82,0x18,0x82,0x18,0x82,0x18,0x82,0x18,0x82,0x18,0x82,0x18,0x82,0x18,0x82,0x18,
    0x82,0x18,0x82,0x18,0x82,0x18,0x82,0x18,0x00,0x00,0x00,0x00,0x00,0x00,0xC3,0x18,
    0x62,0x18,0x82,0x18,0x82,0x18,0x82,0x18,0x82,0x18,0x82,0x18,0x82,0x18,0x82,0x18,
    0x82,0x18,0x82,0x18,0x82,0x18,0x82,0x18,0x82,0x18,0x82,0x18,0x82,0x18,0x82,0x18,
    0x82,0x18,0x82,0x18,0x82,0x18,0x82,0x18,0x82,0x18,0x82,0x18,0x82,0x18,0x82,0x18,
    0x82,0x18,0x82,0x18,0x82,0x18,0x82,0x18,0x82,0x18,0x82,0x18,0x82,0x18,0x82,0x18,
    0x82,0x18,0x82,0x18,0xCB,0xFA,0xCB,0xFA,0xCB,0xFA,0xCB,0xFA,0xCB,0xFA,0xCB,0xFA,
    0xCB,0xFA,0xCB,0xFA,0xCB,0xFA,0xCB,0xFA,0xCB,0xFA,0xCB,0xFA,0xCB,0xFA,0xCB,0xFA,
    0xCB,0xFA,0xCB,0xFA,0xCB,0xFA,0xCB,0xFA,0xE4,0x40,0x82,0x18,0x82,0x18,0x82,0x18,
    0x82,0x18,0x82,0x18,0x82,0x18,0x82,0x18,0x82,0x18,0x82,0x18,0x82,0x18,0x82,0x18,
    0x82,0x18,0x82,0x18,0x82,0x18,0x82,0x18,0x82,0x18,0x82,0x18,0x82,0x18,0x82,0x18,
    0x82,0x18,0x82,0x18,0x82,0x18,0x82,0x18,0x82,0x18,0x82,0x18,0x82,0x18,0x82,0x18,
    0x82,0x18,0x82,0x18,0x82,0x18,0x82,0x18,0x82,0x18,0x62,0x18,0xC3,0x18,0x00,0x00,
    0x00,0x00,0x62,0x18,0x82,0x18,0x82,0x18,0x82,0x18,0x82,0x18,0x82,0x18,0x82,0x18,
    0x82,0x18,0x82,0x18,0x82,0x18,0x82,0x18,0x82,0x18,0x82,0x18,0x82,0x18,0x82,0x18,
    0x82,0x18,0x82,0x18,0x82,0x18,0x82,0x18,0x82,0x18,0x82,0x18,0x82,0x18,0x82,0x18,
    0x82,0x18,0x82,0x18,0x82,0x18,0x82,0x18,0x82,0x18,0x82,0x18,0x82,0x18,0x82,0x18,
    0x82,0x18,0x82,0x18,0x82,0x18,0x82,0x18,0xCB,0xFA,0xCB,0xFA,0xCB,0xFA,0xCB,0xFA,
    0xCB,0xFA,0xCB,0xFA,0xCB,0xFA,0xCB,0xFA,0xCB,0xFA,0xCB,0xFA,0xCB,0xFA,0xCB,0xFA,
    0xCB,0xFA,0xCB,0xFA,0xCB,0xFA,0xCB,0xFA,0xCB,0xFA,0xCB,0xFA,0xE4,0x40,0x82,0x18,
    0x82,0x18,0x82,0x18,0x82,0x18,0x82,0x18,0x82,0x18,0x82,0x18,0x82,0x18,0x82,0x18,
    0x82,0x18,0x82,0x18,0x82,0x18,0x82,0x18,0x82,0x18,0x82,0x18,0x82,0x18,0x82,0x18,
    0x82,0x18,0x82,0x18,0x82,0x18,0x82,0x18,0x82,0x18,0x82,0x18,0x82,0x18,0x82,0x18,
    0x82,0x18,0x82,0x18,0x82,0x18,0x82,0x18,0x82,0x18,0x82,0x18,0x82,0x18,0x82,0x18,
    0x62,0x18,0x00,0x00,0x00,0x00,0x82,0x18,0x82,0x18,0x82,0x18,0x82,0x18,0x82,0x18,
    0x82,0x18,0x82,0x18,0x82,0x18,0x82,0x18,0x82,0x18,0x82,0x18,0x82,0x18,0x82,0x18,
    0x82,0x18,0x82,0x18,0x82,0x18,0x82,0x18,0x82,0x18,0x82,0x18,0x82,0x18,0x82,0x18,
    0x82,0x18,0x82,0x18,0x82,0x18,0x82,0x18,0x82,0x18,0x82,0x18,0x82,0x18,0x82,0x18,
    0x82,0x18,0x82,0x18,0x82,0x18,0x82,0x18,0x82,0x18,0x82,0x18,0xCB,0xFA,0xCB,0xFA,
    0xCB,0xFA,0xCB,0xFA,0xCB,0xFA,0xCB,0xFA,0xCB,0xFA,0xCB,0xFA,0xCB,0xFA,0xCB,0xFA,
    0xCB,0xFA,0xCB,0xFA,0xCB,0xFA,0xCB,0xFA,0xCB,0xFA,0xCB,0xFA,0xCB,0xFA,0xCB,0xFA,
    0xE4,0x40,0x82,0x18,0x82,0x18,0x82,0x18,0x82,0x18,0x82,0x18,0x82,0x18,0x82,0x18,
    0x82,0x18,0x82,0x18,0x82,0x18,0x82,0x18,0x82,0x18,0x82,0x18,0x82,0x18,0x82,0x18,
    0x82,0x18,0x82,0x18,0x82,0x18,0x82,0x18,0x82,0x18,0x82,0x18,0x82,0x18,0x82,0x18,
    0x82,0x18,0x82,0x18,0x82,0x18,0x82,0x18,0x82,0x18,0x82,0x18,0x82,0x18,0x82,0x18,
    0x82,0x18,0x82,0x18,0x82,0x18,0x00,0x00,0x00,0x00,0x82,0x18,0x82,0x18,0x82,0x18,
    0x82,0x18,0x82,0x18,0x82,0x18,0x82,0x18,0x82,0x18,0x82,0x18,0x82,0x18,0x82,0x18,
    0x82,0x18,0x82,0x18,0x82,0x18,0x82,0x18,0x82,0x18,0x82,0x18,0x82,0x18,0x82,0x18,
    0x82,0x18,0x82,0x18,0x82,0x18,0x82,0x18,0x82,0x18,0x82,0x18,0x82,0x18,0x82,0x18,
    0x82,0x18,0x82,0x18,0x82,0x18,0x82,0x18,0x82,0x18,0x82,0x18,0x82,0x18,0x82,0x18,
    0xCB,0xFA,0xCB,0xFA,0xCB,0xFA,0xCB,0xFA,0xCB,0xFA,0xCB,0xFA,0xCB,0xFA,0xCB,0xFA,
    0xCB,0xFA,0xCB,0xFA,0xCB,0xFA,0xCB,0xFA,0xCB,0xFA,0xCB,0xFA,0xCB,0xFA,0xCB,0xFA,
    0xCB,0xFA,0xCB,0xFA,0xE4,0x40,0x82,0x18,0x82,0x18,0x82,0x18,0x82,0x18,0x82,0x18,
    0x82,0x18,0x82,0x18,0x82,0x18,0x82,0x18,0x82,0x18,0x82,0x18,0x82,0x18,0x82,0x18,
    0x82,0x18,0x82,0x18,0x82,0x18,0x82,0x18,0x82,0x18,0x82,0x18,0x82,0x18,0x82,0x18,
    0x82,0x18,0x82,0x18,0x82,0x18,0x82,0x18,0x82,0x18,0x82,0x18,0x82,0x18,0x82,0x18,
    0x82,0x18,0x82,0x18,0x82,0x18,0x82,0x18,0x82,0x18,0x00,0x00,0x00,0x00,0x82,0x18,
    0x82,0x18,0x82,0x18,0x82,0x18,0x82,0x18,0x82,0x18,0x82,0x18,0x82,0x18,0x82,0x18,
    0x82,0x18,0x82,0x18,0x82,0x18,0x82,0x18,0x82,0x18,0x82,0x18,0x82,0x18,0x82,0x18,
    0x82,0x18,0x82,0x18,0x82,0x18,0x82,0x18,0x82,0x18,0x82,0x18,0x82,0x18,0x82,0x18,
    0x82,0x18,0x82,0x18,0x82,0x18,0x82,0x18,0x82,0x18,0x82,0x18,0x82,0x18,0x82,0x18,
    0x82,0x18,0x82,0x18,0xCB,0xFA,0xCB,0xFA,0xCB,0xFA,0xCB,0xFA,0xCB,0xFA,0xCB,0xFA,
    0xCB,0xFA,0xCB,0xFA,0xCB,0xFA,0xCB,0xFA,0xCB,0xFA,0xCB,0xFA,0xCB,0xFA,0xCB,0xFA,
    0xCB,0xFA,0xCB,0xFA,0xCB,0xFA,0xCB,0xFA,0xE4,0x40,0x82,0x18,0x82,0x18,0x82,0x18,
    0x82,0x18,0x82,0x18,0x82,0x18,0x82,0x18,0x82,0x18,0x82,0x18,0x82,0x18,0x82,0x18,
    0x82,0x18,0x82,0x18,0x82,0x18,0x82,0x18,0x82,0x18,0x82,0x18,0x82,0x18,0x82,0x18,
    0x82,0x18,0x82,0x18,0x82,0x18,0x82,0x18,0x82,0x18,0x82,0x18,0x82,0x18,0x82,0x18,
    0x82,0x18,0x82,0x18,0x82,0x18,0x82,0x18,0x82,0x18,0x82,0x18,0x82,0x18,0x00,0x00,
    0x61,0x10,0x82,0x18,0x82,0x18,0x82,0x18,0x82,0x18,0x82,0x18,0x82,0x18,0x82,0x18,
    0x82,0x18,0x82,0x18,0x82,0x18,0x82,0x18,0x82,0x18,0x82,0x18,0x82,0x18,0x82,0x18,
    0x82,0x18,0x82,0x18,0x82,0x18,0x82,0x18,0x82,0x18,0x82,0x18,0x82,0x18,0x82,0x18,
    0x82,0x18,0x82,0x18,0x82,0x18,0x82,0x18,0x82,0x18,0x82,0x18,0x82,0x18,0x82,0x18,
    0x82,0x18,0x82,0x18,0x82,0x18,0x82,0x18,0xCB,0xFA,0xCB,0xFA,0xCB,0xFA,0xCB,0xFA,
    0xCB,0xFA,0xCB,0xFA,0xCB,0xFA,0xCB,0xFA,0xCB,0xFA,0xCB,0xFA,0xCB,0xFA,0xCB,0xFA,
    0xCB,0xFA,0xCB,0xFA,0xCB,0xFA,0xCB,0xFA,0xCB,0xFA,0xCB,0xFA,0xE4,0x40,0x82,0x18,
    0x82,0x18,0x82,0x18,0x82,0x18,0x82,0x18,0x82,0x18,0x82,0x18,0x82,0x18,0x82,0x18,
    0x82,0x18,0x82,0x18,0x82,0x18,0x82,0x18,0x82,0x18,0x82,0x18,0x82,0x18,0x82,0x18,
    0x82,0x18,0x82,0x18,0x82,0x18,0x82,0x18,0x82,0x18,0x82,0x18,0x82,0x18,0x82,0x18,
    0x82,0x18,0x82,0x18,0x82,0x18,0x82,0x18,0x82,0x18,0x82,0x18,0x82,0x18,0x82,0x18,
    0x82,0x18,0x61,0x10,0x62,0x18,0x82,0x18,0x82,0x18,0x82,0x18,0x82,0x18,0x82,0x18,
    0x82,0x18,0x82,0x18,0x82,0x18,0x82,0x18,0x82,0x18,0x82,0x18,0x82,0x18,0x82,0x18,
    0x82,0x18,0x82,0x18,0x82,0x18,0x82,0x18,0x82,0x18,0x82,0x18,0x82,0x18,0x82,0x18,
    0x82,0x18,0x82,0x18,0x82,0x18,0x82,0x18,0x82,0x18,0x82,0x18,0x82,0x18,0x82,0x18,
    0x82,0x18,0x82,0x18,0x82,0x18,0x82,0x18,0x82,0x18,0x82,0x18,0xCB,0xFA,0xCB,0xFA,
    0xCB,0xFA,0xCB,0xFA,0xCB,0xFA,0xCB,0xFA,0xCB,0xFA,0xCB,0xFA,0xCB,0xFA,0xCB,0xFA,
    0xCB,0xFA,0xCB,0xFA,0xCB,0xFA,0xCB,0xFA,0xCB,0xFA,0xCB,0xFA,0xCB,0xFA,0xCB,0xFA,
    0xE4,0x40,0x82,0x18,0x82,0x18,0x82,0x18,0x82,0x18,0x82,0x18,0x82,0x18,0x82,0x18,
    0x82,0x18,0x82,0x18,0x82,0x18,0x82,0x18,0x82,0x18,0x82,0x18,0x82,0x18,0x82,0x18,
    0x82,0x18,0x82,0x18,0x82,0x18,0x82,0x18,0x82,0x18,0x82,0x18,0x82,0x18,0x82,0x18,
    0x82,0x18,0x82,0x18,0x82,0x18,0x82,0x18,0x82,0x18,0x82,0x18,0x82,0x18,0x82,0x18,
    0x82,0x18,0x82,0x18,0x82,0x18,0x62,0x18,0x62,0x10,0x82,0x18,0x82,0x18,0x82,0x18,
    0x82,0x18,0x82,0x18,0x82,0x18,0x82,0x18,0x82,0x18,0x82,0x18,0x82,0x18,0x82,0x18,
    0x82,0x18,0x82,0x18,0x82,0x18,0x82,0x18,0x82,0x18,0x82,0x18,0x82,0x18,0x82,0x18,
    0x82,0x18,0x82,0x18,0x82,0x18,0x82,0x18,0x82,0x18,0x82,0x18,0x82,0x18,0x82,0x18,
    0x82,0x18,0x82,0x18,0x82,0x18,0x82,0x18,0x82,0x18,0x82,0x18,0x82,0x18,0x82,0x18,
    0xCB,0xFA,0xCB,0xFA,0xCB,0xFA,0xCB,0xFA,0xCB,0xFA,0xCB,0xFA,0xCB,0xFA,0xCB,0xFA,
    0xCB,0xFA,0xCB,0xFA,0xCB,0xFA,0xCB,0xFA,0xCB,0xFA,0xCB,0xFA,0xCB,0xFA,0xCB,0xFA,
    0xCB,0xFA,0xCB,0xFA,0xE4,0x40,0x82,0x18,0x82,0x18,0x82,0x18,0x82,0x18,0x82,0x18,
    0x82,0x18,0x82,0x18,0x82,0x18,0x82,0x18,0x82,0x18,0x82,0x18,0x82,0x18,0x82,0x18,
    0x82,0x18,0x82,0x18,0x82,0x18,0x82,0x18,0x82,0x18,0x82,0x18,0x82,0x18,0x82,0x18,
    0x82,0x18,0x82,0x18,0x82,0x18,0x82,0x18,0x82,0x18,0x82,0x18,0x82,0x18,0x82,0x18,
    0x82,0x18,0x82,0x18,0x82,0x18,0x82,0x18,0x82,0x18,0x62,0x10,0x62,0x10,0x82,0x18,
    0x82,0x18,0x82,0x18,0x82,0x18,0x82,0x18,0x82,0x18,0x82,0x18,0x82,0x18,0x82,0x18,
    0x82,0x18,0x82,0x18,0x82,0x18,0x82,0x18,0x82,0x18,0x82,0x18,0x82,0x18,0x82,0x18,
    0x82,0x18,0x82,0x18,0x82,0x18,0x82,0x18,0x82,0x18,0x82,0x18,0x82,0x18,0x82,0x18,
    0x82,0x18,0x82,0x18,0x82,0x18,0x82,0x18,0x82,0x18,0x82,0x18,0x82,0x18,0x82,0x18,
    0x82,0x18,0x82,0x18,0xCB,0xFA,0xCB,0xFA,0xCB,0xFA,0xCB,0xFA,0xCB,0xFA,0xCB,0xFA,
    0xCB,0xFA,0xCB,0xFA,0xCB,0xFA,0xCB,0xFA,0xCB,0xFA,0xCB,0xFA,0xCB,0xFA,0xCB,0xFA,
    0xCB,0xFA,0xCB,0xFA,0xCB,0xFA,0xCB,0xFA,0xE4,0x40,0x82,0x18,0x82,0x18,0x82,0x18,
    0x82,0x18,0x82,0x18,0x82,0x18,0x82,0x18,0x82,0x18,0x82,0x18,0x82,0x18,0x82,0x18,
    0x82,0x18,0x82,0x18,0x82,0x18,0x82,0x18,0x82,0x18,0x82,0x18,0x82,0x18,0x82,0x18,
    0x82,0x18,0x82,0x18,0x82,0x18,0x82,0x18,0x82,0x18,0x82,0x18,0x82,0x18,0x82,0x18,
    0x82,0x18,0x82,0x18,0x82,0x18,0x82,0x18,0x82,0x18,0x82,0x18,0x82,0x18,0x62,0x10,
    0x62,0x10,0x82,0x18,0x82,0x18,0x82,0x18,0x82,0x18,0x82,0x18,0x82,0x18,0x82,0x18,
    0x82,0x18,0x82,0x18,0x82,0x18,0x82,0x18,0x82,0x18,0x82,0x18,0x82,0x18,0x82,0x18,
    0x82,0x18,0x82,0x18,0x82,0x18,0x82,0x18,0x82,0x18,0x82,0x18,0x82,0x18,0x82,0x18,
    0x82,0x18,0x82,0x18,0x82,0x18,0x82,0x18,0x82,0x18,0x82,0x18,0x82,0x18,0x82,0x18,
    0x82,0x18,0x82,0x18,0x82,0x18,0x82,0x18,0xCB,0xFA,0xCB,0xFA,0xCB,0xFA,0xCB,0xFA,
    0xCB,0xFA,0xCB,0xFA,0xCB,0xFA,0xCB,0xFA,0xCB,0xFA,0xCB,0xFA,0xCB,0xFA,0xCB,0xFA,
    0xCB,0xFA,0xCB,0xFA,0xCB,0xFA,0xCB,0xFA,0xCB,0xFA,0xCB,0xFA,0xE4,0x40,0x82,0x18,
    0x82,0x18,0x82,0x18,0x82,0x18,0x82,0x18,0x82,0x18,0x82,0x18,0x82,0x18,0x82,0x18,
    0x82,0x18,0x82,0x18,0x82,0x18,0x82,0x18,0x82,0x18,0x82,0x18,0x82,0x18,0x82,0x18,
    0x82,0x18,0x82,0x18,0x82,0x18,0x82,0x18,0x82,0x18,0x82,0x18,0x82,0x18,0x82,0x18,
    0x82,0x18,0x82,0x18,0x82,0x18,0x82,0x18,0x82,0x18,0x82,0x18,0x82,0x18,0x82,0x18,
    0x82,0x18,0x62,0x10,0x82,0x18,0x82,0x18,0x82,0x18,0x82,0x18,0x82,0x18,0x82,0x18,
    0x82,0x18,0x82,0x18,0x82,0x18,0x82,0x18,0x82,0x18,0x82,0x18,0x82,0x18,0x82,0x18,
    0x82,0x18,0x82,0x18,0x82,0x18,0x82,0x18,0x82,0x18,0x82,0x18,0x82,0x18,0x82,0x18,
    0x82,0x18,0x82,0x18,0x82,0x18,0x82,0x18,0x82,0x18,0x82,0x18,0x82,0x18,0x82,0x18,
    0x82,0x18,0x82,0x18,0x82,0x18,0x82,0x18,0x82,0x18,0x82,0x18,0xCB,0xF2,0xCB,0xFA,
    0xCB,0xFA,0xCB,0xFA,0xCB,0xFA,0xCB,0xFA,0xCB,0xFA,0xCB,0xFA,0xCB,0xFA,0xCB,0xFA,
    0xCB,0xFA,0xCB,0xFA,0xCB,0xFA,0xCB,0xFA,0xCB,0xFA,0xCB,0xFA,0xCB,0xFA,0xCB,0xFA,
    0xE3,0x38,0x82,0x18,0x82,0x18,0x82,0x18,0x82,0x18,0x82,0x18,0x82,0x18,0x82,0x18,
    0x82,0x18,0x82,0x18,0x82,0x18,0x82,0x18,0x82,0x18,0x82,0x18,0x82,0x18,0x82,0x18,
    0x82,0x18,0x82,0x18,0x82,0x18,0x82,0x18,0x82,0x18,0x82,0x18,0x82,0x18,0x82,0x18,
    0x82,0x18,0x82,0x18,0x82,0x18,0x82,0x18,0x82,0x18,0x82,0x18,0x82,0x18,0x82,0x18,
    0x82,0x18,0x82,0x18,0x82,0x18,0x82,0x18,0x82,0x10,0x82,0x18,0x82,0x18,0x82,0x18,
    0x82,0x18,0x82,0x18,0x82,0x18,0x82,0x18,0x82,0x18,0x82,0x18,0x82,0x18,0x82,0x18,
    0x82,0x18,0x82,0x18,0x82,0x18,0x82,0x18,0x82,0x18,0x82,0x18,0x82,0x18,0x82,0x18,
    0x82,0x18,0x82,0x18,0x82,0x18,0x82,0x18,0x82,0x18,0x82,0x18,0x82,0x18,0x82,0x18,
    0x82,0x18,0x82,0x18,0x82,0x18,0x82,0x18,0x82,0x18,0x82,0x18,0x82,0x18,0x82,0x18,
    0x49,0xCA,0xCB,0xFA,0xCB,0xFA,0xCB,0xFA,0xCB,0xFA,0xCB,0xFA,0xCB,0xFA,0xCB,0xFA,
    0xCB,0xFA,0xCB,0xFA,0xCB,0xFA,0xCB,0xFA,0xCB,0xFA,0xCB,0xFA,0xCB,0xFA,0xCB,0xFA,
    0xCB,0xFA,0xCB,0xF2,0x82,0x18,0x82,0x18,0x82,0x18,0x82,0x18,0x82,0x18,0x82,0x18,
    0x82,0x18,0x82,0x18,0x82,0x18,0x82,0x18,0x82,0x18,0x82,0x18,0x82,0x18,0x82,0x18,
    0x82,0x18,0x82,0x18,0x82,0x18,0x82,0x18,0x82,0x18,0x82,0x18,0x82,0x18,0x82,0x18,
    0x82,0x18,0x82,0x18,0x82,0x18,0x82,0x18,0x82,0x18,0x82,0x18,0x82,0x18,0x82,0x18,
    0x82,0x18,0x82,0x18,0x82,0x18,0x82,0x18,0x82,0x18,0x82,0x10,0x82,0x18,0x82,0x18,
    0x82,0x18,0x82,0x18,0x82,0x18,0x82,0x18,0x82,0x18,0x82,0x18,0x82,0x18,0x82,0x18,
    0x82,0x18,0x82,0x18,0x82,0x18,0x82,0x18,0x82,0x18,0x82,0x18,0x82,0x18,0x82,0x18,
    0x82,0x18,0x82,0x18,0x82,0x18,0x82,0x18,0x82,0x18,0x82,0x18,0x82,0x18,0x82,0x18,
    0x82,0x18,0x82,0x18,0x82,0x18,0x82,0x18,0x82,0x18,0x82,0x18,0x82,0x18,0x82,0x18,
    0x82,0x18,0x82,0x18,0x86,0x81,0xCB,0xFA,0xCB,0xFA,0xCB,0xFA,0xCB,0xFA,0xCB,0xFA,
    0xCB,0xFA,0xCB,0xFA,0xCB,0xFA,0xCB,0xFA,0xCB,0xFA,0xCB,0xFA,0xCB,0xFA,0xCB,0xFA,
    0xCB,0xFA,0xCB,0xFA,0xCB,0xFA,0x08,0xB2,0x82,0x18,0x82,0x18,0x82,0x18,0x82,0x18,
    0x82,0x18,0x82,0x18,0x82,0x18,0x82,0x18,0x82,0x18,0x82,0x18,0x82,0x18,0x82,0x18,
    0x82,0x18,0x82,0x18,0x82,0x18,0x82,0x18,0x82,0x18,0x82,0x18,0x82,0x18,0x82,0x18,
    0x82,0x18,0x82,0x18,0x82,0x18,0x82,0x18,0x82,0x18,0x82,0x18,0x82,0x18,0x82,0x18,
    0x82,0x18,0x82,0x18,0x82,0x18,0x82,0x18,0x82,0x18,0x82,0x18,0x82,0x18,0x82,0x18,
    0x82,0x18,0x82,0x18,0x82,0x18,0x82,0x18,0x82,0x18,0x82,0x18,0x82,0x18,0x82,0x18,
    0x82,0x18,0x82,0x18,0x82,0x18,0x82,0x18,0x82,0x18,0x82,0x18,0x82,0x18,0x82,0x18,
    0x82,0x18,0x82,0x18,0x82,0x18,0x82,0x18,0x82,0x18,0x82,0x18,0x82,0x18,0x82,0x18,
    0x82,0x18,0x82,0x18,0x82,0x18,0x82,0x18,0x82,0x18,0x82,0x18,0x82,0x18,0x82,0x18,
    0x82,0x18,0x82,0x18,0x82,0x18,0x82,0x18,0xA3,0x28,0xCB,0xF2,0xCB,0xFA,0xCB,0xFA,
    0xCB,0xFA,0xCB,0xFA,0xCB,0xFA,0xCB,0xFA,0xCB,0xFA,0xCB,0xFA,0xCB,0xFA,0xCB,0xFA,
    0xCB,0xFA,0xCB,0xFA,0xCB,0xFA,0xCB,0xFA,0xCB,0xFA,0x04,0x49,0x82,0x18,0x82,0x18,
    0x82,0x18,0x82,0x18,0x82,0x18,0x82,0x18,0x82,0x18,0x82,0x18,0x82,0x18,0x82,0x18,
    0x82,0x18,0x82,0x18,0x82,0x18,0x82,0x18,0x82,0x18,0x82,0x18,0x82,0x18,0x82,0x18,
    0x82,0x18,0x82,0x18,0x82,0x18,0x82,0x18,0x82,0x18,0x82,0x18,0x82,0x18,0x82,0x18,
    0x82,0x18,0x82,0x18,0x82,0x18,0x82,0x18,0x82,0x18,0x82,0x18,0x82,0x18,0x82,0x18,
    0x82,0x18,0x82,0x18,0x82,0x18,0x82,0x18,0x82,0x18,0x82,0x18,0x82,0x18,0x82,0x18,
    0x82,0x18,0x82,0x18,0x82,0x18,0x82,0x18,0x82,0x18,0x82,0x18,0x82,0x18,0x82,0x18,
    0x82,0x18,0x82,0x18,0x82,0x18,0x82,0x18,0x82,0x18,0x82,0x18,0x82,0x18,0x82,0x18,
    0x82,0x18,0x82,0x18,0x82,0x18,0x82,0x18,0x82,0x18,0x82,0x18,0x82,0x18,0x82,0x18,
    0x82,0x18,0x82,0x18,0x82,0x18,0x82,0x18,0x82,0x18,0x82,0x18,0x82,0x18,0xC7,0x99,
    0xCB,0xFA,0xCB,0xFA,0xCB,0xFA,0xCB,0xFA,0xCB,0xFA,0xCB,0xFA,0xCB,0xFA,0xCB,0xFA,
    0xCB,0xFA,0xCB,0xFA,0xCB,0xFA,0xCB,0xFA,0xCB,0xFA,0xCB,0xFA,0x29,0xC2,0x82,0x18,
    0x82,0x18,0x82,0x18,0x82,0x18,0x82,0x18,0x82,0x18,0x82,0x18,0x82,0x18,0x82,0x18,
    0x82,0x18,0x82,0x18,0x82,0x18,0x82,0x18,0x82,0x18,0x82,0x18,0x82,0x18,0x82,0x18,
    0x82,0x18,0x82,0x18,0x82,0x18,0x82,0x18,0x82,0x18,0x82,0x18,0x82,0x18,0x82,0x18,
    0x82,0x18,0x82,0x18,0x82,0x18,0x82,0x18,0x82,0x18,0x82,0x18,0x82,0x18,0x82,0x18,
    0x82,0x18,0x82,0x18,0x82,0x18,0x82,0x18,0x82,0x18,0x82,0x18,0x82,0x18,0x82,0x18,
    0x82,0x18,0x82,0x18,0x82,0x18,0x82,0x18,0x82,0x18,0x82,0x18,0x82,0x18,0x82,0x18,
    0x82,0x18,0x82,0x18,0x82,0x18,0x82,0x18,0x82,0x18,0x82,0x18,0x82,0x18,0x82,0x18,
    0x82,0x18,0x82,0x18,0x82,0x18,0x82,0x18,0x82,0x18,0x82,0x18,0x82,0x18,0x82,0x18,
    0x82,0x18,0x82,0x18,0x82,0x18,0x82,0x18,0x82,0x18,0x82,0x18,0x82,0x18,0x82,0x18,
    0x82,0x18,0x82,0x18,0x69,0xD2,0xCB,0xFA,0xCB,0xFA,0xCB,0xFA,0xCB,0xFA,0xCB,0xFA,
    0xCB,0xFA,0xCB,0xFA,0xCB,0xFA,0xCB,0xFA,0xCB,0xFA,0xCB,0xFA,0xCB,0xFA,0xAA,0xEA,
    0xC3,0x30,0x82,0x18,0x82,0x18,0x82,0x18,0x82,0x18,0x82,0x18,0x82,0x18,0x82,0x18,
    0x82,0x18,0x82,0x18,0x82,0x18,0x82,0x18,0x82,0x18,0x82,0x18,0x82,0x18,0x82,0x18,
    0x82,0x18,0x82,0x18,0x82,0x18,0x82,0x18,0x82,0x18,0x82,0x18,0x82,0x18,0x82,0x18,
    0x82,0x18,0x82,0x18,0x82,0x18,0x82,0x18,0x82,0x18,0x82,0x18,0x82,0x18,0x82,0x18,
    0x82,0x18,0x82,0x18,0x82,0x18,0x82,0x18,0x82,0x18,0x82,0x18,0x82,0x10,0x82,0x18,
    0x82,0x18,0x82,0x18,0x82,0x18,0x82,0x18,0x82,0x18,0x82,0x18,0x82,0x18,0x82,0x18,
    0x82,0x18,0x82,0x18,0x82,0x18,0x82,0x18,0x82,0x18,0x82,0x18,0x82,0x18,0x82,0x18,
    0x82,0x18,0x82,0x18,0x82,0x18,0x82,0x18,0x82,0x18,0x82,0x18,0x82,0x18,0x82,0x18,
    0x82,0x18,0x82,0x18,0x82,0x18,0x82,0x18,0x82,0x18,0x82,0x18,0x82,0x18,0x82,0x18,
    0x82,0x18,0x82,0x18,0x82,0x18,0x82,0x18,0x82,0x20,0x08,0xB2,0xCB,0xFA,0xCB,0xFA,
    0xCB,0xFA,0xCB,0xFA,0xCB,0xFA,0xCB,0xFA,0xCB,0xFA,0xCB,0xFA,0xCB,0xFA,0xCB,0xFA,
    0x69,0xD2,0xC3,0x30,0x82,0x18,0x82,0x18,0x82,0x18,0x82,0x18,0x82,0x18,0x82,0x18,
    0x82,0x18,0x82,0x18,0x82,0x18,0x82,0x18,0x82,0x18,0x82,0x18,0x82,0x18,0x82,0x18,
    0x82,0x18,0x82,0x18,0x82,0x18,0x82,0x18,0x82,0x18,0x82,0x18,0x82,0x18,0x82,0x18,
    0x82,0x18,0x82,0x18,0x82,0x18,0x82,0x18,0x82,0x18,0x82,0x18,0x82,0x18,0x82,0x18,
    0x82,0x18,0x82,0x18,0x82,0x18,0x82,0x18,0x82,0x18,0x82,0x18,0x82,0x18,0x82,0x10,
    0x82,0x18,0x82,0x18,0x82,0x18,0x82,0x18,0x82,0x18,0x82,0x18,0x82,0x18,0x82,0x18,
    0x82,0x18,0x82,0x18,0x82,0x18,0x82,0x18,0x82,0x18,0x82,0x18,0x82,0x18,0x82,0x18,
    0x82,0x18,0x82,0x18,0x82,0x18,0x82,0x18,0x82,0x18,0x82,0x18,0x82,0x18,0x82,0x18,
    0x82,0x18,0x82,0x18,0x82,0x18,0x82,0x18,0x82,0x18,0x82,0x18,0x82,0x18,0x82,0x18,
    0x82,0x18,0x82,0x18,0x82,0x18,0x82,0x18,0x82,0x18,0x82,0x18,0x82,0x18,0x82,0x18,
    0x86,0x81,0xCB,0xF2,0xCB,0xFA,0xCB,0xFA,0xCB,0xFA,0xCB,0xFA,0xCB,0xFA,0xCB,0xFA,
    0xCB,0xFA,0xC7,0x99,0x82,0x20,0x82,0x18,0x82,0x18,0x82,0x18,0x82,0x18,0x82,0x18,
    0x82,0x18,0x82,0x18,0x82,0x18,0x82,0x18,0x82,0x18,0x82,0x18,0x82,0x18,0x82,0x18,
    0x82,0x18,0x82,0x18,0x82,0x18,0x82,0x18,0x82,0x18,0x82,0x18,0x82,0x18,0x82,0x18,
    0x82,0x18,0x82,0x18,0x82,0x18,0x82,0x18,0x82,0x18,0x82,0x18,0x82,0x18,0x82,0x18,
    0x82,0x18,0x82,0x18,0x82,0x18,0x82,0x18,0x82,0x18,0x82,0x18,0x82,0x18,0x82,0x18,
    0x82,0x18,0x82,0x18,0x62,0x10,0x82,0x18,0x82,0x18,0x82,0x18,0x82,0x18,0x82,0x18,
    0x82,0x18,0x82,0x18,0x82,0x18,0x82,0x18,0x82,0x18,0x82,0x18,0x82,0x18,0x82,0x18,
    0x82,0x18,0x82,0x18,0x82,0x18,0x82,0x18,0x82,0x18,0x82,0x18,0x82,0x18,0x82,0x18,
    0x82,0x18,0x82,0x18,0x82,0x18,0x82,0x18,0x82,0x18,0x82,0x18,0x82,0x18,0x82,0x18,
    0x82,0x18,0x82,0x18,0x82,0x18,0x82,0x18,0x82,0x18,0x82,0x18,0x82,0x18,0x82,0x18,
    0x82,0x18,0x82,0x18,0x82,0x18,0x82,0x20,0x25,0x59,0xC7,0x91,0x08,0xB2,0x08,0xB2,
    0xC7,0x99,0x65,0x69,0xA3,0x20,0x82,0x18,0x82,0x18,0x82,0x18,0x82,0x18,0x82,0x18,
    0x82,0x18,0x82,0x18,0x82,0x18,0x82,0x18,0x82,0x18,0x82,0x18,0x82,0x18,0x82,0x18,
    0x82,0x18,0x82,0x18,0x82,0x18,0x82,0x18,0x82,0x18,0x82,0x18,0x82,0x18,0x82,0x18,
    0x82,0x18,0x82,0x18,0x82,0x18,0x82,0x18,0x82,0x18,0x82,0x18,0x82,0x18,0x82,0x18,
    0x82,0x18,0x82,0x18,0x82,0x18,0x82,0x18,0x82,0x18,0x82,0x18,0x82,0x18,0x82,0x18,
    0x82,0x18,0x82,0x18,0x82,0x18,0x62,0x10,0x62,0x10,0x82,0x18,0x82,0x18,0x82,0x18,
    0x82,0x18,0x82,0x18,0x82,0x18,0x82,0x18,0x82,0x18,0x82,0x18,0x82,0x18,0x82,0x18,
    0x82,0x18,0x82,0x18,0x82,0x18,0x82,0x18,0x82,0x18,0x82,0x18,0x82,0x18,0x82,0x18,
    0x82,0x18,0x82,0x18,0x82,0x18,0x82,0x18,0x82,0x18,0x82,0x18,0x82,0x18,0x82,0x18,
    0x49,0x4A,0x04,0x29,0x82,0x18,0x82,0x18,0x82,0x18,0x82,0x18,0x82,0x18,0x82,0x18,
    0x82,0x18,0x82,0x18,0x82,0x18,0x82,0x18,0x82,0x18,0x82,0x18,0x82,0x18,0x82,0x18,
    0x82,0x18,0x82,0x18,0x82,0x18,0x82,0x18,0x82,0x18,0x82,0x18,0x82,0x18,0x82,0x18,
    0x82,0x18,0x82,0x18,0x82,0x18,0x82,0x18,0x82,0x18,0x82,0x18,0x82,0x18,0x82,0x18,
    0x04,0x29,0xC7,0x39,0x82,0x18,0x82,0x18,0x82,0x18,0x82,0x18,0x82,0x18,0x82,0x18,
    0x82,0x18,0x82,0x18,0x82,0x18,0x82,0x18,0x82,0x18,0x82,0x18,0x82,0x18,0x82,0x18,
    0x82,0x18,0x82,0x18,0x82,0x18,0x82,0x18,0x82,0x18,0x82,0x18,0x82,0x18,0x82,0x18,
    0x82,0x18,0x82,0x18,0x82,0x18,0x82,0x18,0x82,0x18,0x62,0x10,0x62,0x10,0x82,0x18,
    0x82,0x18,0x82,0x18,0x82,0x18,0x82,0x18,0x82,0x18,0x82,0x18,0x82,0x18,0x82,0x18,
    0x82,0x18,0x82,0x18,0x82,0x18,0x82,0x18,0x82,0x18,0x82,0x18,0x82,0x18,0x82,0x18,
    0x82,0x18,0x82,0x18,0x82,0x18,0x82,0x18,0x82,0x18,0x82,0x18,0x82,0x18,0x45,0x29,
    0x10,0x84,0x1C,0xE7,0xFF,0xFF,0xCF,0x7B,0x82,0x18,0x82,0x18,0x82,0x18,0x82,0x18,
    0x82,0x18,0x82,0x18,0x82,0x18,0x82,0x18,0x82,0x18,0x82,0x18,0x82,0x18,0x82,0x18,
    0x82,0x18,0x82,0x18,0x82,0x18,0x82,0x18,0x82,0x18,0x82,0x18,0x82,0x18,0x82,0x18,
    0x82,0x18,0x82,0x18,0x82,0x18,0x82,0x18,0x82,0x18,0x82,0x18,0x82,0x18,0x82,0x18,
    0x82,0x18,0x82,0x18,0xCF,0x7B,0xFF,0xFF,0x7A,0xD6,0x10,0x84,0x45,0x29,0x82,0x18,
    0x82,0x18,0x82,0x18,0x82,0x18,0x82,0x18,0x82,0x18,0x82,0x18,0x82,0x18,0x82,0x18,
    0x82,0x18,0x82,0x18,0x82,0x18,0x82,0x18,0x82,0x18,0x82,0x18,0x82,0x18,0x82,0x18,
    0x82,0x18,0x82,0x18,0x82,0x18,0x82,0x18,0x82,0x18,0x82,0x18,0x82,0x18,0x62,0x10,
    0x62,0x18,0x82,0x18,0x82,0x18,0x82,0x18,0x82,0x18,0x82,0x18,0x82,0x18,0x82,0x18,
    0x82,0x18,0x82,0x18,0x82,0x18,0x82,0x18,0x82,0x18,0x82,0x18,0x82,0x18,0x82,0x18,
    0x82,0x18,0x82,0x18,0x82,0x18,0x82,0x18,0x82,0x18,0x82,0x18,0x82,0x18,0x82,0x18,
    0x82,0x18,0x2D,0x6B,0xFF,0xFF,0xFF,0xFF,0xFF,0xFF,0xFC,0xE6,0xC3,0x20,0x82,0x18,
    0x82,0x18,0x82,0x18,0x82,0x18,0x82,0x18,0x82,0x18,0x82,0x18,0x82,0x18,0x82,0x18,
    0x82,0x18,0x82,0x18,0x82,0x18,0x82,0x18,0x82,0x18,0x82,0x18,0x82,0x18,0x82,0x18,
    0x82,0x18,0x82,0x18,0x82,0x18,0x82,0x18,0x82,0x18,0x82,0x18,0x82,0x18,0x82,0x18,
    0x82,0x18,0x82,0x18,0x82,0x18,0xC3,0x20,0xFC,0xE6,0xFF,0xFF,0xFF,0xFF,0xFF,0xFF,
    0x2D,0x6B,0x82,0x18,0x82,0x18,0x82,0x18,0x82,0x18,0x82,0x18,0x82,0x18,0x82,0x18,
    0x82,0x18,0x82,0x18,0x82,0x18,0x82,0x18,0x82,0x18,0x82,0x18,0x82,0x18,0x82,0x18,
    0x82,0x18,0x82,0x18,0x82,0x18,0x82,0x18,0x82,0x18,0x82,0x18,0x82,0x18,0x82,0x18,
    0x82,0x18,0x62,0x18,0x61,0x10,0x82,0x18,0x82,0x18,0x82,0x18,0x82,0x18,0x82,0x18,
    0x82,0x18,0x82,0x18,0x82,0x18,0x82,0x18,0x82,0x18,0x82,0x18,0x82,0x18,0x82,0x18,
    0x82,0x18,0x82,0x18,0x82,0x18,0x82,0x18,0x82,0x18,0x82,0x18,0x82,0x18,0x82,0x18,
    0x82,0x18,0x82,0x18,0x82,0x18,0xC3,0x20,0xBE,0xF7,0xFF,0xFF,0xFF,0xFF,0xFF,0xFF,
    0xCF,0x7B,0x82,0x18,0x82,0x18,0x82,0x18,0x82,0x18,0x82,0x18,0x82,0x18,0x82,0x18,
    0x82,0x18,0x82,0x18,0x82,0x18,0x82,0x18,0x82,0x18,0x82,0x18,0x82,0x18,0x82,0x18,
    0x82,0x18,0x82,0x18,0x82,0x18,0x82,0x18,0x82,0x18,0x82,0x18,0x82,0x18,0x82,0x18,
    0x82,0x18,0x82,0x18,0x82,0x18,0x82,0x18,0x82,0x18,0xCF,0x7B,0xFF,0xFF,0xFF,0xFF,
    0xFF,0xFF,0xBE,0xF7,0xC3,0x20,0x82,0x18,0x82,0x18,0x82,0x18,0x82,0x18,0x82,0x18,
    0x82,0x18,0x82,0x18,0x82,0x18,0x82,0x18,0x82,0x18,0x82,0x18,0x82,0x18,0x82,0x18,
    0x82,0x18,0x82,0x18,0x82,0x18,0x82,0x18,0x82,0x18,0x82,0x18,0x82,0x18,0x82,0x18,
    0x82,0x18,0x82,0x18,0x82,0x18,0x61,0x10,0x00,0x00,0x82,0x18,0x82,0x18,0x82,0x18,
    0x82,0x18,0x82,0x18,0x82,0x18,0x82,0x18,0x82,0x18,0x82,0x18,0x82,0x18,0x82,0x18,
    0x82,0x18,0x82,0x18,0x82,0x18,0x82,0x18,0x82,0x18,0x82,0x18,0x82,0x18,0x82,0x18,
    0x82,0x18,0x82,0x18,0x82,0x18,0x82,0x18,0x82,0x18,0x82,0x18,0xB3,0x9C,0xFF,0xFF,
    0xFF,0xFF,0xFF,0xFF,0x7D,0xEF,0x04,0x29,0x82,0x18,0x82,0x18,0x82,0x18,0x82,0x18,
    0x82,0x18,0x82,0x18,0x82,0x18,0x82,0x18,0x82,0x18,0x82,0x18,0x82,0x18,0x82,0x18,
    0x82,0x18,0x82,0x18,0x82,0x18,0x82,0x18,0x82,0x18,0x82,0x18,0x82,0x18,0x82,0x18,
    0x82,0x18,0x82,0x18,0x82,0x18,0x82,0x18,0x82,0x18,0x82,0x18,0x04,0x29,0x7D,0xEF,
    0xFF,0xFF,0xFF,0xFF,0xFF,0xFF,0xB3,0x9C,0x82,0x18,0x82,0x18,0x82,0x18,0x82,0x18,
    0x82,0x18,0x82,0x18,0x82,0x18,0x82,0x18,0x82,0x18,0x82,0x18,0x82,0x18,0x82,0x18,
    0x82,0x18,0x82,0x18,0x82,0x18,0x82,0x18,0x82,0x18,0x82,0x18,0x82,0x18,0x82,0x18,
    0x82,0x18,0x82,0x18,0x82,0x18,0x82,0x18,0x82,0x18,0x00,0x00,0x00,0x00,0x82,0x18,
    0x82,0x18,0x82,0x18,0x82,0x18,0x82,0x18,0x82,0x18,0x82,0x18,0x82,0x18,0x82,0x18,
    0x82,0x18,0x82,0x18,0x82,0x18,0x82,0x18,0x82,0x18,0x82,0x18,0x82,0x18,0x82,0x18,
    0x82,0x18,0x82,0x18,0x82,0x18,0x82,0x18,0x82,0x18,0x82,0x18,0x82,0x18,0x82,0x18,
    0x04,0x21,0x7D,0xF7,0xFF,0xFF,0xFF,0xFF,0xFF,0xFF,0xB2,0x9C,0x82,0x18,0x82,0x18,
    0x82,0x18,0x82,0x18,0x82,0x18,0x82,0x18,0x82,0x18,0x82,0x18,0x82,0x18,0x82,0x18,
    0x82,0x18,0x82,0x18,0x82,0x18,0x82,0x18,0x82,0x18,0x82,0x18,0x82,0x18,0x82,0x18,
    0x82,0x18,0x82,0x18,0x82,0x18,0x82,0x18,0x82,0x18,0x82,0x18,0x82,0x18,0x82,0x18,
    0xB2,0x9C,0xFF,0xFF,0xFF,0xFF,0xFF,0xFF,0x7D,0xF7,0x04,0x21,0x82,0x18,0x82,0x18,
    0x82,0x18,0x82,0x18,0x82,0x18,0x82,0x18,0x82,0x18,0x82,0x18,0x82,0x18,0x82,0x18,
    0x82,0x18,0x82,0x18,0x82,0x18,0x82,0x18,0x82,0x18,0x82,0x18,0x82,0x18,0x82,0x18,
    0x82,0x18,0x82,0x18,0x82,0x18,0x82,0x18,0x82,0x18,0x82,0x18,0x82,0x18,0x00,0x00,
    0x00,0x00,0x82,0x18,0x82,0x18,0x82,0x18,0x82,0x18,0x82,0x18,0x82,0x18,0x82,0x18,
    0x82,0x18,0x82,0x18,0x82,0x18,0x82,0x18,0x82,0x18,0x82,0x18,0x82,0x18,0x82,0x18,
    0x82,0x18,0x82,0x18,0x82,0x18,0x82,0x18,0x82,0x18,0x82,0x18,0x82,0x18,0x82,0x18,
    0x82,0x18,0x82,0x18,0x82,0x18,0x2D,0x6B,0xFF,0xFF,0xFF,0xFF,0xFF,0xFF,0xFF,0xFF,
    0xEB,0x62,0x82,0x18,0x82,0x18,0x82,0x18,0x82,0x18,0x82,0x18,0x82,0x18,0x82,0x18,
    0x82,0x18,0x82,0x18,0x82,0x18,0x82,0x18,0x82,0x18,0x82,0x18,0x82,0x18,0x82,0x18,
    0x82,0x18,0x82,0x18,0x82,0x18,0x82,0x18,0x82,0x18,0x82,0x18,0x82,0x18,0x82,0x18,
    0x82,0x18,0xEB,0x62,0xFF,0xFF,0xFF,0xFF,0xFF,0xFF,0xFF,0xFF,0x2D,0x6B,0x82,0x18,
    0x82,0x18,0x82,0x18,0x82,0x18,0x82,0x18,0x82,0x18,0x82,0x18,0x82,0x18,0x82,0x18,
    0x82,0x18,0x82,0x18,0x82,0x18,0x82,0x18,0x82,0x18,0x82,0x18,0x82,0x18,0x82,0x18,
    0x82,0x18,0x82,0x18,0x82,0x18,0x82,0x18,0x82,0x18,0x82,0x18,0x82,0x18,0x82,0x18,
    0x82,0x18,0x00,0x00,0x00,0x00,0x62,0x18,0x82,0x18,0x82,0x18,0x82,0x18,0x82,0x18,
    0x82,0x18,0x82,0x18,0x82,0x18,0x82,0x18,0x82,0x18,0x82,0x18,0x82,0x18,0x82,0x18,
    0x82,0x18,0x82,0x18,0x82,0x18,0x82,0x18,0x82,0x18,0x82,0x18,0x82,0x18,0x82,0x18,
    0x82,0x18,0x82,0x18,0x82,0x18,0x82,0x18,0x82,0x18,0x82,0x18,0x39,0xCE,0xFF,0xFF,
    0xFF,0xFF,0xFF,0xFF,0xBE,0xF7,0x49,0x4A,0x82,0x18,0x82,0x18,0x82,0x18,0x82,0x18,
    0x82,0x18,0x82,0x18,0x82,0x18,0x82,0x18,0x82,0x18,0x82,0x18,0x82,0x18,0x82,0x18,
    0x82,0x18,0x82,0x18,0x82,0x18,0x82,0x18,0x82,0x18,0x82,0x18,0x82,0x18,0x82,0x18,
    0x82,0x18,0x82,0x18,0x49,0x4A,0xBE,0xF7,0xFF,0xFF,0xFF,0xFF,0xFF,0xFF,0x39,0xCE,
    0x82,0x18,0x82,0x18,0x82,0x18,0x82,0x18,0x82,0x18,0x82,0x18,0x82,0x18,0x82,0x18,
    0x82,0x18,0x82,0x18,0x82,0x18,0x82,0x18,0x82,0x18,0x82,0x18,0x82,0x18,0x82,0x18,
    0x82,0x18,0x82,0x18,0x82,0x18,0x82,0x18,0x82,0x18,0x82,0x18,0x82,0x18,0x82,0x18,
    0x82,0x18,0x82,0x18,0x62,0x18,0x00,0x00,0x00,0x00,0xC3,0x18,0x62,0x18,0x82,0x18,
    0x82,0x18,0x82,0x18,0x82,0x18,0x82,0x18,0x82,0x18,0x82,0x18,0x82,0x18,0x82,0x18,
    0x82,0x18,0x82,0x18,0x82,0x18,0x82,0x18,0x82,0x18,0x82,0x18,0x82,0x18,0x82,0x18,
    0x82,0x18,0x82,0x18,0x82,0x18,0x82,0x18,0x82,0x18,0x82,0x18,0x82,0x18,0x82,0x18,
    0x86,0x39,0x7D,0xF7,0xFF,0xFF,0xFF,0xFF,0xFF,0xFF,0xBE,0xF7,0x8A,0x5A,0x82,0x18,
    0x82,0x18,0x82,0x18,0x82,0x18,0x82,0x18,0x82,0x18,0x82,0x18,0x82,0x18,0x82,0x18,
    0x82,0x18,0x82,0x18,0x82,0x18,0x82,0x18,0x82,0x18,0x82,0x18,0x82,0x18,0x82,0x18,
    0x82,0x18,0x82,0x18,0x82,0x18,0x8A,0x5A,0xBE,0xF7,0xFF,0xFF,0xFF,0xFF,0xFF,0xFF,
    0x7D,0xF7,0x86,0x39,0x82,0x18,0x82,0x18,0x82,0x18,0x82,0x18,0x82,0x18,0x82,0x18,
    0x82,0x18,0x82,0x18,0x82,0x18,0x82,0x18,0x82,0x18,0x82,0x18,0x82,0x18,0x82,0x18,
    0x82,0x18,0x82,0x18,0x82,0x18,0x82,0x18,0x82,0x18,0x82,0x18,0x82,0x18,0x82,0x18,
    0x82,0x18,0x82,0x18,0x82,0x18,0x62,0x18,0xC3,0x18,0x00,0x00,0x00,0x00,0x00,0x00,
    0x82,0x18,0x82,0x18,0x82,0x18,0x82,0x18,0x82,0x18,0x82,0x18,0x82,0x18,0x82,0x18,
    0x82,0x18,0x82,0x18,0x82,0x18,0x82,0x18,0x82,0x18,0x82,0x18,0x82,0x18,0x82,0x18,
    0x82,0x18,0x82,0x18,0x82,0x18,0x82,0x18,0x82,0x18,0x82,0x18,0x82,0x18,0x82,0x18,
    0x82,0x18,0x82,0x18,0x82,0x18,0x49,0x4A,0xBE,0xF7,0xFF,0xFF,0xFF,0xFF,0xFF,0xFF,
    0xBE,0xF7,0xCF,0x7B,0x82,0x18,0x82,0x18,0x82,0x18,0x82,0x18,0x82,0x18,0x82,0x18,
    0x82,0x18,0x82,0x18,0x82,0x18,0x82,0x18,0x82,0x18,0x82,0x18,0x82,0x18,0x82,0x18,
    0x82,0x18,0x82,0x18,0x82,0x18,0x82,0x18,0xCF,0x7B,0xBE,0xF7,0xFF,0xFF,0xFF,0xFF,
    0xFF,0xFF,0xBE,0xF7,0x49,0x4A,0x82,0x18,0x82,0x18,0x82,0x18,0x82,0x18,0x82,0x18,
    0x82,0x18,0x82,0x18,0x82,0x18,0x82,0x18,0x82,0x18,0x82,0x18,0x82,0x18,0x82,0x18,
    0x82,0x18,0x82,0x18,0x82,0x18,0x82,0x18,0x82,0x18,0x82,0x18,0x82,0x18,0x82,0x18,
    0x82,0x18,0x82,0x18,0x82,0x18,0x82,0x18,0x82,0x18,0x82,0x18,0x00,0x00,0x00,0x00,
    0x00,0x00,0x00,0x00,0x62,0x18,0x82,0x18,0x82,0x18,0x82,0x18,0x82,0x18,0x82,0x18,
    0x82,0x18,0x82,0x18,0x82,0x18,0x82,0x18,0x82,0x18,0x82,0x18,0x82,0x18,0x82,0x18,
    0x82,0x18,0x82,0x18,0x82,0x18,0x82,0x18,0x82,0x18,0x82,0x18,0x82,0x18,0x82,0x18,
    0x82,0x18,0x82,0x18,0x82,0x18,0x82,0x18,0x82,0x18,0x82,0x18,0x2D,0x6B,0xFF,0xFF,
    0xFF,0xFF,0xFF,0xFF,0xFF,0xFF,0xFF,0xFF,0xF7,0xBD,0x86,0x31,0x82,0x18,0x82,0x18,
    0x82,0x18,0x82,0x18,0x82,0x18,0x82,0x18,0x82,0x18,0x82,0x18,0x82,0x18,0x82,0x18,
    0x82,0x18,0x82,0x18,0x82,0x18,0x82,0x18,0x86,0x31,0xF7,0xBD,0xFF,0xFF,0xFF,0xFF,
    0xFF,0xFF,0xFF,0xFF,0xFF,0xFF,0x2D,0x6B,0x82,0x18,0x82,0x18,0x82,0x18,0x82,0x18,
    0x82,0x18,0x82,0x18,0x82,0x18,0x82,0x18,0x82,0x18,0x82,0x18,0x82,0x18,0x82,0x18,
    0x82,0x18,0x82,0x18,0x82,0x18,0x82,0x18,0x82,0x18,0x82,0x18,0x82,0x18,0x82,0x18,
    0x82,0x18,0x82,0x18,0x82,0x18,0x82,0x18,0x82,0x18,0x82,0x18,0x82,0x18,0x62,0x18,
    0x00,0x00,0x00,0x00,0x00,0x00,0x00,0x00,0x00,0x00,0x62,0x10,0x82,0x18,0x82,0x18,
    0x82,0x18,0x82,0x18,0x82,0x18,0x82,0x18,0x82,0x18,0x82,0x18,0x82,0x18,0x82,0x18,
    0x82,0x18,0x82,0x18,0x82,0x18,0x82,0x18,0x82,0x18,0x82,0x18,0x82,0x18,0x82,0x18,
    0x82,0x18,0x82,0x18,0x82,0x18,0x82,0x18,0x82,0x18,0x82,0x18,0x82,0x18,0x82,0x18,
    0x82,0x18,0x0C,0x63,0xBE,0xF7,0xFF,0xFF,0xFF,0xFF,0xFF,0xFF,0xFF,0xFF,0xDF,0xFF,
    0xF4,0xA4,0x49,0x4A,0x82,0x18,0x82,0x18,0x82,0x18,0xE4,0x20,0xB7,0xBD,0x39,0xCE,
    0x86,0x39,0x82,0x18,0x82,0x18,0x82,0x18,0x49,0x4A,0xF4,0xA4,0xDF,0xFF,0xFF,0xFF,
    0xFF,0xFF,0xFF,0xFF,0xFF,0xFF,0xBE,0xF7,0x0C,0x63,0x82,0x18,0x82,0x18,0x82,0x18,
    0x82,0x18,0x82,0x18,0x82,0x18,0x82,0x18,0x82,0x18,0x82,0x18,0x82,0x18,0x82,0x18,
    0x82,0x18,0x82,0x18,0x82,0x18,0x82,0x18,0x82,0x18,0x82,0x18,0x82,0x18,0x82,0x18,
    0x82,0x18,0x82,0x18,0x82,0x18,0x82,0x18,0x82,0x18,0x82,0x18,0x82,0x18,0x82,0x18,
    0x62,0x10,0x00,0x00,0x00,0x00,0x00,0x00,0x00,0x00,0x00,0x00,0x00,0x00,0x62,0x18,
    0x82,0x18,0x82,0x18,0x82,0x18,0x82,0x18,0x82,0x18,0x82,0x18,0x82,0x18,0x82,0x18,
    0x82,0x18,0x82,0x18,0x82,0x18,0x82,0x18,0x82,0x18,0x82,0x18,0x82,0x18,0x82,0x18,
    0x82,0x18,0x82,0x18,0x82,0x18,0x82,0x18,0x82,0x18,0x82,0x18,0x82,0x18,0x82,0x18,
    0x82,0x18,0x82,0x18,0x82,0x18,0x82,0x18,0x08,0x42,0x1C,0xE7,0xFF,0xFF,0xFF,0xFF,
    0xFF,0xFF,0xFF,0xFF,0xFF,0xFF,0xFF,0xFF,0x3D,0xEF,0x55,0xAD,0x8E,0x73,0x92,0x94,
    0xFF,0xFF,0xFF,0xFF,0x96,0xB5,0x8E,0x73,0x55,0xAD,0x3D,0xEF,0xFF,0xFF,0xFF,0xFF,
    0xFF,0xFF,0xFF,0xFF,0xFF,0xFF,0xFF,0xFF,0x1C,0xE7,0x08,0x42,0x82,0x18,0x82,0x18,
    0x82,0x18,0x82,0x18,0x82,0x18,0x82,0x18,0x82,0x18,0x82,0x18,0x82,0x18,0x82,0x18,
    0x82,0x18,0x82,0x18,0x82,0x18,0x82,0x18,0x82,0x18,0x82,0x18,0x82,0x18,0x82,0x18,
    0x82,0x18,0x82,0x18,0x82,0x18,0x82,0x18,0x82,0x18,0x82,0x18,0x82,0x18,0x82,0x18,
    0x82,0x18,0x82,0x18,0x62,0x18,0x00,0x00,0x00,0x00,0x00,0x00,0x00,0x00,0x00,0x00,
    0x00,0x00,0xA2,0x10,0x82,0x18,0x82,0x18,0x82,0x18,0x82,0x18,0x82,0x18,0x82,0x18,
    0x82,0x18,0x82,0x18,0x82,0x18,0x82,0x18,0x82,0x18,0x82,0x18,0x82,0x18,0x82,0x18,
    0x82,0x18,0x82,0x18,0x82,0x18,0x82,0x18,0x82,0x18,0x82,0x18,0x82,0x18,0x82,0x18,
    0x82,0x18,0x82,0x18,0x82,0x18,0x82,0x18,0x82,0x18,0x82,0x18,0x82,0x18,0xC3,0x20,
    0x76,0xB5,0xFF,0xFF,0xFF,0xFF,0xFF,0xFF,0xFF,0xFF,0xFF,0xFF,0xFF,0xFF,0xFF,0xFF,
    0xFF,0xFF,0xFF,0xFF,0xFF,0xFF,0xFF,0xFF,0xFF,0xFF,0xFF,0xFF,0xFF,0xFF,0xFF,0xFF,
    0xFF,0xFF,0xFF,0xFF,0xFF,0xFF,0xFF,0xFF,0xFF,0xFF,0x76,0xB5,0xC3,0x20,0x82,0x18,
    0x82,0x18,0x82,0x18,0x82,0x18,0x82,0x18,0x82,0x18,0x82,0x18,0x82,0x18,0x82,0x18,
    0x82,0x18,0x82,0x18,0x82,0x18,0x82,0x18,0x82,0x18,0x82,0x18,0x82,0x18,0x82,0x18,
    0x82,0x18,0x82,0x18,0x82,0x18,0x82,0x18,0x82,0x18,0x82,0x18,0x82,0x18,0x82,0x18,
    0x82,0x18,0x82,0x18,0x82,0x18,0x82,0x18,0xA2,0x10,0x00,0x00,0x00,0x00,0x00,0x00,
    0x00,0x00,0x00,0x00,0x00,0x00,0x00,0x00,0x82,0x10,0x82,0x18,0x82,0x18,0x82,0x18,
    0x82,0x18,0x82,0x18,0x82,0x18,0x82,0x18,0x82,0x18,0x82,0x18,0x82,0x18,0x82,0x18,
    0x82,0x18,0x82,0x18,0x82,0x18,0x82,0x18,0x82,0x18,0x82,0x18,0x82,0x18,0x82,0x18,
    0x82,0x18,0x82,0x18,0x82,0x18,0x82,0x18,0x82,0x18,0x82,0x18,0x82,0x18,0x82,0x18,
    0x82,0x18,0x82,0x18,0x82,0x18,0xCB,0x5A,0xB7,0xBD,0xFF,0xFF,0xFF,0xFF,0xFF,0xFF,
    0xFF,0xFF,0xFF,0xFF,0xFF,0xFF,0xFF,0xFF,0xFF,0xFF,0xFF,0xFF,0xFF,0xFF,0xFF,0xFF,
    0xFF,0xFF,0xFF,0xFF,0xFF,0xFF,0xFF,0xFF,0xFF,0xFF,0xB7,0xBD,0xCB,0x5A,0x82,0x18,
    0x82,0x18,0x82,0x18,0x82,0x18,0x82,0x18,0x82,0x18,0x82,0x18,0x82,0x18,0x82,0x18,
    0x82,0x18,0x82,0x18,0x82,0x18,0x82,0x18,0x82,0x18,0x82,0x18,0x82,0x18,0x82,0x18,
    0x82,0x18,0x82,0x18,0x82,0x18,0x82,0x18,0x82,0x18,0x82,0x18,0x82,0x18,0x82,0x18,
    0x82,0x18,0x82,0x18,0x82,0x18,0x82,0x18,0x82,0x18,0x82,0x10,0x00,0x00,0x00,0x00,
    0x00,0x00,0x00,0x00,0x00,0x00,0x00,0x00,0x00,0x00,0x00,0x00,0x82,0x10,0x82,0x18,
    0x82,0x18,0x82,0x18,0x82,0x18,0x82,0x18,0x82,0x18,0x82,0x18,0x82,0x18,0x82,0x18,
    0x82,0x18,0x82,0x18,0x82,0x18,0x82,0x18,0x82,0x18,0x82,0x18,0x82,0x18,0x82,0x18,
    0x82,0x18,0x82,0x18,0x82,0x18,0x82,0x18,0x82,0x18,0x82,0x18,0x82,0x18,0x82,0x18,
    0x82,0x18,0x82,0x18,0x82,0x18,0x82,0x18,0x82,0x18,0x82,0x18,0x82,0x18,0xC7,0x39,
    0xF4,0xA4,0x7D,0xEF,0xFF,0xFF,0xFF,0xFF,0xFF,0xFF,0xFF,0xFF,0xFF,0xFF,0xFF,0xFF,
    0xFF,0xFF,0xFF,0xFF,0xFF,0xFF,0xFF,0xFF,0x7D,0xEF,0xF4,0xA4,0xC7,0x39,0x82,0x18,
    0x82,0x18,0x82,0x18,0x82,0x18,0x82,0x18,0x82,0x18,0x82,0x18,0x82,0x18,0x82,0x18,
    0x82,0x18,0x82,0x18,0x82,0x18,0x82,0x18,0x82,0x18,0x82,0x18,0x82,0x18,0x82,0x18,
    0x82,0x18,0x82,0x18,0x82,0x18,0x82,0x18,0x82,0x18,0x82,0x18,0x82,0x18,0x82,0x18,
    0x82,0x18,0x82,0x18,0x82,0x18,0x82,0x18,0x82,0x18,0x82,0x18,0x82,0x18,0x82,0x10,
    0x00,0x00,0x00,0x00,0x00,0x00,0x00,0x00,0x00,0x00,0x00,0x00,0x00,0x00,0x00,0x00,
    0x00,0x00,0x62,0x18,0x82,0x18,0x82,0x18,0x82,0x18,0x82,0x18,0x82,0x18,0x82,0x18,
    0x82,0x18,0x82,0x18,0x82,0x18,0x82,0x18,0x82,0x18,0x82,0x18,0x82,0x18,0x82,0x18,
    0x82,0x18,0x82,0x18,0x82,0x18,0x82,0x18,0x82,0x18,0x82,0x18,0x82,0x18,0x82,0x18,
    0x82,0x18,0x82,0x18,0x82,0x18,0x82,0x18,0x82,0x18,0x82,0x18,0x82,0x18,0x82,0x18,
    0x82,0x18,0x82,0x18,0x82,0x18,0x82,0x18,0x08,0x42,0xCF,0x7B,0xF4,0xA4,0xBB,0xDE,
    0xFF,0xFF,0xFF,0xFF,0xFC,0xE6,0xF4,0xA4,0xCF,0x7B,0x08,0x42,0x82,0x18,0x82,0x18,
    0x82,0x18,0x82,0x18,0x82,0x18,0x82,0x18,0x82,0x18,0x82,0x18,0x82,0x18,0x82,0x18,
    0x82,0x18,0x82,0x18,0x82,0x18,0x82,0x18,0x82,0x18,0x82,0x18,0x82,0x18,0x82,0x18,
    0x82,0x18,0x82,0x18,0x82,0x18,0x82,0x18,0x82,0x18,0x82,0x18,0x82,0x18,0x82,0x18,
    0x82,0x18,0x82,0x18,0x82,0x18,0x82,0x18,0x82,0x18,0x82,0x18,0x82,0x18,0x82,0x18,
    0x62,0x18,0x00,0x00,0x00,0x00,0x00,0x00,0x00,0x00,0x00,0x00,0x00,0x00,0x00,0x00,
    0x00,0x00,0x00,0x00,0x00,0x00,0x63,0x18,0x62,0x18,0x82,0x18,0x82,0x18,0x82,0x18,
    0x82,0x18,0x82,0x18,0x82,0x18,0x82,0x18,0x82,0x18,0x82,0x18,0x82,0x18,0x82,0x18,
    0x82,0x18,0x82,0x18,0x82,0x18,0x82,0x18,0x82,0x18,0x82,0x18,0x82,0x18,0x82,0x18,
    0x82,0x18,0x82,0x18,0x82,0x18,0x82,0x18,0x82,0x18,0x82,0x18,0x82,0x18,0x82,0x18,
    0x82,0x18,0x82,0x18,0x82,0x18,0x82,0x18,0x82,0x18,0x82,0x18,0x82,0x18,0x82,0x18,
    0x82,0x18,0x0C,0x63,0xFF,0xFF,0xFF,0xFF,0x51,0x8C,0x82,0x18,0x82,0x18,0x82,0x18,
    0x82,0x18,0x82,0x18,0x82,0x18,0x82,0x18,0x82,0x18,0x82,0x18,0x82,0x18,0x82,0x18,
    0x82,0x18,0x82,0x18,0x82,0x18,0x82,0x18,0x82,0x18,0x82,0x18,0x82,0x18,0x82,0x18,
    0x82,0x18,0x82,0x18,0x82,0x18,0x82,0x18,0x82,0x18,0x82,0x18,0x82,0x18,0x82,0x18,
    0x82,0x18,0x82,0x18,0x82,0x18,0x82,0x18,0x82,0x18,0x82,0x18,0x82,0x18,0x82,0x18,
    0x82,0x18,0x62,0x18,0x63,0x18,0x00,0x00,0x00,0x00,0x00,0x00,0x00,0x00,0x00,0x00,
    0x00,0x00,0x00,0x00,0x00,0x00,0x00,0x00,0x00,0x00,0x00,0x00,0x62,0x18,0x82,0x18,
    0x82,0x18,0x82,0x18,0x82,0x18,0x82,0x18,0x82,0x18,0x82,0x18,0x82,0x18,0x82,0x18,
    0x82,0x18,0x82,0x18,0x82,0x18,0x82,0x18,0x82,0x18,0x82,0x18,0x82,0x18,0x82,0x18,
    0x82,0x18,0x82,0x18,0x82,0x18,0x82,0x18,0x82,0x18,0x82,0x18,0x82,0x18,0x82,0x18,
    0x82,0x18,0x82,0x18,0x82,0x18,0x82,0x18,0x82,0x18,0x82,0x18,0x82,0x18,0x82,0x18,
    0x82,0x18,0x82,0x18,0x82,0x18,0x0C,0x63,0xFF,0xFF,0xFF,0xFF,0x51,0x8C,0x82,0x18,
    0x82,0x18,0x82,0x18,0x82,0x18,0x82,0x18,0x82,0x18,0x82,0x18,0x82,0x18,0x82,0x18,
    0x82,0x18,0x82,0x18,0x82,0x18,0x82,0x18,0x82,0x18,0x82,0x18,0x82,0x18,0x82,0x18,
    0x82,0x18,0x82,0x18,0x82,0x18,0x82,0x18,0x82,0x18,0x82,0x18,0x82,0x18,0x82,0x18,
    0x82,0x18,0x82,0x18,0x82,0x18,0x82,0x18,0x82,0x18,0x82,0x18,0x82,0x18,0x82,0x18,
    0x82,0x18,0x82,0x18,0x82,0x18,0x62,0x18,0x00,0x00,0x00,0x00,0x00,0x00,0x00,0x00,
    0x00,0x00,0x00,0x00,0x00,0x00,0x00,0x00,0x00,0x00,0x00,0x00,0x00,0x00,0x00,0x00,
    0x00,0x00,0x82,0x18,0x82,0x18,0x82,0x18,0x82,0x18,0x82,0x18,0x82,0x18,0x82,0x18,
    0x82,0x18,0x82,0x18,0x82,0x18,0x82,0x18,0x82,0x18,0x82,0x18,0x82,0x18,0x82,0x18,
    0x82,0x18,0x82,0x18,0x82,0x18,0x82,0x18,0x82,0x18,0x82,0x18,0x82,0x18,0x82,0x18,
    0x82,0x18,0x82,0x18,0x82,0x18,0x82,0x18,0x82,0x18,0x82,0x18,0x82,0x18,0x82,0x18,
    0x82,0x18,0x82,0x18,0x82,0x18,0x82,0x18,0x82,0x18,0x0C,0x63,0xFF,0xFF,0xFF,0xFF,
    0x51,0x8C,0x82,0x18,0x82,0x18,0x82,0x18,0x82,0x18,0x82,0x18,0x82,0x18,0x82,0x18,
    0x82,0x18,0x82,0x18,0x82,0x18,0x82,0x18,0x82,0x18,0x82,0x18,0x82,0x18,0x82,0x18,
    0x82,0x18,0x82,0x18,0x82,0x18,0x82,0x18,0x82,0x18,0x82,0x18,0x82,0x18,0x82,0x18,
    0x82,0x18,0x82,0x18,0x82,0x18,0x82,0x18,0x82,0x18,0x82,0x18,0x82,0x18,0x82,0x18,
    0x82,0x18,0x82,0x18,0x82,0x18,0x82,0x18,0x82,0x18,0x00,0x00,0x00,0x00,0x00,0x00,
    0x00,0x00,0x00,0x00,0x00,0x00,0x00,0x00,0x00,0x00,0x00,0x00,0x00,0x00,0x00,0x00,
    0x00,0x00,0x00,0x00,0x00,0x00,0x82,0x18,0x62,0x18,0x82,0x18,0x82,0x18,0x82,0x18,
    0x82,0x18,0x82,0x18,0x82,0x18,0x82,0x18,0x82,0x18,0x82,0x18,0x82,0x18,0x82,0x18,
    0x82,0x18,0x82,0x18,0x82,0x18,0x82,0x18,0x82,0x18,0x82,0x18,0x82,0x18,0x82,0x18,
    0x82,0x18,0x82,0x18,0x82,0x18,0x82,0x18,0x82,0x18,0x82,0x18,0x82,0x18,0x82,0x18,
    0x82,0x18,0x82,0x18,0x82,0x18,0x82,0x18,0x82,0x18,0x82,0x18,0x82,0x18,0x0C,0x63,
    0xFF,0xFF,0xFF,0xFF,0x51,0x8C,0x82,0x18,0x82,0x18,0x82,0x18,0x82,0x18,0x82,0x18,
    0x82,0x18,0x82,0x18,0x82,0x18,0x82,0x18,0x82,0x18,0x82,0x18,0x82,0x18,0x82,0x18,
    0x82,0x18,0x82,0x18,0x82,0x18,0x82,0x18,0x82,0x18,0x82,0x18,0x82,0x18,0x82,0x18,
    0x82,0x18,0x82,0x18,0x82,0x18,0x82,0x18,0x82,0x18,0x82,0x18,0x82,0x18,0x82,0x18,
    0x82,0x18,0x82,0x18,0x82,0x18,0x82,0x18,0x82,0x18,0x62,0x18,0x82,0x18,0x00,0x00,
    0x00,0x00,0x00,0x00,0x00,0x00,0x00,0x00,0x00,0x00,0x00,0x00,0x00,0x00,0x00,0x00,
    0x00,0x00,0x00,0x00,0x00,0x00,0x00,0x00,0x00,0x00,0x00,0x00,0x82,0x18,0x82,0x18,
    0x82,0x18,0x82,0x18,0x82,0x18,0x82,0x18,0x82,0x18,0x82,0x18,0x82,0x18,0x82,0x18,
    0x82,0x18,0x82,0x18,0x82,0x18,0x82,0x18,0x82,0x18,0x82,0x18,0x82,0x18,0x82,0x18,
    0x82,0x18,0x82,0x18,0x82,0x18,0x82,0x18,0x82,0x18,0x82,0x18,0x82,0x18,0x82,0x18,
    0x82,0x18,0x82,0x18,0x82,0x18,0x82,0x18,0x82,0x18,0x82,0x18,0x82,0x18,0x82,0x18,
    0x82,0x18,0x0C,0x63,0xFF,0xFF,0xFF,0xFF,0x51,0x8C,0x82,0x18,0x82,0x18,0x82,0x18,
    0x82,0x18,0x82,0x18,0x82,0x18,0x82,0x18,0x82,0x18,0x82,0x18,0x82,0x18,0x82,0x18,
    0x82,0x18,0x82,0x18,0x82,0x18,0x82,0x18,0x82,0x18,0x82,0x18,0x82,0x18,0x82,0x18,
    0x82,0x18,0x82,0x18,0x82,0x18,0x82,0x18,0x82,0x18,0x82,0x18,0x82,0x18,0x82,0x18,
    0x82,0x18,0x82,0x18,0x82,0x18,0x82,0x18,0x82,0x18,0x82,0x18,0x82,0x18,0x82,0x18,
    0x00,0x00,0x00,0x00,0x00,0x00,0x00,0x00,0x00,0x00,0x00,0x00,0x00,0x00,0x00,0x00,
    0x00,0x00,0x00,0x00,0x00,0x00,0x00,0x00,0x00,0x00,0x00,0x00,0x00,0x00,0x00,0x00,
    0x00,0x00,0x82,0x18,0x82,0x18,0x82,0x18,0x82,0x18,0x82,0x18,0x82,0x18,0x82,0x18,
    0x82,0x18,0x82,0x18,0x82,0x18,0x82,0x18,0x82,0x18,0x82,0x18,0x82,0x18,0x82,0x18,
    0x82,0x18,0x82,0x18,0x82,0x18,0x82,0x18,0x82,0x18,0x82,0x18,0x82,0x18,0x82,0x18,
    0x82,0x18,0x82,0x18,0x82,0x18,0x82,0x18,0x82,0x18,0x82,0x18,0x82,0x18,0x82,0x18,
    0x82,0x18,0x82,0x18,0x82,0x18,0x0C,0x63,0xFF,0xFF,0xFF,0xFF,0x51,0x8C,0x82,0x18,
    0x82,0x18,0x82,0x18,0x82,0x18,0x82,0x18,0x82,0x18,0x82,0x18,0x82,0x18,0x82,0x18,
    0x82,0x18,0x82,0x18,0x82,0x18,0x82,0x18,0x82,0x18,0x82,0x18,0x82,0x18,0x82,0x18,
    0x82,0x18,0x82,0x18,0x82,0x18,0x82,0x18,0x82,0x18,0x82,0x18,0x82,0x18,0x82,0x18,
    0x82,0x18,0x82,0x18,0x82,0x18,0x82,0x18,0x82,0x18,0x82,0x18,0x82,0x18,0x82,0x18,
    0x82,0x18,0x00,0x00,0x00,0x00,0x00,0x00,0x00,0x00,0x00,0x00,0x00,0x00,0x00,0x00,
    0x00,0x00,0x00,0x00,0x00,0x00,0x00,0x00,0x00,0x00,0x00,0x00,0x00,0x00,0x00,0x00,
    0x00,0x00,0x00,0x00,0x00,0x00,0x04,0x20,0x62,0x10,0x82,0x18,0x82,0x18,0x82,0x18,
    0x82,0x18,0x82,0x18,0x82,0x18,0x82,0x18,0x82,0x18,0x82,0x18,0x82,0x18,0x82,0x18,
    0x82,0x18,0x82,0x18,0x82,0x18,0x82,0x18,0x82,0x18,0x82,0x18,0x82,0x18,0x82,0x18,
    0x82,0x18,0x82,0x18,0x82,0x18,0x82,0x18,0x82,0x18,0x82,0x18,0x82,0x18,0x82,0x18,
    0x82,0x18,0x82,0x18,0x82,0x18,0x82,0x18,0x82,0x18,0x45,0x31,0xFC,0xE6,0x7D,0xF7,
    0x29,0x4A,0x82,0x18,0x82,0x18,0x82,0x18,0x82,0x18,0x82,0x18,0x82,0x18,0x82,0x18,
    0x82,0x18,0x82,0x18,0x82,0x18,0x82,0x18,0x82,0x18,0x82,0x18,0x82,0x18,0x82,0x18,
    0x82,0x18,0x82,0x18,0x82,0x18,0x82,0x18,0x82,0x18,0x82,0x18,0x82,0x18,0x82,0x18,
    0x82,0x18,0x82,0x18,0x82,0x18,0x82,0x18,0x82,0x18,0x82,0x18,0x82,0x18,0x82,0x18,
    0x82,0x18,0x62,0x10,0x04,0x20,0x00,0x00,0x00,0x00,0x00,0x00,0x00,0x00,0x00,0x00,
    0x00,0x00,0x00,0x00,0x00,0x00,0x00,0x00,0x00,0x00,0x00,0x00,0x00,0x00,0x00,0x00,
    0x00,0x00,0x00,0x00,0x00,0x00,0x00,0x00,0x00,0x00,0x00,0x00,0xA2,0x10,0x62,0x18,
    0x82,0x18,0x82,0x18,0x82,0x18,0x82,0x18,0x82,0x18,0x82,0x18,0x82,0x18,0x82,0x18,
    0x82,0x18,0x82,0x18,0x82,0x18,0x82,0x18,0x82,0x18,0x82,0x18,0x82,0x18,0x82,0x18,
    0x82,0x18,0x82,0x18,0x82,0x18,0x82,0x18,0x82,0x18,0x82,0x18,0x82,0x18,0x82,0x18,
    0x82,0x18,0x82,0x18,0x82,0x18,0x82,0x18,0x82,0x18,0x82,0x18,0x82,0x18,0x82,0x18,
    0x82,0x18,0x82,0x18,0x82,0x18,0x82,0x18,0x82,0x18,0x82,0x18,0x82,0x18,0x82,0x18,
    0x82,0x18,0x82,0x18,0x82,0x18,0x82,0x18,0x82,0x18,0x82,0x18,0x82,0x18,0x82,0x18,
    0x82,0x18,0x82,0x18,0x82,0x18,0x82,0x18,0x82,0x18,0x82,0x18,0x82,0x18,0x82,0x18,
    0x82,0x18,0x82,0x18,0x82,0x18,0x82,0x18,0x82,0x18,0x82,0x18,0x82,0x18,0x82,0x18,
    0x82,0x18,0x82,0x18,0x62,0x18,0xA2,0x10,0x00,0x00,0x00,0x00,0x00,0x00,0x00,0x00,
    0x00,0x00,0x00,0x00,0x00,0x00,0x00,0x00,0x00,0x00,0x00,0x00,0x00,0x00,0x00,0x00,
    0x00,0x00,0x00,0x00,0x00,0x00,0x00,0x00,0x00,0x00,0x00,0x00,0x00,0x00,0x00,0x00,
    0x00,0x00,0x82,0x10,0x82,0x10,0x82,0x18,0x82,0x18,0x82,0x18,0x82,0x18,0x82,0x18,
    0x82,0x18,0x82,0x18,0x82,0x18,0x82,0x18,0x82,0x18,0x82,0x18,0x82,0x18,0x82,0x18,
    0x82,0x18,0x82,0x18,0x82,0x18,0x82,0x18,0x82,0x18,0x82,0x18,0x82,0x18,0x82,0x18,
    0x82,0x18,0x82,0x18,0x82,0x18,0x82,0x18,0x82,0x18,0x82,0x18,0x82,0x18,0x82,0x18,
    0x82,0x18,0x82,0x18,0x82,0x18,0x82,0x18,0x82,0x18,0x82,0x18,0x82,0x18,0x82,0x18,
    0x82,0x18,0x82,0x18,0x82,0x18,0x82,0x18,0x82,0x18,0x82,0x18,0x82,0x18,0x82,0x18,
    0x82,0x18,0x82,0x18,0x82,0x18,0x82,0x18,0x82,0x18,0x82,0x18,0x82,0x18,0x82,0x18,
    0x82,0x18,0x82,0x18,0x82,0x18,0x82,0x18,0x82,0x18,0x82,0x18,0x82,0x18,0x82,0x18,
    0x82,0x18,0x82,0x18,0x82,0x18,0x82,0x10,0x82,0x10,0x00,0x00,0x00,0x00,0x00,0x00,
    0x00,0x00,0x00,0x00,0x00,0x00,0x00,0x00,0x00,0x00,0x00,0x00,0x00,0x00,0x00,0x00,
    0x00,0x00,0x00,0x00,0x00,0x00,0x00,0x00,0x00,0x00,0x00,0x00,0x00,0x00,0x00,0x00,
    0x00,0x00,0x00,0x00,0x00,0x00,0x00,0x00,0x62,0x10,0x82,0x18,0x82,0x18,0x82,0x18,
    0x82,0x18,0x82,0x18,0x82,0x18,0x82,0x18,0x82,0x18,0x82,0x18,0x82,0x18,0x82,0x18,
    0x82,0x18,0x82,0x18,0x82,0x18,0x82,0x18,0x82,0x18,0x82,0x18,0x82,0x18,0x82,0x18,
    0x82,0x18,0x82,0x18,0x82,0x18,0x82,0x18,0x82,0x18,0x82,0x18,0x82,0x18,0x82,0x18,
    0x82,0x18,0x82,0x18,0x82,0x18,0x82,0x18,0x82,0x18,0x82,0x18,0x82,0x18,0x82,0x18,
    0x82,0x18,0x82,0x18,0x82,0x18,0x82,0x18,0x82,0x18,0x82,0x18,0x82,0x18,0x82,0x18,
    0x82,0x18,0x82,0x18,0x82,0x18,0x82,0x18,0x82,0x18,0x82,0x18,0x82,0x18,0x82,0x18,
    0x82,0x18,0x82,0x18,0x82,0x18,0x82,0x18,0x82,0x18,0x82,0x18,0x82,0x18,0x82,0x18,
    0x82,0x18,0x82,0x18,0x82,0x18,0x82,0x18,0x82,0x18,0x62,0x10,0x00,0x00,0x00,0x00,
    0x00,0x00,0x00,0x00,0x00,0x00,0x00,0x00,0x00,0x00,0x00,0x00,0x00,0x00,0x00,0x00,
    0x00,0x00,0x00,0x00,0x00,0x00,0x00,0x00,0x00,0x00,0x00,0x00,0x00,0x00,0x00,0x00,
    0x00,0x00,0x00,0x00,0x00,0x00,0x00,0x00,0x00,0x00,0x00,0x00,0x00,0x00,0x62,0x18,
    0x82,0x10,0x82,0x18,0x82,0x18,0x82,0x18,0x82,0x18,0x82,0x18,0x82,0x18,0x82,0x18,
    0x82,0x18,0x82,0x18,0x82,0x18,0x82,0x18,0x82,0x18,0x82,0x18,0x82,0x18,0x82,0x18,
    0x82,0x18,0x82,0x18,0x82,0x18,0x82,0x18,0x82,0x18,0x82,0x18,0x82,0x18,0x82,0x18,
    0x82,0x18,0x82,0x18,0x82,0x18,0x82,0x18,0x82,0x18,0x82,0x18,0x82,0x18,0x82,0x18,
    0x82,0x18,0x82,0x18,0x82,0x18,0x82,0x18,0x82,0x18,0x82,0x18,0x82,0x18,0x82,0x18,
    0x82,0x18,0x82,0x18,0x82,0x18,0x82,0x18,0x82,0x18,0x82,0x18,0x82,0x18,0x82,0x18,
    0x82,0x18,0x82,0x18,0x82,0x18,0x82,0x18,0x82,0x18,0x82,0x18,0x82,0x18,0x82,0x18,
    0x82,0x18,0x82,0x18,0x82,0x18,0x82,0x18,0x82,0x18,0x82,0x10,0x62,0x18,0x00,0x00,
    0x00,0x00,0x00,0x00,0x00,0x00,0x00,0x00,0x00,0x00,0x00,0x00,0x00,0x00,0x00,0x00,
    0x00,0x00,0x00,0x00,0x00,0x00,0x00,0x00,0x00,0x00,0x00,0x00,0x00,0x00,0x00,0x00,
    0x00,0x00,0x00,0x00,0x00,0x00,0x00,0x00,0x00,0x00,0x00,0x00,0x00,0x00,0x00,0x00,
    0x00,0x00,0x00,0x00,0x82,0x10,0x62,0x10,0x82,0x18,0x82,0x18,0x82,0x18,0x82,0x18,
    0x82,0x18,0x82,0x18,0x82,0x18,0x82,0x18,0x82,0x18,0x82,0x18,0x82,0x18,0x82,0x18,
    0x82,0x18,0x82,0x18,0x82,0x18,0x82,0x18,0x82,0x18,0x82,0x18,0x82,0x18,0x82,0x18,
    0x82,0x18,0x82,0x18,0x82,0x18,0x82,0x18,0x82,0x18,0x82,0x18,0x82,0x18,0x82,0x18,
    0x82,0x18,0x82,0x18,0x82,0x18,0x82,0x18,0x82,0x18,0x82,0x18,0x82,0x18,0x82,0x18,
    0x82,0x18,0x82,0x18,0x82,0x18,0x82,0x18,0x82,0x18,0x82,0x18,0x82,0x18,0x82,0x18,
    0x82,0x18,0x82,0x18,0x82,0x18,0x82,0x18,0x82,0x18,0x82,0x18,0x82,0x18,0x82,0x18,
    0x82,0x18,0x82,0x18,0x82,0x18,0x82,0x18,0x82,0x18,0x82,0x18,0x62,0x10,0x82,0x10,
    0x00,0x00,0x00,0x00,0x00,0x00,0x00,0x00,0x00,0x00,0x00,0x00,0x00,0x00,0x00,0x00,
    0x00,0x00,0x00,0x00,0x00,0x00,0x00,0x00,0x00,0x00,0x00,0x00,0x00,0x00,0x00,0x00,
    0x00,0x00,0x00,0x00,0x00,0x00,0x00,0x00,0x00,0x00,0x00,0x00,0x00,0x00,0x00,0x00,
    0x00,0x00,0x00,0x00,0x00,0x00,0x00,0x00,0x00,0x00,0xA2,0x10,0x62,0x10,0x82,0x18,
    0x82,0x18,0x82,0x18,0x82,0x18,0x82,0x18,0x82,0x18,0x82,0x18,0x82,0x18,0x82,0x18,
    0x82,0x18,0x82,0x18,0x82,0x18,0x82,0x18,0x82,0x18,0x82,0x18,0x82,0x18,0x82,0x18,
    0x82,0x18,0x82,0x18,0x82,0x18,0x82,0x18,0x82,0x18,0x82,0x18,0x82,0x18,0x82,0x18,
    0x82,0x18,0x82,0x18,0x82,0x18,0x82,0x18,0x82,0x18,0x82,0x18,0x82,0x18,0x82,0x18,
    0x82,0x18,0x82,0x18,0x82,0x18,0x82,0x18,0x82,0x18,0x82,0x18,0x82,0x18,0x82,0x18,
    0x82,0x18,0x82,0x18,0x82,0x18,0x82,0x18,0x82,0x18,0x82,0x18,0x82,0x18,0x82,0x18,
    0x82,0x18,0x82,0x18,0x82,0x18,0x82,0x18,0x82,0x18,0x82,0x18,0x82,0x18,0x62,0x10,
    0xA2,0x10,0x00,0x00,0x00,0x00,0x00,0x00,0x00,0x00,0x00,0x00,0x00,0x00,0x00,0x00,
    0x00,0x00,0x00,0x00,0x00,0x00,0x00,0x00,0x00,0x00,0x00,0x00,0x00,0x00,0x00,0x00,
    0x00,0x00,0x00,0x00,0x00,0x00,0x00,0x00,0x00,0x00,0x00,0x00,0x00,0x00,0x00,0x00,
    0x00,0x00,0x00,0x00,0x00,0x00,0x00,0x00,0x00,0x00,0x00,0x00,0x00,0x00,0x00,0x00,
    0x00,0x20,0x82,0x18,0x82,0x18,0x82,0x18,0x82,0x18,0x82,0x18,0x82,0x18,0x82,0x18,
    0x82,0x18,0x82,0x18,0x82,0x18,0x82,0x18,0x82,0x18,0x82,0x18,0x82,0x18,0x82,0x18,
    0x82,0x18,0x82,0x18,0x82,0x18,0x82,0x18,0x82,0x18,0x82,0x18,0x82,0x18,0x82,0x18,
    0x82,0x18,0x82,0x18,0x82,0x18,0x82,0x18,0x82,0x18,0x82,0x18,0x82,0x18,0x82,0x18,
    0x82,0x18,0x82,0x18,0x82,0x18,0x82,0x18,0x82,0x18,0x82,0x18,0x82,0x18,0x82,0x18,
    0x82,0x18,0x82,0x18,0x82,0x18,0x82,0x18,0x82,0x18,0x82,0x18,0x82,0x18,0x82,0x18,
    0x82,0x18,0x82,0x18,0x82,0x18,0x82,0x18,0x82,0x18,0x82,0x18,0x82,0x18,0x82,0x18,
    0x82,0x18,0x00,0x20,0x00,0x00,0x00,0x00,0x00,0x00,0x00,0x00,0x00,0x00,0x00,0x00,
    0x00,0x00,0x00,0x00,0x00,0x00,0x00,0x00,0x00,0x00,0x00,0x00,0x00,0x00,0x00,0x00,
    0x00,0x00,0x00,0x00,0x00,0x00,0x00,0x00,0x00,0x00,0x00,0x00,0x00,0x00,0x00,0x00,
    0x00,0x00,0x00,0x00,0x00,0x00,0x00,0x00,0x00,0x00,0x00,0x00,0x00,0x00,0x00,0x00,
    0x00,0x00,0x00,0x00,0x00,0x00,0x00,0x00,0x82,0x10,0x62,0x18,0x82,0x18,0x82,0x18,
    0x82,0x18,0x82,0x18,0x82,0x18,0x82,0x18,0x82,0x18,0x82,0x18,0x82,0x18,0x82,0x18,
    0x82,0x18,0x82,0x18,0x82,0x18,0x82,0x18,0x82,0x18,0x82,0x18,0x82,0x18,0x82,0x18,
    0x82,0x18,0x82,0x18,0x82,0x18,0x82,0x18,0x82,0x18,0x82,0x18,0x82,0x18,0x82,0x18,
    0x82,0x18,0x82,0x18,0x82,0x18,0x82,0x18,0x82,0x18,0x82,0x18,0x82,0x18,0x82,0x18,
    0x82,0x18,0x82,0x18,0x82,0x18,0x82,0x18,0x82,0x18,0x82,0x18,0x82,0x18,0x82,0x18,
    0x82,0x18,0x82,0x18,0x82,0x18,0x82,0x18,0x82,0x18,0x82,0x18,0x82,0x18,0x82,0x18,
    0x62,0x18,0x82,0x10,0x00,0x00,0x00,0x00,0x00,0x00,0x00,0x00,0x00,0x00,0x00,0x00,
    0x00,0x00,0x00,0x00,0x00,0x00,0x00,0x00,0x00,0x00,0x00,0x00,0x00,0x00,0x00,0x00,
    0x00,0x00,0x00,0x00,0x00,0x00,0x00,0x00,0x00,0x00,0x00,0x00,0x00,0x00,0x00,0x00,
    0x00,0x00,0x00,0x00,0x00,0x00,0x00,0x00,0x00,0x00,0x00,0x00,0x00,0x00,0x00,0x00,
    0x00,0x00,0x00,0x00,0x00,0x00,0x00,0x00,0x00,0x00,0x00,0x00,0x00,0x00,0x82,0x18,
    0x82,0x18,0x82,0x18,0x82,0x18,0x82,0x18,0x82,0x18,0x82,0x18,0x82,0x18,0x82,0x18,
    0x82,0x18,0x82,0x18,0x82,0x18,0x82,0x18,0x82,0x18,0x82,0x18,0x82,0x18,0x82,0x18,
    0x82,0x18,0x82,0x18,0x82,0x18,0x82,0x18,0x82,0x18,0x82,0x18,0x82,0x18,0x82,0x18,
    0x82,0x18,0x82,0x18,0x82,0x18,0x82,0x18,0x82,0x18,0x82,0x18,0x82,0x18,0x82,0x18,
    0x82,0x18,0x82,0x18,0x82,0x18,0x82,0x18,0x82,0x18,0x82,0x18,0x82,0x18,0x82,0x18,
    0x82,0x18,0x82,0x18,0x82,0x18,0x82,0x18,0x82,0x18,0x82,0x18,0x82,0x18,0x82,0x18,
    0x82,0x18,0x82,0x18,0x82,0x18,0x00,0x00,0x00,0x00,0x00,0x00,0x00,0x00,0x00,0x00,
    0x00,0x00,0x00,0x00,0x00,0x00,0x00,0x00,0x00,0x00,0x00,0x00,0x00,0x00,0x00,0x00,
    0x00,0x00,0x00,0x00,0x00,0x00,0x00,0x00,0x00,0x00,0x00,0x00,0x00,0x00,0x00,0x00,
    0x00,0x00,0x00,0x00,0x00,0x00,0x00,0x00,0x00,0x00,0x00,0x00,0x00,0x00,0x00,0x00,
    0x00,0x00,0x00,0x00,0x00,0x00,0x00,0x00,0x00,0x00,0x00,0x00,0x00,0x00,0x00,0x00,
    0x00,0x00,0x00,0x00,0x00,0x00,0x82,0x18,0x62,0x10,0x82,0x18,0x82,0x18,0x82,0x18,
    0x82,0x18,0x82,0x18,0x82,0x18,0x82,0x18,0x82,0x18,0x82,0x18,0x82,0x18,0x82,0x18,
    0x82,0x18,0x82,0x18,0x82,0x18,0x82,0x18,0x82,0x18,0x82,0x18,0x82,0x18,0x82,0x18,
    0x82,0x18,0x82,0x18,0x82,0x18,0x82,0x18,0x82,0x18,0x82,0x18,0x82,0x18,0x82,0x18,
    0x82,0x18,0x82,0x18,0x82,0x18,0x82,0x18,0x82,0x18,0x82,0x18,0x82,0x18,0x82,0x18,
    0x82,0x18,0x82,0x18,0x82,0x18,0x82,0x18,0x82,0x18,0x82,0x18,0x82,0x18,0x82,0x18,
    0x82,0x18,0x62,0x10,0x82,0x18,0x00,0x00,0x00,0x00,0x00,0x00,0x00,0x00,0x00,0x00,
    0x00,0x00,0x00,0x00,0x00,0x00,0x00,0x00,0x00,0x00,0x00,0x00,0x00,0x00,0x00,0x00,
    0x00,0x00,0x00,0x00,0x00,0x00,0x00,0x00,0x00,0x00,0x00,0x00,0x00,0x00,0x00,0x00,
    0x00,0x00,0x00,0x00,0x00,0x00,0x00,0x00,0x00,0x00,0x00,0x00,0x00,0x00,0x00,0x00,
    0x00,0x00,0x00,0x00,0x00,0x00,0x00,0x00,0x00,0x00,0x00,0x00,0x00,0x00,0x00,0x00,
    0x00,0x00,0x00,0x00,0x00,0x00,0x00,0x00,0x00,0x00,0x00,0x00,0x61,0x18,0x62,0x18,
    0x82,0x10,0x82,0x18,0x82,0x18,0x82,0x18,0x82,0x18,0x82,0x18,0x82,0x18,0x82,0x18,
    0x82,0x18,0x82,0x18,0x82,0x18,0x82,0x18,0x82,0x18,0x82,0x18,0x82,0x18,0x82,0x18,
    0x82,0x18,0x82,0x18,0x82,0x18,0x82,0x18,0x82,0x18,0x82,0x18,0x82,0x18,0x82,0x18,
    0x82,0x18,0x82,0x18,0x82,0x18,0x82,0x18,0x82,0x18,0x82,0x18,0x82,0x18,0x82,0x18,
    0x82,0x18,0x82,0x18,0x82,0x18,0x82,0x18,0x82,0x18,0x82,0x18,0x82,0x18,0x82,0x18,
    0x82,0x18,0x82,0x10,0x62,0x18,0x61,0x18,0x00,0x00,0x00,0x00,0x00,0x00,0x00,0x00,
    0x00,0x00,0x00,0x00,0x00,0x00,0x00,0x00,0x00,0x00,0x00,0x00,0x00,0x00,0x00,0x00,
    0x00,0x00,0x00,0x00,0x00,0x00,0x00,0x00,0x00,0x00,0x00,0x00,0x00,0x00,0x00,0x00,
    0x00,0x00,0x00,0x00,0x00,0x00,0x00,0x00,0x00,0x00,0x00,0x00,0x00,0x00,0x00,0x00,
    0x00,0x00,0x00,0x00,0x00,0x00,0x00,0x00,0x00,0x00,0x00,0x00,0x00,0x00,0x00,0x00,
    0x00,0x00,0x00,0x00,0x00,0x00,0x00,0x00,0x00,0x00,0x00,0x00,0x00,0x00,0x00,0x00,
    0x00,0x00,0x00,0x00,0x82,0x18,0x82,0x10,0x82,0x18,0x82,0x18,0x82,0x18,0x82,0x18,
    0x82,0x18,0x82,0x18,0x82,0x18,0x82,0x18,0x82,0x18,0x82,0x18,0x82,0x18,0x82,0x18,
    0x82,0x18,0x82,0x18,0x82,0x18,0x82,0x18,0x82,0x18,0x82,0x18,0x82,0x18,0x82,0x18,
    0x82,0x18,0x82,0x18,0x82,0x18,0x82,0x18,0x82,0x18,0x82,0x18,0x82,0x18,0x82,0x18,
    0x82,0x18,0x82,0x18,0x82,0x18,0x82,0x18,0x82,0x18,0x82,0x18,0x82,0x18,0x82,0x18,
    0x82,0x18,0x82,0x18,0x82,0x10,0x82,0x18,0x00,0x00,0x00,0x00,0x00,0x00,0x00,0x00,
    0x00,0x00,0x00,0x00,0x00,0x00,0x00,0x00,0x00,0x00,0x00,0x00,0x00,0x00,0x00,0x00,
    0x00,0x00,0x00,0x00,0x00,0x00,0x00,0x00,0x00,0x00,0x00,0x00,0x00,0x00,0x00,0x00,
    0x00,0x00,0x00,0x00,0x00,0x00,0x00,0x00,0x00,0x00,0x00,0x00,0x00,0x00,0x00,0x00,
    0x00,0x00,0x00,0x00,0x00,0x00,0x00,0x00,0x00,0x00,0x00,0x00,0x00,0x00,0x00,0x00,
    0x00,0x00,0x00,0x00,0x00,0x00,0x00,0x00,0x00,0x00,0x00,0x00,0x00,0x00,0x00,0x00,
    0x00,0x00,0x00,0x00,0x00,0x00,0x00,0x00,0x00,0x00,0x00,0x00,0xA2,0x10,0x62,0x18,
    0x82,0x10,0x82,0x18,0x82,0x18,0x82,0x18,0x82,0x18,0x82,0x18,0x82,0x18,0x82,0x18,
    0x82,0x18,0x82,0x18,0x82,0x18,0x82,0x18,0x82,0x18,0x82,0x18,0x82,0x18,0x82,0x18,
    0x82,0x18,0x82,0x18,0x82,0x18,0x82,0x18,0x82,0x18,0x82,0x18,0x82,0x18,0x82,0x18,
    0x82,0x18,0x82,0x18,0x82,0x18,0x82,0x18,0x82,0x18,0x82,0x18,0x82,0x18,0x82,0x18,
    0x82,0x18,0x82,0x10,0x62,0x18,0xA2,0x10,0x00,0x00,0x00,0x00,0x00,0x00,0x00,0x00,
    0x00,0x00,0x00,0x00,0x00,0x00,0x00,0x00,0x00,0x00,0x00,0x00,0x00,0x00,0x00,0x00,
    0x00,0x00,0x00,0x00,0x00,0x00,0x00,0x00,0x00,0x00,0x00,0x00,0x00,0x00,0x00,0x00,
    0x00,0x00,0x00,0x00,0x00,0x00,0x00,0x00,0x00,0x00,0x00,0x00,0x00,0x00,0x00,0x00,
    0x00,0x00,0x00,0x00,0x00,0x00,0x00,0x00,0x00,0x00,0x00,0x00,0x00,0x00,0x00,0x00,
    0x00,0x00,0x00,0x00,0x00,0x00,0x00,0x00,0x00,0x00,0x00,0x00,0x00,0x00,0x00,0x00,
    0x00,0x00,0x00,0x00,0x00,0x00,0x00,0x00,0x00,0x00,0x00,0x00,0x00,0x00,0x00,0x00,
    0x00,0x00,0x00,0x00,0x00,0x00,0x82,0x18,0x82,0x18,0x62,0x18,0x82,0x18,0x82,0x18,
    0x82,0x18,0x82,0x18,0x82,0x18,0x82,0x18,0x82,0x18,0x82,0x18,0x82,0x18,0x82,0x18,
    0x82,0x18,0x82,0x18,0x82,0x18,0x82,0x18,0x82,0x18,0x82,0x18,0x82,0x18,0x82,0x18,
    0x82,0x18,0x82,0x18,0x82,0x18,0x82,0x18,0x82,0x18,0x82,0x18,0x82,0x18,0x82,0x18,
    0x62,0x18,0x82,0x18,0x82,0x18,0x00,0x00,0x00,0x00,0x00,0x00,0x00,0x00,0x00,0x00,
    0x00,0x00,0x00,0x00,0x00,0x00,0x00,0x00,0x00,0x00,0x00,0x00,0x00,0x00,0x00,0x00,
    0x00,0x00,0x00,0x00,0x00,0x00,0x00,0x00,0x00,0x00,0x00,0x00,0x00,0x00,0x00,0x00,
    0x00,0x00,0x00,0x00,0x00,0x00,0x00,0x00,0x00,0x00,0x00,0x00,0x00,0x00,0x00,0x00,
    0x00,0x00,0x00,0x00,0x00,0x00,0x00,0x00,0x00,0x00,0x00,0x00,0x00,0x00,0x00,0x00,
    0x00,0x00,0x00,0x00,0x00,0x00,0x00,0x00,0x00,0x00,0x00,0x00,0x00,0x00,0x00,0x00,
    0x00,0x00,0x00,0x00,0x00,0x00,0x00,0x00,0x00,0x00,0x00,0x00,0x00,0x00,0x00,0x00,
    0x00,0x00,0x00,0x00,0x00,0x00,0x00,0x00,0x00,0x00,0x00,0x00,0x00,0x00,0xE3,0x18,
    0x62,0x18,0x82,0x18,0x82,0x18,0x82,0x10,0x82,0x18,0x82,0x18,0x82,0x18,0x82,0x18,
    0x82,0x18,0x82,0x18,0x82,0x18,0x82,0x18,0x82,0x18,0x82,0x18,0x82,0x18,0x82,0x18,
    0x82,0x18,0x82,0x18,0x82,0x18,0x82,0x18,0x82,0x18,0x82,0x18,0x82,0x10,0x82,0x18,
    0x82,0x18,0x62,0x18,0xE3,0x18,0x00,0x00,0x00,0x00,0x00,0x00,0x00,0x00,0x00,0x00,
    0x00,0x00,0x00,0x00,0x00,0x00,0x00,0x00,0x00,0x00,0x00,0x00,0x00,0x00,0x00,0x00,
    0x00,0x00,0x00,0x00,0x00,0x00,0x00,0x00,0x00,0x00,0x00,0x00,0x00,0x00,0x00,0x00,
    0x00,0x00,0x00,0x00,0x00,0x00,0x00,0x00,0x00,0x00,0x00,0x00,0x00,0x00,0x00,0x00,
    0x00,0x00,0x00,0x00,0x00,0x00,0x00,0x00,0x00,0x00,0x00,0x00,0x00,0x00,0x00,0x00,
    0x00,0x00,0x00,0x00,0x00,0x00,0x00,0x00,0x00,0x00,0x00,0x00,0x00,0x00,0x00,0x00,
    0x00,0x00,0x00,0x00,0x00,0x00,0x00,0x00,0x00,0x00,0x00,0x00,0x00,0x00,0x00,0x00,
    0x00,0x00,0x00,0x00,0x00,0x00,0x00,0x00,0x00,0x00,0x00,0x00,0x00,0x00,0x00,0x00,
    0x00,0x00,0x00,0x00,0x00,0x00,0x00,0x00,0x00,0x00,0x00,0x00,0x61,0x10,0x62,0x18,
    0x62,0x10,0x62,0x10,0x62,0x10,0x82,0x18,0x82,0x10,0x82,0x10,0x82,0x18,0x82,0x18,
    0x82,0x10,0x82,0x10,0x82,0x18,0x62,0x10,0x62,0x10,0x62,0x10,0x62,0x18,0x61,0x10,
    0x00,0x00,0x00,0x00,0x00,0x00,0x00,0x00,0x00,0x00,0x00,0x00,0x00,0x00,0x00,0x00,
    0x00,0x00,0x00,0x00,0x00,0x00,0x00,0x00,0x00,0x00,0x00,0x00,0x00,0x00,0x00,0x00,
    0x00,0x00,0x00,0x00,0x00,0x00,0x00,0x00,0x00,0x00,0x00,0x00,0x00,0x00,0x00,0x00,
    0x00,0x00,0x00,0x00,0x00,0x00,0x00,0x00,0x00,0x00,0x00,0x00,0x00,0x00,0x00,0x00,
    0x00,0x00,0x00,0x00,0x00,0x00,0x00,0x00,0x00,0x00,0x00,0x00,0x00,0x00,0x00,0x00,
    0x00,0x00,0x00,0x00,0x00,0x00,0x00,0x00,0x00,0x00,0x00,0x00,0x00,0x00,0x00,0x00,
    0x00,0x00,0x00,0x00,0x00,0x00,0x00,0x00,0x00,0x00,0x00,0x01,0x21,0x53,0x80,0xA1,
    0xC0,0xDC,0xED,0xF9,0xFF,0xFF,0xF9,0xED,0xDC,0xC0,0xA1,0x80,0x53,0x21,0x01,0x00,
    0x00,0x00,0x00,0x00,0x00,0x00,0x00,0x00,0x00,0x00,0x00,0x00,0x00,0x00,0x00,0x00,
    0x00,0x00,0x00,0x00,0x00,0x00,0x00,0x00,0x00,0x00,0x00,0x00,0x00,0x00,0x00,0x00,
    0x00,0x00,0x00,0x00,0x00,0x00,0x00,0x00,0x00,0x00,0x00,0x00,0x00,0x00,0x00,0x00,
    0x00,0x00,0x00,0x00,0x00,0x00,0x00,0x00,0x00,0x00,0x00,0x00,0x00,0x00,0x00,0x00,
    0x00,0x09,0x44,0x7F,0xB9,0xEE,0xFF,0xFF,0xFF,0xFF,0xFF,0xFF,0xFF,0xFF,0xFF,0xFF,
    0xFF,0xFF,0xFF,0xFF,0xFF,0xFF,0xFF,0xFF,0xEE,0xB9,0x7F,0x44,0x09,0x00,0x00,0x00,
    0x00,0x00,0x00,0x00,0x00,0x00,0x00,0x00,0x00,0x00,0x00,0x00,0x00,0x00,0x00,0x00,
    0x00,0x00,0x00,0x00,0x00,0x00,0x00,0x00,0x00,0x00,0x00,0x00,0x00,0x00,0x00,0x00,
    0x00,0x00,0x00,0x00,0x00,0x00,0x00,0x00,0x00,0x00,0x00,0x00,0x00,0x00,0x00,0x00,
    0x00,0x00,0x00,0x00,0x00,0x00,0x00,0x00,0x03,0x46,0x9F,0xF1,0xFF,0xFF,0xFF,0xFF,
    0xFF,0xFF,0xFF,0xFF,0xFF,0xFF,0xFF,0xFF,0xFF,0xFF,0xFF,0xFF,0xFF,0xFF,0xFF,0xFF,
    0xFF,0xFF,0xFF,0xFF,0xFF,0xFF,0xF1,0x9F,0x46,0x03,0x00,0x00,0x00,0x00,0x00,0x00,
    0x00,0x00,0x00,0x00,0x00,0x00,0x00,0x00,0x00,0x00,0x00,0x00,0x00,0x00,0x00,0x00,
    0x00,0x00,0x00,0x00,0x00,0x00,0x00,0x00,0x00,0x00,0x00,0x00,0x00,0x00,0x00,0x00,
    0x00,0x00,0x00,0x00,0x00,0x00,0x00,0x00,0x00,0x00,0x00,0x00,0x00,0x00,0x00,0x00,
    0x0B,0x67,0xD7,0xFF,0xFF,0xFF,0xFF,0xFF,0xFF,0xFF,0xFF,0xFF,0xFF,0xFF,0xFF,0xFF,
    0xFF,0xFF,0xFF,0xFF,0xFF,0xFF,0xFF,0xFF,0xFF,0xFF,0xFF,0xFF,0xFF,0xFF,0xFF,0xFF,
    0xFF,0xFF,0xFF,0xD7,0x67,0x0B,0x00,0x00,0x00,0x00,0x00,0x00,0x00,0x00,0x00,0x00,
    0x00,0x00,0x00,0x00,0x00,0x00,0x00,0x00,0x00,0x00,0x00,0x00,0x00,0x00,0x00,0x00,
    0x00,0x00,0x00,0x00,0x00,0x00,0x00,0x00,0x00,0x00,0x00,0x00,0x00,0x00,0x00,0x00,
    0x00,0x00,0x00,0x00,0x00,0x00,0x00,0x00,0x1B,0x8B,0xEE,0xFF,0xFF,0xFF,0xFF,0xFF,
    0xFF,0xFF,0xFF,0xFF,0xFF,0xFF,0xFF,0xFF,0xFF,0xFF,0xFF,0xFF,0xFF,0xFF,0xFF,0xFF,
    0xFF,0xFF,0xFF,0xFF,0xFF,0xFF,0xFF,0xFF,0xFF,0xFF,0xFF,0xFF,0xFF,0xFF,0xFF,0xEE,
    0x8B,0x1B,0x00,0x00,0x00,0x00,0x00,0x00,0x00,0x00,0x00,0x00,0x00,0x00,0x00,0x00,
    0x00,0x00,0x00,0x00,0x00,0x00,0x00,0x00,0x00,0x00,0x00,0x00,0x00,0x00,0x00,0x00,
    0x00,0x00,0x00,0x00,0x00,0x00,0x00,0x00,0x00,0x00,0x00,0x00,0x00,0x00,0x00,0x00,
    0x12,0x94,0xF8,0xFF,0xFF,0xFF,0xFF,0xFF,0xFF,0xFF,0xFF,0xFF,0xFF,0xFF,0xFF,0xFF,
    0xFF,0xFF,0xFF,0xFF,0xFF,0xFF,0xFF,0xFF,0xFF,0xFF,0xFF,0xFF,0xFF,0xFF,0xFF,0xFF,
    0xFF,0xFF,0xFF,0xFF,0xFF,0xFF,0xFF,0xFF,0xFF,0xFF,0xFF,0xF8,0x94,0x12,0x00,0x00,
    0x00,0x00,0x00,0x00,0x00,0x00,0x00,0x00,0x00,0x00,0x00,0x00,0x00,0x00,0x00,0x00,
    0x00,0x00,0x00,0x00,0x00,0x00,0x00,0x00,0x00,0x00,0x00,0x00,0x00,0x00,0x00,0x00,
    0x00,0x00,0x00,0x00,0x00,0x00,0x00,0x00,0x00,0x4F,0xE4,0xFF,0xFF,0xFF,0xFF,0xFF,
    0xFF,0xFF,0xFF,0xFF,0xFF,0xFF,0xFF,0xFF,0xFF,0xFF,0xFF,0xFF,0xFF,0xFF,0xFF,0xFF,
    0xFF,0xFF,0xFF,0xFF,0xFF,0xFF,0xFF,0xFF,0xFF,0xFF,0xFF,0xFF,0xFF,0xFF,0xFF,0xFF,
    0xFF,0xFF,0xFF,0xFF,0xFF,0xFF,0xFF,0xE4,0x4F,0x00,0x00,0x00,0x00,0x00,0x00,0x00,
    0x00,0x00,0x00,0x00,0x00,0x00,0x00,0x00,0x00,0x00,0x00,0x00,0x00,0x00,0x00,0x00,
    0x00,0x00,0x00,0x00,0x00,0x00,0x00,0x00,0x00,0x00,0x00,0x00,0x00,0x00,0x00,0x00,
    0x00,0x28,0xBA,0xFF,0xFF,0xFF,0xFF,0xFF,0xFF,0xFF,0xFF,0xFF,0xFF,0xFF,0xFF,0xFF,
    0xFF,0xFF,0xFF,0xFF,0xFF,0xFF,0xFF,0xFF,0xFF,0xFF,0xFF,0xFF,0xFF,0xFF,0xFF,0xFF,
    0xFF,0xFF,0xFF,0xFF,0xFF,0xFF,0xFF,0xFF,0xFF,0xFF,0xFF,0xFF,0xFF,0xFF,0xFF,0xFF,
    0xFF,0xFF,0xFF,0xBA,0x28,0x00,0x00,0x00,0x00,0x00,0x00,0x00,0x00,0x00,0x00,0x00,
    0x00,0x00,0x00,0x00,0x00,0x00,0x00,0x00,0x00,0x00,0x00,0x00,0x00,0x00,0x00,0x00,
    0x00,0x00,0x00,0x00,0x00,0x00,0x00,0x00,0x00,0x00,0x5C,0xF3,0xFF,0xFF,0xFF,0xFF,
    0xFF,0xFF,0xFF,0xFF,0xFF,0xFF,0xFF,0xFF,0xFF,0xFF,0xFF,0xFF,0xFF,0xFF,0xFF,0xFF,
    0xFF,0xFF,0xFF,0xFF,0xFF,0xFF,0xFF,0xFF,0xFF,0xFF,0xFF,0xFF,0xFF,0xFF,0xFF,0xFF,
    0xFF,0xFF,0xFF,0xFF,0xFF,0xFF,0xFF,0xFF,0xFF,0xFF,0xFF,0xFF,0xFF,0xFF,0xF3,0x5C,
    0x00,0x00,0x00,0x00,0x00,0x00,0x00,0x00,0x00,0x00,0x00,0x00,0x00,0x00,0x00,0x00,
    0x00,0x00,0x00,0x00,0x00,0x00,0x00,0x00,0x00,0x00,0x00,0x00,0x00,0x00,0x00,0x00,
    0x00,0x00,0x07,0x9B,0xFF,0xFF,0xFF,0xFF,0xFF,0xFF,0xFF,0xFF,0xFF,0xFF,0xFF,0xFF,
    0xFF,0xFF,0xFF,0xFF,0xFF,0xFF,0xFF,0xFF,0xFF,0xFF,0xFF,0xFF,0xFF,0xFF,0xFF,0xFF,
    0xFF,0xFF,0xFF,0xFF,0xFF,0xFF,0xFF,0xFF,0xFF,0xFF,0xFF,0xFF,0xFF,0xFF,0xFF,0xFF,
    0xFF,0xFF,0xFF,0xFF,0xFF,0xFF,0xFF,0xFF,0xFF,0xFF,0x9B,0x07,0x00,0x00,0x00,0x00,
    0x00,0x00,0x00,0x00,0x00,0x00,0x00,0x00,0x00,0x00,0x00,0x00,0x00,0x00,0x00,0x00,
    0x00,0x00,0x00,0x00,0x00,0x00,0x00,0x00,0x00,0x00,0x00,0x19,0xC1,0xFF,0xFF,0xFF,
    0xFF,0xFF,0xFF,0xFF,0xFF,0xFF,0xFF,0xFF,0xFF,0xFF,0xFF,0xFF,0xFF,0xFF,0xFF,0xFF,
    0xFF,0xFF,0xFF,0xFF,0xFF,0xFF,0xFF,0xFF,0xFF,0xFF,0xFF,0xFF,0xFF,0xFF,0xFF,0xFF,
    0xFF,0xFF,0xFF,0xFF,0xFF,0xFF,0xFF,0xFF,0xFF,0xFF,0xFF,0xFF,0xFF,0xFF,0xFF,0xFF,
    0xFF,0xFF,0xFF,0xFF,0xFF,0xC1,0x19,0x00,0x00,0x00,0x00,0x00,0x00,0x00,0x00,0x00,
    0x00,0x00,0x00,0x00,0x00,0x00,0x00,0x00,0x00,0x00,0x00,0x00,0x00,0x00,0x00,0x00,
    0x00,0x00,0x00,0x00,0x2E,0xE4,0xFF,0xFF,0xFF,0xFF,0xFF,0xFF,0xFF,0xFF,0xFF,0xFF,
    0xFF,0xFF,0xFF,0xFF,0xFF,0xFF,0xFF,0xFF,0xFF,0xFF,0xFF,0xFF,0xFF,0xFF,0xFF,0xFF,
    0xFF,0xFF,0xFF,0xFF,0xFF,0xFF,0xFF,0xFF,0xFF,0xFF,0xFF,0xFF,0xFF,0xFF,0xFF,0xFF,
    0xFF,0xFF,0xFF,0xFF,0xFF,0xFF,0xFF,0xFF,0xFF,0xFF,0xFF,0xFF,0xFF,0xFF,0xFF,0xFF,
    0xE4,0x2E,0x00,0x00,0x00,0x00,0x00,0x00,0x00,0x00,0x00,0x00,0x00,0x00,0x00,0x00,
    0x00,0x00,0x00,0x00,0x00,0x00,0x00,0x00,0x00,0x00,0x00,0x00,0x00,0x30,0xEC,0xFF,
    0xFF,0xFF,0xFF,0xFF,0xFF,0xFF,0xFF,0xFF,0xFF,0xFF,0xFF,0xFF,0xFF,0xFF,0xFF,0xFF,
    0xFF,0xFF,0xFF,0xFF,0xFF,0xFF,0xFF,0xFF,0xFF,0xFF,0xFF,0xFF,0xFF,0xFF,0xFF,0xFF,
    0xFF,0xFF,0xFF,0xFF,0xFF,0xFF,0xFF,0xFF,0xFF,0xFF,0xFF,0xFF,0xFF,0xFF,0xFF,0xFF,
    0xFF,0xFF,0xFF,0xFF,0xFF,0xFF,0xFF,0xFF,0xFF,0xFF,0xFF,0xEC,0x30,0x00,0x00,0x00,
    0x00,0x00,0x00,0x00,0x00,0x00,0x00,0x00,0x00,0x00,0x00,0x00,0x00,0x00,0x00,0x00,
    0x00,0x00,0x00,0x00,0x00,0x00,0x30,0xE6,0xFF,0xFF,0xFF,0xFF,0xFF,0xFF,0xFF,0xFF,
    0xFF,0xFF,0xFF,0xFF,0xFF,0xFF,0xFF,0xFF,0xFF,0xFF,0xFF,0xFF,0xFF,0xFF,0xFF,0xFF,
    0xFF,0xFF,0xFF,0xFF,0xFF,0xFF,0xFF,0xFF,0xFF,0xFF,0xFF,0xFF,0xFF,0xFF,0xFF,0xFF,
    0xFF,0xFF,0xFF,0xFF,0xFF,0xFF,0xFF,0xFF,0xFF,0xFF,0xFF,0xFF,0xFF,0xFF,0xFF,0xFF,
    0xFF,0xFF,0xFF,0xFF,0xFF,0xFF,0xE6,0x30,0x00,0x00,0x00,0x00,0x00,0x00,0x00,0x00,
    0x00,0x00,0x00,0x00,0x00,0x00,0x00,0x00,0x00,0x00,0x00,0x00,0x00,0x00,0x00,0x2E,
    0xEC,0xFF,0xFF,0xFF,0xFF,0xFF,0xFF,0xFF,0xFF,0xFF,0xFF,0xFF,0xFF,0xFF,0xFF,0xFF,
    0xFF,0xFF,0xFF,0xFF,0xFF,0xFF,0xFF,0xFF,0xFF,0xFF,0xFF,0xFF,0xFF,0xFF,0xFF,0xFF,
    0xFF,0xFF,0xFF,0xFF,0xFF,0xFF,0xFF,0xFF,0xFF,0xFF,0xFF,0xFF,0xFF,0xFF,0xFF,0xFF,
    0xFF,0xFF,0xFF,0xFF,0xFF,0xFF,0xFF,0xFF,0xFF,0xFF,0xFF,0xFF,0xFF,0xFF,0xFF,0xFF,
    0xFF,0xEC,0x2E,0x00,0x00,0x00,0x00,0x00,0x00,0x00,0x00,0x00,0x00,0x00,0x00,0x00,
    0x00,0x00,0x00,0x00,0x00,0x00,0x00,0x00,0x19,0xE4,0xFF,0xFF,0xFF,0xFF,0xFF,0xFF,
    0xFF,0xFF,0xFF,0xFF,0xFF,0xFF,0xFF,0xFF,0xFF,0xFF,0xFF,0xFF,0xFF,0xFF,0xFF,0xFF,
    0xFF,0xFF,0xFF,0xFF,0xFF,0xFF,0xFF,0xFF,0xFF,0xFF,0xFF,0xFF,0xFF,0xFF,0xFF,0xFF,
    0xFF,0xFF,0xFF,0xFF,0xFF,0xFF,0xFF,0xFF,0xFF,0xFF,0xFF,0xFF,0xFF,0xFF,0xFF,0xFF,
    0xFF,0xFF,0xFF,0xFF,0xFF,0xFF,0xFF,0xFF,0xFF,0xFF,0xFF,0xFF,0xE4,0x19,0x00,0x00,
    0x00,0x00,0x00,0x00,0x00,0x00,0x00,0x00,0x00,0x00,0x00,0x00,0x00,0x00,0x00,0x00,
    0x00,0x07,0xC1,0xFF,0xFF,0xFF,0xFF,0xFF,0xFF,0xFF,0xFF,0xFF,0xFF,0xFF,0xFF,0xFF,
    0xFF,0xFF,0xFF,0xFF,0xFF,0xFF,0xFF,0xFF,0xFF,0xFF,0xFF,0xFF,0xFF,0xFF,0xFF,0xFF,
    0xFF,0xFF,0xFF,0xFF,0xFF,0xFF,0xFF,0xFF,0xFF,0xFF,0xFF,0xFF,0xFF,0xFF,0xFF,0xFF,
    0xFF,0xFF,0xFF,0xFF,0xFF,0xFF,0xFF,0xFF,0xFF,0xFF,0xFF,0xFF,0xFF,0xFF,0xFF,0xFF,
    0xFF,0xFF,0xFF,0xFF,0xFF,0xFF,0xFF,0xC1,0x07,0x00,0x00,0x00,0x00,0x00,0x00,0x00,
    0x00,0x00,0x00,0x00,0x00,0x00,0x00,0x00,0x00,0x00,0x00,0x9B,0xFF,0xFF,0xFF,0xFF,
    0xFF,0xFF,0xFF,0xFF,0xFF,0xFF,0xFF,0xFF,0xFF,0xFF,0xFF,0xFF,0xFF,0xFF,0xFF,0xFF,
    0xFF,0xFF,0xFF,0xFF,0xFF,0xFF,0xFF,0xFF,0xFF,0xFF,0xFF,0xFF,0xFF,0xFF,0xFF,0xFF,
    0xFF,0xFF,0xFF,0xFF,0xFF,0xFF,0xFF,0xFF,0xFF,0xFF,0xFF,0xFF,0xFF,0xFF,0xFF,0xFF,
    0xFF,0xFF,0xFF,0xFF,0xFF,0xFF,0xFF,0xFF,0xFF,0xFF,0xFF,0xFF,0xFF,0xFF,0xFF,0xFF,
    0xFF,0xFF,0x9B,0x00,0x00,0x00,0x00,0x00,0x00,0x00,0x00,0x00,0x00,0x00,0x00,0x00,
    0x00,0x00,0x00,0x00,0x5C,0xFE,0xFF,0xFF,0xFF,0xFF,0xFF,0xFF,0xFF,0xFF,0xFF,0xFF,
    0xFF,0xFF,0xFF,0xFF,0xFF,0xFF,0xFF,0xFF,0xFF,0xFF,0xFF,0xFF,0xFF,0xFF,0xFF,0xFF,
    0xFF,0xFF,0xFF,0xFF,0xFF,0xFF,0xFF,0xFF,0xFF,0xFF,0xFF,0xFF,0xFF,0xFF,0xFF,0xFF,
    0xFF,0xFF,0xFF,0xFF,0xFF,0xFF,0xFF,0xFF,0xFF,0xFF,0xFF,0xFF,0xFF,0xFF,0xFF,0xFF,
    0xFF,0xFF,0xFF,0xFF,0xFF,0xFF,0xFF,0xFF,0xFF,0xFF,0xFF,0xFF,0xFE,0x5C,0x00,0x00,
    0x00,0x00,0x00,0x00,0x00,0x00,0x00,0x00,0x00,0x00,0x00,0x00,0x00,0x29,0xF3,0xFF,
    0xFF,0xFF,0xFF,0xFF,0xFF,0xFF,0xFF,0xFF,0xFF,0xFF,0xFF,0xFF,0xFF,0xFF,0xFF,0xFF,
    0xFF,0xFF,0xFF,0xFF,0xFF,0xFF,0xFF,0xFF,0xFF,0xFF,0xFF,0xFF,0xFF,0xFF,0xFF,0xFF,
    0xFF,0xFF,0xFF,0xFF,0xFF,0xFF,0xFF,0xFF,0xFF,0xFF,0xFF,0xFF,0xFF,0xFF,0xFF,0xFF,
    0xFF,0xFF,0xFF,0xFF,0xFF,0xFF,0xFF,0xFF,0xFF,0xFF,0xFF,0xFF,0xFF,0xFF,0xFF,0xFF,
    0xFF,0xFF,0xFF,0xFF,0xFF,0xFF,0xFF,0xF3,0x29,0x00,0x00,0x00,0x00,0x00,0x00,0x00,
    0x00,0x00,0x00,0x00,0x00,0x00,0x01,0xBA,0xFF,0xFF,0xFF,0xFF,0xFF,0xFF,0xFF,0xFF,
    0xFF,0xFF,0xFF,0xFF,0xFF,0xFF,0xFF,0xFF,0xFF,0xFF,0xFF,0xFF,0xFF,0xFF,0xFF,0xFF,
    0xFF,0xFF,0xFF,0xFF,0xFF,0xFF,0xFF,0xFF,0xFF,0xFF,0xFF,0xFF,0xFF,0xFF,0xFF,0xFF,
    0xFF,0xFF,0xFF,0xFF,0xFF,0xFF,0xFF,0xFF,0xFF,0xFF,0xFF,0xFF,0xFF,0xFF,0xFF,0xFF,
    0xFF,0xFF,0xFF,0xFF,0xFF,0xFF,0xFF,0xFF,0xFF,0xFF,0xFF,0xFF,0xFF,0xFF,0xFF,0xFF,
    0xFF,0xFF,0xBA,0x01,0x00,0x00,0x00,0x00,0x00,0x00,0x00,0x00,0x00,0x00,0x00,0x00,
    0x50,0xFF,0xFF,0xFF,0xFF,0xFF,0xFF,0xFF,0xFF,0xFF,0xFF,0xFF,0xFF,0xFF,0xFF,0xFF,
    0xFF,0xFF,0xFF,0xFF,0xFF,0xFF,0xFF,0xFF,0xFF,0xFF,0xFF,0xFF,0xFF,0xFF,0xFF,0xFF,
    0xFF,0xFF,0xFF,0xFF,0xFF,0xFF,0xFF,0xFF,0xFF,0xFF,0xFF,0xFF,0xFF,0xFF,0xFF,0xFF,
    0xFF,0xFF,0xFF,0xFF,0xFF,0xFF,0xFF,0xFF,0xFF,0xFF,0xFF,0xFF,0xFF,0xFF,0xFF,0xFF,
    0xFF,0xFF,0xFF,0xFF,0xFF,0xFF,0xFF,0xFF,0xFF,0xFF,0xFF,0xFF,0xFF,0x50,0x00,0x00,
    0x00,0x00,0x00,0x00,0x00,0x00,0x00,0x00,0x00,0x12,0xE3,0xFF,0xFF,0xFF,0xFF,0xFF,
    0xFF,0xFF,0xFF,0xFF,0xFF,0xFF,0xFF,0xFF,0xFF,0xFF,0xFF,0xFF,0xFF,0xFF,0xFF,0xFF,
    0xFF,0xFF,0xFF,0xFF,0xFF,0xFF,0xFF,0xFF,0xFF,0xFF,0xFF,0xFF,0xFF,0xFF,0xFF,0xFF,
    0xFF,0xFF,0xFF,0xFF,0xFF,0xFF,0xFF,0xFF,0xFF,0xFF,0xFF,0xFF,0xFF,0xFF,0xFF,0xFF,
    0xFF,0xFF,0xFF,0xFF,0xFF,0xFF,0xFF,0xFF,0xFF,0xFF,0xFF,0xFF,0xFF,0xFF,0xFF,0xFF,
    0xFF,0xFF,0xFF,0xFF,0xFF,0xFF,0xFF,0xE3,0x12,0x00,0x00,0x00,0x00,0x00,0x00,0x00,
    0x00,0x00,0x00,0x94,0xFF,0xFF,0xFF,0xFF,0xFF,0xFF,0xFF,0xFF,0xFF,0xFF,0xFF,0xFF,
    0xFF,0xFF,0xFF,0xFF,0xFF,0xFF,0xFF,0xFF,0xFF,0xFF,0xFF,0xFF,0xFF,0xFF,0xFF,0xFF,
    0xFF,0xFF,0xFF,0xFF,0xFF,0xFF,0xFF,0xFF,0xFF,0xFF,0xFF,0xFF,0xFF,0xFF,0xFF,0xFF,
    0xFF,0xFF,0xFF,0xFF,0xFF,0xFF,0xFF,0xFF,0xFF,0xFF,0xFF,0xFF,0xFF,0xFF,0xFF,0xFF,
    0xFF,0xFF,0xFF,0xFF,0xFF,0xFF,0xFF,0xFF,0xFF,0xFF,0xFF,0xFF,0xFF,0xFF,0xFF,0xFF,
    0xFF,0xFF,0x94,0x00,0x00,0x00,0x00,0x00,0x00,0x00,0x00,0x00,0x1C,0xF9,0xFF,0xFF,
    0xFF,0xFF,0xFF,0xFF,0xFF,0xFF,0xFF,0xFF,0xFF,0xFF,0xFF,0xFF,0xFF,0xFF,0xFF,0xFF,
    0xFF,0xFF,0xFF,0xFF,0xFF,0xFF,0xFF,0xFF,0xFF,0xFF,0xFF,0xFF,0xFF,0xFF,0xFF,0xFF,
    0xFF,0xFF,0xFF,0xFF,0xFF,0xFF,0xFF,0xFF,0xFF,0xFF,0xFF,0xFF,0xFF,0xFF,0xFF,0xFF,
    0xFF,0xFF,0xFF,0xFF,0xFF,0xFF,0xFF,0xFF,0xFF,0xFF,0xFF,0xFF,0xFF,0xFF,0xFF,0xFF,
    0xFF,0xFF,0xFF,0xFF,0xFF,0xFF,0xFF,0xFF,0xFF,0xFF,0xFF,0xFF,0xF9,0x1C,0x00,0x00,
    0x00,0x00,0x00,0x00,0x00,0x00,0x8B,0xFF,0xFF,0xFF,0xFF,0xFF,0xFF,0xFF,0xFF,0xFF,
    0xFF,0xFF,0xFF,0xFF,0xFF,0xFF,0xFF,0xFF,0xFF,0xFF,0xFF,0xFF,0xFF,0xFF,0xFF,0xFF,
    0xFF,0xFF,0xFF,0xFF,0xFF,0xFF,0xFF,0xFF,0xFF,0xFF,0xFF,0xFF,0xFF,0xFF,0xFF,0xFF,
    0xFF,0xFF,0xFF,0xFF,0xFF,0xFF,0xFF,0xFF,0xFF,0xFF,0xFF,0xFF,0xFF,0xFF,0xFF,0xFF,
    0xFF,0xFF,0xFF,0xFF,0xFF,0xFF,0xFF,0xFF,0xFF,0xFF,0xFF,0xFF,0xFF,0xFF,0xFF,0xFF,
    0xFF,0xFF,0xFF,0xFF,0xFF,0xFF,0xFF,0x8B,0x00,0x00,0x00,0x00,0x00,0x00,0x00,0x0B,
    0xEF,0xFF,0xFF,0xFF,0xFF,0xFF,0xFF,0xFF,0xFF,0xFF,0xFF,0xFF,0xFF,0xFF,0xFF,0xFF,
    0xFF,0xFF,0xFF,0xFF,0xFF,0xFF,0xFF,0xFF,0xFF,0xFF,0xFF,0xFF,0xFF,0xFF,0xFF,0xFF,
    0xFF,0xFF,0xFF,0xFF,0xFF,0xFF,0xFF,0xFF,0xFF,0xFF,0xFF,0xFF,0xFF,0xFF,0xFF,0xFF,
    0xFF,0xFF,0xFF,0xFF,0xFF,0xFF,0xFF,0xFF,0xFF,0xFF,0xFF,0xFF,0xFF,0xFF,0xFF,0xFF,
    0xFF,0xFF,0xFF,0xFF,0xFF,0xFF,0xFF,0xFF,0xFF,0xFF,0xFF,0xFF,0xFF,0xFF,0xFF,0xFF,
    0xFF,0xEF,0x0B,0x00,0x00,0x00,0x00,0x00,0x00,0x67,0xFF,0xFF,0xFF,0xFF,0xFF,0xFF,
    0xFF,0xFF,0xFF,0xFF,0xFF,0xFF,0xFF,0xFF,0xFF,0xFF,0xFF,0xFF,0xFF,0xFF,0xFF,0xFF,
    0xFF,0xFF,0xFF,0xFF,0xFF,0xFF,0xFF,0xFF,0xFF,0xFF,0xFF,0xFF,0xFF,0xFF,0xFF,0xFF,
    0xFF,0xFF,0xFF,0xFF,0xFF,0xFF,0xFF,0xFF,0xFF,0xFF,0xFF,0xFF,0xFF,0xFF,0xFF,0xFF,
    0xFF,0xFF,0xFF,0xFF,0xFF,0xFF,0xFF,0xFF,0xFF,0xFF,0xFF,0xFF,0xFF,0xFF,0xFF,0xFF,
    0xFF,0xFF,0xFF,0xFF,0xFF,0xFF,0xFF,0xFF,0xFF,0xFF,0xFF,0xFF,0x67,0x00,0x00,0x00,
    0x00,0x00,0x03,0xD7,0xFF,0xFF,0xFF,0xFF,0xFF,0xFF,0xFF,0xFF,0xFF,0xFF,0xFF,0xFF,
    0xFF,0xFF,0xFF,0xFF,0xFF,0xFF,0xFF,0xFF,0xFF,0xFF,0xFF,0xFF,0xFF,0xFF,0xFF,0xFF,
    0xFF,0xFF,0xFF,0xFF,0xFF,0xFF,0xFF,0xFF,0xFF,0xFF,0xFF,0xFF,0xFF,0xFF,0xFF,0xFF,
    0xFF,0xFF,0xFF,0xFF,0xFF,0xFF,0xFF,0xFF,0xFF,0xFF,0xFF,0xFF,0xFF,0xFF,0xFF,0xFF,
    0xFF,0xFF,0xFF,0xFF,0xFF,0xFF,0xFF,0xFF,0xFF,0xFF,0xFF,0xFF,0xFF,0xFF,0xFF,0xFF,
    0xFF,0xFF,0xFF,0xFF,0xFF,0xFF,0xD7,0x03,0x00,0x00,0x00,0x00,0x46,0xFE,0xFF,0xFF,
    0xFF,0xFF,0xFF,0xFF,0xFF,0xFF,0xFF,0xFF,0xFF,0xFF,0xFF,0xFF,0xFF,0xFF,0xFF,0xFF,
    0xFF,0xFF,0xFF,0xFF,0xFF,0xFF,0xFF,0xFF,0xFF,0xFF,0xFF,0xFF,0xFF,0xFF,0xFF,0xFF,
    0xFF,0xFF,0xFF,0xFF,0xFF,0xFF,0xFF,0xFF,0xFF,0xFF,0xFF,0xFF,0xFF,0xFF,0xFF,0xFF,
    0xFF,0xFF,0xFF,0xFF,0xFF,0xFF,0xFF,0xFF,0xFF,0xFF,0xFF,0xFF,0xFF,0xFF,0xFF,0xFF,
    0xFF,0xFF,0xFF,0xFF,0xFF,0xFF,0xFF,0xFF,0xFF,0xFF,0xFF,0xFF,0xFF,0xFF,0xFF,0xFF,
    0xFE,0x46,0x00,0x00,0x00,0x00,0x9F,0xFF,0xFF,0xFF,0xFF,0xFF,0xFF,0xFF,0xFF,0xFF,
    0xFF,0xFF,0xFF,0xFF,0xFF,0xFF,0xFF,0xFF,0xFF,0xFF,0xFF,0xFF,0xFF,0xFF,0xFF,0xFF,
    0xFF,0xFF,0xFF,0xFF,0xFF,0xFF,0xFF,0xFF,0xFF,0xFF,0xFF,0xFF,0xFF,0xFF,0xFF,0xFF,
    0xFF,0xFF,0xFF,0xFF,0xFF,0xFF,0xFF,0xFF,0xFF,0xFF,0xFF,0xFF,0xFF,0xFF,0xFF,0xFF,
    0xFF,0xFF,0xFF,0xFF,0xFF,0xFF,0xFF,0xFF,0xFF,0xFF,0xFF,0xFF,0xFF,0xFF,0xFF,0xFF,
    0xFF,0xFF,0xFF,0xFF,0xFF,0xFF,0xFF,0xFF,0xFF,0xFF,0xFF,0x9F,0x00,0x00,0x00,0x0A,
    0xF0,0xFF,0xFF,0xFF,0xFF,0xFF,0xFF,0xFF,0xFF,0xFF,0xFF,0xFF,0xFF,0xFF,0xFF,0xFF,
    0xFF,0xFF,0xFF,0xFF,0xFF,0xFF,0xFF,0xFF,0xFF,0xFF,0xFF,0xFF,0xFF,0xFF,0xFF,0xFF,
    0xFF,0xFF,0xFF,0xFF,0xFF,0xFF,0xFF,0xFF,0xFF,0xFF,0xFF,0xFF,0xFF,0xFF,0xFF,0xFF,
    0xFF,0xFF,0xFF,0xFF,0xFF,0xFF,0xFF,0xFF,0xFF,0xFF,0xFF,0xFF,0xFF,0xFF,0xFF,0xFF,
    0xFF,0xFF,0xFF,0xFF,0xFF,0xFF,0xFF,0xFF,0xFF,0xFF,0xFF,0xFF,0xFF,0xFF,0xFF,0xFF,
    0xFF,0xFF,0xFF,0xFF,0xFF,0xF0,0x0A,0x00,0x00,0x44,0xFF,0xFF,0xFF,0xFF,0xFF,0xFF,
    0xFF,0xFF,0xFF,0xFF,0xFF,0xFF,0xFF,0xFF,0xFF,0xFF,0xFF,0xFF,0xFF,0xFF,0xFF,0xFF,
    0xFF,0xFF,0xFF,0xFF,0xFF,0xFF,0xFF,0xFF,0xFF,0xFF,0xFF,0xFF,0xFF,0xFF,0xFF,0xFF,
    0xFF,0xFF,0xFF,0xFF,0xFF,0xFF,0xFF,0xFF,0xFF,0xFF,0xFF,0xFF,0xFF,0xFF,0xFF,0xFF,
    0xFF,0xFF,0xFF,0xFF,0xFF,0xFF,0xFF,0xFF,0xFF,0xFF,0xFF,0xFF,0xFF,0xFF,0xFF,0xFF,
    0xFF,0xFF,0xFF,0xFF,0xFF,0xFF,0xFF,0xFF,0xFF,0xFF,0xFF,0xFF,0xFF,0xFF,0xFF,0xFF,
    0x44,0x00,0x00,0x7F,0xFF,0xFF,0xFF,0xFF,0xFF,0xFF,0xFF,0xFF,0xFF,0xFF,0xFF,0xFF,
    0xFF,0xFF,0xFF,0xFF,0xFF,0xFF,0xFF,0xFF,0xFF,0xFF,0xFF,0xFF,0xFF,0xFF,0xFF,0xFF,
    0xFF,0xFF,0xFF,0xFF,0xFF,0xFF,0xFF,0xFF,0xFF,0xFF,0xFF,0xFF,0xFF,0xFF,0xFF,0xFF,
    0xFF,0xFF,0xFF,0xFF,0xFF,0xFF,0xFF,0xFF,0xFF,0xFF,0xFF,0xFF,0xFF,0xFF,0xFF,0xFF,
    0xFF,0xFF,0xFF,0xFF,0xFF,0xFF,0xFF,0xFF,0xFF,0xFF,0xFF,0xFF,0xFF,0xFF,0xFF,0xFF,
    0xFF,0xFF,0xFF,0xFF,0xFF,0xFF,0xFF,0xFF,0xFF,0xFF,0x7F,0x00,0x00,0xB9,0xFF,0xFF,
    0xFF,0xFF,0xFF,0xFF,0xFF,0xFF,0xFF,0xFF,0xFF,0xFF,0xFF,0xFF,0xFF,0xFF,0xFF,0xFF,
    0xFF,0xFF,0xFF,0xFF,0xFF,0xFF,0xFF,0xFF,0xFF,0xFF,0xFF,0xFF,0xFF,0xFF,0xFF,0xFF,
    0xFF,0xFF,0xFF,0xFF,0xFF,0xFF,0xFF,0xFF,0xFF,0xFF,0xFF,0xFF,0xFF,0xFF,0xFF,0xFF,
    0xFF,0xFF,0xFF,0xFF,0xFF,0xFF,0xFF,0xFF,0xFF,0xFF,0xFF,0xFF,0xFF,0xFF,0xFF,0xFF,
    0xFF,0xFF,0xFF,0xFF,0xFF,0xFF,0xFF,0xFF,0xFF,0xFF,0xFF,0xFF,0xFF,0xFF,0xFF,0xFF,
    0xFF,0xFF,0xFF,0xFF,0xB9,0x00,0x01,0xEE,0xFF,0xFF,0xFF,0xFF,0xFF,0xFF,0xFF,0xFF,
    0xFF,0xFF,0xFF,0xFF,0xFF,0xFF,0xFF,0xFF,0xFF,0xFF,0xFF,0xFF,0xFF,0xFF,0xFF,0xFF,
    0xFF,0xFF,0xFF,0xFF,0xFF,0xFF,0xFF,0xFF,0xFF,0xFF,0xFF,0xFF,0xFF,0xFF,0xFF,0xFF,
    0xFF,0xFF,0xFF,0xFF,0xFF,0xFF,0xFF,0xFF,0xFF,0xFF,0xFF,0xFF,0xFF,0xFF,0xFF,0xFF,
    0xFF,0xFF,0xFF,0xFF,0xFF,0xFF,0xFF,0xFF,0xFF,0xFF,0xFF,0xFF,0xFF,0xFF,0xFF,0xFF,
    0xFF,0xFF,0xFF,0xFF,0xFF,0xFF,0xFF,0xFF,0xFF,0xFF,0xFF,0xFF,0xFF,0xFF,0xEE,0x01,
    0x21,0xFE,0xFF,0xFF,0xFF,0xFF,0xFF,0xFF,0xFF,0xFF,0xFF,0xFF,0xFF,0xFF,0xFF,0xFF,
    0xFF,0xFF,0xFF,0xFF,0xFF,0xFF,0xFF,0xFF,0xFF,0xFF,0xFF,0xFF,0xFF,0xFF,0xFF,0xFF,
    0xFF,0xFF,0xFF,0xFF,0xFF,0xFF,0xFF,0xFF,0xFF,0xFF,0xFF,0xFF,0xFF,0xFF,0xFF,0xFF,
    0xFF,0xFF,0xFF,0xFF,0xFF,0xFF,0xFF,0xFF,0xFF,0xFF,0xFF,0xFF,0xFF,0xFF,0xFF,0xFF,
    0xFF,0xFF,0xFF,0xFF,0xFF,0xFF,0xFF,0xFF,0xFF,0xFF,0xFF,0xFF,0xFF,0xFF,0xFF,0xFF,
    0xFF,0xFF,0xFF,0xFF,0xFF,0xFF,0xFF,0xFF,0xFE,0x21,0x54,0xFF,0xFF,0xFF,0xFF,0xFF,
    0xFF,0xFF,0xFF,0xFF,0xFF,0xFF,0xFF,0xFF,0xFF,0xFF,0xFF,0xFF,0xFF,0xFF,0xFF,0xFF,
    0xFF,0xFF,0xFF,0xFF,0xFF,0xFF,0xFF,0xFF,0xFF,0xFF,0xFF,0xFF,0xFF,0xFF,0xFF,0xFF,
    0xFF,0xFF,0xFF,0xFF,0xFF,0xFF,0xFF,0xFF,0xFF,0xFF,0xFF,0xFF,0xFF,0xFF,0xFF,0xFF,
    0xFF,0xFF,0xFF,0xFF,0xFF,0xFF,0xFF,0xFF,0xFF,0xFF,0xFF,0xFF,0xFF,0xFF,0xFF,0xFF,
    0xFF,0xFF,0xFF,0xFF,0xFF,0xFF,0xFF,0xFF,0xFF,0xFF,0xFF,0xFF,0xFF,0xFF,0xFF,0xFF,
    0xFF,0xFF,0xFF,0x54,0x80,0xFF,0xFF,0xFF,0xFF,0xFF,0xFF,0xFF,0xFF,0xFF,0xFF,0xFF,
    0xFF,0xFF,0xFF,0xFF,0xFF,0xFF,0xFF,0xFF,0xFF,0xFF,0xFF,0xFF,0xFF,0xFF,0xFF,0xFF,
    0xFF,0xFF,0xFF,0xFF,0xFF,0xFF,0xFF,0xFF,0xFF,0xFF,0xFF,0xFF,0xFF,0xFF,0xFF,0xFF,
    0xFF,0xFF,0xFF,0xFF,0xFF,0xFF,0xFF,0xFF,0xFF,0xFF,0xFF,0xFF,0xFF,0xFF,0xFF,0xFF,
    0xFF,0xFF,0xFF,0xFF,0xFF,0xFF,0xFF,0xFF,0xFF,0xFF,0xFF,0xFF,0xFF,0xFF,0xFF,0xFF,
    0xFF,0xFF,0xFF,0xFF,0xFF,0xFF,0xFF,0xFF,0xFF,0xFF,0xFF,0xFF,0xFF,0x80,0xA1,0xFF,
    0xFF,0xFF,0xFF,0xFF,0xFF,0xFF,0xFF,0xFF,0xFF,0xFF,0xFF,0xFF,0xFF,0xFF,0xFF,0xFF,
    0xFF,0xFF,0xFF,0xFF,0xFF,0xFF,0xFF,0xFF,0xFF,0xFF,0xFF,0xFF,0xFF,0xFF,0xFF,0xFF,
    0xFF,0xFF,0xFF,0xFF,0xFF,0xFF,0xFF,0xFF,0xFF,0xFF,0xFF,0xFF,0xFF,0xFF,0xFF,0xFF,
    0xFF,0xFF,0xFF,0xFF,0xFF,0xFF,0xFF,0xFF,0xFF,0xFF,0xFF,0xFF,0xFF,0xFF,0xFF,0xFF,
    0xFF,0xFF,0xFF,0xFF,0xFF,0xFF,0xFF,0xFF,0xFF,0xFF,0xFF,0xFF,0xFF,0xFF,0xFF,0xFF,
    0xFF,0xFF,0xFF,0xFF,0xFF,0xFF,0xFF,0xA1,0xC0,0xFF,0xFF,0xFF,0xFF,0xFF,0xFF,0xFF,
    0xFF,0xFF,0xFF,0xFF,0xFF,0xFF,0xFF,0xFF,0xFF,0xFF,0xFF,0xFF,0xFF,0xFF,0xFF,0xFF,
    0xFF,0xFF,0xFF,0xFF,0xFF,0xFF,0xFF,0xFF,0xFF,0xFF,0xFF,0xFF,0xFF,0xFF,0xFF,0xFF,
    0xFF,0xFF,0xFF,0xFF,0xFF,0xFF,0xFF,0xFF,0xFF,0xFF,0xFF,0xFF,0xFF,0xFF,0xFF,0xFF,
    0xFF,0xFF,0xFF,0xFF,0xFF,0xFF,0xFF,0xFF,0xFF,0xFF,0xFF,0xFF,0xFF,0xFF,0xFF,0xFF,
    0xFF,0xFF,0xFF,0xFF,0xFF,0xFF,0xFF,0xFF,0xFF,0xFF,0xFF,0xFF,0xFF,0xFF,0xFF,0xFF,
    0xFF,0xC0,0xDC,0xFF,0xFF,0xFF,0xFF,0xFF,0xFF,0xFF,0xFF,0xFF,0xFF,0xFF,0xFF,0xFF,
    0xFF,0xFF,0xFF,0xFF,0xFF,0xFF,0xFF,0xFF,0xFF,0xFF,0xFF,0xFF,0xFF,0xFF,0xFF,0xFF,
    0xFF,0xFF,0xFF,0xFF,0xFF,0xFF,0xFF,0xFF,0xFF,0xFF,0xFF,0xFF,0xFF,0xFF,0xFF,0xFF,
    0xFF,0xFF,0xFF,0xFF,0xFF,0xFF,0xFF,0xFF,0xFF,0xFF,0xFF,0xFF,0xFF,0xFF,0xFF,0xFF,
    0xFF,0xFF,0xFF,0xFF,0xFF,0xFF,0xFF,0xFF,0xFF,0xFF,0xFF,0xFF,0xFF,0xFF,0xFF,0xFF,
    0xFF,0xFF,0xFF,0xFF,0xFF,0xFF,0xFF,0xFF,0xFF,0xFF,0xFF,0xDC,0xEE,0xFF,0xFF,0xFF,
    0xFF,0xFF,0xFF,0xFF,0xFF,0xFF,0xFF,0xFF,0xFF,0xFF,0xFF,0xFF,0xFF,0xFF,0xFF,0xFF,
    0xFF,0xFF,0xFF,0xFF,0xFF,0xFF,0xFF,0xFF,0xFF,0xFF,0xFF,0xFF,0xFF,0xFF,0xFF,0xFF,
    0xFF,0xFF,0xFF,0xFF,0xFF,0xFF,0xFF,0xFF,0xFF,0xFF,0xFF,0xFF,0xFF,0xFF,0xFF,0xFF,
    0xFF,0xFF,0xFF,0xFF,0xFF,0xFF,0xFF,0xFF,0xFF,0xFF,0xFF,0xFF,0xFF,0xFF,0xFF,0xFF,
    0xFF,0xFF,0xFF,0xFF,0xFF,0xFF,0xFF,0xFF,0xFF,0xFF,0xFF,0xFF,0xFF,0xFF,0xFF,0xFF,
    0xFF,0xFF,0xFF,0xFF,0xFF,0xEE,0xF9,0xFF,0xFF,0xFF,0xFF,0xFF,0xFF,0xFF,0xFF,0xFF,
    0xFF,0xFF,0xFF,0xFF,0xFF,0xFF,0xFF,0xFF,0xFF,0xFF,0xFF,0xFF,0xFF,0xFF,0xFF,0xFF,
    0xFF,0xFF,0xFF,0xFF,0xFF,0xFF,0xFF,0xFF,0xFF,0xFF,0xFF,0xFF,0xFF,0xFF,0xFF,0xFF,
    0xFF,0xFF,0xFF,0xFF,0xFF,0xFF,0xFF,0xFF,0xFF,0xFF,0xFF,0xFF,0xFF,0xFF,0xFF,0xFF,
    0xFF,0xFF,0xFF,0xFF,0xFF,0xFF,0xFF,0xFF,0xFF,0xFF,0xFF,0xFF,0xFF,0xFF,0xFF,0xFF,
    0xFF,0xFF,0xFF,0xFF,0xFF,0xFF,0xFF,0xFF,0xFF,0xFF,0xFF,0xFF,0xFF,0xFF,0xFF,0xF9,
    0xFF,0xFF,0xFF,0xFF,0xFF,0xFF,0xFF,0xFF,0xFF,0xFF,0xFF,0xFF,0xFF,0xFF,0xFF,0xFF,
    0xFF,0xFF,0xFF,0xFF,0xFF,0xFF,0xFF,0xFF,0xFF,0xFF,0xFF,0xFF,0xFF,0xFF,0xFF,0xFF,
    0xFF,0xFF,0xFF,0xFF,0xFF,0xFF,0xFF,0xFF,0xFF,0xFF,0xFF,0xFF,0xFF,0xFF,0xFF,0xFF,
    0xFF,0xFF,0xFF,0xFF,0xFF,0xFF,0xFF,0xFF,0xFF,0xFF,0xFF,0xFF,0xFF,0xFF,0xFF,0xFF,
    0xFF,0xFF,0xFF,0xFF,0xFF,0xFF,0xFF,0xFF,0xFF,0xFF,0xFF,0xFF,0xFF,0xFF,0xFF,0xFF,
    0xFF,0xFF,0xFF,0xFF,0xFF,0xFF,0xFF,0xFF,0xFF,0xFF,0xFF,0xFF,0xFF,0xFF,0xFF,0xFF,
    0xFF,0xFF,0xFF,0xFF,0xFF,0xFF,0xFF,0xFF,0xFF,0xFF,0xFF,0xFF,0xFF,0xFF,0xFF,0xFF,
    0xFF,0xFF,0xFF,0xFF,0xFF,0xFF,0xFF,0xFF,0xFF,0xFF,0xFF,0xFF,0xFF,0xFF,0xFF,0xFF,
    0xFF,0xFF,0xFF,0xFF,0xFF,0xFF,0xFF,0xFF,0xFF,0xFF,0xFF,0xFF,0xFF,0xFF,0xFF,0xFF,
    0xFF,0xFF,0xFF,0xFF,0xFF,0xFF,0xFF,0xFF,0xFF,0xFF,0xFF,0xFF,0xFF,0xFF,0xFF,0xFF,
    0xFF,0xFF,0xFF,0xFF,0xFF,0xFF,0xFF,0xFF,0xFF,0xFF,0xFF,0xFF,0xFF,0xFF,0xFF,0xFF,
    0xFF,0xFF,0xFF,0xFF,0xF9,0xFF,0xFF,0xFF,0xFF,0xFF,0xFF,0xFF,0xFF,0xFF,0xFF,0xFF,
    0xFF,0xFF,0xFF,0xFF,0xFF,0xFF,0xFF,0xFF,0xFF,0xFF,0xFF,0xFF,0xFF,0xFF,0xFF,0xFF,
    0xFF,0xFF,0xFF,0xFF,0xFF,0xFF,0xFF,0xFF,0xFF,0xFF,0xFF,0xFF,0xFF,0xFF,0xFF,0xFF,
    0xFF,0xFF,0xFF,0xFF,0xFF,0xFF,0xFF,0xFF,0xFF,0xFF,0xFF,0xFF,0xFF,0xFF,0xFF,0xFF,
    0xFF,0xFF,0xFF,0xFF,0xFF,0xFF,0xFF,0xFF,0xFF,0xFF,0xFF,0xFF,0xFF,0xFF,0xFF,0xFF,
    0xFF,0xFF,0xFF,0xFF,0xFF,0xFF,0xFF,0xFF,0xFF,0xFF,0xFF,0xFF,0xFF,0xF9,0xEE,0xFF,
    0xFF,0xFF,0xFF,0xFF,0xFF,0xFF,0xFF,0xFF,0xFF,0xFF,0xFF,0xFF,0xFF,0xFF,0xFF,0xFF,
    0xFF,0xFF,0xFF,0xFF,0xFF,0xFF,0xFF,0xFF,0xFF,0xFF,0xFF,0xFF,0xFF,0xFF,0xFF,0xFF,
    0xFF,0xFF,0xFF,0xFF,0xFF,0xFF,0xFF,0xFF,0xFF,0xFF,0xFF,0xFF,0xFF,0xFF,0xFF,0xFF,
    0xFF,0xFF,0xFF,0xFF,0xFF,0xFF,0xFF,0xFF,0xFF,0xFF,0xFF,0xFF,0xFF,0xFF,0xFF,0xFF,
    0xFF,0xFF,0xFF,0xFF,0xFF,0xFF,0xFF,0xFF,0xFF,0xFF,0xFF,0xFF,0xFF,0xFF,0xFF,0xFF,
    0xFF,0xFF,0xFF,0xFF,0xFF,0xFF,0xFF,0xEE,0xDC,0xFF,0xFF,0xFF,0xFF,0xFF,0xFF,0xFF,
    0xFF,0xFF,0xFF,0xFF,0xFF,0xFF,0xFF,0xFF,0xFF,0xFF,0xFF,0xFF,0xFF,0xFF,0xFF,0xFF,
    0xFF,0xFF,0xFF,0xFF,0xFF,0xFF,0xFF,0xFF,0xFF,0xFF,0xFF,0xFF,0xFF,0xFF,0xFF,0xFF,
    0xFF,0xFF,0xFF,0xFF,0xFF,0xFF,0xFF,0xFF,0xFF,0xFF,0xFF,0xFF,0xFF,0xFF,0xFF,0xFF,
    0xFF,0xFF,0xFF,0xFF,0xFF,0xFF,0xFF,0xFF,0xFF,0xFF,0xFF,0xFF,0xFF,0xFF,0xFF,0xFF,
    0xFF,0xFF,0xFF,0xFF,0xFF,0xFF,0xFF,0xFF,0xFF,0xFF,0xFF,0xFF,0xFF,0xFF,0xFF,0xFF,
    0xFF,0xDC,0xC0,0xFF,0xFF,0xFF,0xFF,0xFF,0xFF,0xFF,0xFF,0xFF,0xFF,0xFF,0xFF,0xFF,
    0xFF,0xFF,0xFF,0xFF,0xFF,0xFF,0xFF,0xFF,0xFF,0xFF,0xFF,0xFF,0xFF,0xFF,0xFF,0xFF,
    0xFF,0xFF,0xFF,0xFF,0xFF,0xFF,0xFF,0xFF,0xFF,0xFF,0xFF,0xFF,0xFF,0xFF,0xFF,0xFF,
    0xFF,0xFF,0xFF,0xFF,0xFF,0xFF,0xFF,0xFF,0xFF,0xFF,0xFF,0xFF,0xFF,0xFF,0xFF,0xFF,
    0xFF,0xFF,0xFF,0xFF,0xFF,0xFF,0xFF,0xFF,0xFF,0xFF,0xFF,0xFF,0xFF,0xFF,0xFF,0xFF,
    0xFF,0xFF,0xFF,0xFF,0xFF,0xFF,0xFF,0xFF,0xFF,0xFF,0xFF,0xC0,0xA1,0xFF,0xFF,0xFF,
    0xFF,0xFF,0xFF,0xFF,0xFF,0xFF,0xFF,0xFF,0xFF,0xFF,0xFF,0xFF,0xFF,0xFF,0xFF,0xFF,
    0xFF,0xFF,0xFF,0xFF,0xFF,0xFF,0xFF,0xFF,0xFF,0xFF,0xFF,0xFF,0xFF,0xFF,0xFF,0xFF,
    0xFF,0xFF,0xFF,0xFF,0xFF,0xFF,0xFF,0xFF,0xFF,0xFF,0xFF,0xFF,0xFF,0xFF,0xFF,0xFF,
    0xFF,0xFF,0xFF,0xFF,0xFF,0xFF,0xFF,0xFF,0xFF,0xFF,0xFF,0xFF,0xFF,0xFF,0xFF,0xFF,
    0xFF,0xFF,0xFF,0xFF,0xFF,0xFF,0xFF,0xFF,0xFF,0xFF,0xFF,0xFF,0xFF,0xFF,0xFF,0xFF,
    0xFF,0xFF,0xFF,0xFF,0xFF,0xA1,0x80,0xFF,0xFF,0xFF,0xFF,0xFF,0xFF,0xFF,0xFF,0xFF,
    0xFF,0xFF,0xFF,0xFF,0xFF,0xFF,0xFF,0xFF,0xFF,0xFF,0xFF,0xFF,0xFF,0xFF,0xFF,0xFF,
    0xFF,0xFF,0xFF,0xFF,0xFF,0xFF,0xFF,0xFF,0xFF,0xFF,0xFF,0xFF,0xFF,0xFF,0xFF,0xFF,
    0xFF,0xFF,0xFF,0xFF,0xFF,0xFF,0xFF,0xFF,0xFF,0xFF,0xFF,0xFF,0xFF,0xFF,0xFF,0xFF,
    0xFF,0xFF,0xFF,0xFF,0xFF,0xFF,0xFF,0xFF,0xFF,0xFF,0xFF,0xFF,0xFF,0xFF,0xFF,0xFF,
    0xFF,0xFF,0xFF,0xFF,0xFF,0xFF,0xFF,0xFF,0xFF,0xFF,0xFF,0xFF,0xFF,0xFF,0xFF,0x80,
    0x54,0xFF,0xFF,0xFF,0xFF,0xFF,0xFF,0xFF,0xFF,0xFF,0xFF,0xFF,0xFF,0xFF,0xFF,0xFF,
    0xFF,0xFF,0xFF,0xFF,0xFF,0xFF,0xFF,0xFF,0xFF,0xFF,0xFF,0xFF,0xFF,0xFF,0xFF,0xFF,
    0xFF,0xFF,0xFF,0xFF,0xFF,0xFF,0xFF,0xFF,0xFF,0xFF,0xFF,0xFF,0xFF,0xFF,0xFF,0xFF,
    0xFF,0xFF,0xFF,0xFF,0xFF,0xFF,0xFF,0xFF,0xFF,0xFF,0xFF,0xFF,0xFF,0xFF,0xFF,0xFF,
    0xFF,0xFF,0xFF,0xFF,0xFF,0xFF,0xFF,0xFF,0xFF,0xFF,0xFF,0xFF,0xFF,0xFF,0xFF,0xFF,
    0xFF,0xFF,0xFF,0xFF,0xFF,0xFF,0xFF,0xFF,0xFF,0x54,0x21,0xFE,0xFF,0xFF,0xFF,0xFF,
    0xFF,0xFF,0xFF,0xFF,0xFF,0xFF,0xFF,0xFF,0xFF,0xFF,0xFF,0xFF,0xFF,0xFF,0xFF,0xFF,
    0xFF,0xFF,0xFF,0xFF,0xFF,0xFF,0xFF,0xFF,0xFF,0xFF,0xFF,0xFF,0xFF,0xFF,0xFF,0xFF,
    0xFF,0xFF,0xFF,0xFF,0xFF,0xFF,0xFF,0xFF,0xFF,0xFF,0xFF,0xFF,0xFF,0xFF,0xFF,0xFF,
    0xFF,0xFF,0xFF,0xFF,0xFF,0xFF,0xFF,0xFF,0xFF,0xFF,0xFF,0xFF,0xFF,0xFF,0xFF,0xFF,
    0xFF,0xFF,0xFF,0xFF,0xFF,0xFF,0xFF,0xFF,0xFF,0xFF,0xFF,0xFF,0xFF,0xFF,0xFF,0xFF,
    0xFF,0xFF,0xFE,0x21,0x01,0xEE,0xFF,0xFF,0xFF,0xFF,0xFF,0xFF,0xFF,0xFF,0xFF,0xFF,
    0xFF,0xFF,0xFF,0xFF,0xFF,0xFF,0xFF,0xFF,0xFF,0xFF,0xFF,0xFF,0xFF,0xFF,0xFF,0xFF,
    0xFF,0xFF,0xFF,0xFF,0xFF,0xFF,0xFF,0xFF,0xFF,0xFF,0xFF,0xFF,0xFF,0xFF,0xFF,0xFF,
    0xFF,0xFF,0xFF,0xFF,0xFF,0xFF,0xFF,0xFF,0xFF,0xFF,0xFF,0xFF,0xFF,0xFF,0xFF,0xFF,
    0xFF,0xFF,0xFF,0xFF,0xFF,0xFF,0xFF,0xFF,0xFF,0xFF,0xFF,0xFF,0xFF,0xFF,0xFF,0xFF,
    0xFF,0xFF,0xFF,0xFF,0xFF,0xFF,0xFF,0xFF,0xFF,0xFF,0xFF,0xFF,0xEE,0x01,0x00,0xB9,
    0xFF,0xFF,0xFF,0xFF,0xFF,0xFF,0xFF,0xFF,0xFF,0xFF,0xFF,0xFF,0xFF,0xFF,0xFF,0xFF,
    0xFF,0xFF,0xFF,0xFF,0xFF,0xFF,0xFF,0xFF,0xFF,0xFF,0xFF,0xFF,0xFF,0xFF,0xFF,0xFF,
    0xFF,0xFF,0xFF,0xFF,0xFF,0xFF,0xFF,0xFF,0xFF,0xFF,0xFF,0xFF,0xFF,0xFF,0xFF,0xFF,
    0xFF,0xFF,0xFF,0xFF,0xFF,0xFF,0xFF,0xFF,0xFF,0xFF,0xFF,0xFF,0xFF,0xFF,0xFF,0xFF,
    0xFF,0xFF,0xFF,0xFF,0xFF,0xFF,0xFF,0xFF,0xFF,0xFF,0xFF,0xFF,0xFF,0xFF,0xFF,0xFF,
    0xFF,0xFF,0xFF,0xFF,0xFF,0xFF,0xB9,0x00,0x00,0x7F,0xFF,0xFF,0xFF,0xFF,0xFF,0xFF,
    0xFF,0xFF,0xFF,0xFF,0xFF,0xFF,0xFF,0xFF,0xFF,0xFF,0xFF,0xFF,0xFF,0xFF,0xFF,0xFF,
    0xFF,0xFF,0xFF,0xFF,0xFF,0xFF,0xFF,0xFF,0xFF,0xFF,0xFF,0xFF,0xFF,0xFF,0xFF,0xFF,
    0xFF,0xFF,0xFF,0xFF,0xFF,0xFF,0xFF,0xFF,0xFF,0xFF,0xFF,0xFF,0xFF,0xFF,0xFF,0xFF,
    0xFF,0xFF,0xFF,0xFF,0xFF,0xFF,0xFF,0xFF,0xFF,0xFF,0xFF,0xFF,0xFF,0xFF,0xFF,0xFF,
    0xFF,0xFF,0xFF,0xFF,0xFF,0xFF,0xFF,0xFF,0xFF,0xFF,0xFF,0xFF,0xFF,0xFF,0xFF,0xFF,
    0x7F,0x00,0x00,0x44,0xFF,0xFF,0xFF,0xFF,0xFF,0xFF,0xFF,0xFF,0xFF,0xFF,0xFF,0xFF,
    0xFF,0xFF,0xFF,0xFF,0xFF,0xFF,0xFF,0xFF,0xFF,0xFF,0xFF,0xFF,0xFF,0xFF,0xFF,0xFF,
    0xFF,0xFF,0xFF,0xFF,0xFF,0xFF,0xFF,0xFF,0xFF,0xFF,0xFF,0xFF,0xFF,0xFF,0xFF,0xFF,
    0xFF,0xFF,0xFF,0xFF,0xFF,0xFF,0xFF,0xFF,0xFF,0xFF,0xFF,0xFF,0xFF,0xFF,0xFF,0xFF,
    0xFF,0xFF,0xFF,0xFF,0xFF,0xFF,0xFF,0xFF,0xFF,0xFF,0xFF,0xFF,0xFF,0xFF,0xFF,0xFF,
    0xFF,0xFF,0xFF,0xFF,0xFF,0xFF,0xFF,0xFF,0xFF,0xFF,0x44,0x00,0x00,0x0A,0xF0,0xFF,
    0xFF,0xFF,0xFF,0xFF,0xFF,0xFF,0xFF,0xFF,0xFF,0xFF,0xFF,0xFF,0xFF,0xFF,0xFF,0xFF,
    0xFF,0xFF,0xFF,0xFF,0xFF,0xFF,0xFF,0xFF,0xFF,0xFF,0xFF,0xFF,0xFF,0xFF,0xFF,0xFF,
    0xFF,0xFF,0xFF,0xFF,0xFF,0xFF,0xFF,0xFF,0xFF,0xFF,0xFF,0xFF,0xFF,0xFF,0xFF,0xFF,
    0xFF,0xFF,0xFF,0xFF,0xFF,0xFF,0xFF,0xFF,0xFF,0xFF,0xFF,0xFF,0xFF,0xFF,0xFF,0xFF,
    0xFF,0xFF,0xFF,0xFF,0xFF,0xFF,0xFF,0xFF,0xFF,0xFF,0xFF,0xFF,0xFF,0xFF,0xFF,0xFF,
    0xFF,0xFF,0xFF,0xF0,0x0A,0x00,0x00,0x00,0x9F,0xFF,0xFF,0xFF,0xFF,0xFF,0xFF,0xFF,
    0xFF,0xFF,0xFF,0xFF,0xFF,0xFF,0xFF,0xFF,0xFF,0xFF,0xFF,0xFF,0xFF,0xFF,0xFF,0xFF,
    0xFF,0xFF,0xFF,0xFF,0xFF,0xFF,0xFF,0xFF,0xFF,0xFF,0xFF,0xFF,0xFF,0xFF,0xFF,0xFF,
    0xFF,0xFF,0xFF,0xFF,0xFF,0xFF,0xFF,0xFF,0xFF,0xFF,0xFF,0xFF,0xFF,0xFF,0xFF,0xFF,
    0xFF,0xFF,0xFF,0xFF,0xFF,0xFF,0xFF,0xFF,0xFF,0xFF,0xFF,0xFF,0xFF,0xFF,0xFF,0xFF,
    0xFF,0xFF,0xFF,0xFF,0xFF,0xFF,0xFF,0xFF,0xFF,0xFF,0xFF,0xFF,0xFF,0x9F,0x00,0x00,
    0x00,0x00,0x46,0xFE,0xFF,0xFF,0xFF,0xFF,0xFF,0xFF,0xFF,0xFF,0xFF,0xFF,0xFF,0xFF,
    0xFF,0xFF,0xFF,0xFF,0xFF,0xFF,0xFF,0xFF,0xFF,0xFF,0xFF,0xFF,0xFF,0xFF,0xFF,0xFF,
    0xFF,0xFF,0xFF,0xFF,0xFF,0xFF,0xFF,0xFF,0xFF,0xFF,0xFF,0xFF,0xFF,0xFF,0xFF,0xFF,
    0xFF,0xFF,0xFF,0xFF,0xFF,0xFF,0xFF,0xFF,0xFF,0xFF,0xFF,0xFF,0xFF,0xFF,0xFF,0xFF,
    0xFF,0xFF,0xFF,0xFF,0xFF,0xFF,0xFF,0xFF,0xFF,0xFF,0xFF,0xFF,0xFF,0xFF,0xFF,0xFF,
    0xFF,0xFF,0xFF,0xFF,0xFF,0xFF,0xFE,0x46,0x00,0x00,0x00,0x00,0x03,0xD7,0xFF,0xFF,
    0xFF,0xFF,0xFF,0xFF,0xFF,0xFF,0xFF,0xFF,0xFF,0xFF,0xFF,0xFF,0xFF,0xFF,0xFF,0xFF,
    0xFF,0xFF,0xFF,0xFF,0xFF,0xFF,0xFF,0xFF,0xFF,0xFF,0xFF,0xFF,0xFF,0xFF,0xFF,0xFF,
    0xFF,0xFF,0xFF,0xFF,0xFF,0xFF,0xFF,0xFF,0xFF,0xFF,0xFF,0xFF,0xFF,0xFF,0xFF,0xFF,
    0xFF,0xFF,0xFF,0xFF,0xFF,0xFF,0xFF,0xFF,0xFF,0xFF,0xFF,0xFF,0xFF,0xFF,0xFF,0xFF,
    0xFF,0xFF,0xFF,0xFF,0xFF,0xFF,0xFF,0xFF,0xFF,0xFF,0xFF,0xFF,0xFF,0xFF,0xFF,0xFF,
    0xD7,0x03,0x00,0x00,0x00,0x00,0x00,0x67,0xFF,0xFF,0xFF,0xFF,0xFF,0xFF,0xFF,0xFF,
    0xFF,0xFF,0xFF,0xFF,0xFF,0xFF,0xFF,0xFF,0xFF,0xFF,0xFF,0xFF,0xFF,0xFF,0xFF,0xFF,
    0xFF,0xFF,0xFF,0xFF,0xFF,0xFF,0xFF,0xFF,0xFF,0xFF,0xFF,0xFF,0xFF,0xFF,0xFF,0xFF,
    0xFF,0xFF,0xFF,0xFF,0xFF,0xFF,0xFF,0xFF,0xFF,0xFF,0xFF,0xFF,0xFF,0xFF,0xFF,0xFF,
    0xFF,0xFF,0xFF,0xFF,0xFF,0xFF,0xFF,0xFF,0xFF,0xFF,0xFF,0xFF,0xFF,0xFF,0xFF,0xFF,
    0xFF,0xFF,0xFF,0xFF,0xFF,0xFF,0xFF,0xFF,0xFF,0xFF,0x67,0x00,0x00,0x00,0x00,0x00,
    0x00,0x0B,0xEF,0xFF,0xFF,0xFF,0xFF,0xFF,0xFF,0xFF,0xFF,0xFF,0xFF,0xFF,0xFF,0xFF,
    0xFF,0xFF,0xFF,0xFF,0xFF,0xFF,0xFF,0xFF,0xFF,0xFF,0xFF,0xFF,0xFF,0xFF,0xFF,0xFF,
    0xFF,0xFF,0xFF,0xFF,0xFF,0xFF,0xFF,0xFF,0xFF,0xFF,0xFF,0xFF,0xFF,0xFF,0xFF,0xFF,
    0xFF,0xFF,0xFF,0xFF,0xFF,0xFF,0xFF,0xFF,0xFF,0xFF,0xFF,0xFF,0xFF,0xFF,0xFF,0xFF,
    0xFF,0xFF,0xFF,0xFF,0xFF,0xFF,0xFF,0xFF,0xFF,0xFF,0xFF,0xFF,0xFF,0xFF,0xFF,0xFF,
    0xFF,0xFF,0xFF,0xEF,0x0B,0x00,0x00,0x00,0x00,0x00,0x00,0x00,0x8B,0xFF,0xFF,0xFF,
    0xFF,0xFF,0xFF,0xFF,0xFF,0xFF,0xFF,0xFF,0xFF,0xFF,0xFF,0xFF,0xFF,0xFF,0xFF,0xFF,
    0xFF,0xFF,0xFF,0xFF,0xFF,0xFF,0xFF,0xFF,0xFF,0xFF,0xFF,0xFF,0xFF,0xFF,0xFF,0xFF,
    0xFF,0xFF,0xFF,0xFF,0xFF,0xFF,0xFF,0xFF,0xFF,0xFF,0xFF,0xFF,0xFF,0xFF,0xFF,0xFF,
    0xFF,0xFF,0xFF,0xFF,0xFF,0xFF,0xFF,0xFF,0xFF,0xFF,0xFF,0xFF,0xFF,0xFF,0xFF,0xFF,
    0xFF,0xFF,0xFF,0xFF,0xFF,0xFF,0xFF,0xFF,0xFF,0xFF,0xFF,0xFF,0xFF,0x8B,0x00,0x00,
    0x00,0x00,0x00,0x00,0x00,0x00,0x1C,0xF9,0xFF,0xFF,0xFF,0xFF,0xFF,0xFF,0xFF,0xFF,
    0xFF,0xFF,0xFF,0xFF,0xFF,0xFF,0xFF,0xFF,0xFF,0xFF,0xFF,0xFF,0xFF,0xFF,0xFF,0xFF,
    0xFF,0xFF,0xFF,0xFF,0xFF,0xFF,0xFF,0xFF,0xFF,0xFF,0xFF,0xFF,0xFF,0xFF,0xFF,0xFF,
    0xFF,0xFF,0xFF,0xFF,0xFF,0xFF,0xFF,0xFF,0xFF,0xFF,0xFF,0xFF,0xFF,0xFF,0xFF,0xFF,
    0xFF,0xFF,0xFF,0xFF,0xFF,0xFF,0xFF,0xFF,0xFF,0xFF,0xFF,0xFF,0xFF,0xFF,0xFF,0xFF,
    0xFF,0xFF,0xFF,0xFF,0xFF,0xFF,0xF9,0x1C,0x00,0x00,0x00,0x00,0x00,0x00,0x00,0x00,
    0x00,0x94,0xFF,0xFF,0xFF,0xFF,0xFF,0xFF,0xFF,0xFF,0xFF,0xFF,0xFF,0xFF,0xFF,0xFF,
    0xFF,0xFF,0xFF,0xFF,0xFF,0xFF,0xFF,0xFF,0xFF,0xFF,0xFF,0xFF,0xFF,0xFF,0xFF,0xFF,
    0xFF,0xFF,0xFF,0xFF,0xFF,0xFF,0xFF,0xFF,0xFF,0xFF,0xFF,0xFF,0xFF,0xFF,0xFF,0xFF,
    0xFF,0xFF,0xFF,0xFF,0xFF,0xFF,0xFF,0xFF,0xFF,0xFF,0xFF,0xFF,0xFF,0xFF,0xFF,0xFF,
    0xFF,0xFF,0xFF,0xFF,0xFF,0xFF,0xFF,0xFF,0xFF,0xFF,0xFF,0xFF,0xFF,0xFF,0xFF,0xFF,
    0x94,0x00,0x00,0x00,0x00,0x00,0x00,0x00,0x00,0x00,0x00,0x12,0xE3,0xFF,0xFF,0xFF,
    0xFF,0xFF,0xFF,0xFF,0xFF,0xFF,0xFF,0xFF,0xFF,0xFF,0xFF,0xFF,0xFF,0xFF,0xFF,0xFF,
    0xFF,0xFF,0xFF,0xFF,0xFF,0xFF,0xFF,0xFF,0xFF,0xFF,0xFF,0xFF,0xFF,0xFF,0xFF,0xFF,
    0xFF,0xFF,0xFF,0xFF,0xFF,0xFF,0xFF,0xFF,0xFF,0xFF,0xFF,0xFF,0xFF,0xFF,0xFF,0xFF,
    0xFF,0xFF,0xFF,0xFF,0xFF,0xFF,0xFF,0xFF,0xFF,0xFF,0xFF,0xFF,0xFF,0xFF,0xFF,0xFF,
    0xFF,0xFF,0xFF,0xFF,0xFF,0xFF,0xFF,0xFF,0xFF,0xE3,0x12,0x00,0x00,0x00,0x00,0x00,
    0x00,0x00,0x00,0x00,0x00,0x00,0x50,0xFF,0xFF,0xFF,0xFF,0xFF,0xFF,0xFF,0xFF,0xFF,
    0xFF,0xFF,0xFF,0xFF,0xFF,0xFF,0xFF,0xFF,0xFF,0xFF,0xFF,0xFF,0xFF,0xFF,0xFF,0xFF,
    0xFF,0xFF,0xFF,0xFF,0xFF,0xFF,0xFF,0xFF,0xFF,0xFF,0xFF,0xFF,0xFF,0xFF,0xFF,0xFF,
    0xFF,0xFF,0xFF,0xFF,0xFF,0xFF,0xFF,0xFF,0xFF,0xFF,0xFF,0xFF,0xFF,0xFF,0xFF,0xFF,
    0xFF,0xFF,0xFF,0xFF,0xFF,0xFF,0xFF,0xFF,0xFF,0xFF,0xFF,0xFF,0xFF,0xFF,0xFF,0xFF,
    0xFF,0xFF,0xFF,0x50,0x00,0x00,0x00,0x00,0x00,0x00,0x00,0x00,0x00,0x00,0x00,0x00,
    0x01,0xBA,0xFF,0xFF,0xFF,0xFF,0xFF,0xFF,0xFF,0xFF,0xFF,0xFF,0xFF,0xFF,0xFF,0xFF,
    0xFF,0xFF,0xFF,0xFF,0xFF,0xFF,0xFF,0xFF,0xFF,0xFF,0xFF,0xFF,0xFF,0xFF,0xFF,0xFF,
    0xFF,0xFF,0xFF,0xFF,0xFF,0xFF,0xFF,0xFF,0xFF,0xFF,0xFF,0xFF,0xFF,0xFF,0xFF,0xFF,
    0xFF,0xFF,0xFF,0xFF,0xFF,0xFF,0xFF,0xFF,0xFF,0xFF,0xFF,0xFF,0xFF,0xFF,0xFF,0xFF,
    0xFF,0xFF,0xFF,0xFF,0xFF,0xFF,0xFF,0xFF,0xFF,0xFF,0xFF,0xFF,0xBA,0x01,0x00,0x00,
    0x00,0x00,0x00,0x00,0x00,0x00,0x00,0x00,0x00,0x00,0x00,0x29,0xF3,0xFF,0xFF,0xFF,
    0xFF,0xFF,0xFF,0xFF,0xFF,0xFF,0xFF,0xFF,0xFF,0xFF,0xFF,0xFF,0xFF,0xFF,0xFF,0xFF,
    0xFF,0xFF,0xFF,0xFF,0xFF,0xFF,0xFF,0xFF,0xFF,0xFF,0xFF,0xFF,0xFF,0xFF,0xFF,0xFF,
    0xFF,0xFF,0xFF,0xFF,0xFF,0xFF,0xFF,0xFF,0xFF,0xFF,0xFF,0xFF,0xFF,0xFF,0xFF,0xFF,
    0xFF,0xFF,0xFF,0xFF,0xFF,0xFF,0xFF,0xFF,0xFF,0xFF,0xFF,0xFF,0xFF,0xFF,0xFF,0xFF,
    0xFF,0xFF,0xFF,0xFF,0xFF,0xF3,0x29,0x00,0x00,0x00,0x00,0x00,0x00,0x00,0x00,0x00,
    0x00,0x00,0x00,0x00,0x00,0x00,0x5C,0xFE,0xFF,0xFF,0xFF,0xFF,0xFF,0xFF,0xFF,0xFF,
    0xFF,0xFF,0xFF,0xFF,0xFF,0xFF,0xFF,0xFF,0xFF,0xFF,0xFF,0xFF,0xFF,0xFF,0xFF,0xFF,
    0xFF,0xFF,0xFF,0xFF,0xFF,0xFF,0xFF,0xFF,0xFF,0xFF,0xFF,0xFF,0xFF,0xFF,0xFF,0xFF,
    0xFF,0xFF,0xFF,0xFF,0xFF,0xFF,0xFF,0xFF,0xFF,0xFF,0xFF,0xFF,0xFF,0xFF,0xFF,0xFF,
    0xFF,0xFF,0xFF,0xFF,0xFF,0xFF,0xFF,0xFF,0xFF,0xFF,0xFF,0xFF,0xFF,0xFF,0xFE,0x5C,
    0x00,0x00,0x00,0x00,0x00,0x00,0x00,0x00,0x00,0x00,0x00,0x00,0x00,0x00,0x00,0x00,
    0x00,0x9B,0xFF,0xFF,0xFF,0xFF,0xFF,0xFF,0xFF,0xFF,0xFF,0xFF,0xFF,0xFF,0xFF,0xFF,
    0xFF,0xFF,0xFF,0xFF,0xFF,0xFF,0xFF,0xFF,0xFF,0xFF,0xFF,0xFF,0xFF,0xFF,0xFF,0xFF,
    0xFF,0xFF,0xFF,0xFF,0xFF,0xFF,0xFF,0xFF,0xFF,0xFF,0xFF,0xFF,0xFF,0xFF,0xFF,0xFF,
    0xFF,0xFF,0xFF,0xFF,0xFF,0xFF,0xFF,0xFF,0xFF,0xFF,0xFF,0xFF,0xFF,0xFF,0xFF,0xFF,
    0xFF,0xFF,0xFF,0xFF,0xFF,0xFF,0xFF,0xFF,0x9B,0x00,0x00,0x00,0x00,0x00,0x00,0x00,
    0x00,0x00,0x00,0x00,0x00,0x00,0x00,0x00,0x00,0x00,0x00,0x07,0xC1,0xFF,0xFF,0xFF,
    0xFF,0xFF,0xFF,0xFF,0xFF,0xFF,0xFF,0xFF,0xFF,0xFF,0xFF,0xFF,0xFF,0xFF,0xFF,0xFF,
    0xFF,0xFF,0xFF,0xFF,0xFF,0xFF,0xFF,0xFF,0xFF,0xFF,0xFF,0xFF,0xFF,0xFF,0xFF,0xFF,
    0xFF,0xFF,0xFF,0xFF,0xFF,0xFF,0xFF,0xFF,0xFF,0xFF,0xFF,0xFF,0xFF,0xFF,0xFF,0xFF,
    0xFF,0xFF,0xFF,0xFF,0xFF,0xFF,0xFF,0xFF,0xFF,0xFF,0xFF,0xFF,0xFF,0xFF,0xFF,0xFF,
    0xFF,0xC1,0x07,0x00,0x00,0x00,0x00,0x00,0x00,0x00,0x00,0x00,0x00,0x00,0x00,0x00,
    0x00,0x00,0x00,0x00,0x00,0x00,0x19,0xE4,0xFF,0xFF,0xFF,0xFF,0xFF,0xFF,0xFF,0xFF,
    0xFF,0xFF,0xFF,0xFF,0xFF,0xFF,0xFF,0xFF,0xFF,0xFF,0xFF,0xFF,0xFF,0xFF,0xFF,0xFF,
    0xFF,0xFF,0xFF,0xFF,0xFF,0xFF,0xFF,0xFF,0xFF,0xFF,0xFF,0xFF,0xFF,0xFF,0xFF,0xFF,
    0xFF,0xFF,0xFF,0xFF,0xFF,0xFF,0xFF,0xFF,0xFF,0xFF,0xFF,0xFF,0xFF,0xFF,0xFF,0xFF,
    0xFF,0xFF,0xFF,0xFF,0xFF,0xFF,0xFF,0xFF,0xFF,0xFF,0xE4,0x19,0x00,0x00,0x00,0x00,
    0x00,0x00,0x00,0x00,0x00,0x00,0x00,0x00,0x00,0x00,0x00,0x00,0x00,0x00,0x00,0x00,
    0x00,0x2E,0xEC,0xFF,0xFF,0xFF,0xFF,0xFF,0xFF,0xFF,0xFF,0xFF,0xFF,0xFF,0xFF,0xFF,
    0xFF,0xFF,0xFF,0xFF,0xFF,0xFF,0xFF,0xFF,0xFF,0xFF,0xFF,0xFF,0xFF,0xFF,0xFF,0xFF,
    0xFF,0xFF,0xFF,0xFF,0xFF,0xFF,0xFF,0xFF,0xFF,0xFF,0xFF,0xFF,0xFF,0xFF,0xFF,0xFF,
    0xFF,0xFF,0xFF,0xFF,0xFF,0xFF,0xFF,0xFF,0xFF,0xFF,0xFF,0xFF,0xFF,0xFF,0xFF,0xFF,
    0xFF,0xFF,0xFF,0xEC,0x2E,0x00,0x00,0x00,0x00,0x00,0x00,0x00,0x00,0x00,0x00,0x00,
    0x00,0x00,0x00,0x00,0x00,0x00,0x00,0x00,0x00,0x00,0x00,0x00,0x30,0xE6,0xFF,0xFF,
    0xFF,0xFF,0xFF,0xFF,0xFF,0xFF,0xFF,0xFF,0xFF,0xFF,0xFF,0xFF,0xFF,0xFF,0xFF,0xFF,
    0xFF,0xFF,0xFF,0xFF,0xFF,0xFF,0xFF,0xFF,0xFF,0xFF,0xFF,0xFF,0xFF,0xFF,0xFF,0xFF,
    0xFF,0xFF,0xFF,0xFF,0xFF,0xFF,0xFF,0xFF,0xFF,0xFF,0xFF,0xFF,0xFF,0xFF,0xFF,0xFF,
    0xFF,0xFF,0xFF,0xFF,0xFF,0xFF,0xFF,0xFF,0xFF,0xFF,0xFF,0xFF,0xE6,0x30,0x00,0x00,
    0x00,0x00,0x00,0x00,0x00,0x00,0x00,0x00,0x00,0x00,0x00,0x00,0x00,0x00,0x00,0x00,
    0x00,0x00,0x00,0x00,0x00,0x00,0x00,0x30,0xEC,0xFF,0xFF,0xFF,0xFF,0xFF,0xFF,0xFF,
    0xFF,0xFF,0xFF,0xFF,0xFF,0xFF,0xFF,0xFF,0xFF,0xFF,0xFF,0xFF,0xFF,0xFF,0xFF,0xFF,
    0xFF,0xFF,0xFF,0xFF,0xFF,0xFF,0xFF,0xFF,0xFF,0xFF,0xFF,0xFF,0xFF,0xFF,0xFF,0xFF,
    0xFF,0xFF,0xFF,0xFF,0xFF,0xFF,0xFF,0xFF,0xFF,0xFF,0xFF,0xFF,0xFF,0xFF,0xFF,0xFF,
    0xFF,0xFF,0xFF,0xFF,0xFF,0xEC,0x30,0x00,0x00,0x00,0x00,0x00,0x00,0x00,0x00,0x00,
    0x00,0x00,0x00,0x00,0x00,0x00,0x00,0x00,0x00,0x00,0x00,0x00,0x00,0x00,0x00,0x00,
    0x00,0x00,0x2E,0xE4,0xFF,0xFF,0xFF,0xFF,0xFF,0xFF,0xFF,0xFF,0xFF,0xFF,0xFF,0xFF,
    0xFF,0xFF,0xFF,0xFF,0xFF,0xFF,0xFF,0xFF,0xFF,0xFF,0xFF,0xFF,0xFF,0xFF,0xFF,0xFF,
    0xFF,0xFF,0xFF,0xFF,0xFF,0xFF,0xFF,0xFF,0xFF,0xFF,0xFF,0xFF,0xFF,0xFF,0xFF,0xFF,
    0xFF,0xFF,0xFF,0xFF,0xFF,0xFF,0xFF,0xFF,0xFF,0xFF,0xFF,0xFF,0xFF,0xFF,0xE4,0x2E,
    0x00,0x00,0x00,0x00,0x00,0x00,0x00,0x00,0x00,0x00,0x00,0x00,0x00,0x00,0x00,0x00,
    0x00,0x00,0x00,0x00,0x00,0x00,0x00,0x00,0x00,0x00,0x00,0x00,0x00,0x19,0xC1,0xFF,
    0xFF,0xFF,0xFF,0xFF,0xFF,0xFF,0xFF,0xFF,0xFF,0xFF,0xFF,0xFF,0xFF,0xFF,0xFF,0xFF,
    0xFF,0xFF,0xFF,0xFF,0xFF,0xFF,0xFF,0xFF,0xFF,0xFF,0xFF,0xFF,0xFF,0xFF,0xFF,0xFF,
    0xFF,0xFF,0xFF,0xFF,0xFF,0xFF,0xFF,0xFF,0xFF,0xFF,0xFF,0xFF,0xFF,0xFF,0xFF,0xFF,
    0xFF,0xFF,0xFF,0xFF,0xFF,0xFF,0xFF,0xC1,0x19,0x00,0x00,0x00,0x00,0x00,0x00,0x00,
    0x00,0x00,0x00,0x00,0x00,0x00,0x00,0x00,0x00,0x00,0x00,0x00,0x00,0x00,0x00,0x00,
    0x00,0x00,0x00,0x00,0x00,0x00,0x00,0x00,0x07,0x9B,0xFF,0xFF,0xFF,0xFF,0xFF,0xFF,
    0xFF,0xFF,0xFF,0xFF,0xFF,0xFF,0xFF,0xFF,0xFF,0xFF,0xFF,0xFF,0xFF,0xFF,0xFF,0xFF,
    0xFF,0xFF,0xFF,0xFF,0xFF,0xFF,0xFF,0xFF,0xFF,0xFF,0xFF,0xFF,0xFF,0xFF,0xFF,0xFF,
    0xFF,0xFF,0xFF,0xFF,0xFF,0xFF,0xFF,0xFF,0xFF,0xFF,0xFF,0xFF,0xFF,0xFF,0xFF,0xFF,
    0x9B,0x07,0x00,0x00,0x00,0x00,0x00,0x00,0x00,0x00,0x00,0x00,0x00,0x00,0x00,0x00,
    0x00,0x00,0x00,0x00,0x00,0x00,0x00,0x00,0x00,0x00,0x00,0x00,0x00,0x00,0x00,0x00,
    0x00,0x00,0x00,0x00,0x5C,0xF3,0xFF,0xFF,0xFF,0xFF,0xFF,0xFF,0xFF,0xFF,0xFF,0xFF,
    0xFF,0xFF,0xFF,0xFF,0xFF,0xFF,0xFF,0xFF,0xFF,0xFF,0xFF,0xFF,0xFF,0xFF,0xFF,0xFF,
    0xFF,0xFF,0xFF,0xFF,0xFF,0xFF,0xFF,0xFF,0xFF,0xFF,0xFF,0xFF,0xFF,0xFF,0xFF,0xFF,
    0xFF,0xFF,0xFF,0xFF,0xFF,0xFF,0xFF,0xFF,0xF3,0x5C,0x00,0x00,0x00,0x00,0x00,0x00,
    0x00,0x00,0x00,0x00,0x00,0x00,0x00,0x00,0x00,0x00,0x00,0x00,0x00,0x00,0x00,0x00,
    0x00,0x00,0x00,0x00,0x00,0x00,0x00,0x00,0x00,0x00,0x00,0x00,0x00,0x00,0x00,0x28,
    0xBA,0xFF,0xFF,0xFF,0xFF,0xFF,0xFF,0xFF,0xFF,0xFF,0xFF,0xFF,0xFF,0xFF,0xFF,0xFF,
    0xFF,0xFF,0xFF,0xFF,0xFF,0xFF,0xFF,0xFF,0xFF,0xFF,0xFF,0xFF,0xFF,0xFF,0xFF,0xFF,
    0xFF,0xFF,0xFF,0xFF,0xFF,0xFF,0xFF,0xFF,0xFF,0xFF,0xFF,0xFF,0xFF,0xFF,0xFF,0xFF,
    0xFF,0xBA,0x28,0x00,0x00,0x00,0x00,0x00,0x00,0x00,0x00,0x00,0x00,0x00,0x00,0x00,
    0x00,0x00,0x00,0x00,0x00,0x00,0x00,0x00,0x00,0x00,0x00,0x00,0x00,0x00,0x00,0x00,
    0x00,0x00,0x00,0x00,0x00,0x00,0x00,0x00,0x00,0x00,0x00,0x4F,0xE4,0xFF,0xFF,0xFF,
    0xFF,0xFF,0xFF,0xFF,0xFF,0xFF,0xFF,0xFF,0xFF,0xFF,0xFF,0xFF,0xFF,0xFF,0xFF,0xFF,
    0xFF,0xFF,0xFF,0xFF,0xFF,0xFF,0xFF,0xFF,0xFF,0xFF,0xFF,0xFF,0xFF,0xFF,0xFF,0xFF,
    0xFF,0xFF,0xFF,0xFF,0xFF,0xFF,0xFF,0xFF,0xFF,0xE4,0x4F,0x00,0x00,0x00,0x00,0x00,
    0x00,0x00,0x00,0x00,0x00,0x00,0x00,0x00,0x00,0x00,0x00,0x00,0x00,0x00,0x00,0x00,
    0x00,0x00,0x00,0x00,0x00,0x00,0x00,0x00,0x00,0x00,0x00,0x00,0x00,0x00,0x00,0x00,
    0x00,0x00,0x00,0x00,0x00,0x00,0x12,0x94,0xF8,0xFF,0xFF,0xFF,0xFF,0xFF,0xFF,0xFF,
    0xFF,0xFF,0xFF,0xFF,0xFF,0xFF,0xFF,0xFF,0xFF,0xFF,0xFF,0xFF,0xFF,0xFF,0xFF,0xFF,
    0xFF,0xFF,0xFF,0xFF,0xFF,0xFF,0xFF,0xFF,0xFF,0xFF,0xFF,0xFF,0xFF,0xFF,0xFF,0xFF,
    0xFF,0xF8,0x94,0x12,0x00,0x00,0x00,0x00,0x00,0x00,0x00,0x00,0x00,0x00,0x00,0x00,
    0x00,0x00,0x00,0x00,0x00,0x00,0x00,0x00,0x00,0x00,0x00,0x00,0x00,0x00,0x00,0x00,
    0x00,0x00,0x00,0x00,0x00,0x00,0x00,0x00,0x00,0x00,0x00,0x00,0x00,0x00,0x00,0x00,
    0x00,0x00,0x1B,0x8B,0xEE,0xFF,0xFF,0xFF,0xFF,0xFF,0xFF,0xFF,0xFF,0xFF,0xFF,0xFF,
    0xFF,0xFF,0xFF,0xFF,0xFF,0xFF,0xFF,0xFF,0xFF,0xFF,0xFF,0xFF,0xFF,0xFF,0xFF,0xFF,
    0xFF,0xFF,0xFF,0xFF,0xFF,0xFF,0xFF,0xFF,0xFF,0xEE,0x8B,0x1B,0x00,0x00,0x00,0x00,
    0x00,0x00,0x00,0x00,0x00,0x00,0x00,0x00,0x00,0x00,0x00,0x00,0x00,0x00,0x00,0x00,
    0x00,0x00,0x00,0x00,0x00,0x00,0x00,0x00,0x00,0x00,0x00,0x00,0x00,0x00,0x00,0x00,
    0x00,0x00,0x00,0x00,0x00,0x00,0x00,0x00,0x00,0x00,0x00,0x00,0x00,0x00,0x0B,0x67,
    0xD7,0xFF,0xFF,0xFF,0xFF,0xFF,0xFF,0xFF,0xFF,0xFF,0xFF,0xFF,0xFF,0xFF,0xFF,0xFF,
    0xFF,0xFF,0xFF,0xFF,0xFF,0xFF,0xFF,0xFF,0xFF,0xFF,0xFF,0xFF,0xFF,0xFF,0xFF,0xFF,
    0xFF,0xD7,0x67,0x0B,0x00,0x00,0x00,0x00,0x00,0x00,0x00,0x00,0x00,0x00,0x00,0x00,
    0x00,0x00,0x00,0x00,0x00,0x00,0x00,0x00,0x00,0x00,0x00,0x00,0x00,0x00,0x00,0x00,
    0x00,0x00,0x00,0x00,0x00,0x00,0x00,0x00,0x00,0x00,0x00,0x00,0x00,0x00,0x00,0x00,
    0x00,0x00,0x00,0x00,0x00,0x00,0x00,0x00,0x00,0x00,0x03,0x46,0x9F,0xF1,0xFF,0xFF,
    0xFF,0xFF,0xFF,0xFF,0xFF,0xFF,0xFF,0xFF,0xFF,0xFF,0xFF,0xFF,0xFF,0xFF,0xFF,0xFF,
    0xFF,0xFF,0xFF,0xFF,0xFF,0xFF,0xFF,0xFF,0xF1,0x9F,0x46,0x03,0x00,0x00,0x00,0x00,
    0x00,0x00,0x00,0x00,0x00,0x00,0x00,0x00,0x00,0x00,0x00,0x00,0x00,0x00,0x00,0x00,
    0x00,0x00,0x00,0x00,0x00,0x00,0x00,0x00,0x00,0x00,0x00,0x00,0x00,0x00,0x00,0x00,
    0x00,0x00,0x00,0x00,0x00,0x00,0x00,0x00,0x00,0x00,0x00,0x00,0x00,0x00,0x00,0x00,
    0x00,0x00,0x00,0x00,0x00,0x00,0x00,0x09,0x44,0x7F,0xB9,0xEE,0xFF,0xFF,0xFF,0xFF,
    0xFF,0xFF,0xFF,0xFF,0xFF,0xFF,0xFF,0xFF,0xFF,0xFF,0xFF,0xFF,0xFF,0xFF,0xEE,0xB9,
    0x7F,0x44,0x09,0x00,0x00,0x00,0x00,0x00,0x00,0x00,0x00,0x00,0x00,0x00,0x00,0x00,
    0x00,0x00,0x00,0x00,0x00,0x00,0x00,0x00,0x00,0x00,0x00,0x00,0x00,0x00,0x00,0x00,
    0x00,0x00,0x00,0x00,0x00,0x00,0x00,0x00,0x00,0x00,0x00,0x00,0x00,0x00,0x00,0x00,
    0x00,0x00,0x00,0x00,0x00,0x00,0x00,0x00,0x00,0x00,0x00,0x00,0x00,0x00,0x00,0x00,
    0x00,0x00,0x00,0x00,0x00,0x01,0x21,0x53,0x80,0xA1,0xC0,0xDC,0xED,0xF9,0xFF,0xFF,
    0xF9,0xED,0xDC,0xC0,0xA1,0x80,0x53,0x21,0x01,0x00,0x00,0x00,0x00,0x00,0x00,0x00,
    0x00,0x00,0x00,0x00,0x00,0x00,0x00,0x00,0x00,0x00,0x00,0x00,0x00,0x00,0x00,0x00,
    0x00,0x00,0x00,0x00,0x00,0x00,0x00,0x00,0x00,0x00,0x00,0x00,
};

const lv_image_dsc_t app_icon_meet = {
    .header = {
        .magic  = LV_IMAGE_HEADER_MAGIC,
        .cf     = LV_COLOR_FORMAT_RGB565A8,
        .flags  = 0,
        .w      = 90,
        .h      = 90,
        .stride = 180,
    },
    .data_size = sizeof(app_icon_meet_map),
    .data      = app_icon_meet_map,
};
