/* Generated by tools/mkassets.py. Do not edit by hand. */
#include "lvgl.h"

static const uint8_t app_icon_clock_map[] = {
    0x00,0x00,0x00,0x00,0x00,0x00,0x00,0x00,0x00,0x00,0x00,0x00,0x00,0x00,0x00,0x00,
    0x00,0x00,0x00,0x00,0x00,0x00,0x00,0x00,0x00,0x00,0x00,0x00,0x00,0x00,0x00,0x00,
    0x00,0x00,0x00,0x00,0x00,0x00,0x00,0x00,0x00,0x00,0x00,0x00,0x00,0x00,0x00,0x00,
    0x00,0x00,0x00,0x00,0x00,0x00,0x00,0x00,0x00,0x00,0x00,0x00,0x00,0x00,0x00,0x00,
    0x00,0x00,0x00,0x00,0x00,0x00,0x00,0x00,0x00,0x00,0x00,0x00,0x00,0x00,0x00,0x00,
    0x00,0x00,0x00,0x00,0x00,0x00,0x00,0x00,0x00,0x00,0x00,0x00,0x00,0x00,0x00,0x00,
    0x00,0x00,0x00,0x00,0x00,0x00,0x00,0x00,0x00,0x00,0x00,0x00,0x00,0x00,0x00,0x00,
    0x00,0x00,0x00,0x00,0x00,0x00,0x00,0x00,0x00,0x00,0x00,0x00,0x00,0x00,0x00,0x00,
    0x00,0x00,0x00,0x00,0x00,0x00,0x00,0x00,0x00,0x00,0x00,0x00,0x00,0x00,0x00,0x00,
    0x00,0x00,0x00,0x00,0x00,0x00,0x00,0x00,0x00,0x00,0x00,0x00,0x00,0x00,0x00,0x00,
    0x00,0x00,0x00,0x00,0x00,0x00,0x00,0x00,0x00,0x00,0x00,0x00,0x00,0x00,0x00,0x00,
    0x00,0x00,0x00,0x00,0x00,0x00,0x00,0x00,0x00,0x00,0x00,0x00,0x00,0x00,0x00,0x00,
    0x00,0x00,0x00,0x00,0x00,0x00,0x00,0x00,0x00,0x00,0x00,0x00,0x00,0x00,0x00,0x00,
    0x00,0x00,0x00,0x00,0x00,0x00,0x00,0x00,0x00,0x00,0x00,0x00,0x00,0x00,0x00,0x00,
    0x00,0x00,0x00,0x00,0x00,0x00,0x00,0x00,0x00,0x00,0x00,0x00,0x00,0x00,0x00,0x00,
    0x00,0x00,0x00,0x00,0x00,0x00,0x00,0x00,0x00,0x00,0x00,0x00,0x00,0x00,0x00,0x00,
    0x00,0x00,0xC3,0x18,0x85,0x31,0x28,0x42,0x69,0x52,0x0B,0x63,0x0B,0x63,0x0B,0x63,
    0x0B,0x63,0x89,0x52,0x28,0x42,0x86,0x31,0xC3,0x18,0x00,0x00,0x00,0x00,0x00,0x00,
    0x00,0x00,0x00,0x00,0x00,0x00,0x00,0x00,0x00,0x00,0x00,0x00,0x00,0x00,0x00,0x00,
    0x00,0x00,0x00,0x00,0x00,0x00,0x00,0x00,0x00,0x00,0x00,0x00,0x00,0x00,0x00,0x00,
    0x00,0x00,0x00,0x00,0x00,0x00,0x00,0x00,0x00,0x00,0x00,0x00,0x00,0x00,0x00,0x00,
    0x00,0x00,0x00,0x00,0x00,0x00,0x00,0x00,0x00,0x00,0x00,0x00,0x00,0x00,0x00,0x00,
    0x00,0x00,0x00,0x00,0x00,0x00,0x00,0x00,0x00,0x00,0x00,0x00,0x00,0x00,0x00,0x00,
    0x00,0x00,0x00,0x00,0x00,0x00,0x00,0x00,0x00,0x00,0x00,0x00,0x00,0x00,0x00,0x00,
    0x00,0x00,0x00,0x00,0x00,0x00,0x00,0x00,0x00,0x00,0x00,0x00,0x00,0x00,0x00,0x00,
    0x00,0x00,0x00,0x00,0x00,0x00,0x00,0x00,0x00,0x00,0x00,0x00,0x00,0x00,0x00,0x00,
    0x00,0x00,0x00,0x00,0x00,0x00,0x00,0x00,0x00,0x00,0x00,0x00,0x24,0x29,0x89,0x52,
    0xEE,0x83,0x13,0xA5,0xF6,0xC5,0x37,0xCE,0x37,0xCE,0x37,0xCE,0x37,0xCE,0x37,0xCE,
    0x37,0xCE,0x37,0xCE,0x37,0xCE,0x37,0xCE,0x37,0xCE,0x37,0xCE,0x37,0xCE,0x16,0xC6,
    0x33,0xAD,0x0F,0x84,0xCA,0x5A,0x45,0x29,0x00,0x00,0x00,0x00,0x00,0x00,0x00,0x00,
    0x00,0x00,0x00,0x00,0x00,0x00,0x00,0x00,0x00,0x00,0x00,0x00,0x00,0x00,0x00,0x00,
    0x00,0x00,0x00,0x00,0x00,0x00,0x00,0x00,0x00,0x00,0x00,0x00,0x00,0x00,0x00,0x00,
    0x00,0x00,0x00,0x00,0x00,0x00,0x00,0x00,0x00,0x00,0x00,0x00,0x00,0x00,0x00,0x00,
    0x00,0x00,0x00,0x00,0x00,0x00,0x00,0x00,0x00,0x00,0x00,0x00,0x00,0x00,0x00,0x00,
    0x00,0x00,0x00,0x00,0x00,0x00,0x00,0x00,0x00,0x00,0x00,0x00,0x00,0x00,0x00,0x00,
    0x00,0x00,0x00,0x00,0x00,0x00,0x00,0x00,0x00,0x00,0x00,0x00,0x00,0x00,0x00,0x00,
    0x00,0x00,0x00,0x00,0x00,0x00,0x00,0x00,0x00,0x00,0x00,0x00,0x00,0x00,0x00,0x00,
    0x00,0x00,0x00,0x00,0x00,0x00,0x00,0x00,0x41,0x08,0x28,0x42,0x0F,0x84,0xD5,0xBD,
    0x37,0xCE,0x37,0xCE,0x37,0xCE,0x37,0xCE,0x37,0xCE,0x37,0xCE,0x37,0xCE,0x58,0xCE,
    0x78,0xD6,0x98,0xD6,0x98,0xD6,0x98,0xD6,0x98,0xD6,0x78,0xD6,0x58,0xCE,0x37,0xCE,
    0x37,0xCE,0x37,0xCE,0x37,0xCE,0x37,0xCE,0x37,0xCE,0x37,0xCE,0xD6,0xBD,0x30,0x8C,
    0x48,0x4A,0x61,0x08,0x00,0x00,0x00,0x00,0x00,0x00,0x00,0x00,0x00,0x00,0x00,0x00,
    0x00,0x00,0x00,0x00,0x00,0x00,0x00,0x00,0x00,0x00,0x00,0x00,0x00,0x00,0x00,0x00,
    0x00,0x00,0x00,0x00,0x00,0x00,0x00,0x00,0x00,0x00,0x00,0x00,0x00,0x00,0x00,0x00,
    0x00,0x00,0x00,0x00,0x00,0x00,0x00,0x00,0x00,0x00,0x00,0x00,0x00,0x00,0x00,0x00,
    0x00,0x00,0x00,0x00,0x00,0x00,0x00,0x00,0x00,0x00,0x00,0x00,0x00,0x00,0x00,0x00,
    0x00,0x00,0x00,0x00,0x00,0x00,0x00,0x00,0x00,0x00,0x00,0x00,0x00,0x00,0x00,0x00,
    0x00,0x00,0x00,0x00,0x00,0x00,0x00,0x00,0x00,0x00,0x00,0x00,0x00,0x00,0x00,0x00,
    0x00,0x00,0x00,0x00,0x00,0x00,0x00,0x00,0x44,0x29,0xEE,0x7B,0x16,0xC6,0x37,0xCE,
    0x37,0xCE,0x37,0xCE,0x37,0xCE,0x57,0xCE,0xB9,0xD6,0xFA,0xDE,0x3B,0xEF,0x7C,0xEF,
    0x9D,0xF7,0x9D,0xF7,0x9D,0xF7,0x9D,0xF7,0x9D,0xF7,0x9D,0xF7,0x9D,0xF7,0x9D,0xF7,
    0x9D,0xF7,0x9D,0xF7,0x7C,0xEF,0x3B,0xEF,0xFA,0xE6,0xB9,0xDE,0x58,0xCE,0x37,0xCE,
    0x37,0xCE,0x37,0xCE,0x37,0xCE,0x16,0xC6,0x2F,0x84,0x85,0x31,0x00,0x00,0x00,0x00,
    0x00,0x00,0x00,0x00,0x00,0x00,0x00,0x00,0x00,0x00,0x00,0x00,0x00,0x00,0x00,0x00,
    0x00,0x00,0x00,0x00,0x00,0x00,0x00,0x00,0x00,0x00,0x00,0x00,0x00,0x00,0x00,0x00,
    0x00,0x00,0x00,0x00,0x00,0x00,0x00,0x00,0x00,0x00,0x00,0x00,0x00,0x00,0x00,0x00,
    0x00,0x00,0x00,0x00,0x00,0x00,0x00,0x00,0x00,0x00,0x00,0x00,0x00,0x00,0x00,0x00,
    0x00,0x00,0x00,0x00,0x00,0x00,0x00,0x00,0x00,0x00,0x00,0x00,0x00,0x00,0x00,0x00,
    0x00,0x00,0x00,0x00,0x00,0x00,0x00,0x00,0x00,0x00,0x00,0x00,0x00,0x00,0x00,0x00,
    0x00,0x00,0x00,0x00,0x00,0x00,0x00,0x00,0x07,0x42,0xD2,0x9C,0x37,0xCE,0x37,0xCE,
    0x37,0xCE,0x37,0xCE,0x99,0xD6,0xFA,0xE6,0x5C,0xEF,0x9D,0xF7,0x9D,0xF7,0x9D,0xF7,
    0x9D,0xF7,0x9D,0xF7,0x9D,0xF7,0x9D,0xF7,0x9D,0xF7,0x9D,0xF7,0x9D,0xF7,0x9D,0xF7,
    0x9D,0xF7,0x9D,0xF7,0x9D,0xF7,0x9D,0xF7,0x9D,0xF7,0x9D,0xF7,0x9D,0xF7,0x9D,0xF7,
    0x9D,0xF7,0x5C,0xEF,0xFA,0xE6,0x99,0xD6,0x37,0xCE,0x37,0xCE,0x37,0xCE,0x37,0xCE,
    0x13,0xA5,0x48,0x4A,0x20,0x00,0x00,0x00,0x00,0x00,0x00,0x00,0x00,0x00,0x00,0x00,
    0x00,0x00,0x00,0x00,0x00,0x00,0x00,0x00,0x00,0x00,0x00,0x00,0x00,0x00,0x00,0x00,
    0x00,0x00,0x00,0x00,0x00,0x00,0x00,0x00,0x00,0x00,0x00,0x00,0x00,0x00,0x00,0x00,
    0x00,0x00,0x00,0x00,0x00,0x00,0x00,0x00,0x00,0x00,0x00,0x00,0x00,0x00,0x00,0x00,
    0x00,0x00,0x00,0x00,0x00,0x00,0x00,0x00,0x00,0x00,0x00,0x00,0x00,0x00,0x00,0x00,
    0x00,0x00,0x00,0x00,0x00,0x00,0x00,0x00,0x00,0x00,0x00,0x00,0x00,0x00,0x00,0x00,
    0x00,0x00,0x00,0x00,0x00,0x00,0x00,0x00,0x48,0x4A,0x53,0xAD,0x37,0xCE,0x37,0xCE,
    0x37,0xCE,0x78,0xD6,0x1B,0xE7,0x7C,0xEF,0x9D,0xF7,0x9D,0xF7,0x9D,0xF7,0x9D,0xF7,
    0x9D,0xF7,0x9D,0xF7,0x9D,0xF7,0x9D,0xF7,0x9D,0xF7,0x9D,0xF7,0x9D,0xF7,0x9D,0xF7,
    0x9D,0xF7,0x9D,0xF7,0x9D,0xF7,0x9D,0xF7,0x9D,0xF7,0x9D,0xF7,0x9D,0xF7,0x9D,0xF7,
    0x9D,0xF7,0x9D,0xF7,0x9D,0xF7,0x9D,0xF7,0x9D,0xF7,0x9D,0xF7,0x7D,0xF7,0x1B,0xE7,
    0x98,0xD6,0x37,0xCE,0x37,0xCE,0x37,0xCE,0x94,0xB5,0x89,0x52,0x00,0x00,0x00,0x00,
    0x00,0x00,0x00,0x00,0x00,0x00,0x00,0x00,0x00,0x00,0x00,0x00,0x00,0x00,0x00,0x00,
    0x00,0x00,0x00,0x00,0x00,0x00,0x00,0x00,0x00,0x00,0x00,0x00,0x00,0x00,0x00,0x00,
    0x00,0x00,0x00,0x00,0x00,0x00,0x00,0x00,0x00,0x00,0x00,0x00,0x00,0x00,0x00,0x00,
    0x00,0x00,0x00,0x00,0x00,0x00,0x00,0x00,0x00,0x00,0x00,0x00,0x00,0x00,0x00,0x00,
    0x00,0x00,0x00,0x00,0x00,0x00,0x00,0x00,0x00,0x00,0x00,0x00,0x00,0x00,0x00,0x00,
    0x00,0x00,0x00,0x00,0x00,0x00,0x00,0x00,0x24,0x21,0xF2,0x9C,0x37,0xCE,0x37,0xCE,
    0x37,0xCE,0x99,0xD6,0x5C,0xEF,0x9D,0xF7,0x9D,0xF7,0x9D,0xF7,0x9D,0xF7,0x9D,0xF7,
    0x9D,0xF7,0x9D,0xF7,0x9D,0xF7,0x9D,0xF7,0x9D,0xF7,0x9D,0xF7,0x9D,0xF7,0x9D,0xF7,
    0x9D,0xF7,0x9D,0xF7,0x9D,0xF7,0x9D,0xF7,0x9D,0xF7,0x9D,0xF7,0x9D,0xF7,0x9D,0xF7,
    0x9D,0xF7,0x9D,0xF7,0x9D,0xF7,0x9D,0xF7,0x9D,0xF7,0x9D,0xF7,0x9D,0xF7,0x9D,0xF7,
    0x9D,0xF7,0x9D,0xF7,0x9D,0xF7,0x5C,0xEF,0xB9,0xDE,0x37,0xCE,0x37,0xCE,0x37,0xCE,
    0x33,0xAD,0x65,0x31,0x00,0x00,0x00,0x00,0x00,0x00,0x00,0x00,0x00,0x00,0x00,0x00,
    0x00,0x00,0x00,0x00,0x00,0x00,0x00,0x00,0x00,0x00,0x00,0x00,0x00,0x00,0x00,0x00,
    0x00,0x00,0x00,0x00,0x00,0x00,0x00,0x00,0x00,0x00,0x00,0x00,0x00,0x00,0x00,0x00,
    0x00,0x00,0x00,0x00,0x00,0x00,0x00,0x00,0x00,0x00,0x00,0x00,0x00,0x00,0x00,0x00,
    0x00,0x00,0x00,0x00,0x00,0x00,0x00,0x00,0x00,0x00,0x00,0x00,0x00,0x00,0x00,0x00,
    0x00,0x00,0x00,0x00,0x00,0x00,0x00,0x00,0x41,0x08,0x8D,0x73,0x17,0xC6,0x37,0xCE,
    0x37,0xCE,0x99,0xD6,0x5C,0xEF,0x9D,0xF7,0x9D,0xF7,0x9D,0xF7,0x9D,0xF7,0x9D,0xF7,
    0x9D,0xF7,0x9D,0xF7,0x9D,0xF7,0x9D,0xF7,0x9D,0xF7,0x9D,0xF7,0x9D,0xF7,0x9D,0xF7,
    0x9D,0xF7,0x9D,0xF7,0x9D,0xF7,0x9D,0xF7,0x9D,0xF7,0x9D,0xF7,0x9D,0xF7,0x9D,0xF7,
    0x9D,0xF7,0x9D,0xF7,0x9D,0xF7,0x9D,0xF7,0x9D,0xF7,0x9D,0xF7,0x9D,0xF7,0x9D,0xF7,
    0x9D,0xF7,0x9D,0xF7,0x9D,0xF7,0x9D,0xF7,0x9D,0xF7,0x9D,0xF7,0x9D,0xF7,0x5C,0xEF,
    0xB9,0xDE,0x37,0xCE,0x37,0xCE,0x37,0xCE,0xEE,0x7B,0x61,0x08,0x00,0x00,0x00,0x00,
    0x00,0x00,0x00,0x00,0x00,0x00,0x00,0x00,0x00,0x00,0x00,0x00,0x00,0x00,0x00,0x00,
    0x00,0x00,0x00,0x00,0x00,0x00,0x00,0x00,0x00,0x00,0x00,0x00,0x00,0x00,0x00,0x00,
    0x00,0x00,0x00,0x00,0x00,0x00,0x00,0x00,0x00,0x00,0x00,0x00,0x00,0x00,0x00,0x00,
    0x00,0x00,0x00,0x00,0x00,0x00,0x00,0x00,0x00,0x00,0x00,0x00,0x00,0x00,0x00,0x00,
    0x00,0x00,0x00,0x00,0x00,0x00,0x00,0x00,0x00,0x00,0x65,0x29,0x54,0xAD,0x37,0xCE,
    0x37,0xCE,0x78,0xD6,0x3C,0xEF,0x9D,0xF7,0x9D,0xF7,0x9D,0xF7,0x9D,0xF7,0x9D,0xF7,
    0x9D,0xF7,0x9D,0xF7,0x9D,0xF7,0x9D,0xF7,0x9D,0xF7,0x9D,0xF7,0x9D,0xF7,0x9D,0xF7,
    0x9D,0xF7,0x9D,0xF7,0x9D,0xF7,0x9D,0xF7,0x9D,0xF7,0x9D,0xF7,0xE4,0x18,0xE4,0x18,
    0x38,0xC6,0x9D,0xF7,0x9D,0xF7,0x9D,0xF7,0x9D,0xF7,0x9D,0xF7,0x9D,0xF7,0x9D,0xF7,
    0x9D,0xF7,0x9D,0xF7,0x9D,0xF7,0x9D,0xF7,0x9D,0xF7,0x9D,0xF7,0x9D,0xF7,0x9D,0xF7,
    0x9D,0xF7,0x9D,0xF7,0x9D,0xF7,0x5C,0xEF,0x98,0xD6,0x37,0xCE,0x37,0xCE,0x94,0xB5,
    0xC6,0x39,0x00,0x00,0x00,0x00,0x00,0x00,0x00,0x00,0x00,0x00,0x00,0x00,0x00,0x00,
    0x00,0x00,0x00,0x00,0x00,0x00,0x00,0x00,0x00,0x00,0x00,0x00,0x00,0x00,0x00,0x00,
    0x00,0x00,0x00,0x00,0x00,0x00,0x00,0x00,0x00,0x00,0x00,0x00,0x00,0x00,0x00,0x00,
    0x00,0x00,0x00,0x00,0x00,0x00,0x00,0x00,0x00,0x00,0x00,0x00,0x00,0x00,0x00,0x00,
    0x00,0x00,0x00,0x00,0x00,0x00,0x00,0x00,0x00,0x00,0x00,0x00,0xCA,0x5A,0x17,0xC6,
    0x37,0xCE,0x37,0xCE,0xFA,0xE6,0x9D,0xF7,0x9D,0xF7,0x9D,0xF7,0x9D,0xF7,0x9D,0xF7,
    0x9D,0xF7,0x9D,0xF7,0x9D,0xF7,0x9D,0xF7,0x9D,0xF7,0x9D,0xF7,0x9D,0xF7,0x9D,0xF7,
    0x9D,0xF7,0x9D,0xF7,0x9D,0xF7,0x9D,0xF7,0x9D,0xF7,0x9D,0xF7,0x9D,0xF7,0x9D,0xF7,
    0xE4,0x18,0xE4,0x18,0x38,0xC6,0x9D,0xF7,0x9D,0xF7,0x9D,0xF7,0x9D,0xF7,0x9D,0xF7,
    0x9D,0xF7,0x9D,0xF7,0x9D,0xF7,0x9D,0xF7,0x9D,0xF7,0x9D,0xF7,0x9D,0xF7,0x9D,0xF7,
    0x9D,0xF7,0x9D,0xF7,0x9D,0xF7,0x9D,0xF7,0x9D,0xF7,0x9D,0xF7,0x9D,0xF7,0x1B,0xE7,
    0x57,0xCE,0x37,0xCE,0x37,0xCE,0x4C,0x6B,0x00,0x00,0x00,0x00,0x00,0x00,0x00,0x00,
    0x00,0x00,0x00,0x00,0x00,0x00,0x00,0x00,0x00,0x00,0x00,0x00,0x00,0x00,0x00,0x00,
    0x00,0x00,0x00,0x00,0x00,0x00,0x00,0x00,0x00,0x00,0x00,0x00,0x00,0x00,0x00,0x00,
    0x00,0x00,0x00,0x00,0x00,0x00,0x00,0x00,0x00,0x00,0x00,0x00,0x00,0x00,0x00,0x00,
    0x00,0x00,0x00,0x00,0x00,0x00,0x00,0x00,0x00,0x00,0x00,0x00,0x20,0x00,0xEE,0x7B,
    0x37,0xCE,0x37,0xCE,0x78,0xD6,0x5C,0xEF,0x9D,0xF7,0x9D,0xF7,0x9D,0xF7,0x7C,0xEF,
    0x99,0xD6,0x9D,0xF7,0x9D,0xF7,0x9D,0xF7,0x9D,0xF7,0x9D,0xF7,0x9D,0xF7,0x9D,0xF7,
    0x9D,0xF7,0x9D,0xF7,0x9D,0xF7,0x9D,0xF7,0x9D,0xF7,0x9D,0xF7,0x9D,0xF7,0x9D,0xF7,
    0x9D,0xF7,0x9D,0xF7,0xE4,0x18,0xE4,0x18,0x38,0xC6,0x9D,0xF7,0x9D,0xF7,0x9D,0xF7,
    0x9D,0xF7,0x9D,0xF7,0x9D,0xF7,0x9D,0xF7,0x9D,0xF7,0x9D,0xF7,0x9D,0xF7,0x9D,0xF7,
    0x9D,0xF7,0x9D,0xF7,0x9D,0xF7,0x9D,0xF7,0x9D,0xF7,0xB9,0xD6,0x5C,0xEF,0x9D,0xF7,
    0x9D,0xF7,0x9D,0xF7,0x5C,0xEF,0x78,0xD6,0x37,0xCE,0x37,0xCE,0x50,0x8C,0x41,0x08,
    0x00,0x00,0x00,0x00,0x00,0x00,0x00,0x00,0x00,0x00,0x00,0x00,0x00,0x00,0x00,0x00,
    0x00,0x00,0x00,0x00,0x00,0x00,0x00,0x00,0x00,0x00,0x00,0x00,0x00,0x00,0x00,0x00,
    0x00,0x00,0x00,0x00,0x00,0x00,0x00,0x00,0x00,0x00,0x00,0x00,0x00,0x00,0x00,0x00,
    0x00,0x00,0x00,0x00,0x00,0x00,0x00,0x00,0x00,0x00,0x00,0x00,0x00,0x00,0xA2,0x10,
    0xF2,0xA4,0x37,0xCE,0x37,0xCE,0xB9,0xDE,0x7D,0xF7,0x9D,0xF7,0x9D,0xF7,0x9D,0xF7,
    0x9D,0xF7,0xB5,0xB5,0x50,0x8C,0x1B,0xE7,0x9D,0xF7,0x9D,0xF7,0x9D,0xF7,0x9D,0xF7,
    0x9D,0xF7,0x9D,0xF7,0x9D,0xF7,0x9D,0xF7,0x9D,0xF7,0x9D,0xF7,0x9D,0xF7,0x9D,0xF7,
    0x9D,0xF7,0x9D,0xF7,0x9D,0xF7,0x9D,0xF7,0xE4,0x18,0xE4,0x18,0x38,0xC6,0x9D,0xF7,
    0x9D,0xF7,0x9D,0xF7,0x9D,0xF7,0x9D,0xF7,0x9D,0xF7,0x9D,0xF7,0x9D,0xF7,0x9D,0xF7,
    0x9D,0xF7,0x9D,0xF7,0x9D,0xF7,0x9D,0xF7,0x9D,0xF7,0x9D,0xF7,0x3C,0xEF,0x70,0x94,
    0x54,0xAD,0x9D,0xF7,0x9D,0xF7,0x9D,0xF7,0x9D,0xF7,0x7D,0xF7,0xDA,0xDE,0x37,0xCE,
    0x37,0xCE,0x53,0xAD,0xE3,0x18,0x00,0x00,0x00,0x00,0x00,0x00,0x00,0x00,0x00,0x00,
    0x00,0x00,0x00,0x00,0x00,0x00,0x00,0x00,0x00,0x00,0x00,0x00,0x00,0x00,0x00,0x00,
    0x00,0x00,0x00,0x00,0x00,0x00,0x00,0x00,0x00,0x00,0x00,0x00,0x00,0x00,0x00,0x00,
    0x00,0x00,0x00,0x00,0x00,0x00,0x00,0x00,0x00,0x00,0x00,0x00,0x00,0x00,0x00,0x00,
    0x82,0x10,0x54,0xAD,0x37,0xCE,0x37,0xCE,0x1B,0xE7,0x9D,0xF7,0x9D,0xF7,0x9D,0xF7,
    0x9D,0xF7,0x9D,0xF7,0x9D,0xF7,0x3C,0xEF,0x70,0x94,0x54,0xAD,0x9D,0xF7,0x9D,0xF7,
    0x9D,0xF7,0x9D,0xF7,0x9D,0xF7,0x9D,0xF7,0x9D,0xF7,0x9D,0xF7,0x9D,0xF7,0x9D,0xF7,
    0x9D,0xF7,0x9D,0xF7,0x9D,0xF7,0x9D,0xF7,0x9D,0xF7,0x9D,0xF7,0xE4,0x18,0xE4,0x18,
    0x38,0xC6,0x9D,0xF7,0x9D,0xF7,0x9D,0xF7,0x9D,0xF7,0x9D,0xF7,0x9D,0xF7,0x9D,0xF7,
    0x9D,0xF7,0x9D,0xF7,0x9D,0xF7,0x9D,0xF7,0x9D,0xF7,0x9D,0xF7,0x9D,0xF7,0x9D,0xF7,
    0x95,0xB5,0x50,0x8C,0x1B,0xE7,0x9D,0xF7,0x9D,0xF7,0x9D,0xF7,0x9D,0xF7,0x9D,0xF7,
    0x9D,0xF7,0x1B,0xE7,0x37,0xCE,0x37,0xCE,0x95,0xB5,0xC3,0x18,0x00,0x00,0x00,0x00,
    0x00,0x00,0x00,0x00,0x00,0x00,0x00,0x00,0x00,0x00,0x00,0x00,0x00,0x00,0x00,0x00,
    0x00,0x00,0x00,0x00,0x00,0x00,0x00,0x00,0x00,0x00,0x00,0x00,0x00,0x00,0x00,0x00,
    0x00,0x00,0x00,0x00,0x00,0x00,0x00,0x00,0x00,0x00,0x00,0x00,0x00,0x00,0x00,0x00,
    0x00,0x00,0x82,0x10,0x13,0xA5,0x37,0xCE,0x37,0xCE,0x1B,0xE7,0x9D,0xF7,0x9D,0xF7,
    0x9D,0xF7,0x9D,0xF7,0x9D,0xF7,0x9D,0xF7,0x9D,0xF7,0x9D,0xF7,0xF7,0xC5,0x30,0x8C,
    0xB9,0xDE,0x9D,0xF7,0x9D,0xF7,0x9D,0xF7,0x9D,0xF7,0x9D,0xF7,0x9D,0xF7,0x9D,0xF7,
    0x9D,0xF7,0x9D,0xF7,0x9D,0xF7,0x9D,0xF7,0x9D,0xF7,0x9D,0xF7,0x9D,0xF7,0x9D,0xF7,
    0xE4,0x18,0xE4,0x18,0x38,0xC6,0x9D,0xF7,0x9D,0xF7,0x9D,0xF7,0x9D,0xF7,0x9D,0xF7,
    0x9D,0xF7,0x9D,0xF7,0x9D,0xF7,0x9D,0xF7,0x9D,0xF7,0x9D,0xF7,0x9D,0xF7,0x9D,0xF7,
    0x9D,0xF7,0xFB,0xE6,0x50,0x8C,0xB5,0xBD,0x9D,0xF7,0x9D,0xF7,0x9D,0xF7,0x9D,0xF7,
    0x9D,0xF7,0x9D,0xF7,0x9D,0xF7,0x9D,0xF7,0x3B,0xEF,0x37,0xCE,0x37,0xCE,0x74,0xB5,
    0xC3,0x18,0x00,0x00,0x00,0x00,0x00,0x00,0x00,0x00,0x00,0x00,0x00,0x00,0x00,0x00,
    0x00,0x00,0x00,0x00,0x00,0x00,0x00,0x00,0x00,0x00,0x00,0x00,0x00,0x00,0x00,0x00,
    0x00,0x00,0x00,0x00,0x00,0x00,0x00,0x00,0x00,0x00,0x00,0x00,0x00,0x00,0x00,0x00,
    0x00,0x00,0x00,0x00,0xA2,0x10,0x54,0xAD,0x37,0xCE,0x57,0xCE,0x3C,0xEF,0x9D,0xF7,
    0x9D,0xF7,0x9D,0xF7,0x9D,0xF7,0x9D,0xF7,0x9D,0xF7,0x9D,0xF7,0x9D,0xF7,0x9D,0xF7,
    0x7C,0xEF,0xB1,0x9C,0xB1,0x9C,0x7C,0xEF,0x9D,0xF7,0x9D,0xF7,0x9D,0xF7,0x9D,0xF7,
    0x9D,0xF7,0x9D,0xF7,0x9D,0xF7,0x9D,0xF7,0x9D,0xF7,0x9D,0xF7,0x9D,0xF7,0x9D,0xF7,
    0x9D,0xF7,0x9D,0xF7,0xFB,0xDE,0xFB,0xDE,0x7C,0xEF,0x9D,0xF7,0x9D,0xF7,0x9D,0xF7,
    0x9D,0xF7,0x9D,0xF7,0x9D,0xF7,0x9D,0xF7,0x9D,0xF7,0x9D,0xF7,0x9D,0xF7,0x9D,0xF7,
    0x9D,0xF7,0x9D,0xF7,0x7D,0xF7,0xF2,0xA4,0x91,0x94,0x5C,0xEF,0x9D,0xF7,0x9D,0xF7,
    0x9D,0xF7,0x9D,0xF7,0x9D,0xF7,0x9D,0xF7,0x9D,0xF7,0x9D,0xF7,0x9D,0xF7,0x5C,0xEF,
    0x58,0xCE,0x37,0xCE,0x95,0xB5,0xE3,0x18,0x00,0x00,0x00,0x00,0x00,0x00,0x00,0x00,
    0x00,0x00,0x00,0x00,0x00,0x00,0x00,0x00,0x00,0x00,0x00,0x00,0x00,0x00,0x00,0x00,
    0x00,0x00,0x00,0x00,0x00,0x00,0x00,0x00,0x00,0x00,0x00,0x00,0x00,0x00,0x00,0x00,
    0x00,0x00,0x00,0x00,0x00,0x00,0x20,0x00,0xF2,0xA4,0x37,0xCE,0x37,0xCE,0x3C,0xEF,
    0x9D,0xF7,0x9D,0xF7,0x9D,0xF7,0x9D,0xF7,0x9D,0xF7,0x9D,0xF7,0x9D,0xF7,0x9D,0xF7,
    0x9D,0xF7,0x9D,0xF7,0x9D,0xF7,0x78,0xCE,0x30,0x8C,0x17,0xC6,0x9D,0xF7,0x9D,0xF7,
    0x9D,0xF7,0x9D,0xF7,0x9D,0xF7,0x9D,0xF7,0x9D,0xF7,0x9D,0xF7,0x9D,0xF7,0x9D,0xF7,
    0x9D,0xF7,0x9D,0xF7,0x9D,0xF7,0x9D,0xF7,0x9D,0xF7,0x9D,0xF7,0x9D,0xF7,0x9D,0xF7,
    0x9D,0xF7,0x9D,0xF7,0x9D,0xF7,0x9D,0xF7,0x9D,0xF7,0x9D,0xF7,0x9D,0xF7,0x9D,0xF7,
    0x9D,0xF7,0x9D,0xF7,0x9D,0xF7,0x9D,0xF7,0x58,0xCE,0x30,0x8C,0x17,0xC6,0x9D,0xF7,
    0x9D,0xF7,0x9D,0xF7,0x9D,0xF7,0x9D,0xF7,0x9D,0xF7,0x9D,0xF7,0x9D,0xF7,0x9D,0xF7,
    0x9D,0xF7,0x9D,0xF7,0x5C,0xEF,0x37,0xCE,0x37,0xCE,0x54,0xAD,0x41,0x08,0x00,0x00,
    0x00,0x00,0x00,0x00,0x00,0x00,0x00,0x00,0x00,0x00,0x00,0x00,0x00,0x00,0x00,0x00,
    0x00,0x00,0x00,0x00,0x00,0x00,0x00,0x00,0x00,0x00,0x00,0x00,0x00,0x00,0x00,0x00,
    0x00,0x00,0x00,0x00,0x00,0x00,0x00,0x00,0x00,0x00,0xEE,0x7B,0x37,0xCE,0x37,0xCE,
    0x1B,0xE7,0x9D,0xF7,0x9D,0xF7,0x9D,0xF7,0x9D,0xF7,0x9D,0xF7,0x9D,0xF7,0x9D,0xF7,
    0x9D,0xF7,0x9D,0xF7,0x9D,0xF7,0x9D,0xF7,0x9D,0xF7,0x9D,0xF7,0x13,0xA5,0x71,0x94,
    0x5C,0xEF,0x9D,0xF7,0x9D,0xF7,0x9D,0xF7,0x9D,0xF7,0x9D,0xF7,0x9D,0xF7,0x9D,0xF7,
    0x9D,0xF7,0x9D,0xF7,0x9D,0xF7,0x9D,0xF7,0x9D,0xF7,0x9D,0xF7,0x9D,0xF7,0x9D,0xF7,
    0x9D,0xF7,0x9D,0xF7,0x9D,0xF7,0x9D,0xF7,0x9D,0xF7,0x9D,0xF7,0x9D,0xF7,0x9D,0xF7,
    0x9D,0xF7,0x9D,0xF7,0x9D,0xF7,0x9D,0xF7,0x9D,0xF7,0x7C,0xEF,0xB1,0x94,0xD2,0x9C,
    0x7D,0xF7,0x9D,0xF7,0x9D,0xF7,0x9D,0xF7,0x9D,0xF7,0x9D,0xF7,0x9D,0xF7,0x9D,0xF7,
    0x9D,0xF7,0x9D,0xF7,0x9D,0xF7,0x9D,0xF7,0x9D,0xF7,0x3B,0xEF,0x37,0xCE,0x37,0xCE,
    0x70,0x8C,0x00,0x00,0x00,0x00,0x00,0x00,0x00,0x00,0x00,0x00,0x00,0x00,0x00,0x00,
    0x00,0x00,0x00,0x00,0x00,0x00,0x00,0x00,0x00,0x00,0x00,0x00,0x00,0x00,0x00,0x00,
    0x00,0x00,0x00,0x00,0x00,0x00,0x00,0x00,0x00,0x00,0x00,0x00,0xCA,0x5A,0x37,0xCE,
    0x37,0xCE,0x1B,0xE7,0x9D,0xF7,0x9D,0xF7,0x9D,0xF7,0x9D,0xF7,0x9D,0xF7,0x9D,0xF7,
    0x9D,0xF7,0x9D,0xF7,0x9D,0xF7,0x9D,0xF7,0x9D,0xF7,0x9D,0xF7,0x9D,0xF7,0x9D,0xF7,
    0x1B,0xE7,0x50,0x8C,0x38,0xCE,0x9D,0xF7,0x9D,0xF7,0x9D,0xF7,0x9D,0xF7,0x9D,0xF7,
    0x9D,0xF7,0x9D,0xF7,0x9D,0xF7,0x9D,0xF7,0x9D,0xF7,0x9D,0xF7,0x9D,0xF7,0x9D,0xF7,
    0x9D,0xF7,0x9D,0xF7,0x9D,0xF7,0x9D,0xF7,0x9D,0xF7,0x9D,0xF7,0x9D,0xF7,0x9D,0xF7,
    0x9D,0xF7,0x9D,0xF7,0x9D,0xF7,0x9D,0xF7,0x9D,0xF7,0x9D,0xF7,0x9D,0xF7,0x79,0xD6,
    0x50,0x8C,0xDA,0xDE,0x9D,0xF7,0x9D,0xF7,0x9D,0xF7,0x9D,0xF7,0x9D,0xF7,0x9D,0xF7,
    0x9D,0xF7,0x9D,0xF7,0x9D,0xF7,0x9D,0xF7,0x9D,0xF7,0x9D,0xF7,0x9D,0xF7,0x9D,0xF7,
    0x1B,0xE7,0x37,0xCE,0x37,0xCE,0x6D,0x73,0x00,0x00,0x00,0x00,0x00,0x00,0x00,0x00,
    0x00,0x00,0x00,0x00,0x00,0x00,0x00,0x00,0x00,0x00,0x00,0x00,0x00,0x00,0x00,0x00,
    0x00,0x00,0x00,0x00,0x00,0x00,0x00,0x00,0x00,0x00,0x00,0x00,0x00,0x00,0x65,0x29,
    0x17,0xC6,0x37,0xCE,0xB9,0xDE,0x9D,0xF7,0x9D,0xF7,0x9D,0xF7,0x9D,0xF7,0x9D,0xF7,
    0x9D,0xF7,0x9D,0xF7,0x9D,0xF7,0x9D,0xF7,0x9D,0xF7,0x9D,0xF7,0x9D,0xF7,0x9D,0xF7,
    0x9D,0xF7,0x9D,0xF7,0x9D,0xF7,0xFB,0xE6,0x9D,0xF7,0x9D,0xF7,0x9D,0xF7,0x9D,0xF7,
    0x9D,0xF7,0x9D,0xF7,0x9D,0xF7,0x9D,0xF7,0x9D,0xF7,0x9D,0xF7,0x9D,0xF7,0x9D,0xF7,
    0x9D,0xF7,0x9D,0xF7,0x9D,0xF7,0x9D,0xF7,0x9D,0xF7,0x9D,0xF7,0x9D,0xF7,0x9D,0xF7,
    0x9D,0xF7,0x9D,0xF7,0x9D,0xF7,0x9D,0xF7,0x9D,0xF7,0x9D,0xF7,0x9D,0xF7,0x9D,0xF7,
    0x9D,0xF7,0x9D,0xF7,0xFB,0xE6,0x9D,0xF7,0x9D,0xF7,0x9D,0xF7,0x9D,0xF7,0x9D,0xF7,
    0x9D,0xF7,0x9D,0xF7,0x9D,0xF7,0x9D,0xF7,0x9D,0xF7,0x9D,0xF7,0x9D,0xF7,0x9D,0xF7,
    0x9D,0xF7,0x9D,0xF7,0x9D,0xF7,0xDA,0xDE,0x37,0xCE,0x37,0xCE,0xE7,0x41,0x00,0x00,
    0x00,0x00,0x00,0x00,0x00,0x00,0x00,0x00,0x00,0x00,0x00,0x00,0x00,0x00,0x00,0x00,
    0x00,0x00,0x00,0x00,0x00,0x00,0x00,0x00,0x00,0x00,0x00,0x00,0x00,0x00,0x00,0x00,
    0x41,0x08,0x54,0xAD,0x37,0xCE,0x78,0xD6,0x7D,0xF7,0x9D,0xF7,0x9D,0xF7,0x9D,0xF7,
    0x9D,0xF7,0x9D,0xF7,0x9D,0xF7,0x9D,0xF7,0x9D,0xF7,0x9D,0xF7,0x9D,0xF7,0x9D,0xF7,
    0x9D,0xF7,0x9D,0xF7,0x9D,0xF7,0x9D,0xF7,0x9D,0xF7,0x9D,0xF7,0x9D,0xF7,0x9D,0xF7,
    0x9D,0xF7,0x9D,0xF7,0x9D,0xF7,0x9D,0xF7,0x9D,0xF7,0x9D,0xF7,0x9D,0xF7,0x9D,0xF7,
    0x9D,0xF7,0x9D,0xF7,0x9D,0xF7,0x9D,0xF7,0x9D,0xF7,0x9D,0xF7,0x9D,0xF7,0x9D,0xF7,
    0x9D,0xF7,0x9D,0xF7,0x9D,0xF7,0x9D,0xF7,0x9D,0xF7,0x9D,0xF7,0x9D,0xF7,0x9D,0xF7,
    0x9D,0xF7,0x9D,0xF7,0x9D,0xF7,0x9D,0xF7,0x9D,0xF7,0x9D,0xF7,0x9D,0xF7,0x9D,0xF7,
    0x9D,0xF7,0x9D,0xF7,0x9D,0xF7,0x9D,0xF7,0x9D,0xF7,0x9D,0xF7,0x9D,0xF7,0x9D,0xF7,
    0x9D,0xF7,0x9D,0xF7,0x9D,0xF7,0x9D,0xF7,0x9D,0xF7,0x9D,0xF7,0x98,0xD6,0x37,0xCE,
    0x95,0xB5,0x81,0x10,0x00,0x00,0x00,0x00,0x00,0x00,0x00,0x00,0x00,0x00,0x00,0x00,
    0x00,0x00,0x00,0x00,0x00,0x00,0x00,0x00,0x00,0x00,0x00,0x00,0x00,0x00,0x00,0x00,
    0x00,0x00,0x00,0x00,0x8D,0x73,0x37,0xCE,0x37,0xCE,0x5C,0xEF,0x9D,0xF7,0x9D,0xF7,
    0x9D,0xF7,0x9D,0xF7,0x9D,0xF7,0x9D,0xF7,0x9D,0xF7,0x9D,0xF7,0x9D,0xF7,0x9D,0xF7,
    0x9D,0xF7,0x9D,0xF7,0x9D,0xF7,0x9D,0xF7,0x9D,0xF7,0x9D,0xF7,0x9D,0xF7,0x9D,0xF7,
    0x9D,0xF7,0x9D,0xF7,0x9D,0xF7,0x9D,0xF7,0x9D,0xF7,0x9D,0xF7,0x9D,0xF7,0x9D,0xF7,
    0x9D,0xF7,0x9D,0xF7,0x9D,0xF7,0x9D,0xF7,0x9D,0xF7,0x9D,0xF7,0x9D,0xF7,0x9D,0xF7,
    0x9D,0xF7,0x9D,0xF7,0x9D,0xF7,0x9D,0xF7,0x9D,0xF7,0x9D,0xF7,0x9D,0xF7,0x9D,0xF7,
    0x9D,0xF7,0x9D,0xF7,0x9D,0xF7,0x9D,0xF7,0x9D,0xF7,0x9D,0xF7,0x9D,0xF7,0x9D,0xF7,
    0x9D,0xF7,0x9D,0xF7,0x9D,0xF7,0x9D,0xF7,0x9D,0xF7,0x9D,0xF7,0x9D,0xF7,0x9D,0xF7,
    0x9D,0xF7,0x9D,0xF7,0x9D,0xF7,0x9D,0xF7,0x9D,0xF7,0x9D,0xF7,0x9D,0xF7,0x9D,0xF7,
    0x7C,0xEF,0x57,0xCE,0x37,0xCE,0x0F,0x84,0x00,0x00,0x00,0x00,0x00,0x00,0x00,0x00,
    0x00,0x00,0x00,0x00,0x00,0x00,0x00,0x00,0x00,0x00,0x00,0x00,0x00,0x00,0x00,0x00,
    0x00,0x00,0x00,0x00,0x00,0x00,0x24,0x21,0x17,0xC6,0x37,0xCE,0xFA,0xE6,0x9D,0xF7,
    0x9D,0xF7,0x9D,0xF7,0x9D,0xF7,0x9D,0xF7,0x9D,0xF7,0x9D,0xF7,0x9D,0xF7,0x9D,0xF7,
    0x9D,0xF7,0x9D,0xF7,0x9D,0xF7,0x9D,0xF7,0x9D,0xF7,0x9D,0xF7,0x9D,0xF7,0x9D,0xF7,
    0x9D,0xF7,0x9D,0xF7,0x9D,0xF7,0x9D,0xF7,0x9D,0xF7,0x9D,0xF7,0x9D,0xF7,0x9D,0xF7,
    0x9D,0xF7,0x9D,0xF7,0x9D,0xF7,0x9D,0xF7,0x9D,0xF7,0x9D,0xF7,0x9D,0xF7,0x9D,0xF7,
    0x9D,0xF7,0x9D,0xF7,0x9D,0xF7,0x9D,0xF7,0x9D,0xF7,0x9D,0xF7,0x9D,0xF7,0x9D,0xF7,
    0x9D,0xF7,0x9D,0xF7,0x9D,0xF7,0x9D,0xF7,0x9D,0xF7,0x9D,0xF7,0x9D,0xF7,0x9D,0xF7,
    0x9D,0xF7,0x9D,0xF7,0x9D,0xF7,0x9D,0xF7,0x9D,0xF7,0x9D,0xF7,0x9D,0xF7,0x9D,0xF7,
    0x9D,0xF7,0x9D,0xF7,0x9D,0xF7,0x9D,0xF7,0x9D,0xF7,0x9D,0xF7,0x9D,0xF7,0x9D,0xF7,
    0x9D,0xF7,0x9D,0xF7,0x9D,0xF7,0x1B,0xE7,0x37,0xCE,0x37,0xCE,0xA6,0x39,0x00,0x00,
    0x00,0x00,0x00,0x00,0x00,0x00,0x00,0x00,0x00,0x00,0x00,0x00,0x00,0x00,0x00,0x00,
    0x00,0x00,0x00,0x00,0x00,0x00,0x00,0x00,0x00,0x00,0xF2,0x9C,0x37,0xCE,0x78,0xD6,
    0x9D,0xF7,0x9D,0xF7,0x9D,0xF7,0x9D,0xF7,0x9D,0xF7,0x9D,0xF7,0x9D,0xF7,0x9D,0xF7,
    0x9D,0xF7,0x9D,0xF7,0x9D,0xF7,0x9D,0xF7,0x9D,0xF7,0x9D,0xF7,0x9D,0xF7,0x9D,0xF7,
    0x9D,0xF7,0x9D,0xF7,0x9D,0xF7,0x9D,0xF7,0x9D,0xF7,0x9D,0xF7,0x9D,0xF7,0x9D,0xF7,
    0x9D,0xF7,0x9D,0xF7,0x9D,0xF7,0x9D,0xF7,0x9D,0xF7,0x9D,0xF7,0x9D,0xF7,0x9D,0xF7,
    0x9D,0xF7,0x9D,0xF7,0x9D,0xF7,0x9D,0xF7,0x9D,0xF7,0x9D,0xF7,0x9D,0xF7,0x9D,0xF7,
    0x9D,0xF7,0x9D,0xF7,0x9D,0xF7,0x9D,0xF7,0x9D,0xF7,0x9D,0xF7,0x9D,0xF7,0x9D,0xF7,
    0x9D,0xF7,0x9D,0xF7,0x9D,0xF7,0x9D,0xF7,0x9D,0xF7,0x9D,0xF7,0x9D,0xF7,0x9D,0xF7,
    0x9D,0xF7,0x9D,0xF7,0x9D,0xF7,0x9D,0xF7,0x9D,0xF7,0x9D,0xF7,0x9D,0xF7,0x9D,0xF7,
    0x9D,0xF7,0x9D,0xF7,0x9D,0xF7,0x9D,0xF7,0x9D,0xF7,0x9D,0xF7,0x99,0xD6,0x37,0xCE,
    0x54,0xAD,0x20,0x00,0x00,0x00,0x00,0x00,0x00,0x00,0x00,0x00,0x00,0x00,0x00,0x00,
    0x00,0x00,0x00,0x00,0x00,0x00,0x00,0x00,0x00,0x00,0x00,0x00,0x48,0x4A,0x37,0xCE,
    0x37,0xCE,0x3C,0xEF,0x9D,0xF7,0x9D,0xF7,0x9D,0xF7,0x9D,0xF7,0x9D,0xF7,0x9D,0xF7,
    0x9D,0xF7,0x9D,0xF7,0x9D,0xF7,0x9D,0xF7,0x9D,0xF7,0x9D,0xF7,0x9D,0xF7,0x9D,0xF7,
    0x9D,0xF7,0x9D,0xF7,0x9D,0xF7,0x9D,0xF7,0x9D,0xF7,0x9D,0xF7,0x9D,0xF7,0x9D,0xF7,
    0x9D,0xF7,0x9D,0xF7,0x9D,0xF7,0x9D,0xF7,0x9D,0xF7,0x9D,0xF7,0x9D,0xF7,0x9D,0xF7,
    0x9D,0xF7,0x9D,0xF7,0x9D,0xF7,0x9D,0xF7,0x9D,0xF7,0x9D,0xF7,0x9D,0xF7,0x9D,0xF7,
    0x9D,0xF7,0x9D,0xF7,0x9D,0xF7,0x9D,0xF7,0x9D,0xF7,0x9D,0xF7,0x9D,0xF7,0x9D,0xF7,
    0x9D,0xF7,0x9D,0xF7,0x9D,0xF7,0x9D,0xF7,0x9D,0xF7,0x9D,0xF7,0x9D,0xF7,0x9D,0xF7,
    0x9D,0xF7,0x9D,0xF7,0x9D,0xF7,0x9D,0xF7,0x9D,0xF7,0x9D,0xF7,0xFB,0xE6,0x9D,0xF7,
    0x9D,0xF7,0x9D,0xF7,0x9D,0xF7,0x9D,0xF7,0x9D,0xF7,0x9D,0xF7,0x9D,0xF7,0x9D,0xF7,
    0x5C,0xEF,0x37,0xCE,0x37,0xCE,0xCA,0x5A,0x00,0x00,0x00,0x00,0x00,0x00,0x00,0x00,
    0x00,0x00,0x00,0x00,0x00,0x00,0x00,0x00,0x00,0x00,0x00,0x00,0x00,0x00,0x00,0x00,
    0x53,0xAD,0x37,0xCE,0x99,0xD6,0x9D,0xF7,0x9D,0xF7,0x5C,0xEF,0xB5,0xBD,0x5C,0xEF,
    0x9D,0xF7,0x9D,0xF7,0x9D,0xF7,0x9D,0xF7,0x9D,0xF7,0x9D,0xF7,0x9D,0xF7,0x9D,0xF7,
    0x9D,0xF7,0x9D,0xF7,0x9D,0xF7,0x9D,0xF7,0x9D,0xF7,0x9D,0xF7,0x9D,0xF7,0x9D,0xF7,
    0x9D,0xF7,0x9D,0xF7,0x9D,0xF7,0x9D,0xF7,0x9D,0xF7,0x9D,0xF7,0x9D,0xF7,0x9D,0xF7,
    0x9D,0xF7,0x9D,0xF7,0x9D,0xF7,0x9D,0xF7,0x9D,0xF7,0x9D,0xF7,0x9D,0xF7,0x9D,0xF7,
    0x9D,0xF7,0x9D,0xF7,0x9D,0xF7,0x9D,0xF7,0x9D,0xF7,0x9D,0xF7,0x9D,0xF7,0x9D,0xF7,
    0x9D,0xF7,0x9D,0xF7,0x9D,0xF7,0x9D,0xF7,0x9D,0xF7,0x9D,0xF7,0x9D,0xF7,0x9D,0xF7,
    0x9D,0xF7,0x9D,0xF7,0x9D,0xF7,0x9D,0xF7,0x9D,0xF7,0x9D,0xF7,0x5C,0xEF,0x6D,0x6B,
    0xA7,0x31,0x3B,0xE7,0x9D,0xF7,0x9D,0xF7,0x9D,0xF7,0x9D,0xF7,0x5C,0xEF,0xB5,0xBD,
    0x5C,0xEF,0x9D,0xF7,0x9D,0xF7,0xB9,0xDE,0x37,0xCE,0xB5,0xBD,0x20,0x00,0x00,0x00,
    0x00,0x00,0x00,0x00,0x00,0x00,0x00,0x00,0x00,0x00,0x00,0x00,0x00,0x00,0x00,0x00,
    0x00,0x00,0x07,0x42,0x37,0xCE,0x37,0xCE,0x5C,0xEF,0x9D,0xF7,0x9D,0xF7,0x99,0xD6,
    0x50,0x8C,0x71,0x94,0x37,0xC6,0x7D,0xF7,0x9D,0xF7,0x9D,0xF7,0x9D,0xF7,0x9D,0xF7,
    0x9D,0xF7,0x9D,0xF7,0x9D,0xF7,0x9D,0xF7,0x9D,0xF7,0x9D,0xF7,0x9D,0xF7,0x9D,0xF7,
    0x9D,0xF7,0x9D,0xF7,0x9D,0xF7,0x9D,0xF7,0x9D,0xF7,0x9D,0xF7,0x9D,0xF7,0x9D,0xF7,
    0x9D,0xF7,0x9D,0xF7,0x9D,0xF7,0x9D,0xF7,0x9D,0xF7,0x9D,0xF7,0x9D,0xF7,0x9D,0xF7,
    0x9D,0xF7,0x9D,0xF7,0x9D,0xF7,0x9D,0xF7,0x9D,0xF7,0x9D,0xF7,0x9D,0xF7,0x9D,0xF7,
    0x9D,0xF7,0x9D,0xF7,0x9D,0xF7,0x9D,0xF7,0x9D,0xF7,0x9D,0xF7,0x9D,0xF7,0x9D,0xF7,
    0x9D,0xF7,0x9D,0xF7,0x9D,0xF7,0x9D,0xF7,0x9D,0xF7,0x9D,0xF7,0x9D,0xF7,0x78,0xCE,
    0x08,0x42,0xE4,0x18,0xE4,0x18,0x4D,0x6B,0x9D,0xF7,0x9D,0xF7,0x7D,0xF7,0x17,0xC6,
    0x70,0x94,0x50,0x8C,0x99,0xD6,0x9D,0xF7,0x9D,0xF7,0x5C,0xEF,0x37,0xCE,0x37,0xCE,
    0x89,0x52,0x00,0x00,0x00,0x00,0x00,0x00,0x00,0x00,0x00,0x00,0x00,0x00,0x00,0x00,
    0x00,0x00,0x00,0x00,0x00,0x00,0xD2,0x9C,0x37,0xCE,0x99,0xD6,0x9D,0xF7,0x9D,0xF7,
    0x9D,0xF7,0x9D,0xF7,0x1B,0xE7,0x54,0xAD,0x30,0x8C,0xD2,0x9C,0xB9,0xD6,0x9D,0xF7,
    0x9D,0xF7,0x9D,0xF7,0x9D,0xF7,0x9D,0xF7,0x9D,0xF7,0x9D,0xF7,0x9D,0xF7,0x9D,0xF7,
    0x9D,0xF7,0x9D,0xF7,0x9D,0xF7,0x9D,0xF7,0x9D,0xF7,0x9D,0xF7,0x9D,0xF7,0x9D,0xF7,
    0x9D,0xF7,0x9D,0xF7,0x9D,0xF7,0x9D,0xF7,0x9D,0xF7,0x9D,0xF7,0x9D,0xF7,0x9D,0xF7,
    0x9D,0xF7,0x9D,0xF7,0x9D,0xF7,0x9D,0xF7,0x9D,0xF7,0x9D,0xF7,0x9D,0xF7,0x9D,0xF7,
    0x9D,0xF7,0x9D,0xF7,0x9D,0xF7,0x9D,0xF7,0x9D,0xF7,0x9D,0xF7,0x9D,0xF7,0x9D,0xF7,
    0x9D,0xF7,0x9D,0xF7,0x9D,0xF7,0x9D,0xF7,0x9D,0xF7,0x9D,0xF7,0x9D,0xF7,0x7D,0xF7,
    0x91,0x94,0x04,0x21,0xE4,0x18,0xE4,0x18,0xE4,0x18,0xCF,0x7B,0x7D,0xF7,0x79,0xD6,
    0xB2,0x9C,0x50,0x8C,0x54,0xAD,0x1B,0xE7,0x9D,0xF7,0x9D,0xF7,0x9D,0xF7,0x9D,0xF7,
    0xB9,0xDE,0x37,0xCE,0x54,0xAD,0x00,0x00,0x00,0x00,0x00,0x00,0x00,0x00,0x00,0x00,
    0x00,0x00,0x00,0x00,0x00,0x00,0x00,0x00,0x44,0x29,0x37,0xCE,0x37,0xCE,0x5C,0xEF,
    0x9D,0xF7,0x9D,0xF7,0x9D,0xF7,0x9D,0xF7,0x9D,0xF7,0x9D,0xF7,0x99,0xD6,0xB1,0x94,
    0x30,0x8C,0x54,0xAD,0x3C,0xEF,0x9D,0xF7,0x9D,0xF7,0x9D,0xF7,0x9D,0xF7,0x9D,0xF7,
    0x9D,0xF7,0x9D,0xF7,0x9D,0xF7,0x9D,0xF7,0x9D,0xF7,0x9D,0xF7,0x9D,0xF7,0x9D,0xF7,
    0x9D,0xF7,0x9D,0xF7,0x9D,0xF7,0x9D,0xF7,0x9D,0xF7,0x9D,0xF7,0x9D,0xF7,0x9D,0xF7,
    0x9D,0xF7,0x9D,0xF7,0x9D,0xF7,0x9D,0xF7,0x9D,0xF7,0x9D,0xF7,0x9D,0xF7,0x9D,0xF7,
    0x9D,0xF7,0x9D,0xF7,0x9D,0xF7,0x9D,0xF7,0x9D,0xF7,0x9D,0xF7,0x9D,0xF7,0x9D,0xF7,
    0x9D,0xF7,0x9D,0xF7,0x9D,0xF7,0x9D,0xF7,0x9D,0xF7,0x9D,0xF7,0x9D,0xF7,0x9D,0xF7,
    0x1B,0xE7,0xEC,0x5A,0xE4,0x18,0xE4,0x18,0xE4,0x18,0x66,0x29,0xB6,0xB5,0x1B,0xE7,
    0x13,0xA5,0x30,0x8C,0xB2,0x9C,0xBA,0xDE,0x9D,0xF7,0x9D,0xF7,0x9D,0xF7,0x9D,0xF7,
    0x9D,0xF7,0x9D,0xF7,0x5C,0xEF,0x37,0xCE,0x37,0xCE,0xE7,0x39,0x00,0x00,0x00,0x00,
    0x00,0x00,0x00,0x00,0x00,0x00,0x00,0x00,0x00,0x00,0x00,0x00,0xEE,0x7B,0x37,0xCE,
    0x78,0xD6,0x9D,0xF7,0x9D,0xF7,0x9D,0xF7,0x9D,0xF7,0x9D,0xF7,0x9D,0xF7,0x9D,0xF7,
    0x9D,0xF7,0x7C,0xEF,0xD6,0xBD,0x50,0x8C,0x70,0x94,0xFB,0xE6,0x9D,0xF7,0x9D,0xF7,
    0x9D,0xF7,0x9D,0xF7,0x9D,0xF7,0x9D,0xF7,0x9D,0xF7,0x9D,0xF7,0x9D,0xF7,0x9D,0xF7,
    0x9D,0xF7,0x9D,0xF7,0x9D,0xF7,0x9D,0xF7,0x9D,0xF7,0x9D,0xF7,0x9D,0xF7,0x9D,0xF7,
    0x9D,0xF7,0x9D,0xF7,0x9D,0xF7,0x9D,0xF7,0x9D,0xF7,0x9D,0xF7,0x9D,0xF7,0x9D,0xF7,
    0x9D,0xF7,0x9D,0xF7,0x9D,0xF7,0x9D,0xF7,0x9D,0xF7,0x9D,0xF7,0x9D,0xF7,0x9D,0xF7,
    0x9D,0xF7,0x9D,0xF7,0x9D,0xF7,0x9D,0xF7,0x9D,0xF7,0x9D,0xF7,0x9D,0xF7,0x9D,0xF7,
    0x9D,0xF7,0xD6,0xBD,0xA7,0x31,0xE4,0x18,0xE4,0x18,0xE4,0x18,0x8A,0x4A,0xDA,0xDE,
    0xFB,0xE6,0x50,0x8C,0x71,0x94,0x17,0xC6,0x7C,0xEF,0x9D,0xF7,0x9D,0xF7,0x9D,0xF7,
    0x9D,0xF7,0x9D,0xF7,0x9D,0xF7,0x9D,0xF7,0x9D,0xF7,0x99,0xD6,0x37,0xCE,0x70,0x94,
    0x00,0x00,0x00,0x00,0x00,0x00,0x00,0x00,0x00,0x00,0x00,0x00,0x00,0x00,0x41,0x08,
    0x16,0xC6,0x37,0xCE,0xFB,0xE6,0x9D,0xF7,0x9D,0xF7,0x9D,0xF7,0x9D,0xF7,0x9D,0xF7,
    0x9D,0xF7,0x9D,0xF7,0x9D,0xF7,0x9D,0xF7,0x9D,0xF7,0x3B,0xE7,0xF6,0xBD,0x9D,0xF7,
    0x9D,0xF7,0x9D,0xF7,0x9D,0xF7,0x9D,0xF7,0x9D,0xF7,0x9D,0xF7,0x9D,0xF7,0x95,0xB5,
    0xBA,0xD6,0x9D,0xF7,0x9D,0xF7,0x9D,0xF7,0x9D,0xF7,0x9D,0xF7,0x9D,0xF7,0x9D,0xF7,
    0x9D,0xF7,0x9D,0xF7,0x9D,0xF7,0x9D,0xF7,0x9D,0xF7,0x9D,0xF7,0x9D,0xF7,0x9D,0xF7,
    0x9D,0xF7,0x9D,0xF7,0x9D,0xF7,0x9D,0xF7,0x9D,0xF7,0x9D,0xF7,0x9D,0xF7,0x9D,0xF7,
    0x9D,0xF7,0x9D,0xF7,0x9D,0xF7,0x9D,0xF7,0x9D,0xF7,0x9D,0xF7,0x9D,0xF7,0x9D,0xF7,
    0x9D,0xF7,0x7C,0xEF,0x10,0x84,0xE4,0x18,0xE4,0x18,0xE4,0x18,0x04,0x21,0x71,0x8C,
    0x7D,0xF7,0x9D,0xF7,0x9D,0xF7,0x38,0xCE,0x5C,0xEF,0x9D,0xF7,0x9D,0xF7,0x9D,0xF7,
    0x9D,0xF7,0x9D,0xF7,0x9D,0xF7,0x9D,0xF7,0x9D,0xF7,0x9D,0xF7,0x9D,0xF7,0x1B,0xE7,
    0x37,0xCE,0x37,0xCE,0xC2,0x18,0x00,0x00,0x00,0x00,0x00,0x00,0x00,0x00,0x00,0x00,
    0x00,0x00,0x28,0x42,0x37,0xCE,0x37,0xCE,0x7C,0xEF,0x9D,0xF7,0x9D,0xF7,0x9D,0xF7,
    0x9D,0xF7,0x9D,0xF7,0x9D,0xF7,0x9D,0xF7,0x9D,0xF7,0x9D,0xF7,0x9D,0xF7,0x9D,0xF7,
    0x9D,0xF7,0x9D,0xF7,0x9D,0xF7,0x9D,0xF7,0x9D,0xF7,0x9D,0xF7,0x9D,0xF7,0x9D,0xF7,
    0xBA,0xD6,0x25,0x21,0x25,0x21,0x13,0xA5,0x9D,0xF7,0x9D,0xF7,0x9D,0xF7,0x9D,0xF7,
    0x9D,0xF7,0x9D,0xF7,0x9D,0xF7,0x9D,0xF7,0x9D,0xF7,0x9D,0xF7,0x9D,0xF7,0x9D,0xF7,
    0x9D,0xF7,0x9D,0xF7,0x9D,0xF7,0x9D,0xF7,0x9D,0xF7,0x9D,0xF7,0x9D,0xF7,0x9D,0xF7,
    0x9D,0xF7,0x9D,0xF7,0x9D,0xF7,0x9D,0xF7,0x9D,0xF7,0x9D,0xF7,0x9D,0xF7,0x9D,0xF7,
    0x9D,0xF7,0x9D,0xF7,0xBA,0xDE,0x49,0x4A,0xE4,0x18,0xE4,0x18,0xE4,0x18,0xA7,0x31,
    0x38,0xC6,0x9D,0xF7,0x9D,0xF7,0x9D,0xF7,0x9D,0xF7,0x9D,0xF7,0x9D,0xF7,0x9D,0xF7,
    0x9D,0xF7,0x9D,0xF7,0x9D,0xF7,0x9D,0xF7,0x9D,0xF7,0x9D,0xF7,0x9D,0xF7,0x9D,0xF7,
    0x9D,0xF7,0x7D,0xF7,0x57,0xCE,0x37,0xCE,0xAA,0x5A,0x00,0x00,0x00,0x00,0x00,0x00,
    0x00,0x00,0x00,0x00,0x00,0x00,0x0F,0x84,0x37,0xCE,0x99,0xD6,0x9D,0xF7,0x9D,0xF7,
    0x9D,0xF7,0x9D,0xF7,0x9D,0xF7,0x9D,0xF7,0x9D,0xF7,0x9D,0xF7,0x9D,0xF7,0x9D,0xF7,
    0x9D,0xF7,0x9D,0xF7,0x9D,0xF7,0x9D,0xF7,0x9D,0xF7,0x9D,0xF7,0x9D,0xF7,0x9D,0xF7,
    0x9D,0xF7,0x7D,0xF7,0x8A,0x52,0xE4,0x18,0xE4,0x18,0xE4,0x18,0x2C,0x63,0x1B,0xE7,
    0x9D,0xF7,0x9D,0xF7,0x9D,0xF7,0x9D,0xF7,0x9D,0xF7,0x9D,0xF7,0x9D,0xF7,0x9D,0xF7,
    0x9D,0xF7,0x9D,0xF7,0x9D,0xF7,0x9D,0xF7,0x9D,0xF7,0x9D,0xF7,0x9D,0xF7,0x9D,0xF7,
    0x9D,0xF7,0x9D,0xF7,0x9D,0xF7,0x9D,0xF7,0x9D,0xF7,0x9D,0xF7,0x9D,0xF7,0x9D,0xF7,
    0x9D,0xF7,0x9D,0xF7,0x9D,0xF7,0x75,0xAD,0x45,0x29,0xE4,0x18,0xE4,0x18,0xE4,0x18,
    0x0C,0x63,0x1B,0xE7,0x9D,0xF7,0x9D,0xF7,0x9D,0xF7,0x9D,0xF7,0x9D,0xF7,0x9D,0xF7,
    0x9D,0xF7,0x9D,0xF7,0x9D,0xF7,0x9D,0xF7,0x9D,0xF7,0x9D,0xF7,0x9D,0xF7,0x9D,0xF7,
    0x9D,0xF7,0x9D,0xF7,0x9D,0xF7,0x9D,0xF7,0xB9,0xDE,0x37,0xCE,0xB1,0x94,0x00,0x00,
    0x00,0x00,0x00,0x00,0x00,0x00,0x00,0x00,0x00,0x00,0xD5,0xBD,0x37,0xCE,0xFA,0xE6,
    0x9D,0xF7,0x9D,0xF7,0x9D,0xF7,0x9D,0xF7,0x9D,0xF7,0x9D,0xF7,0x9D,0xF7,0x9D,0xF7,
    0x9D,0xF7,0x9D,0xF7,0x9D,0xF7,0x9D,0xF7,0x9D,0xF7,0x9D,0xF7,0x9D,0xF7,0x9D,0xF7,
    0x9D,0xF7,0x9D,0xF7,0x9D,0xF7,0x51,0x8C,0xE4,0x18,0xE4,0x18,0xE4,0x18,0xE4,0x18,
    0xE4,0x18,0x66,0x29,0x34,0xA5,0x9D,0xF7,0x9D,0xF7,0x9D,0xF7,0x9D,0xF7,0x9D,0xF7,
    0x9D,0xF7,0x9D,0xF7,0x9D,0xF7,0x9D,0xF7,0x9D,0xF7,0x9D,0xF7,0x9D,0xF7,0x9D,0xF7,
    0x9D,0xF7,0x9D,0xF7,0x9D,0xF7,0x9D,0xF7,0x9D,0xF7,0x9D,0xF7,0x9D,0xF7,0x9D,0xF7,
    0x9D,0xF7,0x9D,0xF7,0x9D,0xF7,0x3B,0xE7,0x6D,0x6B,0xE4,0x18,0xE4,0x18,0xE4,0x18,
    0x25,0x21,0x14,0xA5,0x9D,0xF7,0x9D,0xF7,0x9D,0xF7,0x9D,0xF7,0x9D,0xF7,0x9D,0xF7,
    0x9D,0xF7,0x9D,0xF7,0x9D,0xF7,0x9D,0xF7,0x9D,0xF7,0x9D,0xF7,0x9D,0xF7,0x9D,0xF7,
    0x9D,0xF7,0x9D,0xF7,0x9D,0xF7,0x9D,0xF7,0x9D,0xF7,0x9D,0xF7,0x1B,0xE7,0x37,0xCE,
    0x16,0xC6,0x41,0x08,0x00,0x00,0x00,0x00,0x00,0x00,0x00,0x00,0x44,0x29,0x37,0xCE,
    0x37,0xCE,0x5C,0xEF,0x9D,0xF7,0x9D,0xF7,0x9D,0xF7,0x9D,0xF7,0x9D,0xF7,0x9D,0xF7,
    0x9D,0xF7,0x9D,0xF7,0x9D,0xF7,0x9D,0xF7,0x9D,0xF7,0x9D,0xF7,0x9D,0xF7,0x9D,0xF7,
    0x9D,0xF7,0x9D,0xF7,0x9D,0xF7,0x9D,0xF7,0x9D,0xF7,0x55,0xAD,0x66,0x29,0xE4,0x18,
    0xE4,0x18,0xE4,0x18,0xE4,0x18,0xE4,0x18,0xE4,0x18,0x4D,0x6B,0x5C,0xEF,0x9D,0xF7,
    0x9D,0xF7,0x9D,0xF7,0x9D,0xF7,0x9D,0xF7,0x9D,0xF7,0x9D,0xF7,0x9D,0xF7,0x9D,0xF7,
    0x9D,0xF7,0x9D,0xF7,0x9D,0xF7,0x9D,0xF7,0x9D,0xF7,0x9D,0xF7,0x9D,0xF7,0x9D,0xF7,
    0x9D,0xF7,0x9D,0xF7,0x9D,0xF7,0x9D,0xF7,0x79,0xCE,0xE7,0x39,0xE4,0x18,0xE4,0x18,
    0xE4,0x18,0x08,0x3A,0x79,0xD6,0x9D,0xF7,0x9D,0xF7,0x9D,0xF7,0x9D,0xF7,0x9D,0xF7,
    0x9D,0xF7,0x9D,0xF7,0x9D,0xF7,0x9D,0xF7,0x9D,0xF7,0x9D,0xF7,0x9D,0xF7,0x9D,0xF7,
    0x9D,0xF7,0x9D,0xF7,0x9D,0xF7,0x9D,0xF7,0x9D,0xF7,0x9D,0xF7,0x9D,0xF7,0x9D,0xF7,
    0x7C,0xEF,0x37,0xCE,0x37,0xCE,0xC6,0x39,0x00,0x00,0x00,0x00,0x00,0x00,0x00,0x00,
    0x89,0x52,0x37,0xCE,0x57,0xCE,0x9D,0xF7,0x9D,0xF7,0x9D,0xF7,0x9D,0xF7,0x9D,0xF7,
    0x9D,0xF7,0x9D,0xF7,0x9D,0xF7,0x9D,0xF7,0x9D,0xF7,0x9D,0xF7,0x9D,0xF7,0x9D,0xF7,
    0x9D,0xF7,0x9D,0xF7,0x9D,0xF7,0x9D,0xF7,0x9D,0xF7,0x9D,0xF7,0x9D,0xF7,0x9D,0xF7,
    0xDA,0xDE,0xAB,0x52,0xE4,0x18,0xE4,0x18,0xE4,0x18,0xE4,0x18,0xE4,0x18,0xE4,0x18,
    0xC7,0x31,0xD6,0xBD,0x9D,0xF7,0x9D,0xF7,0x9D,0xF7,0x9D,0xF7,0x9D,0xF7,0x9D,0xF7,
    0x9D,0xF7,0x9D,0xF7,0x9D,0xF7,0x9D,0xF7,0x9D,0xF7,0x9D,0xF7,0x9D,0xF7,0x9D,0xF7,
    0x9D,0xF7,0x9D,0xF7,0x9D,0xF7,0x9D,0xF7,0x7D,0xF7,0xD3,0x9C,0x25,0x21,0xE4,0x18,
    0xE4,0x18,0xE4,0x18,0xCF,0x73,0x5C,0xEF,0x9D,0xF7,0x9D,0xF7,0x9D,0xF7,0x9D,0xF7,
    0x9D,0xF7,0x9D,0xF7,0x9D,0xF7,0x9D,0xF7,0x9D,0xF7,0x9D,0xF7,0x9D,0xF7,0x9D,0xF7,
    0x9D,0xF7,0x9D,0xF7,0x9D,0xF7,0x9D,0xF7,0x9D,0xF7,0x9D,0xF7,0x9D,0xF7,0x9D,0xF7,
    0x9D,0xF7,0x9D,0xF7,0x9D,0xF7,0x78,0xD6,0x37,0xCE,0x2B,0x63,0x00,0x00,0x00,0x00,
    0x00,0x00,0x00,0x00,0xEE,0x83,0x37,0xCE,0xB9,0xD6,0x9D,0xF7,0x9D,0xF7,0x9D,0xF7,
    0x9D,0xF7,0x9D,0xF7,0x9D,0xF7,0x9D,0xF7,0x9D,0xF7,0x9D,0xF7,0x9D,0xF7,0x9D,0xF7,
    0x9D,0xF7,0x9D,0xF7,0x9D,0xF7,0x9D,0xF7,0x9D,0xF7,0x9D,0xF7,0x9D,0xF7,0x9D,0xF7,
    0x9D,0xF7,0x9D,0xF7,0x9D,0xF7,0x9D,0xF7,0xF3,0x9C,0x45,0x29,0xE4,0x18,0xE4,0x18,
    0xE4,0x18,0xE4,0x18,0xE4,0x18,0xE4,0x18,0xAE,0x73,0x5C,0xEF,0x9D,0xF7,0x9D,0xF7,
    0x9D,0xF7,0x9D,0xF7,0x9D,0xF7,0x9D,0xF7,0x9D,0xF7,0x9D,0xF7,0x9D,0xF7,0x9D,0xF7,
    0x9D,0xF7,0x9D,0xF7,0x9D,0xF7,0x9D,0xF7,0x9D,0xF7,0xFB,0xDE,0xCB,0x5A,0xE4,0x18,
    0xE4,0x18,0xE4,0x18,0x66,0x29,0x95,0xB5,0x9D,0xF7,0x9D,0xF7,0x9D,0xF7,0x9D,0xF7,
    0x9D,0xF7,0x9D,0xF7,0x9D,0xF7,0x9D,0xF7,0x9D,0xF7,0x9D,0xF7,0x9D,0xF7,0x9D,0xF7,
    0x9D,0xF7,0x9D,0xF7,0x9D,0xF7,0x9D,0xF7,0x9D,0xF7,0x9D,0xF7,0x9D,0xF7,0x9D,0xF7,
    0x9D,0xF7,0x9D,0xF7,0x9D,0xF7,0x9D,0xF7,0x9D,0xF7,0xDA,0xDE,0x37,0xCE,0x70,0x94,
    0x00,0x00,0x00,0x00,0x00,0x00,0x00,0x00,0x13,0xA5,0x37,0xCE,0xFA,0xDE,0x9D,0xF7,
    0x9D,0xF7,0x9D,0xF7,0x9D,0xF7,0x9D,0xF7,0x9D,0xF7,0x9D,0xF7,0x9D,0xF7,0x9D,0xF7,
    0x9D,0xF7,0x9D,0xF7,0x9D,0xF7,0x9D,0xF7,0x9D,0xF7,0x9D,0xF7,0x9D,0xF7,0x9D,0xF7,
    0x9D,0xF7,0x9D,0xF7,0x9D,0xF7,0x9D,0xF7,0x9D,0xF7,0x9D,0xF7,0x9D,0xF7,0xDA,0xDE,
    0x49,0x4A,0xE4,0x18,0xE4,0x18,0xE4,0x18,0xE4,0x18,0xE4,0x18,0xE4,0x18,0xC7,0x39,
    0x38,0xC6,0x9D,0xF7,0x9D,0xF7,0x9D,0xF7,0x9D,0xF7,0x9D,0xF7,0x9D,0xF7,0x9D,0xF7,
    0x9D,0xF7,0x9D,0xF7,0x9D,0xF7,0x9D,0xF7,0x9D,0xF7,0x9D,0xF7,0xF7,0xBD,0xA7,0x31,
    0xE4,0x18,0xE4,0x18,0xE4,0x18,0x8A,0x52,0xFB,0xE6,0x9D,0xF7,0x9D,0xF7,0x9D,0xF7,
    0x9D,0xF7,0x9D,0xF7,0x9D,0xF7,0x9D,0xF7,0x9D,0xF7,0x9D,0xF7,0x9D,0xF7,0x9D,0xF7,
    0x9D,0xF7,0x9D,0xF7,0x9D,0xF7,0x9D,0xF7,0x9D,0xF7,0x9D,0xF7,0x9D,0xF7,0x9D,0xF7,
    0x9D,0xF7,0x9D,0xF7,0x9D,0xF7,0x9D,0xF7,0x9D,0xF7,0x9D,0xF7,0x9D,0xF7,0x1B,0xE7,
    0x37,0xCE,0x95,0xB5,0x00,0x00,0x00,0x00,0x00,0x00,0x00,0x00,0xF6,0xC5,0x37,0xCE,
    0x3B,0xEF,0x9D,0xF7,0x9D,0xF7,0x9D,0xF7,0x9D,0xF7,0x9D,0xF7,0x9D,0xF7,0x9D,0xF7,
    0x9D,0xF7,0x9D,0xF7,0x9D,0xF7,0x9D,0xF7,0x9D,0xF7,0x9D,0xF7,0x9D,0xF7,0x9D,0xF7,
    0x9D,0xF7,0x9D,0xF7,0x9D,0xF7,0x9D,0xF7,0x9D,0xF7,0x9D,0xF7,0x9D,0xF7,0x9D,0xF7,
    0x9D,0xF7,0x9D,0xF7,0x7C,0xEF,0x71,0x8C,0x25,0x21,0xE4,0x18,0xE4,0x18,0xE4,0x18,
    0xE4,0x18,0xE4,0x18,0x04,0x21,0x51,0x8C,0x7C,0xEF,0x9D,0xF7,0x9D,0xF7,0x9D,0xF7,
    0xFA,0xEE,0xBA,0xEE,0x9D,0xF7,0x9D,0xF7,0x9D,0xF7,0x9D,0xF7,0x7C,0xEF,0x30,0x84,
    0xE4,0x18,0xE4,0x18,0xE4,0x18,0xE4,0x18,0x30,0x84,0x7D,0xF7,0x9D,0xF7,0x9D,0xF7,
    0x9D,0xF7,0x9D,0xF7,0x9D,0xF7,0x9D,0xF7,0x9D,0xF7,0x9D,0xF7,0x9D,0xF7,0x9D,0xF7,
    0x9D,0xF7,0x9D,0xF7,0x9D,0xF7,0x9D,0xF7,0x9D,0xF7,0x9D,0xF7,0x9D,0xF7,0x9D,0xF7,
    0x9D,0xF7,0x9D,0xF7,0x9D,0xF7,0x9D,0xF7,0x9D,0xF7,0x9D,0xF7,0x9D,0xF7,0x9D,0xF7,
    0x9D,0xF7,0x5C,0xEF,0x37,0xCE,0x37,0xCE,0x61,0x08,0x00,0x00,0x00,0x00,0xC3,0x18,
    0x37,0xCE,0x37,0xCE,0x7C,0xEF,0x9D,0xF7,0x9D,0xF7,0x9D,0xF7,0x9D,0xF7,0x9D,0xF7,
    0x9D,0xF7,0x9D,0xF7,0x9D,0xF7,0x9D,0xF7,0x9D,0xF7,0x9D,0xF7,0x9D,0xF7,0x9D,0xF7,
    0x9D,0xF7,0x9D,0xF7,0x9D,0xF7,0x9D,0xF7,0x9D,0xF7,0x9D,0xF7,0x9D,0xF7,0x9D,0xF7,
    0x9D,0xF7,0x9D,0xF7,0x9D,0xF7,0x9D,0xF7,0x9D,0xF7,0x9D,0xF7,0x79,0xD6,0x29,0x42,
    0xE4,0x18,0xE4,0x18,0xE4,0x18,0xE4,0x18,0xE4,0x18,0xE4,0x18,0x29,0x42,0x38,0xC6,
    0x9D,0xF7,0x9D,0xF7,0x0F,0xD4,0x2B,0xD3,0x9D,0xF7,0x9D,0xF7,0x9D,0xF7,0x99,0xD6,
    0x6A,0x4A,0xE4,0x18,0xE4,0x18,0xE4,0x18,0xE8,0x39,0x38,0xC6,0x9D,0xF7,0x9D,0xF7,
    0x9D,0xF7,0x9D,0xF7,0x9D,0xF7,0x9D,0xF7,0x9D,0xF7,0x9D,0xF7,0x9D,0xF7,0x9D,0xF7,
    0x9D,0xF7,0x9D,0xF7,0x9D,0xF7,0x9D,0xF7,0x9D,0xF7,0x9D,0xF7,0x9D,0xF7,0x9D,0xF7,
    0x9D,0xF7,0x9D,0xF7,0x9D,0xF7,0x9D,0xF7,0x9D,0xF7,0x9D,0xF7,0x9D,0xF7,0x9D,0xF7,
    0x9D,0xF7,0x9D,0xF7,0x9D,0xF7,0x7D,0xF7,0x37,0xCE,0x37,0xCE,0x65,0x29,0x00,0x00,
    0x00,0x00,0x85,0x31,0x37,0xCE,0x37,0xCE,0x9D,0xF7,0x9D,0xF7,0x9D,0xF7,0x9D,0xF7,
    0x9D,0xF7,0x9D,0xF7,0x9D,0xF7,0x9D,0xF7,0x9D,0xF7,0x9D,0xF7,0x9D,0xF7,0x9D,0xF7,
    0x9D,0xF7,0x9D,0xF7,0x9D,0xF7,0x9D,0xF7,0x9D,0xF7,0x9D,0xF7,0x9D,0xF7,0x9D,0xF7,
    0x9D,0xF7,0x9D,0xF7,0x9D,0xF7,0x9D,0xF7,0x9D,0xF7,0x9D,0xF7,0x9D,0xF7,0x9D,0xF7,
    0x9D,0xF7,0x7C,0xEF,0x10,0x84,0xE4,0x18,0xE4,0x18,0xE4,0x18,0xE4,0x18,0xE4,0x18,
    0xE4,0x18,0x04,0x21,0xB2,0x94,0x9D,0xF7,0x0F,0xD4,0x2B,0xD3,0x9D,0xF7,0x9D,0xF7,
    0x54,0xAD,0x25,0x21,0xE4,0x18,0xE4,0x18,0xE4,0x18,0x0C,0x5B,0x3C,0xEF,0x9D,0xF7,
    0x9D,0xF7,0x9D,0xF7,0x9D,0xF7,0x9D,0xF7,0x9D,0xF7,0x9D,0xF7,0x9D,0xF7,0x9D,0xF7,
    0x9D,0xF7,0x9D,0xF7,0x9D,0xF7,0x9D,0xF7,0x9D,0xF7,0x9D,0xF7,0x9D,0xF7,0x9D,0xF7,
    0x9D,0xF7,0x9D,0xF7,0x9D,0xF7,0x9D,0xF7,0x9D,0xF7,0x9D,0xF7,0x9D,0xF7,0x9D,0xF7,
    0x9D,0xF7,0x9D,0xF7,0x9D,0xF7,0x9D,0xF7,0x9D,0xF7,0x9D,0xF7,0x57,0xCE,0x37,0xCE,
    0x28,0x42,0x00,0x00,0x00,0x00,0x28,0x42,0x37,0xCE,0x58,0xCE,0x9D,0xF7,0x9D,0xF7,
    0x9D,0xF7,0x9D,0xF7,0x9D,0xF7,0x9D,0xF7,0x9D,0xF7,0x9D,0xF7,0x9D,0xF7,0x9D,0xF7,
    0x9D,0xF7,0x9D,0xF7,0x9D,0xF7,0x9D,0xF7,0x9D,0xF7,0x9D,0xF7,0x9D,0xF7,0x9D,0xF7,
    0x9D,0xF7,0x9D,0xF7,0x9D,0xF7,0x9D,0xF7,0x9D,0xF7,0x9D,0xF7,0x9D,0xF7,0x9D,0xF7,
    0x9D,0xF7,0x9D,0xF7,0x9D,0xF7,0x9D,0xF7,0x9D,0xF7,0x17,0xC6,0xC7,0x39,0xE4,0x18,
    0xE4,0x18,0xE4,0x18,0xE4,0x18,0xE4,0x18,0xE4,0x18,0xAA,0x52,0x6C,0xC3,0x2B,0xD3,
    0x5C,0xEF,0xAE,0x73,0xE4,0x18,0xE4,0x18,0xE4,0x18,0x25,0x21,0xD3,0x9C,0x9D,0xF7,
    0x9D,0xF7,0x9D,0xF7,0x9D,0xF7,0x9D,0xF7,0x9D,0xF7,0x9D,0xF7,0x9D,0xF7,0x9D,0xF7,
    0x9D,0xF7,0x9D,0xF7,0x9D,0xF7,0x9D,0xF7,0x9D,0xF7,0x9D,0xF7,0x9D,0xF7,0x9D,0xF7,
    0x9D,0xF7,0x9D,0xF7,0x9D,0xF7,0x9D,0xF7,0x9D,0xF7,0x9D,0xF7,0x9D,0xF7,0x9D,0xF7,
    0x9D,0xF7,0x9D,0xF7,0x9D,0xF7,0x9D,0xF7,0x9D,0xF7,0x9D,0xF7,0x9D,0xF7,0x9D,0xF7,
    0x78,0xD6,0x37,0xCE,0xCA,0x5A,0x00,0x00,0x00,0x00,0x69,0x52,0x37,0xCE,0x78,0xD6,
    0x9D,0xF7,0x9D,0xF7,0x9D,0xF7,0x9D,0xF7,0x9D,0xF7,0x9D,0xF7,0x9D,0xF7,0x9D,0xF7,
    0x9D,0xF7,0x9D,0xF7,0x9D,0xF7,0x9D,0xF7,0x9D,0xF7,0x9D,0xF7,0x9D,0xF7,0x9D,0xF7,
    0x9D,0xF7,0x9D,0xF7,0x9D,0xF7,0x9D,0xF7,0x9D,0xF7,0x9D,0xF7,0x9D,0xF7,0x9D,0xF7,
    0x9D,0xF7,0x9D,0xF7,0x9D,0xF7,0x9D,0xF7,0x9D,0xF7,0x9D,0xF7,0x9D,0xF7,0x9D,0xF7,
    0x3C,0xEF,0xCF,0x7B,0xE4,0x18,0xE4,0x18,0xE4,0x18,0xE4,0x18,0xE4,0x18,0xE4,0x18,
    0xE4,0x18,0x05,0x21,0xA7,0x31,0xE4,0x18,0xE4,0x18,0xE4,0x18,0x29,0x42,0x99,0xD6,
    0x9D,0xF7,0x9D,0xF7,0x9D,0xF7,0x9D,0xF7,0x9D,0xF7,0x9D,0xF7,0x9D,0xF7,0x9D,0xF7,
    0x9D,0xF7,0x9D,0xF7,0x9D,0xF7,0x9D,0xF7,0x9D,0xF7,0x9D,0xF7,0x9D,0xF7,0x9D,0xF7,
    0x9D,0xF7,0x9D,0xF7,0x9D,0xF7,0x9D,0xF7,0x9D,0xF7,0x9D,0xF7,0x9D,0xF7,0x9D,0xF7,
    0x9D,0xF7,0x9D,0xF7,0x9D,0xF7,0x9D,0xF7,0x9D,0xF7,0x9D,0xF7,0x9D,0xF7,0x9D,0xF7,
    0x9D,0xF7,0x9D,0xF7,0x98,0xD6,0x37,0xCE,0x0B,0x63,0x00,0x00,0x00,0x00,0x0B,0x63,
    0x37,0xCE,0x98,0xD6,0x9D,0xF7,0x9D,0xF7,0x9D,0xF7,0x9D,0xF7,0x9D,0xF7,0x9D,0xF7,
    0x9D,0xF7,0x9D,0xF7,0x9D,0xF7,0x9D,0xF7,0x9D,0xF7,0x9D,0xF7,0x9D,0xF7,0x9D,0xF7,
    0x9D,0xF7,0x9D,0xF7,0x9D,0xF7,0x9D,0xF7,0x9D,0xF7,0x9D,0xF7,0x9D,0xF7,0x9D,0xF7,
    0x9D,0xF7,0x9D,0xF7,0x9D,0xF7,0x9D,0xF7,0x9D,0xF7,0x9D,0xF7,0x9D,0xF7,0x9D,0xF7,
    0x9D,0xF7,0x9D,0xF7,0x9D,0xF7,0x9D,0xF7,0xF7,0xBD,0x86,0x31,0xE4,0x18,0xE4,0x18,
    0xE4,0x18,0xE4,0x18,0xE4,0x18,0xE4,0x18,0xE4,0x18,0xE4,0x18,0xE4,0x18,0xCF,0x73,
    0x5C,0xEF,0x9D,0xF7,0x9D,0xF7,0x9D,0xF7,0x9D,0xF7,0x9D,0xF7,0x9D,0xF7,0x9D,0xF7,
    0x9D,0xF7,0x9D,0xF7,0x9D,0xF7,0x9D,0xF7,0x9D,0xF7,0x9D,0xF7,0x9D,0xF7,0x9D,0xF7,
    0x9D,0xF7,0x9D,0xF7,0x9D,0xF7,0x9D,0xF7,0x9D,0xF7,0x9D,0xF7,0x9D,0xF7,0x9D,0xF7,
    0x9D,0xF7,0xDA,0xDE,0xDA,0xDE,0xDA,0xDE,0xDA,0xDE,0xDA,0xDE,0xDA,0xDE,0x7D,0xF7,
    0x9D,0xF7,0x9D,0xF7,0x9D,0xF7,0x9D,0xF7,0xB9,0xDE,0x37,0xCE,0xAE,0x7B,0x00,0x00,
    0x00,0x00,0x0B,0x63,0x37,0xCE,0x98,0xD6,0x9D,0xF7,0x9D,0xF7,0x9D,0xF7,0x9D,0xF7,
    0x9D,0xF7,0xE4,0x18,0xE4,0x18,0xE4,0x18,0xE4,0x18,0xE4,0x18,0xE4,0x18,0xFB,0xDE,
    0x9D,0xF7,0x9D,0xF7,0x9D,0xF7,0x9D,0xF7,0x9D,0xF7,0x9D,0xF7,0x9D,0xF7,0x9D,0xF7,
    0x9D,0xF7,0x9D,0xF7,0x9D,0xF7,0x9D,0xF7,0x9D,0xF7,0x9D,0xF7,0x9D,0xF7,0x9D,0xF7,
    0x9D,0xF7,0x9D,0xF7,0x9D,0xF7,0x9D,0xF7,0x9D,0xF7,0x9D,0xF7,0x9D,0xF7,0xFB,0xE6,
    0x4D,0x63,0xE4,0x18,0xE4,0x18,0xE4,0x18,0xE4,0x18,0xE4,0x18,0xE4,0x18,0xE4,0x18,
    0xAE,0x73,0x9D,0xF7,0x9D,0xF7,0x9D,0xF7,0x9D,0xF7,0x9D,0xF7,0x9D,0xF7,0x9D,0xF7,
    0x9D,0xF7,0x9D,0xF7,0x9D,0xF7,0x9D,0xF7,0x9D,0xF7,0x9D,0xF7,0x9D,0xF7,0x9D,0xF7,
    0x9D,0xF7,0x9D,0xF7,0x9D,0xF7,0x9D,0xF7,0x9D,0xF7,0x9D,0xF7,0x9D,0xF7,0x9D,0xF7,
    0x9D,0xF7,0x9D,0xF7,0x9D,0xF7,0xE4,0x18,0xE4,0x18,0xE4,0x18,0xE4,0x18,0xE4,0x18,
    0xE4,0x18,0xFB,0xDE,0x9D,0xF7,0x9D,0xF7,0x9D,0xF7,0x9D,0xF7,0xB9,0xDE,0x37,0xCE,
    0xAE,0x7B,0x00,0x00,0x00,0x00,0x0B,0x63,0x37,0xCE,0x98,0xD6,0x9D,0xF7,0x9D,0xF7,
    0x9D,0xF7,0x9D,0xF7,0x9D,0xF7,0xE4,0x18,0xE4,0x18,0xE4,0x18,0xE4,0x18,0xE4,0x18,
    0xE4,0x18,0xFB,0xDE,0x9D,0xF7,0x9D,0xF7,0x9D,0xF7,0x9D,0xF7,0x9D,0xF7,0x9D,0xF7,
    0x9D,0xF7,0x9D,0xF7,0x9D,0xF7,0x9D,0xF7,0x9D,0xF7,0x9D,0xF7,0x9D,0xF7,0x9D,0xF7,
    0x9D,0xF7,0x9D,0xF7,0x9D,0xF7,0x9D,0xF7,0x9D,0xF7,0x9D,0xF7,0x9D,0xF7,0x9D,0xF7,
    0x9D,0xF7,0x9D,0xF7,0x9D,0xF7,0xEF,0x7B,0xE4,0x18,0xE4,0x18,0xE4,0x18,0xE4,0x18,
    0xE4,0x18,0xE4,0x18,0xE4,0x18,0x34,0xA5,0x9D,0xF7,0x9D,0xF7,0x9D,0xF7,0x9D,0xF7,
    0x9D,0xF7,0x9D,0xF7,0x9D,0xF7,0x9D,0xF7,0x9D,0xF7,0x9D,0xF7,0x9D,0xF7,0x9D,0xF7,
    0x9D,0xF7,0x9D,0xF7,0x9D,0xF7,0x9D,0xF7,0x9D,0xF7,0x9D,0xF7,0x9D,0xF7,0x9D,0xF7,
    0x9D,0xF7,0x9D,0xF7,0x9D,0xF7,0x9D,0xF7,0x9D,0xF7,0xE4,0x18,0xE4,0x18,0xE4,0x18,
    0xE4,0x18,0xE4,0x18,0xE4,0x18,0xFB,0xDE,0x9D,0xF7,0x9D,0xF7,0x9D,0xF7,0x9D,0xF7,
    0xB9,0xDE,0x37,0xCE,0xAE,0x7B,0x00,0x00,0x00,0x00,0x0B,0x63,0x37,0xCE,0x98,0xD6,
    0x9D,0xF7,0x9D,0xF7,0x9D,0xF7,0x9D,0xF7,0x9D,0xF7,0x38,0xC6,0x38,0xC6,0x38,0xC6,
    0x38,0xC6,0x38,0xC6,0x38,0xC6,0x7C,0xEF,0x9D,0xF7,0x9D,0xF7,0x9D,0xF7,0x9D,0xF7,
    0x9D,0xF7,0x9D,0xF7,0x9D,0xF7,0x9D,0xF7,0x9D,0xF7,0x9D,0xF7,0x9D,0xF7,0x9D,0xF7,
    0x9D,0xF7,0x9D,0xF7,0x9D,0xF7,0x9D,0xF7,0x9D,0xF7,0x9D,0xF7,0x9D,0xF7,0x9D,0xF7,
    0x9D,0xF7,0x9D,0xF7,0x9D,0xF7,0x7D,0xF7,0x10,0x84,0xE4,0x18,0xE4,0x18,0xE4,0x18,
    0xE4,0x18,0xE4,0x18,0xE4,0x18,0xE4,0x18,0x29,0x42,0x7D,0xF7,0x9D,0xF7,0x9D,0xF7,
    0x9D,0xF7,0x9D,0xF7,0x9D,0xF7,0x9D,0xF7,0x9D,0xF7,0x9D,0xF7,0x9D,0xF7,0x9D,0xF7,
    0x9D,0xF7,0x9D,0xF7,0x9D,0xF7,0x9D,0xF7,0x9D,0xF7,0x9D,0xF7,0x9D,0xF7,0x9D,0xF7,
    0x9D,0xF7,0x9D,0xF7,0x9D,0xF7,0x9D,0xF7,0x9D,0xF7,0x9D,0xF7,0x9D,0xF7,0xDA,0xDE,
    0xDA,0xDE,0xDA,0xDE,0xDA,0xDE,0xDA,0xDE,0xDA,0xDE,0x7D,0xF7,0x9D,0xF7,0x9D,0xF7,
    0x9D,0xF7,0x9D,0xF7,0xB9,0xDE,0x37,0xCE,0xAE,0x7B,0x00,0x00,0x00,0x00,0x89,0x52,
    0x37,0xCE,0x78,0xD6,0x9D,0xF7,0x9D,0xF7,0x9D,0xF7,0x9D,0xF7,0x9D,0xF7,0x9D,0xF7,
    0x9D,0xF7,0x9D,0xF7,0x9D,0xF7,0x9D,0xF7,0x9D,0xF7,0x9D,0xF7,0x9D,0xF7,0x9D,0xF7,
    0x9D,0xF7,0x9D,0xF7,0x9D,0xF7,0x9D,0xF7,0x9D,0xF7,0x9D,0xF7,0x9D,0xF7,0x9D,0xF7,
    0x9D,0xF7,0x9D,0xF7,0x9D,0xF7,0x9D,0xF7,0x9D,0xF7,0x9D,0xF7,0x9D,0xF7,0x9D,0xF7,
    0x9D,0xF7,0x9D,0xF7,0x9D,0xF7,0x9D,0xF7,0x9D,0xF7,0xD3,0x9C,0xE4,0x18,0xE4,0x18,
    0xE4,0x18,0x66,0x29,0x04,0x19,0xE4,0x18,0xE4,0x18,0x04,0x21,0x58,0xCE,0x9D,0xF7,
    0x9D,0xF7,0x9D,0xF7,0x9D,0xF7,0x9D,0xF7,0x9D,0xF7,0x9D,0xF7,0x9D,0xF7,0x9D,0xF7,
    0x9D,0xF7,0x9D,0xF7,0x9D,0xF7,0x9D,0xF7,0x9D,0xF7,0x9D,0xF7,0x9D,0xF7,0x9D,0xF7,
    0x9D,0xF7,0x9D,0xF7,0x9D,0xF7,0x9D,0xF7,0x9D,0xF7,0x9D,0xF7,0x9D,0xF7,0x9D,0xF7,
    0x9D,0xF7,0x9D,0xF7,0x9D,0xF7,0x9D,0xF7,0x9D,0xF7,0x9D,0xF7,0x9D,0xF7,0x9D,0xF7,
    0x9D,0xF7,0x9D,0xF7,0x9D,0xF7,0x9D,0xF7,0x98,0xD6,0x37,0xCE,0x2B,0x63,0x00,0x00,
    0x00,0x00,0x28,0x42,0x37,0xCE,0x58,0xCE,0x9D,0xF7,0x9D,0xF7,0x9D,0xF7,0x9D,0xF7,
    0x9D,0xF7,0x9D,0xF7,0x9D,0xF7,0x9D,0xF7,0x9D,0xF7,0x9D,0xF7,0x9D,0xF7,0x9D,0xF7,
    0x9D,0xF7,0x9D,0xF7,0x9D,0xF7,0x9D,0xF7,0x9D,0xF7,0x9D,0xF7,0x9D,0xF7,0x9D,0xF7,
    0x9D,0xF7,0x9D,0xF7,0x9D,0xF7,0x9D,0xF7,0x9D,0xF7,0x9D,0xF7,0x9D,0xF7,0x9D,0xF7,
    0x9D,0xF7,0x9D,0xF7,0x9D,0xF7,0x9D,0xF7,0x9D,0xF7,0x9D,0xF7,0x9D,0xF7,0x7C,0xEF,
    0x8A,0x52,0xE4,0x18,0x4D,0x6B,0x3B,0xE7,0x0F,0xD4,0xA9,0xBA,0xAB,0x52,0x71,0x8C,
    0x9D,0xF7,0x9D,0xF7,0x9D,0xF7,0x9D,0xF7,0x9D,0xF7,0x9D,0xF7,0x9D,0xF7,0x9D,0xF7,
    0x9D,0xF7,0x9D,0xF7,0x9D,0xF7,0x9D,0xF7,0x9D,0xF7,0x9D,0xF7,0x9D,0xF7,0x9D,0xF7,
    0x9D,0xF7,0x9D,0xF7,0x9D,0xF7,0x9D,0xF7,0x9D,0xF7,0x9D,0xF7,0x9D,0xF7,0x9D,0xF7,
    0x9D,0xF7,0x9D,0xF7,0x9D,0xF7,0x9D,0xF7,0x9D,0xF7,0x9D,0xF7,0x9D,0xF7,0x9D,0xF7,
    0x9D,0xF7,0x9D,0xF7,0x9D,0xF7,0x9D,0xF7,0x9D,0xF7,0x9D,0xF7,0x78,0xD6,0x37,0xCE,
    0xCA,0x5A,0x00,0x00,0x00,0x00,0x86,0x31,0x37,0xCE,0x37,0xCE,0x9D,0xF7,0x9D,0xF7,
    0x9D,0xF7,0x9D,0xF7,0x9D,0xF7,0x9D,0xF7,0x9D,0xF7,0x9D,0xF7,0x9D,0xF7,0x9D,0xF7,
    0x9D,0xF7,0x9D,0xF7,0x9D,0xF7,0x9D,0xF7,0x9D,0xF7,0x9D,0xF7,0x9D,0xF7,0x9D,0xF7,
    0x9D,0xF7,0x9D,0xF7,0x9D,0xF7,0x9D,0xF7,0x9D,0xF7,0x9D,0xF7,0x9D,0xF7,0x9D,0xF7,
    0x9D,0xF7,0x9D,0xF7,0x9D,0xF7,0x9D,0xF7,0x9D,0xF7,0x9D,0xF7,0x9D,0xF7,0x9D,0xF7,
    0x9D,0xF7,0x9D,0xF7,0xFB,0xDE,0x13,0xA5,0x9D,0xF7,0x9D,0xF7,0x0F,0xD4,0x2B,0xD3,
    0x9D,0xF7,0x7D,0xF7,0x9D,0xF7,0x9D,0xF7,0x9D,0xF7,0x9D,0xF7,0x9D,0xF7,0x9D,0xF7,
    0x9D,0xF7,0x9D,0xF7,0x9D,0xF7,0x9D,0xF7,0x9D,0xF7,0x9D,0xF7,0x9D,0xF7,0x9D,0xF7,
    0x9D,0xF7,0x9D,0xF7,0x9D,0xF7,0x9D,0xF7,0x9D,0xF7,0x9D,0xF7,0x9D,0xF7,0x9D,0xF7,
    0x9D,0xF7,0x9D,0xF7,0x9D,0xF7,0x9D,0xF7,0x9D,0xF7,0x9D,0xF7,0x9D,0xF7,0x9D,0xF7,
    0x9D,0xF7,0x9D,0xF7,0x9D,0xF7,0x9D,0xF7,0x9D,0xF7,0x9D,0xF7,0x9D,0xF7,0x9D,0xF7,
    0x58,0xCE,0x37,0xCE,0x28,0x4A,0x00,0x00,0x00,0x00,0xC3,0x18,0x37,0xCE,0x37,0xCE,
    0x7C,0xEF,0x9D,0xF7,0x9D,0xF7,0x9D,0xF7,0x9D,0xF7,0x9D,0xF7,0x9D,0xF7,0x9D,0xF7,
    0x9D,0xF7,0x9D,0xF7,0x9D,0xF7,0x9D,0xF7,0x9D,0xF7,0x9D,0xF7,0x9D,0xF7,0x9D,0xF7,
    0x9D,0xF7,0x9D,0xF7,0x9D,0xF7,0x9D,0xF7,0x9D,0xF7,0x9D,0xF7,0x9D,0xF7,0x9D,0xF7,
    0x9D,0xF7,0x9D,0xF7,0x9D,0xF7,0x9D,0xF7,0x9D,0xF7,0x9D,0xF7,0x9D,0xF7,0x9D,0xF7,
    0x9D,0xF7,0x9D,0xF7,0x9D,0xF7,0x9D,0xF7,0x9D,0xF7,0x9D,0xF7,0x9D,0xF7,0x9D,0xF7,
    0x0F,0xD4,0x2B,0xD3,0x9D,0xF7,0x9D,0xF7,0x9D,0xF7,0x9D,0xF7,0x9D,0xF7,0x9D,0xF7,
    0x9D,0xF7,0x9D,0xF7,0x9D,0xF7,0x9D,0xF7,0x9D,0xF7,0x9D,0xF7,0x9D,0xF7,0x9D,0xF7,
    0x9D,0xF7,0x9D,0xF7,0x9D,0xF7,0x9D,0xF7,0x9D,0xF7,0x9D,0xF7,0x9D,0xF7,0x9D,0xF7,
    0x9D,0xF7,0x9D,0xF7,0x9D,0xF7,0x9D,0xF7,0x9D,0xF7,0x9D,0xF7,0x9D,0xF7,0x9D,0xF7,
    0x9D,0xF7,0x9D,0xF7,0x9D,0xF7,0x9D,0xF7,0x9D,0xF7,0x9D,0xF7,0x9D,0xF7,0x9D,0xF7,
    0x9D,0xF7,0x9D,0xF7,0x37,0xCE,0x37,0xCE,0x65,0x29,0x00,0x00,0x00,0x00,0x00,0x00,
    0x16,0xC6,0x37,0xCE,0x3B,0xEF,0x9D,0xF7,0x9D,0xF7,0x9D,0xF7,0x9D,0xF7,0x9D,0xF7,
    0x9D,0xF7,0x9D,0xF7,0x9D,0xF7,0x9D,0xF7,0x9D,0xF7,0x9D,0xF7,0x9D,0xF7,0x9D,0xF7,
    0x9D,0xF7,0x9D,0xF7,0x9D,0xF7,0x9D,0xF7,0x9D,0xF7,0x9D,0xF7,0x9D,0xF7,0x9D,0xF7,
    0x9D,0xF7,0x9D,0xF7,0x9D,0xF7,0x9D,0xF7,0x9D,0xF7,0x9D,0xF7,0x9D,0xF7,0x9D,0xF7,
    0x9D,0xF7,0x9D,0xF7,0x9D,0xF7,0x9D,0xF7,0x9D,0xF7,0x9D,0xF7,0x9D,0xF7,0x9D,0xF7,
    0x9D,0xF7,0x9D,0xF7,0x0F,0xD4,0x2B,0xD3,0x9D,0xF7,0x9D,0xF7,0x9D,0xF7,0x9D,0xF7,
    0x9D,0xF7,0x9D,0xF7,0x9D,0xF7,0x9D,0xF7,0x9D,0xF7,0x9D,0xF7,0x9D,0xF7,0x9D,0xF7,
    0x9D,0xF7,0x9D,0xF7,0x9D,0xF7,0x9D,0xF7,0x9D,0xF7,0x9D,0xF7,0x9D,0xF7,0x9D,0xF7,
    0x9D,0xF7,0x9D,0xF7,0x9D,0xF7,0x9D,0xF7,0x9D,0xF7,0x9D,0xF7,0x9D,0xF7,0x9D,0xF7,
    0x9D,0xF7,0x9D,0xF7,0x9D,0xF7,0x9D,0xF7,0x9D,0xF7,0x9D,0xF7,0x9D,0xF7,0x9D,0xF7,
    0x9D,0xF7,0x9D,0xF7,0x9D,0xF7,0x5C,0xEF,0x37,0xCE,0x37,0xCE,0x81,0x10,0x00,0x00,
    0x00,0x00,0x00,0x00,0x33,0xAD,0x37,0xCE,0xFA,0xE6,0x9D,0xF7,0x9D,0xF7,0x9D,0xF7,
    0x9D,0xF7,0x9D,0xF7,0x9D,0xF7,0x9D,0xF7,0x9D,0xF7,0x9D,0xF7,0x9D,0xF7,0x9D,0xF7,
    0x9D,0xF7,0x9D,0xF7,0x9D,0xF7,0x9D,0xF7,0x9D,0xF7,0x9D,0xF7,0x9D,0xF7,0x9D,0xF7,
    0x9D,0xF7,0x9D,0xF7,0x9D,0xF7,0x9D,0xF7,0x9D,0xF7,0x9D,0xF7,0x9D,0xF7,0x9D,0xF7,
    0x9D,0xF7,0x9D,0xF7,0x9D,0xF7,0x9D,0xF7,0x9D,0xF7,0x9D,0xF7,0x9D,0xF7,0x9D,0xF7,
    0x9D,0xF7,0x9D,0xF7,0x9D,0xF7,0x9D,0xF7,0x0F,0xD4,0x2B,0xD3,0x9D,0xF7,0x9D,0xF7,
    0x9D,0xF7,0x9D,0xF7,0x9D,0xF7,0x9D,0xF7,0x9D,0xF7,0x9D,0xF7,0x9D,0xF7,0x9D,0xF7,
    0x9D,0xF7,0x9D,0xF7,0x9D,0xF7,0x9D,0xF7,0x9D,0xF7,0x9D,0xF7,0x9D,0xF7,0x9D,0xF7,
    0x9D,0xF7,0x9D,0xF7,0x9D,0xF7,0x9D,0xF7,0x9D,0xF7,0x9D,0xF7,0x9D,0xF7,0x9D,0xF7,
    0x9D,0xF7,0x9D,0xF7,0x9D,0xF7,0x9D,0xF7,0x9D,0xF7,0x9D,0xF7,0x9D,0xF7,0x9D,0xF7,
    0x9D,0xF7,0x9D,0xF7,0x9D,0xF7,0x9D,0xF7,0x9D,0xF7,0x1B,0xE7,0x37,0xCE,0xB5,0xBD,
    0x00,0x00,0x00,0x00,0x00,0x00,0x00,0x00,0x0F,0x84,0x37,0xCE,0xB9,0xDE,0x9D,0xF7,
    0x9D,0xF7,0x9D,0xF7,0x9D,0xF7,0x9D,0xF7,0x9D,0xF7,0x9D,0xF7,0x9D,0xF7,0x9D,0xF7,
    0x9D,0xF7,0x9D,0xF7,0x9D,0xF7,0x9D,0xF7,0x9D,0xF7,0x9D,0xF7,0x9D,0xF7,0x9D,0xF7,
    0x9D,0xF7,0x9D,0xF7,0x9D,0xF7,0x9D,0xF7,0x9D,0xF7,0x9D,0xF7,0x9D,0xF7,0x9D,0xF7,
    0x9D,0xF7,0x9D,0xF7,0x9D,0xF7,0x9D,0xF7,0x9D,0xF7,0x9D,0xF7,0x9D,0xF7,0x9D,0xF7,
    0x9D,0xF7,0x9D,0xF7,0x9D,0xF7,0x9D,0xF7,0x9D,0xF7,0x9D,0xF7,0x0F,0xD4,0x2B,0xD3,
    0x9D,0xF7,0x9D,0xF7,0x9D,0xF7,0x9D,0xF7,0x9D,0xF7,0x9D,0xF7,0x9D,0xF7,0x9D,0xF7,
    0x9D,0xF7,0x9D,0xF7,0x9D,0xF7,0x9D,0xF7,0x9D,0xF7,0x9D,0xF7,0x9D,0xF7,0x9D,0xF7,
    0x9D,0xF7,0x9D,0xF7,0x9D,0xF7,0x9D,0xF7,0x9D,0xF7,0x9D,0xF7,0x9D,0xF7,0x9D,0xF7,
    0x9D,0xF7,0x9D,0xF7,0x9D,0xF7,0x9D,0xF7,0x9D,0xF7,0x9D,0xF7,0x9D,0xF7,0x9D,0xF7,
    0x9D,0xF7,0x9D,0xF7,0x9D,0xF7,0x9D,0xF7,0x9D,0xF7,0x9D,0xF7,0x9D,0xF7,0xDA,0xDE,
    0x37,0xCE,0x91,0x94,0x00,0x00,0x00,0x00,0x00,0x00,0x00,0x00,0xCA,0x5A,0x37,0xCE,
    0x58,0xCE,0x9D,0xF7,0x9D,0xF7,0x9D,0xF7,0x9D,0xF7,0x9D,0xF7,0x9D,0xF7,0x9D,0xF7,
    0x9D,0xF7,0x9D,0xF7,0x9D,0xF7,0x9D,0xF7,0x9D,0xF7,0x9D,0xF7,0x9D,0xF7,0x9D,0xF7,
    0x9D,0xF7,0x9D,0xF7,0x9D,0xF7,0x9D,0xF7,0x9D,0xF7,0x9D,0xF7,0x9D,0xF7,0x9D,0xF7,
    0x9D,0xF7,0x9D,0xF7,0x9D,0xF7,0x9D,0xF7,0x9D,0xF7,0x9D,0xF7,0x9D,0xF7,0x9D,0xF7,
    0x9D,0xF7,0x9D,0xF7,0x9D,0xF7,0x9D,0xF7,0x9D,0xF7,0x9D,0xF7,0x9D,0xF7,0x9D,0xF7,
    0x0F,0xD4,0x2B,0xD3,0x9D,0xF7,0x9D,0xF7,0x9D,0xF7,0x9D,0xF7,0x9D,0xF7,0x9D,0xF7,
    0x9D,0xF7,0x9D,0xF7,0x9D,0xF7,0x9D,0xF7,0x9D,0xF7,0x9D,0xF7,0x9D,0xF7,0x9D,0xF7,
    0x9D,0xF7,0x9D,0xF7,0x9D,0xF7,0x9D,0xF7,0x9D,0xF7,0x9D,0xF7,0x9D,0xF7,0x9D,0xF7,
    0x9D,0xF7,0x9D,0xF7,0x9D,0xF7,0x9D,0xF7,0x9D,0xF7,0x9D,0xF7,0x9D,0xF7,0x9D,0xF7,
    0x9D,0xF7,0x9D,0xF7,0x9D,0xF7,0x9D,0xF7,0x9D,0xF7,0x9D,0xF7,0x9D,0xF7,0x9D,0xF7,
    0x9D,0xF7,0x78,0xD6,0x37,0xCE,0x4C,0x6B,0x00,0x00,0x00,0x00,0x00,0x00,0x00,0x00,
    0x45,0x29,0x37,0xCE,0x37,0xCE,0x5C,0xEF,0x9D,0xF7,0x9D,0xF7,0x9D,0xF7,0x9D,0xF7,
    0x9D,0xF7,0x9D,0xF7,0x9D,0xF7,0x9D,0xF7,0x9D,0xF7,0x9D,0xF7,0x9D,0xF7,0x9D,0xF7,
    0x9D,0xF7,0x9D,0xF7,0x9D,0xF7,0x9D,0xF7,0x9D,0xF7,0x9D,0xF7,0x9D,0xF7,0x9D,0xF7,
    0x9D,0xF7,0x9D,0xF7,0x9D,0xF7,0x9D,0xF7,0x9D,0xF7,0x9D,0xF7,0x9D,0xF7,0x9D,0xF7,
    0x9D,0xF7,0x9D,0xF7,0x9D,0xF7,0x9D,0xF7,0x9D,0xF7,0x9D,0xF7,0x9D,0xF7,0x9D,0xF7,
    0x9D,0xF7,0x9D,0xF7,0x0F,0xD4,0x2B,0xD3,0x9D,0xF7,0x9D,0xF7,0x9D,0xF7,0x9D,0xF7,
    0x9D,0xF7,0x9D,0xF7,0x9D,0xF7,0x9D,0xF7,0x9D,0xF7,0x9D,0xF7,0x9D,0xF7,0x9D,0xF7,
    0x9D,0xF7,0x9D,0xF7,0x9D,0xF7,0x9D,0xF7,0x9D,0xF7,0x9D,0xF7,0x9D,0xF7,0x9D,0xF7,
    0x9D,0xF7,0x9D,0xF7,0x9D,0xF7,0x9D,0xF7,0x9D,0xF7,0x9D,0xF7,0x9D,0xF7,0x9D,0xF7,
    0x9D,0xF7,0x9D,0xF7,0x9D,0xF7,0x9D,0xF7,0x9D,0xF7,0x9D,0xF7,0x9D,0xF7,0x9D,0xF7,
    0x9D,0xF7,0x9D,0xF7,0x7D,0xF7,0x37,0xCE,0x37,0xCE,0xE7,0x39,0x00,0x00,0x00,0x00,
    0x00,0x00,0x00,0x00,0x00,0x00,0xD6,0xBD,0x37,0xCE,0xFA,0xE6,0x9D,0xF7,0x9D,0xF7,
    0x9D,0xF7,0x9D,0xF7,0x9D,0xF7,0x9D,0xF7,0x9D,0xF7,0x9D,0xF7,0x9D,0xF7,0x9D,0xF7,
    0x9D,0xF7,0x9D,0xF7,0x9D,0xF7,0x9D,0xF7,0x9D,0xF7,0x9D,0xF7,0x9D,0xF7,0x9D,0xF7,
    0x9D,0xF7,0x9D,0xF7,0x9D,0xF7,0x9D,0xF7,0x9D,0xF7,0x9D,0xF7,0x9D,0xF7,0x9D,0xF7,
    0x9D,0xF7,0x9D,0xF7,0x9D,0xF7,0x9D,0xF7,0x9D,0xF7,0x9D,0xF7,0x9D,0xF7,0x9D,0xF7,
    0x9D,0xF7,0x9D,0xF7,0x9D,0xF7,0x9D,0xF7,0x0F,0xD4,0x2B,0xD3,0x9D,0xF7,0x9D,0xF7,
    0x9D,0xF7,0x9D,0xF7,0x9D,0xF7,0x9D,0xF7,0x9D,0xF7,0x9D,0xF7,0x9D,0xF7,0x9D,0xF7,
    0x9D,0xF7,0x9D,0xF7,0x9D,0xF7,0x9D,0xF7,0x9D,0xF7,0x9D,0xF7,0x9D,0xF7,0x9D,0xF7,
    0x9D,0xF7,0x9D,0xF7,0x9D,0xF7,0x9D,0xF7,0x9D,0xF7,0x9D,0xF7,0x9D,0xF7,0x9D,0xF7,
    0x9D,0xF7,0x9D,0xF7,0x9D,0xF7,0x9D,0xF7,0x9D,0xF7,0x9D,0xF7,0x9D,0xF7,0x9D,0xF7,
    0x9D,0xF7,0x9D,0xF7,0x9D,0xF7,0x9D,0xF7,0x1B,0xE7,0x37,0xCE,0x17,0xC6,0x61,0x08,
    0x00,0x00,0x00,0x00,0x00,0x00,0x00,0x00,0x00,0x00,0x2F,0x8C,0x37,0xCE,0x99,0xD6,
    0x9D,0xF7,0x9D,0xF7,0x9D,0xF7,0x9D,0xF7,0x9D,0xF7,0x9D,0xF7,0x9D,0xF7,0x9D,0xF7,
    0x9D,0xF7,0x9D,0xF7,0x9D,0xF7,0x9D,0xF7,0x9D,0xF7,0x9D,0xF7,0x9D,0xF7,0x9D,0xF7,
    0x9D,0xF7,0x9D,0xF7,0x9D,0xF7,0x9D,0xF7,0x9D,0xF7,0x9D,0xF7,0x9D,0xF7,0x9D,0xF7,
    0x9D,0xF7,0x9D,0xF7,0x9D,0xF7,0x9D,0xF7,0x9D,0xF7,0x9D,0xF7,0x9D,0xF7,0x9D,0xF7,
    0x9D,0xF7,0x9D,0xF7,0x9D,0xF7,0x9D,0xF7,0x9D,0xF7,0x9D,0xF7,0x0F,0xD4,0x2B,0xD3,
    0x9D,0xF7,0x9D,0xF7,0x9D,0xF7,0x9D,0xF7,0x9D,0xF7,0x9D,0xF7,0x9D,0xF7,0x9D,0xF7,
    0x9D,0xF7,0x9D,0xF7,0x9D,0xF7,0x9D,0xF7,0x9D,0xF7,0x9D,0xF7,0x9D,0xF7,0x9D,0xF7,
    0x9D,0xF7,0x9D,0xF7,0x9D,0xF7,0x9D,0xF7,0x9D,0xF7,0x9D,0xF7,0x9D,0xF7,0x9D,0xF7,
    0x9D,0xF7,0x9D,0xF7,0x9D,0xF7,0x9D,0xF7,0x9D,0xF7,0x9D,0xF7,0x9D,0xF7,0x9D,0xF7,
    0x9D,0xF7,0x9D,0xF7,0x9D,0xF7,0x9D,0xF7,0x9D,0xF7,0x9D,0xF7,0xB9,0xDE,0x37,0xCE,
    0xD2,0x9C,0x00,0x00,0x00,0x00,0x00,0x00,0x00,0x00,0x00,0x00,0x00,0x00,0x48,0x4A,
    0x37,0xCE,0x37,0xCE,0x7D,0xF7,0x9D,0xF7,0x9D,0xF7,0x9D,0xF7,0x9D,0xF7,0x9D,0xF7,
    0x9D,0xF7,0x9D,0xF7,0x9D,0xF7,0x9D,0xF7,0x9D,0xF7,0x9D,0xF7,0x9D,0xF7,0x9D,0xF7,
    0x9D,0xF7,0x9D,0xF7,0x9D,0xF7,0x9D,0xF7,0x9D,0xF7,0x9D,0xF7,0x9D,0xF7,0x9D,0xF7,
    0x9D,0xF7,0x9D,0xF7,0x9D,0xF7,0x9D,0xF7,0x9D,0xF7,0x9D,0xF7,0x9D,0xF7,0x9D,0xF7,
    0x9D,0xF7,0x9D,0xF7,0x9D,0xF7,0x9D,0xF7,0x9D,0xF7,0x9D,0xF7,0x9D,0xF7,0x9D,0xF7,
    0x0F,0xD4,0x2B,0xD3,0x9D,0xF7,0x9D,0xF7,0x9D,0xF7,0x9D,0xF7,0x9D,0xF7,0x9D,0xF7,
    0x9D,0xF7,0x9D,0xF7,0x9D,0xF7,0x9D,0xF7,0x9D,0xF7,0x9D,0xF7,0x9D,0xF7,0x9D,0xF7,
    0x9D,0xF7,0x9D,0xF7,0x9D,0xF7,0x9D,0xF7,0x9D,0xF7,0x9D,0xF7,0x9D,0xF7,0x9D,0xF7,
    0x9D,0xF7,0x9D,0xF7,0x9D,0xF7,0x9D,0xF7,0x9D,0xF7,0x9D,0xF7,0x9D,0xF7,0x9D,0xF7,
    0x9D,0xF7,0x9D,0xF7,0x9D,0xF7,0x9D,0xF7,0x9D,0xF7,0x9D,0xF7,0x9D,0xF7,0x9D,0xF7,
    0x57,0xCE,0x37,0xCE,0xEB,0x5A,0x00,0x00,0x00,0x00,0x00,0x00,0x00,0x00,0x00,0x00,
    0x00,0x00,0x61,0x08,0x16,0xC6,0x37,0xCE,0x1B,0xE7,0x9D,0xF7,0x9D,0xF7,0x9D,0xF7,
    0x9D,0xF7,0x9D,0xF7,0x9D,0xF7,0x9D,0xF7,0x9D,0xF7,0x9D,0xF7,0x9D,0xF7,0x7C,0xEF,
    0x99,0xD6,0x9D,0xF7,0x9D,0xF7,0x9D,0xF7,0x9D,0xF7,0x9D,0xF7,0x9D,0xF7,0x9D,0xF7,
    0x9D,0xF7,0x9D,0xF7,0x9D,0xF7,0x9D,0xF7,0x9D,0xF7,0x9D,0xF7,0x9D,0xF7,0x9D,0xF7,
    0x9D,0xF7,0x9D,0xF7,0x9D,0xF7,0x9D,0xF7,0x9D,0xF7,0x9D,0xF7,0x9D,0xF7,0x9D,0xF7,
    0x9D,0xF7,0x9D,0xF7,0x0F,0xD4,0x2B,0xD3,0x9D,0xF7,0x9D,0xF7,0x9D,0xF7,0x9D,0xF7,
    0x9D,0xF7,0x9D,0xF7,0x9D,0xF7,0x9D,0xF7,0x9D,0xF7,0x9D,0xF7,0x9D,0xF7,0x9D,0xF7,
    0x9D,0xF7,0x9D,0xF7,0x9D,0xF7,0x9D,0xF7,0x9D,0xF7,0x9D,0xF7,0x9D,0xF7,0x9D,0xF7,
    0x9D,0xF7,0x9D,0xF7,0x9D,0xF7,0x9D,0xF7,0x9D,0xF7,0x38,0xCE,0x5C,0xEF,0x9D,0xF7,
    0x9D,0xF7,0x9D,0xF7,0x9D,0xF7,0x9D,0xF7,0x9D,0xF7,0x9D,0xF7,0x9D,0xF7,0x9D,0xF7,
    0x9D,0xF7,0x3B,0xEF,0x37,0xCE,0x37,0xCE,0xE3,0x18,0x00,0x00,0x00,0x00,0x00,0x00,
    0x00,0x00,0x00,0x00,0x00,0x00,0x00,0x00,0x2F,0x84,0x37,0xCE,0x98,0xD6,0x9D,0xF7,
    0x9D,0xF7,0x9D,0xF7,0x9D,0xF7,0x9D,0xF7,0x9D,0xF7,0x9D,0xF7,0x9D,0xF7,0x7D,0xF7,
    0x78,0xCE,0xB1,0x9C,0x50,0x8C,0xFB,0xE6,0x9D,0xF7,0x9D,0xF7,0x9D,0xF7,0x9D,0xF7,
    0x9D,0xF7,0x9D,0xF7,0x9D,0xF7,0x9D,0xF7,0x9D,0xF7,0x9D,0xF7,0x9D,0xF7,0x9D,0xF7,
    0x9D,0xF7,0x9D,0xF7,0x9D,0xF7,0x9D,0xF7,0x9D,0xF7,0x9D,0xF7,0x9D,0xF7,0x9D,0xF7,
    0x9D,0xF7,0x9D,0xF7,0x9D,0xF7,0x9D,0xF7,0x0F,0xD4,0x2B,0xD3,0x9D,0xF7,0x9D,0xF7,
    0x9D,0xF7,0x9D,0xF7,0x9D,0xF7,0x9D,0xF7,0x9D,0xF7,0x9D,0xF7,0x9D,0xF7,0x9D,0xF7,
    0x9D,0xF7,0x9D,0xF7,0x9D,0xF7,0x9D,0xF7,0x9D,0xF7,0x9D,0xF7,0x9D,0xF7,0x9D,0xF7,
    0x9D,0xF7,0x9D,0xF7,0x9D,0xF7,0x9D,0xF7,0x9D,0xF7,0x9D,0xF7,0xFB,0xE6,0x50,0x8C,
    0x71,0x94,0x17,0xC6,0x7C,0xEF,0x9D,0xF7,0x9D,0xF7,0x9D,0xF7,0x9D,0xF7,0x9D,0xF7,
    0x9D,0xF7,0x9D,0xF7,0x9D,0xF7,0xB9,0xDE,0x37,0xCE,0xD2,0x9C,0x00,0x00,0x00,0x00,
    0x00,0x00,0x00,0x00,0x00,0x00,0x00,0x00,0x00,0x00,0x00,0x00,0x85,0x31,0x37,0xCE,
    0x37,0xCE,0x5C,0xEF,0x9D,0xF7,0x9D,0xF7,0x9D,0xF7,0x9D,0xF7,0x9D,0xF7,0x9D,0xF7,
    0x1B,0xE7,0x13,0xA5,0x30,0x8C,0xD2,0x9C,0xDA,0xDE,0x9D,0xF7,0x9D,0xF7,0x9D,0xF7,
    0x9D,0xF7,0x9D,0xF7,0x9D,0xF7,0x9D,0xF7,0x9D,0xF7,0x9D,0xF7,0x9D,0xF7,0x9D,0xF7,
    0x9D,0xF7,0x9D,0xF7,0x9D,0xF7,0x9D,0xF7,0x9D,0xF7,0x9D,0xF7,0x9D,0xF7,0x9D,0xF7,
    0x9D,0xF7,0x9D,0xF7,0x9D,0xF7,0x9D,0xF7,0x9D,0xF7,0x9D,0xF7,0x0F,0xD4,0x2B,0xD3,
    0x9D,0xF7,0x9D,0xF7,0x9D,0xF7,0x9D,0xF7,0x9D,0xF7,0x9D,0xF7,0x9D,0xF7,0x9D,0xF7,
    0x9D,0xF7,0x9D,0xF7,0x9D,0xF7,0x9D,0xF7,0x9D,0xF7,0x9D,0xF7,0x9D,0xF7,0x9D,0xF7,
    0x9D,0xF7,0x9D,0xF7,0x9D,0xF7,0x9D,0xF7,0x9D,0xF7,0x9D,0xF7,0x9D,0xF7,0x9D,0xF7,
    0x9D,0xF7,0x1B,0xE7,0x13,0xA5,0x30,0x8C,0xB2,0x9C,0xBA,0xDE,0x9D,0xF7,0x9D,0xF7,
    0x9D,0xF7,0x9D,0xF7,0x9D,0xF7,0x9D,0xF7,0x7C,0xEF,0x37,0xCE,0x37,0xCE,0x28,0x42,
    0x00,0x00,0x00,0x00,0x00,0x00,0x00,0x00,0x00,0x00,0x00,0x00,0x00,0x00,0x00,0x00,
    0x00,0x00,0x13,0xA5,0x37,0xCE,0xB9,0xDE,0x9D,0xF7,0x9D,0xF7,0x9D,0xF7,0x9D,0xF7,
    0x5C,0xEF,0xB5,0xB5,0x50,0x8C,0x91,0x94,0x38,0xCE,0x7D,0xF7,0x9D,0xF7,0x9D,0xF7,
    0x9D,0xF7,0x9D,0xF7,0x9D,0xF7,0x9D,0xF7,0x9D,0xF7,0x9D,0xF7,0x9D,0xF7,0x9D,0xF7,
    0x9D,0xF7,0x9D,0xF7,0x9D,0xF7,0x9D,0xF7,0x9D,0xF7,0x9D,0xF7,0x9D,0xF7,0x9D,0xF7,
    0x9D,0xF7,0x9D,0xF7,0x9D,0xF7,0x9D,0xF7,0x9D,0xF7,0x9D,0xF7,0x9D,0xF7,0x9D,0xF7,
    0x0F,0xD4,0x2B,0xD3,0x9D,0xF7,0x9D,0xF7,0x9D,0xF7,0x9D,0xF7,0x9D,0xF7,0x9D,0xF7,
    0x9D,0xF7,0x9D,0xF7,0x9D,0xF7,0x9D,0xF7,0x9D,0xF7,0x9D,0xF7,0x9D,0xF7,0x9D,0xF7,
    0x9D,0xF7,0x9D,0xF7,0x9D,0xF7,0x9D,0xF7,0x9D,0xF7,0x9D,0xF7,0x9D,0xF7,0x9D,0xF7,
    0x9D,0xF7,0x9D,0xF7,0x9D,0xF7,0x9D,0xF7,0x9D,0xF7,0x79,0xD6,0xB2,0x9C,0x50,0x8C,
    0x54,0xAD,0x1B,0xE7,0x9D,0xF7,0x9D,0xF7,0x9D,0xF7,0x9D,0xF7,0xDA,0xDE,0x37,0xCE,
    0x94,0xB5,0x20,0x00,0x00,0x00,0x00,0x00,0x00,0x00,0x00,0x00,0x00,0x00,0x00,0x00,
    0x00,0x00,0x00,0x00,0x00,0x00,0x48,0x4A,0x37,0xCE,0x37,0xCE,0x5C,0xEF,0x9D,0xF7,
    0x9D,0xF7,0xB9,0xD6,0x70,0x94,0x50,0x8C,0xD6,0xBD,0x5C,0xEF,0x9D,0xF7,0x9D,0xF7,
    0x9D,0xF7,0x9D,0xF7,0x9D,0xF7,0x9D,0xF7,0x9D,0xF7,0x9D,0xF7,0x9D,0xF7,0x9D,0xF7,
    0x9D,0xF7,0x9D,0xF7,0x9D,0xF7,0x9D,0xF7,0x9D,0xF7,0x9D,0xF7,0x9D,0xF7,0x9D,0xF7,
    0x9D,0xF7,0x9D,0xF7,0x9D,0xF7,0x9D,0xF7,0x9D,0xF7,0x9D,0xF7,0x9D,0xF7,0x9D,0xF7,
    0x9D,0xF7,0x9D,0xF7,0x0F,0xD4,0x2B,0xD3,0x9D,0xF7,0x9D,0xF7,0x9D,0xF7,0x9D,0xF7,
    0x9D,0xF7,0x9D,0xF7,0x9D,0xF7,0x9D,0xF7,0x9D,0xF7,0x9D,0xF7,0x9D,0xF7,0x9D,0xF7,
    0x9D,0xF7,0x9D,0xF7,0x9D,0xF7,0x9D,0xF7,0x9D,0xF7,0x9D,0xF7,0x9D,0xF7,0x9D,0xF7,
    0x9D,0xF7,0x9D,0xF7,0x9D,0xF7,0x9D,0xF7,0x9D,0xF7,0x9D,0xF7,0x9D,0xF7,0x9D,0xF7,
    0x7D,0xF7,0x17,0xC6,0x70,0x94,0x50,0x8C,0x99,0xD6,0x9D,0xF7,0x9D,0xF7,0x7C,0xEF,
    0x37,0xCE,0x37,0xCE,0xCA,0x5A,0x00,0x00,0x00,0x00,0x00,0x00,0x00,0x00,0x00,0x00,
    0x00,0x00,0x00,0x00,0x00,0x00,0x00,0x00,0x00,0x00,0x20,0x00,0x74,0xB5,0x37,0xCE,
    0xB9,0xDE,0x9D,0xF7,0x9D,0xF7,0x5C,0xEF,0x54,0xAD,0x1B,0xE7,0x9D,0xF7,0x9D,0xF7,
    0x9D,0xF7,0x9D,0xF7,0x9D,0xF7,0x9D,0xF7,0x9D,0xF7,0x9D,0xF7,0x9D,0xF7,0x9D,0xF7,
    0x9D,0xF7,0x9D,0xF7,0x9D,0xF7,0x9D,0xF7,0x9D,0xF7,0x9D,0xF7,0x9D,0xF7,0x9D,0xF7,
    0x9D,0xF7,0x9D,0xF7,0x9D,0xF7,0x9D,0xF7,0x9D,0xF7,0x9D,0xF7,0x9D,0xF7,0x9D,0xF7,
    0x9D,0xF7,0x9D,0xF7,0x9D,0xF7,0x9D,0xF7,0x0F,0xD4,0x2B,0xD3,0x9D,0xF7,0x9D,0xF7,
    0x9D,0xF7,0x9D,0xF7,0x9D,0xF7,0x9D,0xF7,0x9D,0xF7,0x9D,0xF7,0x9D,0xF7,0x9D,0xF7,
    0x9D,0xF7,0x9D,0xF7,0x9D,0xF7,0x9D,0xF7,0x9D,0xF7,0x9D,0xF7,0x9D,0xF7,0x9D,0xF7,
    0x9D,0xF7,0x9D,0xF7,0x9D,0xF7,0x9D,0xF7,0x9D,0xF7,0x9D,0xF7,0x9D,0xF7,0x9D,0xF7,
    0x9D,0xF7,0x9D,0xF7,0x9D,0xF7,0x9D,0xF7,0x5C,0xEF,0xB5,0xBD,0x5C,0xEF,0x9D,0xF7,
    0x9D,0xF7,0xDA,0xDE,0x37,0xCE,0xD6,0xBD,0x41,0x08,0x00,0x00,0x00,0x00,0x00,0x00,
    0x00,0x00,0x00,0x00,0x00,0x00,0x00,0x00,0x00,0x00,0x00,0x00,0x00,0x00,0x00,0x00,
    0x89,0x52,0x37,0xCE,0x37,0xCE,0x5C,0xEF,0x9D,0xF7,0x9D,0xF7,0x9D,0xF7,0x9D,0xF7,
    0x9D,0xF7,0x9D,0xF7,0x9D,0xF7,0x9D,0xF7,0x9D,0xF7,0x9D,0xF7,0x9D,0xF7,0x9D,0xF7,
    0x9D,0xF7,0x9D,0xF7,0x9D,0xF7,0x9D,0xF7,0x9D,0xF7,0x9D,0xF7,0x9D,0xF7,0x9D,0xF7,
    0x9D,0xF7,0x9D,0xF7,0x9D,0xF7,0x9D,0xF7,0x9D,0xF7,0x9D,0xF7,0x9D,0xF7,0x9D,0xF7,
    0x9D,0xF7,0x9D,0xF7,0x9D,0xF7,0x9D,0xF7,0x9D,0xF7,0x9D,0xF7,0x0F,0xD4,0x2B,0xD3,
    0x9D,0xF7,0x9D,0xF7,0x9D,0xF7,0x9D,0xF7,0x9D,0xF7,0x9D,0xF7,0x9D,0xF7,0x9D,0xF7,
    0x9D,0xF7,0x9D,0xF7,0x9D,0xF7,0x9D,0xF7,0x9D,0xF7,0x9D,0xF7,0x9D,0xF7,0x9D,0xF7,
    0x9D,0xF7,0x9D,0xF7,0x9D,0xF7,0x9D,0xF7,0x9D,0xF7,0x9D,0xF7,0x9D,0xF7,0x9D,0xF7,
    0x9D,0xF7,0x9D,0xF7,0x9D,0xF7,0x9D,0xF7,0x9D,0xF7,0x9D,0xF7,0x9D,0xF7,0x9D,0xF7,
    0x9D,0xF7,0x9D,0xF7,0x5C,0xEF,0x37,0xCE,0x37,0xCE,0x2B,0x63,0x00,0x00,0x00,0x00,
    0x00,0x00,0x00,0x00,0x00,0x00,0x00,0x00,0x00,0x00,0x00,0x00,0x00,0x00,0x00,0x00,
    0x00,0x00,0x00,0x00,0x00,0x00,0x33,0xAD,0x37,0xCE,0x98,0xD6,0x9D,0xF7,0x9D,0xF7,
    0x9D,0xF7,0x9D,0xF7,0x9D,0xF7,0x9D,0xF7,0x9D,0xF7,0x9D,0xF7,0x9D,0xF7,0x9D,0xF7,
    0x9D,0xF7,0x9D,0xF7,0x9D,0xF7,0x9D,0xF7,0x9D,0xF7,0x9D,0xF7,0x9D,0xF7,0x9D,0xF7,
    0x9D,0xF7,0x9D,0xF7,0x9D,0xF7,0x9D,0xF7,0x9D,0xF7,0x9D,0xF7,0x9D,0xF7,0x9D,0xF7,
    0x9D,0xF7,0x9D,0xF7,0x9D,0xF7,0x9D,0xF7,0x9D,0xF7,0x9D,0xF7,0x9D,0xF7,0x9D,0xF7,
    0x0F,0xD4,0x2B,0xD3,0x9D,0xF7,0x9D,0xF7,0x9D,0xF7,0x9D,0xF7,0x9D,0xF7,0x9D,0xF7,
    0x9D,0xF7,0x9D,0xF7,0x9D,0xF7,0x9D,0xF7,0x9D,0xF7,0x9D,0xF7,0x9D,0xF7,0x9D,0xF7,
    0x9D,0xF7,0x9D,0xF7,0x9D,0xF7,0x9D,0xF7,0x9D,0xF7,0x9D,0xF7,0x9D,0xF7,0x9D,0xF7,
    0x9D,0xF7,0x9D,0xF7,0x9D,0xF7,0x9D,0xF7,0x9D,0xF7,0x9D,0xF7,0x9D,0xF7,0x9D,0xF7,
    0x9D,0xF7,0x9D,0xF7,0x9D,0xF7,0x9D,0xF7,0xB9,0xD6,0x37,0xCE,0x94,0xB5,0x41,0x08,
    0x00,0x00,0x00,0x00,0x00,0x00,0x00,0x00,0x00,0x00,0x00,0x00,0x00,0x00,0x00,0x00,
    0x00,0x00,0x00,0x00,0x00,0x00,0x00,0x00,0x00,0x00,0x65,0x31,0x37,0xCE,0x37,0xCE,
    0x1B,0xE7,0x9D,0xF7,0x9D,0xF7,0x9D,0xF7,0x9D,0xF7,0x9D,0xF7,0x9D,0xF7,0x9D,0xF7,
    0x9D,0xF7,0x9D,0xF7,0x9D,0xF7,0x9D,0xF7,0x9D,0xF7,0x9D,0xF7,0x9D,0xF7,0x9D,0xF7,
    0x9D,0xF7,0x9D,0xF7,0x9D,0xF7,0x9D,0xF7,0x9D,0xF7,0x9D,0xF7,0x9D,0xF7,0x9D,0xF7,
    0x9D,0xF7,0x9D,0xF7,0x9D,0xF7,0x9D,0xF7,0x9D,0xF7,0x9D,0xF7,0x9D,0xF7,0x9D,0xF7,
    0x9D,0xF7,0x9D,0xF7,0x0F,0xD4,0x2B,0xD3,0x9D,0xF7,0x9D,0xF7,0x9D,0xF7,0x9D,0xF7,
    0x9D,0xF7,0x9D,0xF7,0x9D,0xF7,0x9D,0xF7,0x9D,0xF7,0x9D,0xF7,0x9D,0xF7,0x9D,0xF7,
    0x9D,0xF7,0x9D,0xF7,0x9D,0xF7,0x9D,0xF7,0x9D,0xF7,0x9D,0xF7,0x9D,0xF7,0x9D,0xF7,
    0x9D,0xF7,0x9D,0xF7,0x9D,0xF7,0x9D,0xF7,0x9D,0xF7,0x9D,0xF7,0x9D,0xF7,0x9D,0xF7,
    0x9D,0xF7,0x9D,0xF7,0x9D,0xF7,0x9D,0xF7,0x9D,0xF7,0x3B,0xE7,0x37,0xCE,0x37,0xCE,
    0x07,0x42,0x00,0x00,0x00,0x00,0x00,0x00,0x00,0x00,0x00,0x00,0x00,0x00,0x00,0x00,
    0x00,0x00,0x00,0x00,0x00,0x00,0x00,0x00,0x00,0x00,0x00,0x00,0x00,0x00,0x00,0x00,
    0xEE,0x7B,0x37,0xCE,0x57,0xCE,0x5C,0xEF,0x9D,0xF7,0x9D,0xF7,0x9D,0xF7,0x9D,0xF7,
    0x9D,0xF7,0x9D,0xF7,0x9D,0xF7,0x9D,0xF7,0x9D,0xF7,0x9D,0xF7,0x9D,0xF7,0x9D,0xF7,
    0x9D,0xF7,0x9D,0xF7,0x9D,0xF7,0x9D,0xF7,0x9D,0xF7,0x9D,0xF7,0x9D,0xF7,0x9D,0xF7,
    0x9D,0xF7,0x9D,0xF7,0x9D,0xF7,0x9D,0xF7,0x9D,0xF7,0x9D,0xF7,0x9D,0xF7,0x9D,0xF7,
    0x9D,0xF7,0x9D,0xF7,0x9D,0xF7,0x9D,0xF7,0x0F,0xD4,0x2B,0xD3,0x9D,0xF7,0x9D,0xF7,
    0x9D,0xF7,0x9D,0xF7,0x9D,0xF7,0x9D,0xF7,0x9D,0xF7,0x9D,0xF7,0x9D,0xF7,0x9D,0xF7,
    0x9D,0xF7,0x9D,0xF7,0x9D,0xF7,0x9D,0xF7,0x9D,0xF7,0x9D,0xF7,0x9D,0xF7,0x9D,0xF7,
    0x9D,0xF7,0x9D,0xF7,0x9D,0xF7,0x9D,0xF7,0x9D,0xF7,0x9D,0xF7,0x9D,0xF7,0x9D,0xF7,
    0x9D,0xF7,0x9D,0xF7,0x9D,0xF7,0x9D,0xF7,0x9D,0xF7,0x9D,0xF7,0x7C,0xEF,0x57,0xCE,
    0x37,0xCE,0x70,0x94,0x00,0x00,0x00,0x00,0x00,0x00,0x00,0x00,0x00,0x00,0x00,0x00,
    0x00,0x00,0x00,0x00,0x00,0x00,0x00,0x00,0x00,0x00,0x00,0x00,0x00,0x00,0x00,0x00,
    0x00,0x00,0x00,0x00,0x61,0x08,0x94,0xB5,0x37,0xCE,0x78,0xD6,0x7D,0xF7,0x9D,0xF7,
    0x9D,0xF7,0x9D,0xF7,0x9D,0xF7,0x9D,0xF7,0x9D,0xF7,0x9D,0xF7,0x9D,0xF7,0x9D,0xF7,
    0x9D,0xF7,0x9D,0xF7,0x9D,0xF7,0x9D,0xF7,0x9D,0xF7,0x9D,0xF7,0x9D,0xF7,0x9D,0xF7,
    0x9D,0xF7,0x9D,0xF7,0x9D,0xF7,0x9D,0xF7,0x9D,0xF7,0x9D,0xF7,0x9D,0xF7,0x9D,0xF7,
    0x9D,0xF7,0x9D,0xF7,0x9D,0xF7,0x9D,0xF7,0x9D,0xF7,0x9D,0xF7,0x0F,0xD4,0x2B,0xD3,
    0x9D,0xF7,0x9D,0xF7,0x9D,0xF7,0x9D,0xF7,0x9D,0xF7,0x9D,0xF7,0x9D,0xF7,0x9D,0xF7,
    0x9D,0xF7,0x9D,0xF7,0x9D,0xF7,0x9D,0xF7,0x9D,0xF7,0x9D,0xF7,0x9D,0xF7,0x9D,0xF7,
    0x9D,0xF7,0x9D,0xF7,0x9D,0xF7,0x9D,0xF7,0x9D,0xF7,0x9D,0xF7,0x9D,0xF7,0x9D,0xF7,
    0x9D,0xF7,0x9D,0xF7,0x9D,0xF7,0x9D,0xF7,0x9D,0xF7,0x9D,0xF7,0x9D,0xF7,0x9D,0xF7,
    0x99,0xD6,0x37,0xCE,0xD5,0xBD,0xA2,0x10,0x00,0x00,0x00,0x00,0x00,0x00,0x00,0x00,
    0x00,0x00,0x00,0x00,0x00,0x00,0x00,0x00,0x00,0x00,0x00,0x00,0x00,0x00,0x00,0x00,
    0x00,0x00,0x00,0x00,0x00,0x00,0x00,0x00,0x00,0x00,0xC6,0x39,0x37,0xCE,0x37,0xCE,
    0xDA,0xDE,0x9D,0xF7,0x9D,0xF7,0x9D,0xF7,0x9D,0xF7,0x9D,0xF7,0x9D,0xF7,0x9D,0xF7,
    0x9D,0xF7,0x9D,0xF7,0x9D,0xF7,0x9D,0xF7,0x9D,0xF7,0x9D,0xF7,0x9D,0xF7,0x9D,0xF7,
    0x9D,0xF7,0xFB,0xE6,0x9D,0xF7,0x9D,0xF7,0x9D,0xF7,0x9D,0xF7,0x9D,0xF7,0x9D,0xF7,
    0x9D,0xF7,0x9D,0xF7,0x9D,0xF7,0x9D,0xF7,0x9D,0xF7,0x9D,0xF7,0x9D,0xF7,0x9D,0xF7,
    0x0F,0xD4,0x2B,0xD3,0x9D,0xF7,0x9D,0xF7,0x9D,0xF7,0x9D,0xF7,0x9D,0xF7,0x9D,0xF7,
    0x9D,0xF7,0x9D,0xF7,0x9D,0xF7,0x9D,0xF7,0x9D,0xF7,0x9D,0xF7,0x9D,0xF7,0x9D,0xF7,
    0xFB,0xE6,0x9D,0xF7,0x9D,0xF7,0x9D,0xF7,0x9D,0xF7,0x9D,0xF7,0x9D,0xF7,0x9D,0xF7,
    0x9D,0xF7,0x9D,0xF7,0x9D,0xF7,0x9D,0xF7,0x9D,0xF7,0x9D,0xF7,0x9D,0xF7,0x9D,0xF7,
    0x9D,0xF7,0xFA,0xE6,0x37,0xCE,0x37,0xCE,0x48,0x4A,0x00,0x00,0x00,0x00,0x00,0x00,
    0x00,0x00,0x00,0x00,0x00,0x00,0x00,0x00,0x00,0x00,0x00,0x00,0x00,0x00,0x00,0x00,
    0x00,0x00,0x00,0x00,0x00,0x00,0x00,0x00,0x00,0x00,0x00,0x00,0x00,0x00,0x00,0x00,
    0x4C,0x6B,0x37,0xCE,0x37,0xCE,0x1B,0xE7,0x9D,0xF7,0x9D,0xF7,0x9D,0xF7,0x9D,0xF7,
    0x9D,0xF7,0x9D,0xF7,0x9D,0xF7,0x9D,0xF7,0x9D,0xF7,0x9D,0xF7,0x9D,0xF7,0x9D,0xF7,
    0x9D,0xF7,0x9D,0xF7,0x1B,0xE7,0x50,0x8C,0x38,0xCE,0x9D,0xF7,0x9D,0xF7,0x9D,0xF7,
    0x9D,0xF7,0x9D,0xF7,0x9D,0xF7,0x9D,0xF7,0x9D,0xF7,0x9D,0xF7,0x9D,0xF7,0x9D,0xF7,
    0x9D,0xF7,0x9D,0xF7,0x0F,0xD4,0x2B,0xD3,0x9D,0xF7,0x9D,0xF7,0x9D,0xF7,0x9D,0xF7,
    0x9D,0xF7,0x9D,0xF7,0x9D,0xF7,0x9D,0xF7,0x9D,0xF7,0x9D,0xF7,0x9D,0xF7,0x9D,0xF7,
    0x9D,0xF7,0x38,0xCE,0x50,0x8C,0x1B,0xE7,0x9D,0xF7,0x9D,0xF7,0x9D,0xF7,0x9D,0xF7,
    0x9D,0xF7,0x9D,0xF7,0x9D,0xF7,0x9D,0xF7,0x9D,0xF7,0x9D,0xF7,0x9D,0xF7,0x9D,0xF7,
    0x9D,0xF7,0x9D,0xF7,0x3B,0xEF,0x37,0xCE,0x37,0xCE,0xEE,0x83,0x00,0x00,0x00,0x00,
    0x00,0x00,0x00,0x00,0x00,0x00,0x00,0x00,0x00,0x00,0x00,0x00,0x00,0x00,0x00,0x00,
    0x00,0x00,0x00,0x00,0x00,0x00,0x00,0x00,0x00,0x00,0x00,0x00,0x00,0x00,0x00,0x00,
    0x00,0x00,0x00,0x00,0x00,0x00,0x50,0x8C,0x37,0xCE,0x37,0xCE,0x3B,0xEF,0x9D,0xF7,
    0x9D,0xF7,0x9D,0xF7,0x9D,0xF7,0x9D,0xF7,0x9D,0xF7,0x9D,0xF7,0x9D,0xF7,0x9D,0xF7,
    0x9D,0xF7,0x9D,0xF7,0x9D,0xF7,0x9D,0xF7,0x13,0xA5,0x71,0x94,0x5C,0xEF,0x9D,0xF7,
    0x9D,0xF7,0x9D,0xF7,0x9D,0xF7,0x9D,0xF7,0x9D,0xF7,0x9D,0xF7,0x9D,0xF7,0x9D,0xF7,
    0x9D,0xF7,0x9D,0xF7,0x9D,0xF7,0x9D,0xF7,0x0F,0xD4,0x2B,0xD3,0x9D,0xF7,0x9D,0xF7,
    0x9D,0xF7,0x9D,0xF7,0x9D,0xF7,0x9D,0xF7,0x9D,0xF7,0x9D,0xF7,0x9D,0xF7,0x9D,0xF7,
    0x9D,0xF7,0x9D,0xF7,0x9D,0xF7,0x5C,0xEF,0x71,0x94,0x13,0xA5,0x9D,0xF7,0x9D,0xF7,
    0x9D,0xF7,0x9D,0xF7,0x9D,0xF7,0x9D,0xF7,0x9D,0xF7,0x9D,0xF7,0x9D,0xF7,0x9D,0xF7,
    0x9D,0xF7,0x9D,0xF7,0x9D,0xF7,0x5C,0xEF,0x37,0xCE,0x37,0xCE,0xB1,0x9C,0x20,0x00,
    0x00,0x00,0x00,0x00,0x00,0x00,0x00,0x00,0x00,0x00,0x00,0x00,0x00,0x00,0x00,0x00,
    0x00,0x00,0x00,0x00,0x00,0x00,0x00,0x00,0x00,0x00,0x00,0x00,0x00,0x00,0x00,0x00,
    0x00,0x00,0x00,0x00,0x00,0x00,0x00,0x00,0x00,0x00,0x41,0x08,0x53,0xAD,0x37,0xCE,
    0x37,0xCE,0x5C,0xEF,0x9D,0xF7,0x9D,0xF7,0x9D,0xF7,0x9D,0xF7,0x9D,0xF7,0x9D,0xF7,
    0x9D,0xF7,0x9D,0xF7,0x9D,0xF7,0x9D,0xF7,0x9D,0xF7,0x78,0xCE,0x30,0x8C,0x17,0xC6,
    0x9D,0xF7,0x9D,0xF7,0x9D,0xF7,0x9D,0xF7,0x9D,0xF7,0x9D,0xF7,0x9D,0xF7,0x9D,0xF7,
    0x9D,0xF7,0x9D,0xF7,0x9D,0xF7,0x9D,0xF7,0x9D,0xF7,0x9D,0xF7,0x0F,0xD4,0x2B,0xD3,
    0x9D,0xF7,0x9D,0xF7,0x9D,0xF7,0x9D,0xF7,0x9D,0xF7,0x9D,0xF7,0x9D,0xF7,0x9D,0xF7,
    0x9D,0xF7,0x9D,0xF7,0x9D,0xF7,0x9D,0xF7,0x9D,0xF7,0x9D,0xF7,0x17,0xC6,0x30,0x8C,
    0x78,0xCE,0x9D,0xF7,0x9D,0xF7,0x9D,0xF7,0x9D,0xF7,0x9D,0xF7,0x9D,0xF7,0x9D,0xF7,
    0x9D,0xF7,0x9D,0xF7,0x9D,0xF7,0x9D,0xF7,0x7C,0xEF,0x57,0xCE,0x37,0xCE,0x95,0xB5,
    0x82,0x10,0x00,0x00,0x00,0x00,0x00,0x00,0x00,0x00,0x00,0x00,0x00,0x00,0x00,0x00,
    0x00,0x00,0x00,0x00,0x00,0x00,0x00,0x00,0x00,0x00,0x00,0x00,0x00,0x00,0x00,0x00,
    0x00,0x00,0x00,0x00,0x00,0x00,0x00,0x00,0x00,0x00,0x00,0x00,0x00,0x00,0x00,0x00,
    0xE3,0x18,0x95,0xB5,0x37,0xCE,0x58,0xCE,0x5C,0xEF,0x9D,0xF7,0x9D,0xF7,0x9D,0xF7,
    0x9D,0xF7,0x9D,0xF7,0x9D,0xF7,0x9D,0xF7,0x9D,0xF7,0x9D,0xF7,0x7C,0xEF,0xB1,0x9C,
    0xB1,0x9C,0x7C,0xEF,0x9D,0xF7,0x9D,0xF7,0x9D,0xF7,0x9D,0xF7,0x9D,0xF7,0x9D,0xF7,
    0x9D,0xF7,0x9D,0xF7,0x9D,0xF7,0x9D,0xF7,0x9D,0xF7,0x9D,0xF7,0x9D,0xF7,0x9D,0xF7,
    0x0F,0xD4,0x2B,0xD3,0x9D,0xF7,0x9D,0xF7,0x9D,0xF7,0x9D,0xF7,0x9D,0xF7,0x9D,0xF7,
    0x9D,0xF7,0x9D,0xF7,0x9D,0xF7,0x9D,0xF7,0x9D,0xF7,0x9D,0xF7,0x9D,0xF7,0x9D,0xF7,
    0x7C,0xEF,0xB1,0x9C,0xB1,0x9C,0x7C,0xEF,0x9D,0xF7,0x9D,0xF7,0x9D,0xF7,0x9D,0xF7,
    0x9D,0xF7,0x9D,0xF7,0x9D,0xF7,0x9D,0xF7,0x9D,0xF7,0x7C,0xEF,0x78,0xD6,0x37,0xCE,
    0xD6,0xBD,0x24,0x29,0x00,0x00,0x00,0x00,0x00,0x00,0x00,0x00,0x00,0x00,0x00,0x00,
    0x00,0x00,0x00,0x00,0x00,0x00,0x00,0x00,0x00,0x00,0x00,0x00,0x00,0x00,0x00,0x00,
    0x00,0x00,0x00,0x00,0x00,0x00,0x00,0x00,0x00,0x00,0x00,0x00,0x00,0x00,0x00,0x00,
    0x00,0x00,0x00,0x00,0x00,0x00,0xC3,0x18,0x74,0xB5,0x37,0xCE,0x37,0xCE,0x3B,0xEF,
    0x9D,0xF7,0x9D,0xF7,0x9D,0xF7,0x9D,0xF7,0x9D,0xF7,0x9D,0xF7,0x9D,0xF7,0x9D,0xF7,
    0xF7,0xC5,0x30,0x8C,0xB9,0xDE,0x9D,0xF7,0x9D,0xF7,0x9D,0xF7,0x9D,0xF7,0x9D,0xF7,
    0x9D,0xF7,0x9D,0xF7,0x9D,0xF7,0x9D,0xF7,0x9D,0xF7,0x9D,0xF7,0x9D,0xF7,0x9D,0xF7,
    0x9D,0xF7,0xDA,0xDE,0xA6,0x89,0xE6,0xA9,0xDA,0xDE,0x9D,0xF7,0x9D,0xF7,0x9D,0xF7,
    0x9D,0xF7,0x9D,0xF7,0x9D,0xF7,0x9D,0xF7,0x9D,0xF7,0x9D,0xF7,0x9D,0xF7,0x9D,0xF7,
    0x9D,0xF7,0x9D,0xF7,0x9D,0xF7,0xB9,0xDE,0x30,0x8C,0xF7,0xC5,0x9D,0xF7,0x9D,0xF7,
    0x9D,0xF7,0x9D,0xF7,0x9D,0xF7,0x9D,0xF7,0x9D,0xF7,0x9D,0xF7,0x5C,0xEF,0x57,0xCE,
    0x37,0xCE,0xB5,0xBD,0x24,0x21,0x00,0x00,0x00,0x00,0x00,0x00,0x00,0x00,0x00,0x00,
    0x00,0x00,0x00,0x00,0x00,0x00,0x00,0x00,0x00,0x00,0x00,0x00,0x00,0x00,0x00,0x00,
    0x00,0x00,0x00,0x00,0x00,0x00,0x00,0x00,0x00,0x00,0x00,0x00,0x00,0x00,0x00,0x00,
    0x00,0x00,0x00,0x00,0x00,0x00,0x00,0x00,0x00,0x00,0x00,0x00,0xC3,0x18,0x95,0xB5,
    0x37,0xCE,0x37,0xCE,0x1B,0xE7,0x9D,0xF7,0x9D,0xF7,0x9D,0xF7,0x9D,0xF7,0x9D,0xF7,
    0x9D,0xF7,0x3C,0xEF,0x70,0x94,0x54,0xAD,0x9D,0xF7,0x9D,0xF7,0x9D,0xF7,0x9D,0xF7,
    0x9D,0xF7,0x9D,0xF7,0x9D,0xF7,0x9D,0xF7,0x9D,0xF7,0x9D,0xF7,0x9D,0xF7,0x9D,0xF7,
    0x9D,0xF7,0x9D,0xF7,0x9D,0xF7,0xDA,0xDE,0xA6,0x89,0xE6,0xA9,0xDA,0xDE,0x9D,0xF7,
    0x9D,0xF7,0x9D,0xF7,0x9D,0xF7,0x9D,0xF7,0x9D,0xF7,0x9D,0xF7,0x9D,0xF7,0x9D,0xF7,
    0x9D,0xF7,0x9D,0xF7,0x9D,0xF7,0x9D,0xF7,0x9D,0xF7,0x9D,0xF7,0x54,0xAD,0x70,0x94,
    0x3C,0xEF,0x9D,0xF7,0x9D,0xF7,0x9D,0xF7,0x9D,0xF7,0x9D,0xF7,0x9D,0xF7,0x3B,0xEF,
    0x37,0xCE,0x37,0xCE,0xD6,0xBD,0x24,0x21,0x00,0x00,0x00,0x00,0x00,0x00,0x00,0x00,
    0x00,0x00,0x00,0x00,0x00,0x00,0x00,0x00,0x00,0x00,0x00,0x00,0x00,0x00,0x00,0x00,
    0x00,0x00,0x00,0x00,0x00,0x00,0x00,0x00,0x00,0x00,0x00,0x00,0x00,0x00,0x00,0x00,
    0x00,0x00,0x00,0x00,0x00,0x00,0x00,0x00,0x00,0x00,0x00,0x00,0x00,0x00,0x00,0x00,
    0x00,0x00,0xE3,0x18,0x54,0xAD,0x37,0xCE,0x37,0xCE,0xDA,0xDE,0x9D,0xF7,0x9D,0xF7,
    0x9D,0xF7,0x9D,0xF7,0x9D,0xF7,0xB5,0xB5,0x50,0x8C,0x1B,0xE7,0x9D,0xF7,0x9D,0xF7,
    0x9D,0xF7,0x9D,0xF7,0x9D,0xF7,0x9D,0xF7,0x9D,0xF7,0x9D,0xF7,0x9D,0xF7,0x9D,0xF7,
    0x9D,0xF7,0x9D,0xF7,0x9D,0xF7,0x9D,0xF7,0x9D,0xF7,0xDA,0xDE,0xA6,0x89,0xE6,0xA9,
    0xDA,0xDE,0x9D,0xF7,0x9D,0xF7,0x9D,0xF7,0x9D,0xF7,0x9D,0xF7,0x9D,0xF7,0x9D,0xF7,
    0x9D,0xF7,0x9D,0xF7,0x9D,0xF7,0x9D,0xF7,0x9D,0xF7,0x9D,0xF7,0x9D,0xF7,0x9D,0xF7,
    0x1B,0xE7,0x50,0x8C,0xB5,0xB5,0x9D,0xF7,0x9D,0xF7,0x9D,0xF7,0x9D,0xF7,0x9D,0xF7,
    0xFA,0xE6,0x37,0xCE,0x37,0xCE,0x95,0xB5,0x24,0x29,0x00,0x00,0x00,0x00,0x00,0x00,
    0x00,0x00,0x00,0x00,0x00,0x00,0x00,0x00,0x00,0x00,0x00,0x00,0x00,0x00,0x00,0x00,
    0x00,0x00,0x00,0x00,0x00,0x00,0x00,0x00,0x00,0x00,0x00,0x00,0x00,0x00,0x00,0x00,
    0x00,0x00,0x00,0x00,0x00,0x00,0x00,0x00,0x00,0x00,0x00,0x00,0x00,0x00,0x00,0x00,
    0x00,0x00,0x00,0x00,0x00,0x00,0x00,0x00,0x41,0x08,0x70,0x8C,0x37,0xCE,0x37,0xCE,
    0x98,0xD6,0x7C,0xEF,0x9D,0xF7,0x9D,0xF7,0x9D,0xF7,0x7C,0xEF,0x99,0xD6,0x9D,0xF7,
    0x9D,0xF7,0x9D,0xF7,0x9D,0xF7,0x9D,0xF7,0x9D,0xF7,0x9D,0xF7,0x9D,0xF7,0x9D,0xF7,
    0x9D,0xF7,0x9D,0xF7,0x9D,0xF7,0x9D,0xF7,0x9D,0xF7,0x9D,0xF7,0x9D,0xF7,0xDA,0xDE,
    0xA6,0x89,0xE6,0xA9,0xDA,0xDE,0x9D,0xF7,0x9D,0xF7,0x9D,0xF7,0x9D,0xF7,0x9D,0xF7,
    0x9D,0xF7,0x9D,0xF7,0x9D,0xF7,0x9D,0xF7,0x9D,0xF7,0x9D,0xF7,0x9D,0xF7,0x9D,0xF7,
    0x9D,0xF7,0x9D,0xF7,0x9D,0xF7,0x99,0xD6,0x7C,0xEF,0x9D,0xF7,0x9D,0xF7,0x9D,0xF7,
    0x7C,0xEF,0x99,0xD6,0x37,0xCE,0x37,0xCE,0xB1,0x9C,0x82,0x10,0x00,0x00,0x00,0x00,
    0x00,0x00,0x00,0x00,0x00,0x00,0x00,0x00,0x00,0x00,0x00,0x00,0x00,0x00,0x00,0x00,
    0x00,0x00,0x00,0x00,0x00,0x00,0x00,0x00,0x00,0x00,0x00,0x00,0x00,0x00,0x00,0x00,
    0x00,0x00,0x00,0x00,0x00,0x00,0x00,0x00,0x00,0x00,0x00,0x00,0x00,0x00,0x00,0x00,
    0x00,0x00,0x00,0x00,0x00,0x00,0x00,0x00,0x00,0x00,0x00,0x00,0x00,0x00,0x00,0x00,
    0x6D,0x73,0x37,0xCE,0x37,0xCE,0x57,0xCE,0x1B,0xE7,0x9D,0xF7,0x9D,0xF7,0x9D,0xF7,
    0x9D,0xF7,0x9D,0xF7,0x9D,0xF7,0x9D,0xF7,0x9D,0xF7,0x9D,0xF7,0x9D,0xF7,0x9D,0xF7,
    0x9D,0xF7,0x9D,0xF7,0x9D,0xF7,0x9D,0xF7,0x9D,0xF7,0x9D,0xF7,0x9D,0xF7,0x9D,0xF7,
    0x9D,0xF7,0xDA,0xDE,0x04,0x31,0x24,0x31,0xDA,0xDE,0x9D,0xF7,0x9D,0xF7,0x9D,0xF7,
    0x9D,0xF7,0x9D,0xF7,0x9D,0xF7,0x9D,0xF7,0x9D,0xF7,0x9D,0xF7,0x9D,0xF7,0x9D,0xF7,
    0x9D,0xF7,0x9D,0xF7,0x9D,0xF7,0x9D,0xF7,0x9D,0xF7,0x9D,0xF7,0x9D,0xF7,0x9D,0xF7,
    0x9D,0xF7,0x3B,0xE7,0x57,0xCE,0x37,0xCE,0x37,0xCE,0xEE,0x83,0x20,0x00,0x00,0x00,
    0x00,0x00,0x00,0x00,0x00,0x00,0x00,0x00,0x00,0x00,0x00,0x00,0x00,0x00,0x00,0x00,
    0x00,0x00,0x00,0x00,0x00,0x00,0x00,0x00,0x00,0x00,0x00,0x00,0x00,0x00,0x00,0x00,
    0x00,0x00,0x00,0x00,0x00,0x00,0x00,0x00,0x00,0x00,0x00,0x00,0x00,0x00,0x00,0x00,
    0x00,0x00,0x00,0x00,0x00,0x00,0x00,0x00,0x00,0x00,0x00,0x00,0x00,0x00,0x00,0x00,
    0x00,0x00,0x00,0x00,0x00,0x00,0xE7,0x41,0x95,0xB5,0x37,0xCE,0x37,0xCE,0x99,0xD6,
    0x5C,0xEF,0x9D,0xF7,0x9D,0xF7,0x9D,0xF7,0x9D,0xF7,0x9D,0xF7,0x9D,0xF7,0x9D,0xF7,
    0x9D,0xF7,0x9D,0xF7,0x9D,0xF7,0x9D,0xF7,0x9D,0xF7,0x9D,0xF7,0x9D,0xF7,0x9D,0xF7,
    0x9D,0xF7,0x9D,0xF7,0x9D,0xF7,0xDA,0xDE,0xE4,0x18,0xE4,0x18,0xDA,0xDE,0x9D,0xF7,
    0x9D,0xF7,0x9D,0xF7,0x9D,0xF7,0x9D,0xF7,0x9D,0xF7,0x9D,0xF7,0x9D,0xF7,0x9D,0xF7,
    0x9D,0xF7,0x9D,0xF7,0x9D,0xF7,0x9D,0xF7,0x9D,0xF7,0x9D,0xF7,0x9D,0xF7,0x9D,0xF7,
    0x9D,0xF7,0x5C,0xEF,0xB9,0xD6,0x37,0xCE,0x37,0xCE,0xD5,0xBD,0x48,0x4A,0x00,0x00,
    0x00,0x00,0x00,0x00,0x00,0x00,0x00,0x00,0x00,0x00,0x00,0x00,0x00,0x00,0x00,0x00,
    0x00,0x00,0x00,0x00,0x00,0x00,0x00,0x00,0x00,0x00,0x00,0x00,0x00,0x00,0x00,0x00,
    0x00,0x00,0x00,0x00,0x00,0x00,0x00,0x00,0x00,0x00,0x00,0x00,0x00,0x00,0x00,0x00,
    0x00,0x00,0x00,0x00,0x00,0x00,0x00,0x00,0x00,0x00,0x00,0x00,0x00,0x00,0x00,0x00,
    0x00,0x00,0x00,0x00,0x00,0x00,0x00,0x00,0x00,0x00,0x00,0x00,0x81,0x10,0x0F,0x84,
    0x37,0xCE,0x37,0xCE,0x37,0xCE,0xB9,0xDE,0x5C,0xEF,0x9D,0xF7,0x9D,0xF7,0x9D,0xF7,
    0x9D,0xF7,0x9D,0xF7,0x9D,0xF7,0x9D,0xF7,0x9D,0xF7,0x9D,0xF7,0x9D,0xF7,0x9D,0xF7,
    0x9D,0xF7,0x9D,0xF7,0x9D,0xF7,0x9D,0xF7,0x9D,0xF7,0x7D,0xF7,0xFB,0xDE,0xFB,0xDE,
    0x7D,0xF7,0x9D,0xF7,0x9D,0xF7,0x9D,0xF7,0x9D,0xF7,0x9D,0xF7,0x9D,0xF7,0x9D,0xF7,
    0x9D,0xF7,0x9D,0xF7,0x9D,0xF7,0x9D,0xF7,0x9D,0xF7,0x9D,0xF7,0x9D,0xF7,0x9D,0xF7,
    0x9D,0xF7,0x7C,0xEF,0xDA,0xDE,0x37,0xCE,0x37,0xCE,0x37,0xCE,0x70,0x94,0xA2,0x10,
    0x00,0x00,0x00,0x00,0x00,0x00,0x00,0x00,0x00,0x00,0x00,0x00,0x00,0x00,0x00,0x00,
    0x00,0x00,0x00,0x00,0x00,0x00,0x00,0x00,0x00,0x00,0x00,0x00,0x00,0x00,0x00,0x00,
    0x00,0x00,0x00,0x00,0x00,0x00,0x00,0x00,0x00,0x00,0x00,0x00,0x00,0x00,0x00,0x00,
    0x00,0x00,0x00,0x00,0x00,0x00,0x00,0x00,0x00,0x00,0x00,0x00,0x00,0x00,0x00,0x00,
    0x00,0x00,0x00,0x00,0x00,0x00,0x00,0x00,0x00,0x00,0x00,0x00,0x00,0x00,0x00,0x00,
    0x00,0x00,0x00,0x00,0xA6,0x39,0x54,0xAD,0x37,0xCE,0x37,0xCE,0x37,0xCE,0xB9,0xDE,
    0x5C,0xEF,0x9D,0xF7,0x9D,0xF7,0x9D,0xF7,0x9D,0xF7,0x9D,0xF7,0x9D,0xF7,0x9D,0xF7,
    0x9D,0xF7,0x9D,0xF7,0x9D,0xF7,0x9D,0xF7,0x9D,0xF7,0x9D,0xF7,0x9D,0xF7,0x9D,0xF7,
    0x9D,0xF7,0x9D,0xF7,0x9D,0xF7,0x9D,0xF7,0x9D,0xF7,0x9D,0xF7,0x9D,0xF7,0x9D,0xF7,
    0x9D,0xF7,0x9D,0xF7,0x9D,0xF7,0x9D,0xF7,0x9D,0xF7,0x9D,0xF7,0x9D,0xF7,0x9D,0xF7,
    0x9D,0xF7,0x7C,0xEF,0xDA,0xDE,0x37,0xCE,0x37,0xCE,0x37,0xCE,0x94,0xB5,0x07,0x42,
    0x00,0x00,0x00,0x00,0x00,0x00,0x00,0x00,0x00,0x00,0x00,0x00,0x00,0x00,0x00,0x00,
    0x00,0x00,0x00,0x00,0x00,0x00,0x00,0x00,0x00,0x00,0x00,0x00,0x00,0x00,0x00,0x00,
    0x00,0x00,0x00,0x00,0x00,0x00,0x00,0x00,0x00,0x00,0x00,0x00,0x00,0x00,0x00,0x00,
    0x00,0x00,0x00,0x00,0x00,0x00,0x00,0x00,0x00,0x00,0x00,0x00,0x00,0x00,0x00,0x00,
    0x00,0x00,0x00,0x00,0x00,0x00,0x00,0x00,0x00,0x00,0x00,0x00,0x00,0x00,0x00,0x00,
    0x00,0x00,0x00,0x00,0x00,0x00,0x00,0x00,0x00,0x00,0x20,0x00,0xCA,0x5A,0xB5,0xBD,
    0x37,0xCE,0x37,0xCE,0x37,0xCE,0x99,0xD6,0x3B,0xE7,0x7D,0xF7,0x9D,0xF7,0x9D,0xF7,
    0x9D,0xF7,0x9D,0xF7,0x9D,0xF7,0x9D,0xF7,0x9D,0xF7,0x9D,0xF7,0x9D,0xF7,0x9D,0xF7,
    0x9D,0xF7,0x9D,0xF7,0x9D,0xF7,0x9D,0xF7,0x9D,0xF7,0x9D,0xF7,0x9D,0xF7,0x9D,0xF7,
    0x9D,0xF7,0x9D,0xF7,0x9D,0xF7,0x9D,0xF7,0x9D,0xF7,0x9D,0xF7,0x9D,0xF7,0x9D,0xF7,
    0x9D,0xF7,0x3B,0xE7,0xB9,0xDE,0x37,0xCE,0x37,0xCE,0x37,0xCE,0xD6,0xBD,0x2B,0x63,
    0x41,0x08,0x00,0x00,0x00,0x00,0x00,0x00,0x00,0x00,0x00,0x00,0x00,0x00,0x00,0x00,
    0x00,0x00,0x00,0x00,0x00,0x00,0x00,0x00,0x00,0x00,0x00,0x00,0x00,0x00,0x00,0x00,
    0x00,0x00,0x00,0x00,0x00,0x00,0x00,0x00,0x00,0x00,0x00,0x00,0x00,0x00,0x00,0x00,
    0x00,0x00,0x00,0x00,0x00,0x00,0x00,0x00,0x00,0x00,0x00,0x00,0x00,0x00,0x00,0x00,
    0x00,0x00,0x00,0x00,0x00,0x00,0x00,0x00,0x00,0x00,0x00,0x00,0x00,0x00,0x00,0x00,
    0x00,0x00,0x00,0x00,0x00,0x00,0x00,0x00,0x00,0x00,0x00,0x00,0x00,0x00,0x00,0x00,
    0x00,0x00,0x20,0x00,0x89,0x52,0x54,0xAD,0x37,0xCE,0x37,0xCE,0x37,0xCE,0x57,0xCE,
    0xB9,0xDE,0x1B,0xE7,0x7C,0xEF,0x9D,0xF7,0x9D,0xF7,0x9D,0xF7,0x9D,0xF7,0x9D,0xF7,
    0x9D,0xF7,0x9D,0xF7,0x9D,0xF7,0x9D,0xF7,0x9D,0xF7,0x9D,0xF7,0x9D,0xF7,0x9D,0xF7,
    0x9D,0xF7,0x9D,0xF7,0x9D,0xF7,0x9D,0xF7,0x9D,0xF7,0x9D,0xF7,0x9D,0xF7,0x7D,0xF7,
    0x1B,0xE7,0xB9,0xDE,0x57,0xCE,0x37,0xCE,0x37,0xCE,0x37,0xCE,0x95,0xB5,0xCA,0x5A,
    0x41,0x08,0x00,0x00,0x00,0x00,0x00,0x00,0x00,0x00,0x00,0x00,0x00,0x00,0x00,0x00,
    0x00,0x00,0x00,0x00,0x00,0x00,0x00,0x00,0x00,0x00,0x00,0x00,0x00,0x00,0x00,0x00,
    0x00,0x00,0x00,0x00,0x00,0x00,0x00,0x00,0x00,0x00,0x00,0x00,0x00,0x00,0x00,0x00,
    0x00,0x00,0x00,0x00,0x00,0x00,0x00,0x00,0x00,0x00,0x00,0x00,0x00,0x00,0x00,0x00,
    0x00,0x00,0x00,0x00,0x00,0x00,0x00,0x00,0x00,0x00,0x00,0x00,0x00,0x00,0x00,0x00,
    0x00,0x00,0x00,0x00,0x00,0x00,0x00,0x00,0x00,0x00,0x00,0x00,0x00,0x00,0x00,0x00,
    0x00,0x00,0x00,0x00,0x00,0x00,0x00,0x00,0x00,0x00,0x00,0x00,0xE7,0x39,0x70,0x94,
    0x37,0xCE,0x37,0xCE,0x37,0xCE,0x37,0xCE,0x37,0xCE,0x78,0xD6,0xDA,0xDE,0x1B,0xE7,
    0x5C,0xEF,0x7D,0xF7,0x9D,0xF7,0x9D,0xF7,0x9D,0xF7,0x9D,0xF7,0x9D,0xF7,0x9D,0xF7,
    0x9D,0xF7,0x9D,0xF7,0x9D,0xF7,0x9D,0xF7,0x9D,0xF7,0x5C,0xEF,0x1B,0xE7,0xDA,0xDE,
    0x78,0xD6,0x37,0xCE,0x37,0xCE,0x37,0xCE,0x37,0xCE,0x37,0xCE,0xD2,0x9C,0x28,0x42,
    0x20,0x00,0x00,0x00,0x00,0x00,0x00,0x00,0x00,0x00,0x00,0x00,0x00,0x00,0x00,0x00,
    0x00,0x00,0x00,0x00,0x00,0x00,0x00,0x00,0x00,0x00,0x00,0x00,0x00,0x00,0x00,0x00,
    0x00,0x00,0x00,0x00,0x00,0x00,0x00,0x00,0x00,0x00,0x00,0x00,0x00,0x00,0x00,0x00,
    0x00,0x00,0x00,0x00,0x00,0x00,0x00,0x00,0x00,0x00,0x00,0x00,0x00,0x00,0x00,0x00,
    0x00,0x00,0x00,0x00,0x00,0x00,0x00,0x00,0x00,0x00,0x00,0x00,0x00,0x00,0x00,0x00,
    0x00,0x00,0x00,0x00,0x00,0x00,0x00,0x00,0x00,0x00,0x00,0x00,0x00,0x00,0x00,0x00,
    0x00,0x00,0x00,0x00,0x00,0x00,0x00,0x00,0x00,0x00,0x00,0x00,0x00,0x00,0x00,0x00,
    0x00,0x00,0x00,0x00,0xC2,0x18,0xAA,0x5A,0xB1,0x94,0x16,0xC6,0x37,0xCE,0x37,0xCE,
    0x37,0xCE,0x37,0xCE,0x37,0xCE,0x37,0xCE,0x58,0xCE,0x78,0xD6,0x98,0xD6,0xB9,0xDE,
    0xB9,0xDE,0xB9,0xDE,0xB9,0xDE,0x98,0xD6,0x78,0xD6,0x58,0xCE,0x37,0xCE,0x37,0xCE,
    0x37,0xCE,0x37,0xCE,0x37,0xCE,0x37,0xCE,0x17,0xC6,0xD2,0x9C,0xEB,0x5A,0xE3,0x18,
    0x00,0x00,0x00,0x00,0x00,0x00,0x00,0x00,0x00,0x00,0x00,0x00,0x00,0x00,0x00,0x00,
    0x00,0x00,0x00,0x00,0x00,0x00,0x00,0x00,0x00,0x00,0x00,0x00,0x00,0x00,0x00,0x00,
    0x00,0x00,0x00,0x00,0x00,0x00,0x00,0x00,0x00,0x00,0x00,0x00,0x00,0x00,0x00,0x00,
    0x00,0x00,0x00,0x00,0x00,0x00,0x00,0x00,0x00,0x00,0x00,0x00,0x00,0x00,0x00,0x00,
    0x00,0x00,0x00,0x00,0x00,0x00,0x00,0x00,0x00,0x00,0x00,0x00,0x00,0x00,0x00,0x00,
    0x00,0x00,0x00,0x00,0x00,0x00,0x00,0x00,0x00,0x00,0x00,0x00,0x00,0x00,0x00,0x00,
    0x00,0x00,0x00,0x00,0x00,0x00,0x00,0x00,0x00,0x00,0x00,0x00,0x00,0x00,0x00,0x00,
    0x00,0x00,0x00,0x00,0x00,0x00,0x00,0x00,0x00,0x00,0x00,0x00,0x00,0x00,0x41,0x08,
    0xC6,0x39,0x2B,0x63,0x70,0x94,0x95,0xB5,0x37,0xCE,0x37,0xCE,0x37,0xCE,0x37,0xCE,
    0x37,0xCE,0x37,0xCE,0x37,0xCE,0x37,0xCE,0x37,0xCE,0x37,0xCE,0x37,0xCE,0x37,0xCE,
    0x37,0xCE,0x37,0xCE,0xB5,0xBD,0x91,0x94,0x4C,0x6B,0xE7,0x39,0x61,0x08,0x00,0x00,
    0x00,0x00,0x00,0x00,0x00,0x00,0x00,0x00,0x00,0x00,0x00,0x00,0x00,0x00,0x00,0x00,
    0x00,0x00,0x00,0x00,0x00,0x00,0x00,0x00,0x00,0x00,0x00,0x00,0x00,0x00,0x00,0x00,
    0x00,0x00,0x00,0x00,0x00,0x00,0x00,0x00,0x00,0x00,0x00,0x00,0x00,0x00,0x00,0x00,
    0x00,0x00,0x00,0x00,0x00,0x00,0x00,0x00,0x00,0x00,0x00,0x00,0x00,0x00,0x00,0x00,
    0x00,0x00,0x00,0x00,0x00,0x00,0x00,0x00,0x00,0x00,0x00,0x00,0x00,0x00,0x00,0x00,
    0x00,0x00,0x00,0x00,0x00,0x00,0x00,0x00,0x00,0x00,0x00,0x00,0x00,0x00,0x00,0x00,
    0x00,0x00,0x00,0x00,0x00,0x00,0x00,0x00,0x00,0x00,0x00,0x00,0x00,0x00,0x00,0x00,
    0x00,0x00,0x00,0x00,0x00,0x00,0x00,0x00,0x00,0x00,0x00,0x00,0x00,0x00,0x00,0x00,
    0x00,0x00,0x00,0x00,0x00,0x00,0x00,0x00,0x00,0x00,0x00,0x00,0x61,0x08,0x65,0x29,
    0x28,0x42,0xCA,0x5A,0x0B,0x63,0xAE,0x7B,0xAE,0x7B,0xAE,0x7B,0xAE,0x7B,0x2B,0x63,
    0xCA,0x5A,0x28,0x4A,0x65,0x29,0x81,0x10,0x00,0x00,0x00,0x00,0x00,0x00,0x00,0x00,
    0x00,0x00,0x00,0x00,0x00,0x00,0x00,0x00,0x00,0x00,0x00,0x00,0x00,0x00,0x00,0x00,
    0x00,0x00,0x00,0x00,0x00,0x00,0x00,0x00,0x00,0x00,0x00,0x00,0x00,0x00,0x00,0x00,
    0x00,0x00,0x00,0x00,0x00,0x00,0x00,0x00,0x00,0x00,0x00,0x00,0x00,0x00,0x00,0x00,
    0x00,0x00,0x00,0x00,0x00,0x00,0x00,0x00,0x00,0x00,0x00,0x00,0x00,0x00,0x00,0x00,
    0x00,0x00,0x00,0x00,0x00,0x00,0x00,0x00,0x00,0x00,0x00,0x00,0x00,0x00,0x00,0x00,
    0x00,0x00,0x00,0x00,0x00,0x00,0x00,0x00,0x00,0x00,0x00,0x00,0x00,0x00,0x00,0x00,
    0x00,0x00,0x00,0x00,0x00,0x00,0x00,0x00,0x00,0x00,0x00,0x00,0x00,0x00,0x00,0x00,
    0x00,0x00,0x00,0x00,0x00,0x00,0x00,0x00,0x00,0x00,0x00,0x00,0x00,0x00,0x00,0x00,
    0x00,0x00,0x00,0x00,0x00,0x00,0x00,0x00,0x00,0x00,0x00,0x00,0x00,0x00,0x00,0x00,
    0x00,0x00,0x00,0x00,0x00,0x00,0x00,0x00,0x00,0x00,0x00,0x00,0x00,0x00,0x00,0x00,
    0x00,0x00,0x00,0x00,0x00,0x00,0x00,0x00,0x00,0x00,0x00,0x00,0x00,0x00,0x00,0x00,
    0x00,0x00,0x00,0x00,0x00,0x00,0x00,0x00,0x00,0x00,0x00,0x00,0x00,0x00,0x00,0x00,
    0x00,0x00,0x00,0x00,0x00,0x00,0x00,0x00,0x00,0x00,0x00,0x00,0x00,0x00,0x00,0x00,
    0x00,0x00,0x00,0x00,0x00,0x00,0x00,0x00,0x00,0x00,0x00,0x00,0x00,0x00,0x00,0x00,
    0x00,0x00,0x00,0x00,0x00,0x00,0x00,0x00,0x00,0x00,0x00,0x00,0x00,0x00,0x00,0x00,
    0x00,0x00,0x00,0x00,0x00,0x00,0x00,0x00,0x00,0x00,0x00,0x00,0x00,0x00,0x00,0x00,
    0x00,0x00,0x00,0x00,0x00,0x00,0x00,0x00,0x00,0x00,0x00,0x00,0x00,0x00,0x00,0x00,
    0x00,0x00,0x00,0x00,0x00,0x00,0x00,0x00,0x00,0x00,0x00,0x09,0x37,0x63,0x8A,0xAC,
    0xC7,0xDC,0xEE,0xF9,0xFF,0xFF,0xF9,0xEE,0xDC,0xC7,0xAC,0x8A,0x63,0x37,0x09,0x00,
    0x00,0x00,0x00,0x00,0x00,0x00,0x00,0x00,0x00,0x00,0x00,0x00,0x00,0x00,0x00,0x00,
    0x00,0x00,0x00,0x00,0x00,0x00,0x00,0x00,0x00,0x00,0x00,0x00,0x00,0x00,0x00,0x00,
    0x00,0x00,0x00,0x00,0x00,0x00,0x00,0x00,0x00,0x00,0x00,0x00,0x00,0x00,0x00,0x00,
    0x00,0x00,0x00,0x00,0x00,0x00,0x00,0x00,0x00,0x00,0x00,0x00,0x00,0x00,0x00,0x00,
    0x00,0x01,0x34,0x82,0xC5,0xF9,0xFF,0xFF,0xFF,0xFF,0xFF,0xFF,0xFF,0xFF,0xFF,0xFF,
    0xFF,0xFF,0xFF,0xFF,0xFF,0xFF,0xFF,0xFF,0xF9,0xC5,0x82,0x34,0x01,0x00,0x00,0x00,
    0x00,0x00,0x00,0x00,0x00,0x00,0x00,0x00,0x00,0x00,0x00,0x00,0x00,0x00,0x00,0x00,
    0x00,0x00,0x00,0x00,0x00,0x00,0x00,0x00,0x00,0x00,0x00,0x00,0x00,0x00,0x00,0x00,
    0x00,0x00,0x00,0x00,0x00,0x00,0x00,0x00,0x00,0x00,0x00,0x00,0x00,0x00,0x00,0x00,
    0x00,0x00,0x00,0x00,0x00,0x00,0x00,0x00,0x01,0x3B,0x95,0xE4,0xFF,0xFF,0xFF,0xFF,
    0xFF,0xFF,0xFF,0xFF,0xFF,0xFF,0xFF,0xFF,0xFF,0xFF,0xFF,0xFF,0xFF,0xFF,0xFF,0xFF,
    0xFF,0xFF,0xFF,0xFF,0xFF,0xFF,0xE4,0x95,0x3B,0x01,0x00,0x00,0x00,0x00,0x00,0x00,
    0x00,0x00,0x00,0x00,0x00,0x00,0x00,0x00,0x00,0x00,0x00,0x00,0x00,0x00,0x00,0x00,
    0x00,0x00,0x00,0x00,0x00,0x00,0x00,0x00,0x00,0x00,0x00,0x00,0x00,0x00,0x00,0x00,
    0x00,0x00,0x00,0x00,0x00,0x00,0x00,0x00,0x00,0x00,0x00,0x00,0x00,0x00,0x00,0x00,
    0x14,0x7A,0xDC,0xFF,0xFF,0xFF,0xFF,0xFF,0xFF,0xFF,0xFF,0xFF,0xFF,0xFF,0xFF,0xFF,
    0xFF,0xFF,0xFF,0xFF,0xFF,0xFF,0xFF,0xFF,0xFF,0xFF,0xFF,0xFF,0xFF,0xFF,0xFF,0xFF,
    0xFF,0xFF,0xFF,0xDC,0x7A,0x14,0x00,0x00,0x00,0x00,0x00,0x00,0x00,0x00,0x00,0x00,
    0x00,0x00,0x00,0x00,0x00,0x00,0x00,0x00,0x00,0x00,0x00,0x00,0x00,0x00,0x00,0x00,
    0x00,0x00,0x00,0x00,0x00,0x00,0x00,0x00,0x00,0x00,0x00,0x00,0x00,0x00,0x00,0x00,
    0x00,0x00,0x00,0x00,0x00,0x00,0x00,0x00,0x17,0x8E,0xF4,0xFF,0xFF,0xFF,0xFF,0xFF,
    0xFF,0xFF,0xFF,0xFF,0xFF,0xFF,0xFF,0xFF,0xFF,0xFF,0xFF,0xFF,0xFF,0xFF,0xFF,0xFF,
    0xFF,0xFF,0xFF,0xFF,0xFF,0xFF,0xFF,0xFF,0xFF,0xFF,0xFF,0xFF,0xFF,0xFF,0xFF,0xF4,
    0x8E,0x17,0x00,0x00,0x00,0x00,0x00,0x00,0x00,0x00,0x00,0x00,0x00,0x00,0x00,0x00,
    0x00,0x00,0x00,0x00,0x00,0x00,0x00,0x00,0x00,0x00,0x00,0x00,0x00,0x00,0x00,0x00,
    0x00,0x00,0x00,0x00,0x00,0x00,0x00,0x00,0x00,0x00,0x00,0x00,0x00,0x00,0x00,0x00,
    0x0D,0x81,0xF2,0xFF,0xFF,0xFF,0xFF,0xFF,0xFF,0xFF,0xFF,0xFF,0xFF,0xFF,0xFF,0xFF,
    0xFF,0xFF,0xFF,0xFF,0xFF,0xFF,0xFF,0xFF,0xFF,0xFF,0xFF,0xFF,0xFF,0xFF,0xFF,0xFF,
    0xFF,0xFF,0xFF,0xFF,0xFF,0xFF,0xFF,0xFF,0xFF,0xFF,0xFF,0xF2,0x81,0x0D,0x00,0x00,
    0x00,0x00,0x00,0x00,0x00,0x00,0x00,0x00,0x00,0x00,0x00,0x00,0x00,0x00,0x00,0x00,
    0x00,0x00,0x00,0x00,0x00,0x00,0x00,0x00,0x00,0x00,0x00,0x00,0x00,0x00,0x00,0x00,
    0x00,0x00,0x00,0x00,0x00,0x00,0x00,0x00,0x02,0x66,0xEA,0xFF,0xFF,0xFF,0xFF,0xFF,
    0xFF,0xFF,0xFF,0xFF,0xFF,0xFF,0xFF,0xFF,0xFF,0xFF,0xFF,0xFF,0xFF,0xFF,0xFF,0xFF,
    0xFF,0xFF,0xFF,0xFF,0xFF,0xFF,0xFF,0xFF,0xFF,0xFF,0xFF,0xFF,0xFF,0xFF,0xFF,0xFF,
    0xFF,0xFF,0xFF,0xFF,0xFF,0xFF,0xFF,0xEA,0x66,0x02,0x00,0x00,0x00,0x00,0x00,0x00,
    0x00,0x00,0x00,0x00,0x00,0x00,0x00,0x00,0x00,0x00,0x00,0x00,0x00,0x00,0x00,0x00,
    0x00,0x00,0x00,0x00,0x00,0x00,0x00,0x00,0x00,0x00,0x00,0x00,0x00,0x00,0x00,0x00,
    0x00,0x1C,0xBC,0xFF,0xFF,0xFF,0xFF,0xFF,0xFF,0xFF,0xFF,0xFF,0xFF,0xFF,0xFF,0xFF,
    0xFF,0xFF,0xFF,0xFF,0xFF,0xFF,0xFF,0xFF,0xFF,0xFF,0xFF,0xFF,0xFF,0xFF,0xFF,0xFF,
    0xFF,0xFF,0xFF,0xFF,0xFF,0xFF,0xFF,0xFF,0xFF,0xFF,0xFF,0xFF,0xFF,0xFF,0xFF,0xFF,
    0xFF,0xFF,0xFF,0xBC,0x1C,0x00,0x00,0x00,0x00,0x00,0x00,0x00,0x00,0x00,0x00,0x00,
    0x00,0x00,0x00,0x00,0x00,0x00,0x00,0x00,0x00,0x00,0x00,0x00,0x00,0x00,0x00,0x00,
    0x00,0x00,0x00,0x00,0x00,0x00,0x00,0x00,0x00,0x00,0x5D,0xF0,0xFF,0xFF,0xFF,0xFF,
    0xFF,0xFF,0xFF,0xFF,0xFF,0xFF,0xFF,0xFF,0xFF,0xFF,0xFF,0xFF,0xFF,0xFF,0xFF,0xFF,
    0xFF,0xFF,0xFF,0xFF,0xFF,0xFF,0xFF,0xFF,0xFF,0xFF,0xFF,0xFF,0xFF,0xFF,0xFF,0xFF,
    0xFF,0xFF,0xFF,0xFF,0xFF,0xFF,0xFF,0xFF,0xFF,0xFF,0xFF,0xFF,0xFF,0xFF,0xF0,0x5D,
    0x00,0x00,0x00,0x00,0x00,0x00,0x00,0x00,0x00,0x00,0x00,0x00,0x00,0x00,0x00,0x00,
    0x00,0x00,0x00,0x00,0x00,0x00,0x00,0x00,0x00,0x00,0x00,0x00,0x00,0x00,0x00,0x00,
    0x00,0x00,0x09,0x9C,0xFF,0xFF,0xFF,0xFF,0xFF,0xFF,0xFF,0xFF,0xFF,0xFF,0xFF,0xFF,
    0xFF,0xFF,0xFF,0xFF,0xFF,0xFF,0xFF,0xFF,0xFF,0xFF,0xFF,0xFF,0xFF,0xFF,0xFF,0xFF,
    0xFF,0xFF,0xFF,0xFF,0xFF,0xFF,0xFF,0xFF,0xFF,0xFF,0xFF,0xFF,0xFF,0xFF,0xFF,0xFF,
    0xFF,0xFF,0xFF,0xFF,0xFF,0xFF,0xFF,0xFF,0xFF,0xFF,0x9C,0x09,0x00,0x00,0x00,0x00,
    0x00,0x00,0x00,0x00,0x00,0x00,0x00,0x00,0x00,0x00,0x00,0x00,0x00,0x00,0x00,0x00,
    0x00,0x00,0x00,0x00,0x00,0x00,0x00,0x00,0x00,0x00,0x00,0x19,0xCC,0xFF,0xFF,0xFF,
    0xFF,0xFF,0xFF,0xFF,0xFF,0xFF,0xFF,0xFF,0xFF,0xFF,0xFF,0xFF,0xFF,0xFF,0xFF,0xFF,
    0xFF,0xFF,0xFF,0xFF,0xFF,0xFF,0xFF,0xFF,0xFF,0xFF,0xFF,0xFF,0xFF,0xFF,0xFF,0xFF,
    0xFF,0xFF,0xFF,0xFF,0xFF,0xFF,0xFF,0xFF,0xFF,0xFF,0xFF,0xFF,0xFF,0xFF,0xFF,0xFF,
    0xFF,0xFF,0xFF,0xFF,0xFF,0xCC,0x19,0x00,0x00,0x00,0x00,0x00,0x00,0x00,0x00,0x00,
    0x00,0x00,0x00,0x00,0x00,0x00,0x00,0x00,0x00,0x00,0x00,0x00,0x00,0x00,0x00,0x00,
    0x00,0x00,0x00,0x00,0x26,0xDE,0xFF,0xFF,0xFF,0xFF,0xFF,0xFF,0xFF,0xFF,0xFF,0xFF,
    0xFF,0xFF,0xFF,0xFF,0xFF,0xFF,0xFF,0xFF,0xFF,0xFF,0xFF,0xFF,0xFF,0xFF,0xFF,0xFF,
    0xFF,0xFF,0xFF,0xFF,0xFF,0xFF,0xFF,0xFF,0xFF,0xFF,0xFF,0xFF,0xFF,0xFF,0xFF,0xFF,
    0xFF,0xFF,0xFF,0xFF,0xFF,0xFF,0xFF,0xFF,0xFF,0xFF,0xFF,0xFF,0xFF,0xFF,0xFF,0xFF,
    0xDE,0x26,0x00,0x00,0x00,0x00,0x00,0x00,0x00,0x00,0x00,0x00,0x00,0x00,0x00,0x00,
    0x00,0x00,0x00,0x00,0x00,0x00,0x00,0x00,0x00,0x00,0x00,0x00,0x00,0x34,0xE9,0xFF,
    0xFF,0xFF,0xFF,0xFF,0xFF,0xFF,0xFF,0xFF,0xFF,0xFF,0xFF,0xFF,0xFF,0xFF,0xFF,0xFF,
    0xFF,0xFF,0xFF,0xFF,0xFF,0xFF,0xFF,0xFF,0xFF,0xFF,0xFF,0xFF,0xFF,0xFF,0xFF,0xFF,
    0xFF,0xFF,0xFF,0xFF,0xFF,0xFF,0xFF,0xFF,0xFF,0xFF,0xFF,0xFF,0xFF,0xFF,0xFF,0xFF,
    0xFF,0xFF,0xFF,0xFF,0xFF,0xFF,0xFF,0xFF,0xFF,0xFF,0xFF,0xE9,0x34,0x00,0x00,0x00,
    0x00,0x00,0x00,0x00,0x00,0x00,0x00,0x00,0x00,0x00,0x00,0x00,0x00,0x00,0x00,0x00,
    0x00,0x00,0x00,0x00,0x00,0x00,0x34,0xF3,0xFF,0xFF,0xFF,0xFF,0xFF,0xFF,0xFF,0xFF,
    0xFF,0xFF,0xFF,0xFF,0xFF,0xFF,0xFF,0xFF,0xFF,0xFF,0xFF,0xFF,0xFF,0xFF,0xFF,0xFF,
    0xFF,0xFF,0xFF,0xFF,0xFF,0xFF,0xFF,0xFF,0xFF,0xFF,0xFF,0xFF,0xFF,0xFF,0xFF,0xFF,
    0xFF,0xFF,0xFF,0xFF,0xFF,0xFF,0xFF,0xFF,0xFF,0xFF,0xFF,0xFF,0xFF,0xFF,0xFF,0xFF,
    0xFF,0xFF,0xFF,0xFF,0xFF,0xFF,0xF3,0x34,0x00,0x00,0x00,0x00,0x00,0x00,0x00,0x00,
    0x00,0x00,0x00,0x00,0x00,0x00,0x00,0x00,0x00,0x00,0x00,0x00,0x00,0x00,0x00,0x26,
    0xE9,0xFF,0xFF,0xFF,0xFF,0xFF,0xFF,0xFF,0xFF,0xFF,0xFF,0xFF,0xFF,0xFF,0xFF,0xFF,
    0xFF,0xFF,0xFF,0xFF,0xFF,0xFF,0xFF,0xFF,0xFF,0xFF,0xFF,0xFF,0xFF,0xFF,0xFF,0xFF,
    0xFF,0xFF,0xFF,0xFF,0xFF,0xFF,0xFF,0xFF,0xFF,0xFF,0xFF,0xFF,0xFF,0xFF,0xFF,0xFF,
    0xFF,0xFF,0xFF,0xFF,0xFF,0xFF,0xFF,0xFF,0xFF,0xFF,0xFF,0xFF,0xFF,0xFF,0xFF,0xFF,
    0xFF,0xE9,0x26,0x00,0x00,0x00,0x00,0x00,0x00,0x00,0x00,0x00,0x00,0x00,0x00,0x00,
    0x00,0x00,0x00,0x00,0x00,0x00,0x00,0x00,0x19,0xDE,0xFF,0xFF,0xFF,0xFF,0xFF,0xFF,
    0xFF,0xFF,0xFF,0xFF,0xFF,0xFF,0xFF,0xFF,0xFF,0xFF,0xFF,0xFF,0xFF,0xFF,0xFF,0xFF,
    0xFF,0xFF,0xFF,0xFF,0xFF,0xFF,0xFF,0xFF,0xFF,0xFF,0xFF,0xFF,0xFF,0xFF,0xFF,0xFF,
    0xFF,0xFF,0xFF,0xFF,0xFF,0xFF,0xFF,0xFF,0xFF,0xFF,0xFF,0xFF,0xFF,0xFF,0xFF,0xFF,
    0xFF,0xFF,0xFF,0xFF,0xFF,0xFF,0xFF,0xFF,0xFF,0xFF,0xFF,0xFF,0xDE,0x19,0x00,0x00,
    0x00,0x00,0x00,0x00,0x00,0x00,0x00,0x00,0x00,0x00,0x00,0x00,0x00,0x00,0x00,0x00,
    0x00,0x09,0xCC,0xFF,0xFF,0xFF,0xFF,0xFF,0xFF,0xFF,0xFF,0xFF,0xFF,0xFF,0xFF,0xFF,
    0xFF,0xFF,0xFF,0xFF,0xFF,0xFF,0xFF,0xFF,0xFF,0xFF,0xFF,0xFF,0xFF,0xFF,0xFF,0xFF,
    0xFF,0xFF,0xFF,0xFF,0xFF,0xFF,0xFF,0xFF,0xFF,0xFF,0xFF,0xFF,0xFF,0xFF,0xFF,0xFF,
    0xFF,0xFF,0xFF,0xFF,0xFF,0xFF,0xFF,0xFF,0xFF,0xFF,0xFF,0xFF,0xFF,0xFF,0xFF,0xFF,
    0xFF,0xFF,0xFF,0xFF,0xFF,0xFF,0xFF,0xCC,0x09,0x00,0x00,0x00,0x00,0x00,0x00,0x00,
    0x00,0x00,0x00,0x00,0x00,0x00,0x00,0x00,0x00,0x00,0x00,0x9C,0xFF,0xFF,0xFF,0xFF,
    0xFF,0xFF,0xFF,0xFF,0xFF,0xFF,0xFF,0xFF,0xFF,0xFF,0xFF,0xFF,0xFF,0xFF,0xFF,0xFF,
    0xFF,0xFF,0xFF,0xFF,0xFF,0xFF,0xFF,0xFF,0xFF,0xFF,0xFF,0xFF,0xFF,0xFF,0xFF,0xFF,
    0xFF,0xFF,0xFF,0xFF,0xFF,0xFF,0xFF,0xFF,0xFF,0xFF,0xFF,0xFF,0xFF,0xFF,0xFF,0xFF,
    0xFF,0xFF,0xFF,0xFF,0xFF,0xFF,0xFF,0xFF,0xFF,0xFF,0xFF,0xFF,0xFF,0xFF,0xFF,0xFF,
    0xFF,0xFF,0x9C,0x00,0x00,0x00,0x00,0x00,0x00,0x00,0x00,0x00,0x00,0x00,0x00,0x00,
    0x00,0x00,0x00,0x00,0x5D,0xFF,0xFF,0xFF,0xFF,0xFF,0xFF,0xFF,0xFF,0xFF,0xFF,0xFF,
    0xFF,0xFF,0xFF,0xFF,0xFF,0xFF,0xFF,0xFF,0xFF,0xFF,0xFF,0xFF,0xFF,0xFF,0xFF,0xFF,
    0xFF,0xFF,0xFF,0xFF,0xFF,0xFF,0xFF,0xFF,0xFF,0xFF,0xFF,0xFF,0xFF,0xFF,0xFF,0xFF,
    0xFF,0xFF,0xFF,0xFF,0xFF,0xFF,0xFF,0xFF,0xFF,0xFF,0xFF,0xFF,0xFF,0xFF,0xFF,0xFF,
    0xFF,0xFF,0xFF,0xFF,0xFF,0xFF,0xFF,0xFF,0xFF,0xFF,0xFF,0xFF,0xFF,0x5D,0x00,0x00,
    0x00,0x00,0x00,0x00,0x00,0x00,0x00,0x00,0x00,0x00,0x00,0x00,0x00,0x1C,0xEF,0xFF,
    0xFF,0xFF,0xFF,0xFF,0xFF,0xFF,0xFF,0xFF,0xFF,0xFF,0xFF,0xFF,0xFF,0xFF,0xFF,0xFF,
    0xFF,0xFF,0xFF,0xFF,0xFF,0xFF,0xFF,0xFF,0xFF,0xFF,0xFF,0xFF,0xFF,0xFF,0xFF,0xFF,
    0xFF,0xFF,0xFF,0xFF,0xFF,0xFF,0xFF,0xFF,0xFF,0xFF,0xFF,0xFF,0xFF,0xFF,0xFF,0xFF,
    0xFF,0xFF,0xFF,0xFF,0xFF,0xFF,0xFF,0xFF,0xFF,0xFF,0xFF,0xFF,0xFF,0xFF,0xFF,0xFF,
    0xFF,0xFF,0xFF,0xFF,0xFF,0xFF,0xFF,0xEF,0x1C,0x00,0x00,0x00,0x00,0x00,0x00,0x00,
    0x00,0x00,0x00,0x00,0x00,0x00,0x02,0xBC,0xFF,0xFF,0xFF,0xFF,0xFF,0xFF,0xFF,0xFF,
    0xFF,0xFF,0xFF,0xFF,0xFF,0xFF,0xFF,0xFF,0xFF,0xFF,0xFF,0xFF,0xFF,0xFF,0xFF,0xFF,
    0xFF,0xFF,0xFF,0xFF,0xFF,0xFF,0xFF,0xFF,0xFF,0xFF,0xFF,0xFF,0xFF,0xFF,0xFF,0xFF,
    0xFF,0xFF,0xFF,0xFF,0xFF,0xFF,0xFF,0xFF,0xFF,0xFF,0xFF,0xFF,0xFF,0xFF,0xFF,0xFF,
    0xFF,0xFF,0xFF,0xFF,0xFF,0xFF,0xFF,0xFF,0xFF,0xFF,0xFF,0xFF,0xFF,0xFF,0xFF,0xFF,
    0xFF,0xFF,0xBC,0x02,0x00,0x00,0x00,0x00,0x00,0x00,0x00,0x00,0x00,0x00,0x00,0x00,
    0x66,0xFF,0xFF,0xFF,0xFF,0xFF,0xFF,0xFF,0xFF,0xFF,0xFF,0xFF,0xFF,0xFF,0xFF,0xFF,
    0xFF,0xFF,0xFF,0xFF,0xFF,0xFF,0xFF,0xFF,0xFF,0xFF,0xFF,0xFF,0xFF,0xFF,0xFF,0xFF,
    0xFF,0xFF,0xFF,0xFF,0xFF,0xFF,0xFF,0xFF,0xFF,0xFF,0xFF,0xFF,0xFF,0xFF,0xFF,0xFF,
    0xFF,0xFF,0xFF,0xFF,0xFF,0xFF,0xFF,0xFF,0xFF,0xFF,0xFF,0xFF,0xFF,0xFF,0xFF,0xFF,
    0xFF,0xFF,0xFF,0xFF,0xFF,0xFF,0xFF,0xFF,0xFF,0xFF,0xFF,0xFF,0xFF,0x66,0x00,0x00,
    0x00,0x00,0x00,0x00,0x00,0x00,0x00,0x00,0x00,0x0D,0xEA,0xFF,0xFF,0xFF,0xFF,0xFF,
    0xFF,0xFF,0xFF,0xFF,0xFF,0xFF,0xFF,0xFF,0xFF,0xFF,0xFF,0xFF,0xFF,0xFF,0xFF,0xFF,
    0xFF,0xFF,0xFF,0xFF,0xFF,0xFF,0xFF,0xFF,0xFF,0xFF,0xFF,0xFF,0xFF,0xFF,0xFF,0xFF,
    0xFF,0xFF,0xFF,0xFF,0xFF,0xFF,0xFF,0xFF,0xFF,0xFF,0xFF,0xFF,0xFF,0xFF,0xFF,0xFF,
    0xFF,0xFF,0xFF,0xFF,0xFF,0xFF,0xFF,0xFF,0xFF,0xFF,0xFF,0xFF,0xFF,0xFF,0xFF,0xFF,
    0xFF,0xFF,0xFF,0xFF,0xFF,0xFF,0xFF,0xEA,0x0D,0x00,0x00,0x00,0x00,0x00,0x00,0x00,
    0x00,0x00,0x00,0x81,0xFF,0xFF,0xFF,0xFF,0xFF,0xFF,0xFF,0xFF,0xFF,0xFF,0xFF,0xFF,
    0xFF,0xFF,0xFF,0xFF,0xFF,0xFF,0xFF,0xFF,0xFF,0xFF,0xFF,0xFF,0xFF,0xFF,0xFF,0xFF,
    0xFF,0xFF,0xFF,0xFF,0xFF,0xFF,0xFF,0xFF,0xFF,0xFF,0xFF,0xFF,0xFF,0xFF,0xFF,0xFF,
    0xFF,0xFF,0xFF,0xFF,0xFF,0xFF,0xFF,0xFF,0xFF,0xFF,0xFF,0xFF,0xFF,0xFF,0xFF,0xFF,
    0xFF,0xFF,0xFF,0xFF,0xFF,0xFF,0xFF,0xFF,0xFF,0xFF,0xFF,0xFF,0xFF,0xFF,0xFF,0xFF,
    0xFF,0xFF,0x81,0x00,0x00,0x00,0x00,0x00,0x00,0x00,0x00,0x00,0x17,0xF3,0xFF,0xFF,
    0xFF,0xFF,0xFF,0xFF,0xFF,0xFF,0xFF,0xFF,0xFF,0xFF,0xFF,0xFF,0xFF,0xFF,0xFF,0xFF,
    0xFF,0xFF,0xFF,0xFF,0xFF,0xFF,0xFF,0xFF,0xFF,0xFF,0xFF,0xFF,0xFF,0xFF,0xFF,0xFF,
    0xFF,0xFF,0xFF,0xFF,0xFF,0xFF,0xFF,0xFF,0xFF,0xFF,0xFF,0xFF,0xFF,0xFF,0xFF,0xFF,
    0xFF,0xFF,0xFF,0xFF,0xFF,0xFF,0xFF,0xFF,0xFF,0xFF,0xFF,0xFF,0xFF,0xFF,0xFF,0xFF,
    0xFF,0xFF,0xFF,0xFF,0xFF,0xFF,0xFF,0xFF,0xFF,0xFF,0xFF,0xFF,0xF3,0x17,0x00,0x00,
    0x00,0x00,0x00,0x00,0x00,0x00,0x8E,0xFF,0xFF,0xFF,0xFF,0xFF,0xFF,0xFF,0xFF,0xFF,
    0xFF,0xFF,0xFF,0xFF,0xFF,0xFF,0xFF,0xFF,0xFF,0xFF,0xFF,0xFF,0xFF,0xFF,0xFF,0xFF,
    0xFF,0xFF,0xFF,0xFF,0xFF,0xFF,0xFF,0xFF,0xFF,0xFF,0xFF,0xFF,0xFF,0xFF,0xFF,0xFF,
    0xFF,0xFF,0xFF,0xFF,0xFF,0xFF,0xFF,0xFF,0xFF,0xFF,0xFF,0xFF,0xFF,0xFF,0xFF,0xFF,
    0xFF,0xFF,0xFF,0xFF,0xFF,0xFF,0xFF,0xFF,0xFF,0xFF,0xFF,0xFF,0xFF,0xFF,0xFF,0xFF,
    0xFF,0xFF,0xFF,0xFF,0xFF,0xFF,0xFF,0x8E,0x00,0x00,0x00,0x00,0x00,0x00,0x00,0x14,
    0xF4,0xFF,0xFF,0xFF,0xFF,0xFF,0xFF,0xFF,0xFF,0xFF,0xFF,0xFF,0xFF,0xFF,0xFF,0xFF,
    0xFF,0xFF,0xFF,0xFF,0xFF,0xFF,0xFF,0xFF,0xFF,0xFF,0xFF,0xFF,0xFF,0xFF,0xFF,0xFF,
    0xFF,0xFF,0xFF,0xFF,0xFF,0xFF,0xFF,0xFF,0xFF,0xFF,0xFF,0xFF,0xFF,0xFF,0xFF,0xFF,
    0xFF,0xFF,0xFF,0xFF,0xFF,0xFF,0xFF,0xFF,0xFF,0xFF,0xFF,0xFF,0xFF,0xFF,0xFF,0xFF,
    0xFF,0xFF,0xFF,0xFF,0xFF,0xFF,0xFF,0xFF,0xFF,0xFF,0xFF,0xFF,0xFF,0xFF,0xFF,0xFF,
    0xFF,0xF4,0x14,0x00,0x00,0x00,0x00,0x00,0x00,0x7A,0xFF,0xFF,0xFF,0xFF,0xFF,0xFF,
    0xFF,0xFF,0xFF,0xFF,0xFF,0xFF,0xFF,0xFF,0xFF,0xFF,0xFF,0xFF,0xFF,0xFF,0xFF,0xFF,
    0xFF,0xFF,0xFF,0xFF,0xFF,0xFF,0xFF,0xFF,0xFF,0xFF,0xFF,0xFF,0xFF,0xFF,0xFF,0xFF,
    0xFF,0xFF,0xFF,0xFF,0xFF,0xFF,0xFF,0xFF,0xFF,0xFF,0xFF,0xFF,0xFF,0xFF,0xFF,0xFF,
    0xFF,0xFF,0xFF,0xFF,0xFF,0xFF,0xFF,0xFF,0xFF,0xFF,0xFF,0xFF,0xFF,0xFF,0xFF,0xFF,
    0xFF,0xFF,0xFF,0xFF,0xFF,0xFF,0xFF,0xFF,0xFF,0xFF,0xFF,0xFF,0x7A,0x00,0x00,0x00,
    0x00,0x00,0x01,0xDC,0xFF,0xFF,0xFF,0xFF,0xFF,0xFF,0xFF,0xFF,0xFF,0xFF,0xFF,0xFF,
    0xFF,0xFF,0xFF,0xFF,0xFF,0xFF,0xFF,0xFF,0xFF,0xFF,0xFF,0xFF,0xFF,0xFF,0xFF,0xFF,
    0xFF,0xFF,0xFF,0xFF,0xFF,0xFF,0xFF,0xFF,0xFF,0xFF,0xFF,0xFF,0xFF,0xFF,0xFF,0xFF,
    0xFF,0xFF,0xFF,0xFF,0xFF,0xFF,0xFF,0xFF,0xFF,0xFF,0xFF,0xFF,0xFF,0xFF,0xFF,0xFF,
    0xFF,0xFF,0xFF,0xFF,0xFF,0xFF,0xFF,0xFF,0xFF,0xFF,0xFF,0xFF,0xFF,0xFF,0xFF,0xFF,
    0xFF,0xFF,0xFF,0xFF,0xFF,0xFF,0xDC,0x01,0x00,0x00,0x00,0x00,0x3B,0xFF,0xFF,0xFF,
    0xFF,0xFF,0xFF,0xFF,0xFF,0xFF,0xFF,0xFF,0xFF,0xFF,0xFF,0xFF,0xFF,0xFF,0xFF,0xFF,
    0xFF,0xFF,0xFF,0xFF,0xFF,0xFF,0xFF,0xFF,0xFF,0xFF,0xFF,0xFF,0xFF,0xFF,0xFF,0xFF,
    0xFF,0xFF,0xFF,0xFF,0xFF,0xFF,0xFF,0xFF,0xFF,0xFF,0xFF,0xFF,0xFF,0xFF,0xFF,0xFF,
    0xFF,0xFF,0xFF,0xFF,0xFF,0xFF,0xFF,0xFF,0xFF,0xFF,0xFF,0xFF,0xFF,0xFF,0xFF,0xFF,
    0xFF,0xFF,0xFF,0xFF,0xFF,0xFF,0xFF,0xFF,0xFF,0xFF,0xFF,0xFF,0xFF,0xFF,0xFF,0xFF,
    0xFF,0x3B,0x00,0x00,0x00,0x00,0x95,0xFF,0xFF,0xFF,0xFF,0xFF,0xFF,0xFF,0xFF,0xFF,
    0xFF,0xFF,0xFF,0xFF,0xFF,0xFF,0xFF,0xFF,0xFF,0xFF,0xFF,0xFF,0xFF,0xFF,0xFF,0xFF,
    0xFF,0xFF,0xFF,0xFF,0xFF,0xFF,0xFF,0xFF,0xFF,0xFF,0xFF,0xFF,0xFF,0xFF,0xFF,0xFF,
    0xFF,0xFF,0xFF,0xFF,0xFF,0xFF,0xFF,0xFF,0xFF,0xFF,0xFF,0xFF,0xFF,0xFF,0xFF,0xFF,
    0xFF,0xFF,0xFF,0xFF,0xFF,0xFF,0xFF,0xFF,0xFF,0xFF,0xFF,0xFF,0xFF,0xFF,0xFF,0xFF,
    0xFF,0xFF,0xFF,0xFF,0xFF,0xFF,0xFF,0xFF,0xFF,0xFF,0xFF,0x95,0x00,0x00,0x00,0x01,
    0xE4,0xFF,0xFF,0xFF,0xFF,0xFF,0xFF,0xFF,0xFF,0xFF,0xFF,0xFF,0xFF,0xFF,0xFF,0xFF,
    0xFF,0xFF,0xFF,0xFF,0xFF,0xFF,0xFF,0xFF,0xFF,0xFF,0xFF,0xFF,0xFF,0xFF,0xFF,0xFF,
    0xFF,0xFF,0xFF,0xFF,0xFF,0xFF,0xFF,0xFF,0xFF,0xFF,0xFF,0xFF,0xFF,0xFF,0xFF,0xFF,
    0xFF,0xFF,0xFF,0xFF,0xFF,0xFF,0xFF,0xFF,0xFF,0xFF,0xFF,0xFF,0xFF,0xFF,0xFF,0xFF,
    0xFF,0xFF,0xFF,0xFF,0xFF,0xFF,0xFF,0xFF,0xFF,0xFF,0xFF,0xFF,0xFF,0xFF,0xFF,0xFF,
    0xFF,0xFF,0xFF,0xFF,0xFF,0xE4,0x01,0x00,0x00,0x34,0xFF,0xFF,0xFF,0xFF,0xFF,0xFF,
    0xFF,0xFF,0xFF,0xFF,0xFF,0xFF,0xFF,0xFF,0xFF,0xFF,0xFF,0xFF,0xFF,0xFF,0xFF,0xFF,
    0xFF,0xFF,0xFF,0xFF,0xFF,0xFF,0xFF,0xFF,0xFF,0xFF,0xFF,0xFF,0xFF,0xFF,0xFF,0xFF,
    0xFF,0xFF,0xFF,0xFF,0xFF,0xFF,0xFF,0xFF,0xFF,0xFF,0xFF,0xFF,0xFF,0xFF,0xFF,0xFF,
    0xFF,0xFF,0xFF,0xFF,0xFF,0xFF,0xFF,0xFF,0xFF,0xFF,0xFF,0xFF,0xFF,0xFF,0xFF,0xFF,
    0xFF,0xFF,0xFF,0xFF,0xFF,0xFF,0xFF,0xFF,0xFF,0xFF,0xFF,0xFF,0xFF,0xFF,0xFF,0xFF,
    0x34,0x00,0x00,0x82,0xFF,0xFF,0xFF,0xFF,0xFF,0xFF,0xFF,0xFF,0xFF,0xFF,0xFF,0xFF,
    0xFF,0xFF,0xFF,0xFF,0xFF,0xFF,0xFF,0xFF,0xFF,0xFF,0xFF,0xFF,0xFF,0xFF,0xFF,0xFF,
    0xFF,0xFF,0xFF,0xFF,0xFF,0xFF,0xFF,0xFF,0xFF,0xFF,0xFF,0xFF,0xFF,0xFF,0xFF,0xFF,
    0xFF,0xFF,0xFF,0xFF,0xFF,0xFF,0xFF,0xFF,0xFF,0xFF,0xFF,0xFF,0xFF,0xFF,0xFF,0xFF,
    0xFF,0xFF,0xFF,0xFF,0xFF,0xFF,0xFF,0xFF,0xFF,0xFF,0xFF,0xFF,0xFF,0xFF,0xFF,0xFF,
    0xFF,0xFF,0xFF,0xFF,0xFF,0xFF,0xFF,0xFF,0xFF,0xFF,0x82,0x00,0x00,0xC5,0xFF,0xFF,
    0xFF,0xFF,0xFF,0xFF,0xFF,0xFF,0xFF,0xFF,0xFF,0xFF,0xFF,0xFF,0xFF,0xFF,0xFF,0xFF,
    0xFF,0xFF,0xFF,0xFF,0xFF,0xFF,0xFF,0xFF,0xFF,0xFF,0xFF,0xFF,0xFF,0xFF,0xFF,0xFF,
    0xFF,0xFF,0xFF,0xFF,0xFF,0xFF,0xFF,0xFF,0xFF,0xFF,0xFF,0xFF,0xFF,0xFF,0xFF,0xFF,
    0xFF,0xFF,0xFF,0xFF,0xFF,0xFF,0xFF,0xFF,0xFF,0xFF,0xFF,0xFF,0xFF,0xFF,0xFF,0xFF,
    0xFF,0xFF,0xFF,0xFF,0xFF,0xFF,0xFF,0xFF,0xFF,0xFF,0xFF,0xFF,0xFF,0xFF,0xFF,0xFF,
    0xFF,0xFF,0xFF,0xFF,0xC5,0x00,0x09,0xF9,0xFF,0xFF,0xFF,0xFF,0xFF,0xFF,0xFF,0xFF,
    0xFF,0xFF,0xFF,0xFF,0xFF,0xFF,0xFF,0xFF,0xFF,0xFF,0xFF,0xFF,0xFF,0xFF,0xFF,0xFF,
    0xFF,0xFF,0xFF,0xFF,0xFF,0xFF,0xFF,0xFF,0xFF,0xFF,0xFF,0xFF,0xFF,0xFF,0xFF,0xFF,
    0xFF,0xFF,0xFF,0xFF,0xFF,0xFF,0xFF,0xFF,0xFF,0xFF,0xFF,0xFF,0xFF,0xFF,0xFF,0xFF,
    0xFF,0xFF,0xFF,0xFF,0xFF,0xFF,0xFF,0xFF,0xFF,0xFF,0xFF,0xFF,0xFF,0xFF,0xFF,0xFF,
    0xFF,0xFF,0xFF,0xFF,0xFF,0xFF,0xFF,0xFF,0xFF,0xFF,0xFF,0xFF,0xFF,0xFF,0xF9,0x09,
    0x37,0xFF,0xFF,0xFF,0xFF,0xFF,0xFF,0xFF,0xFF,0xFF,0xFF,0xFF,0xFF,0xFF,0xFF,0xFF,
    0xFF,0xFF,0xFF,0xFF,0xFF,0xFF,0xFF,0xFF,0xFF,0xFF,0xFF,0xFF,0xFF,0xFF,0xFF,0xFF,
    0xFF,0xFF,0xFF,0xFF,0xFF,0xFF,0xFF,0xFF,0xFF,0xFF,0xFF,0xFF,0xFF,0xFF,0xFF,0xFF,
    0xFF,0xFF,0xFF,0xFF,0xFF,0xFF,0xFF,0xFF,0xFF,0xFF,0xFF,0xFF,0xFF,0xFF,0xFF,0xFF,
    0xFF,0xFF,0xFF,0xFF,0xFF,0xFF,0xFF,0xFF,0xFF,0xFF,0xFF,0xFF,0xFF,0xFF,0xFF,0xFF,
    0xFF,0xFF,0xFF,0xFF,0xFF,0xFF,0xFF,0xFF,0xFF,0x37,0x63,0xFF,0xFF,0xFF,0xFF,0xFF,
    0xFF,0xFF,0xFF,0xFF,0xFF,0xFF,0xFF,0xFF,0xFF,0xFF,0xFF,0xFF,0xFF,0xFF,0xFF,0xFF,
    0xFF,0xFF,0xFF,0xFF,0xFF,0xFF,0xFF,0xFF,0xFF,0xFF,0xFF,0xFF,0xFF,0xFF,0xFF,0xFF,
    0xFF,0xFF,0xFF,0xFF,0xFF,0xFF,0xFF,0xFF,0xFF,0xFF,0xFF,0xFF,0xFF,0xFF,0xFF,0xFF,
    0xFF,0xFF,0xFF,0xFF,0xFF,0xFF,0xFF,0xFF,0xFF,0xFF,0xFF,0xFF,0xFF,0xFF,0xFF,0xFF,
    0xFF,0xFF,0xFF,0xFF,0xFF,0xFF,0xFF,0xFF,0xFF,0xFF,0xFF,0xFF,0xFF,0xFF,0xFF,0xFF,
    0xFF,0xFF,0xFF,0x63,0x8A,0xFF,0xFF,0xFF,0xFF,0xFF,0xFF,0xFF,0xFF,0xFF,0xFF,0xFF,
    0xFF,0xFF,0xFF,0xFF,0xFF,0xFF,0xFF,0xFF,0xFF,0xFF,0xFF,0xFF,0xFF,0xFF,0xFF,0xFF,
    0xFF,0xFF,0xFF,0xFF,0xFF,0xFF,0xFF,0xFF,0xFF,0xFF,0xFF,0xFF,0xFF,0xFF,0xFF,0xFF,
    0xFF,0xFF,0xFF,0xFF,0xFF,0xFF,0xFF,0xFF,0xFF,0xFF,0xFF,0xFF,0xFF,0xFF,0xFF,0xFF,
    0xFF,0xFF,0xFF,0xFF,0xFF,0xFF,0xFF,0xFF,0xFF,0xFF,0xFF,0xFF,0xFF,0xFF,0xFF,0xFF,
    0xFF,0xFF,0xFF,0xFF,0xFF,0xFF,0xFF,0xFF,0xFF,0xFF,0xFF,0xFF,0xFF,0x8A,0xAC,0xFF,
    0xFF,0xFF,0xFF,0xFF,0xFF,0xFF,0xFF,0xFF,0xFF,0xFF,0xFF,0xFF,0xFF,0xFF,0xFF,0xFF,
    0xFF,0xFF,0xFF,0xFF,0xFF,0xFF,0xFF,0xFF,0xFF,0xFF,0xFF,0xFF,0xFF,0xFF,0xFF,0xFF,
    0xFF,0xFF,0xFF,0xFF,0xFF,0xFF,0xFF,0xFF,0xFF,0xFF,0xFF,0xFF,0xFF,0xFF,0xFF,0xFF,
    0xFF,0xFF,0xFF,0xFF,0xFF,0xFF,0xFF,0xFF,0xFF,0xFF,0xFF,0xFF,0xFF,0xFF,0xFF,0xFF,
    0xFF,0xFF,0xFF,0xFF,0xFF,0xFF,0xFF,0xFF,0xFF,0xFF,0xFF,0xFF,0xFF,0xFF,0xFF,0xFF,
    0xFF,0xFF,0xFF,0xFF,0xFF,0xFF,0xFF,0xAC,0xC7,0xFF,0xFF,0xFF,0xFF,0xFF,0xFF,0xFF,
    0xFF,0xFF,0xFF,0xFF,0xFF,0xFF,0xFF,0xFF,0xFF,0xFF,0xFF,0xFF,0xFF,0xFF,0xFF,0xFF,
    0xFF,0xFF,0xFF,0xFF,0xFF,0xFF,0xFF,0xFF,0xFF,0xFF,0xFF,0xFF,0xFF,0xFF,0xFF,0xFF,
    0xFF,0xFF,0xFF,0xFF,0xFF,0xFF,0xFF,0xFF,0xFF,0xFF,0xFF,0xFF,0xFF,0xFF,0xFF,0xFF,
    0xFF,0xFF,0xFF,0xFF,0xFF,0xFF,0xFF,0xFF,0xFF,0xFF,0xFF,0xFF,0xFF,0xFF,0xFF,0xFF,
    0xFF,0xFF,0xFF,0xFF,0xFF,0xFF,0xFF,0xFF,0xFF,0xFF,0xFF,0xFF,0xFF,0xFF,0xFF,0xFF,
    0xFF,0xC7,0xDC,0xFF,0xFF,0xFF,0xFF,0xFF,0xFF,0xFF,0xFF,0xFF,0xFF,0xFF,0xFF,0xFF,
    0xFF,0xFF,0xFF,0xFF,0xFF,0xFF,0xFF,0xFF,0xFF,0xFF,0xFF,0xFF,0xFF,0xFF,0xFF,0xFF,
    0xFF,0xFF,0xFF,0xFF,0xFF,0xFF,0xFF,0xFF,0xFF,0xFF,0xFF,0xFF,0xFF,0xFF,0xFF,0xFF,
    0xFF,0xFF,0xFF,0xFF,0xFF,0xFF,0xFF,0xFF,0xFF,0xFF,0xFF,0xFF,0xFF,0xFF,0xFF,0xFF,
    0xFF,0xFF,0xFF,0xFF,0xFF,0xFF,0xFF,0xFF,0xFF,0xFF,0xFF,0xFF,0xFF,0xFF,0xFF,0xFF,
    0xFF,0xFF,0xFF,0xFF,0xFF,0xFF,0xFF,0xFF,0xFF,0xFF,0xFF,0xDC,0xEE,0xFF,0xFF,0xFF,
    0xFF,0xFF,0xFF,0xFF,0xFF,0xFF,0xFF,0xFF,0xFF,0xFF,0xFF,0xFF,0xFF,0xFF,0xFF,0xFF,
    0xFF,0xFF,0xFF,0xFF,0xFF,0xFF,0xFF,0xFF,0xFF,0xFF,0xFF,0xFF,0xFF,0xFF,0xFF,0xFF,
    0xFF,0xFF,0xFF,0xFF,0xFF,0xFF,0xFF,0xFF,0xFF,0xFF,0xFF,0xFF,0xFF,0xFF,0xFF,0xFF,
    0xFF,0xFF,0xFF,0xFF,0xFF,0xFF,0xFF,0xFF,0xFF,0xFF,0xFF,0xFF,0xFF,0xFF,0xFF,0xFF,
    0xFF,0xFF,0xFF,0xFF,0xFF,0xFF,0xFF,0xFF,0xFF,0xFF,0xFF,0xFF,0xFF,0xFF,0xFF,0xFF,
    0xFF,0xFF,0xFF,0xFF,0xFF,0xEE,0xF9,0xFF,0xFF,0xFF,0xFF,0xFF,0xFF,0xFF,0xFF,0xFF,
    0xFF,0xFF,0xFF,0xFF,0xFF,0xFF,0xFF,0xFF,0xFF,0xFF,0xFF,0xFF,0xFF,0xFF,0xFF,0xFF,
    0xFF,0xFF,0xFF,0xFF,0xFF,0xFF,0xFF,0xFF,0xFF,0xFF,0xFF,0xFF,0xFF,0xFF,0xFF,0xFF,
    0xFF,0xFF,0xFF,0xFF,0xFF,0xFF,0xFF,0xFF,0xFF,0xFF,0xFF,0xFF,0xFF,0xFF,0xFF,0xFF,
    0xFF,0xFF,0xFF,0xFF,0xFF,0xFF,0xFF,0xFF,0xFF,0xFF,0xFF,0xFF,0xFF,0xFF,0xFF,0xFF,
    0xFF,0xFF,0xFF,0xFF,0xFF,0xFF,0xFF,0xFF,0xFF,0xFF,0xFF,0xFF,0xFF,0xFF,0xFF,0xF9,
    0xFF,0xFF,0xFF,0xFF,0xFF,0xFF,0xFF,0xFF,0xFF,0xFF,0xFF,0xFF,0xFF,0xFF,0xFF,0xFF,
    0xFF,0xFF,0xFF,0xFF,0xFF,0xFF,0xFF,0xFF,0xFF,0xFF,0xFF,0xFF,0xFF,0xFF,0xFF,0xFF,
    0xFF,0xFF,0xFF,0xFF,0xFF,0xFF,0xFF,0xFF,0xFF,0xFF,0xFF,0xFF,0xFF,0xFF,0xFF,0xFF,
    0xFF,0xFF,0xFF,0xFF,0xFF,0xFF,0xFF,0xFF,0xFF,0xFF,0xFF,0xFF,0xFF,0xFF,0xFF,0xFF,
    0xFF,0xFF,0xFF,0xFF,0xFF,0xFF,0xFF,0xFF,0xFF,0xFF,0xFF,0xFF,0xFF,0xFF,0xFF,0xFF,
    0xFF,0xFF,0xFF,0xFF,0xFF,0xFF,0xFF,0xFF,0xFF,0xFF,0xFF,0xFF,0xFF,0xFF,0xFF,0xFF,
    0xFF,0xFF,0xFF,0xFF,0xFF,0xFF,0xFF,0xFF,0xFF,0xFF,0xFF,0xFF,0xFF,0xFF,0xFF,0xFF,
    0xFF,0xFF,0xFF,0xFF,0xFF,0xFF,0xFF,0xFF,0xFF,0xFF,0xFF,0xFF,0xFF,0xFF,0xFF,0xFF,
    0xFF,0xFF,0xFF,0xFF,0xFF,0xFF,0xFF,0xFF,0xFF,0xFF,0xFF,0xFF,0xFF,0xFF,0xFF,0xFF,
    0xFF,0xFF,0xFF,0xFF,0xFF,0xFF,0xFF,0xFF,0xFF,0xFF,0xFF,0xFF,0xFF,0xFF,0xFF,0xFF,
    0xFF,0xFF,0xFF,0xFF,0xFF,0xFF,0xFF,0xFF,0xFF,0xFF,0xFF,0xFF,0xFF,0xFF,0xFF,0xFF,
    0xFF,0xFF,0xFF,0xFF,0xF9,0xFF,0xFF,0xFF,0xFF,0xFF,0xFF,0xFF,0xFF,0xFF,0xFF,0xFF,
    0xFF,0xFF,0xFF,0xFF,0xFF,0xFF,0xFF,0xFF,0xFF,0xFF,0xFF,0xFF,0xFF,0xFF,0xFF,0xFF,
    0xFF,0xFF,0xFF,0xFF,0xFF,0xFF,0xFF,0xFF,0xFF,0xFF,0xFF,0xFF,0xFF,0xFF,0xFF,0xFF,
    0xFF,0xFF,0xFF,0xFF,0xFF,0xFF,0xFF,0xFF,0xFF,0xFF,0xFF,0xFF,0xFF,0xFF,0xFF,0xFF,
    0xFF,0xFF,0xFF,0xFF,0xFF,0xFF,0xFF,0xFF,0xFF,0xFF,0xFF,0xFF,0xFF,0xFF,0xFF,0xFF,
    0xFF,0xFF,0xFF,0xFF,0xFF,0xFF,0xFF,0xFF,0xFF,0xFF,0xFF,0xFF,0xFF,0xF9,0xEE,0xFF,
    0xFF,0xFF,0xFF,0xFF,0xFF,0xFF,0xFF,0xFF,0xFF,0xFF,0xFF,0xFF,0xFF,0xFF,0xFF,0xFF,
    0xFF,0xFF,0xFF,0xFF,0xFF,0xFF,0xFF,0xFF,0xFF,0xFF,0xFF,0xFF,0xFF,0xFF,0xFF,0xFF,
    0xFF,0xFF,0xFF,0xFF,0xFF,0xFF,0xFF,0xFF,0xFF,0xFF,0xFF,0xFF,0xFF,0xFF,0xFF,0xFF,
    0xFF,0xFF,0xFF,0xFF,0xFF,0xFF,0xFF,0xFF,0xFF,0xFF,0xFF,0xFF,0xFF,0xFF,0xFF,0xFF,
    0xFF,0xFF,0xFF,0xFF,0xFF,0xFF,0xFF,0xFF,0xFF,0xFF,0xFF,0xFF,0xFF,0xFF,0xFF,0xFF,
    0xFF,0xFF,0xFF,0xFF,0xFF,0xFF,0xFF,0xEE,0xDC,0xFF,0xFF,0xFF,0xFF,0xFF,0xFF,0xFF,
    0xFF,0xFF,0xFF,0xFF,0xFF,0xFF,0xFF,0xFF,0xFF,0xFF,0xFF,0xFF,0xFF,0xFF,0xFF,0xFF,
    0xFF,0xFF,0xFF,0xFF,0xFF,0xFF,0xFF,0xFF,0xFF,0xFF,0xFF,0xFF,0xFF,0xFF,0xFF,0xFF,
    0xFF,0xFF,0xFF,0xFF,0xFF,0xFF,0xFF,0xFF,0xFF,0xFF,0xFF,0xFF,0xFF,0xFF,0xFF,0xFF,
    0xFF,0xFF,0xFF,0xFF,0xFF,0xFF,0xFF,0xFF,0xFF,0xFF,0xFF,0xFF,0xFF,0xFF,0xFF,0xFF,
    0xFF,0xFF,0xFF,0xFF,0xFF,0xFF,0xFF,0xFF,0xFF,0xFF,0xFF,0xFF,0xFF,0xFF,0xFF,0xFF,
    0xFF,0xDC,0xC7,0xFF,0xFF,0xFF,0xFF,0xFF,0xFF,0xFF,0xFF,0xFF,0xFF,0xFF,0xFF,0xFF,
    0xFF,0xFF,0xFF,0xFF,0xFF,0xFF,0xFF,0xFF,0xFF,0xFF,0xFF,0xFF,0xFF,0xFF,0xFF,0xFF,
    0xFF,0xFF,0xFF,0xFF,0xFF,0xFF,0xFF,0xFF,0xFF,0xFF,0xFF,0xFF,0xFF,0xFF,0xFF,0xFF,
    0xFF,0xFF,0xFF,0xFF,0xFF,0xFF,0xFF,0xFF,0xFF,0xFF,0xFF,0xFF,0xFF,0xFF,0xFF,0xFF,
    0xFF,0xFF,0xFF,0xFF,0xFF,0xFF,0xFF,0xFF,0xFF,0xFF,0xFF,0xFF,0xFF,0xFF,0xFF,0xFF,
    0xFF,0xFF,0xFF,0xFF,0xFF,0xFF,0xFF,0xFF,0xFF,0xFF,0xFF,0xC7,0xAC,0xFF,0xFF,0xFF,
    0xFF,0xFF,0xFF,0xFF,0xFF,0xFF,0xFF,0xFF,0xFF,0xFF,0xFF,0xFF,0xFF,0xFF,0xFF,0xFF,
    0xFF,0xFF,0xFF,0xFF,0xFF,0xFF,0xFF,0xFF,0xFF,0xFF,0xFF,0xFF,0xFF,0xFF,0xFF,0xFF,
    0xFF,0xFF,0xFF,0xFF,0xFF,0xFF,0xFF,0xFF,0xFF,0xFF,0xFF,0xFF,0xFF,0xFF,0xFF,0xFF,
    0xFF,0xFF,0xFF,0xFF,0xFF,0xFF,0xFF,0xFF,0xFF,0xFF,0xFF,0xFF,0xFF,0xFF,0xFF,0xFF,
    0xFF,0xFF,0xFF,0xFF,0xFF,0xFF,0xFF,0xFF,0xFF,0xFF,0xFF,0xFF,0xFF,0xFF,0xFF,0xFF,
    0xFF,0xFF,0xFF,0xFF,0xFF,0xAC,0x8A,0xFF,0xFF,0xFF,0xFF,0xFF,0xFF,0xFF,0xFF,0xFF,
    0xFF,0xFF,0xFF,0xFF,0xFF,0xFF,0xFF,0xFF,0xFF,0xFF,0xFF,0xFF,0xFF,0xFF,0xFF,0xFF,
    0xFF,0xFF,0xFF,0xFF,0xFF,0xFF,0xFF,0xFF,0xFF,0xFF,0xFF,0xFF,0xFF,0xFF,0xFF,0xFF,
    0xFF,0xFF,0xFF,0xFF,0xFF,0xFF,0xFF,0xFF,0xFF,0xFF,0xFF,0xFF,0xFF,0xFF,0xFF,0xFF,
    0xFF,0xFF,0xFF,0xFF,0xFF,0xFF,0xFF,0xFF,0xFF,0xFF,0xFF,0xFF,0xFF,0xFF,0xFF,0xFF,
    0xFF,0xFF,0xFF,0xFF,0xFF,0xFF,0xFF,0xFF,0xFF,0xFF,0xFF,0xFF,0xFF,0xFF,0xFF,0x8A,
    0x63,0xFF,0xFF,0xFF,0xFF,0xFF,0xFF,0xFF,0xFF,0xFF,0xFF,0xFF,0xFF,0xFF,0xFF,0xFF,
    0xFF,0xFF,0xFF,0xFF,0xFF,0xFF,0xFF,0xFF,0xFF,0xFF,0xFF,0xFF,0xFF,0xFF,0xFF,0xFF,
    0xFF,0xFF,0xFF,0xFF,0xFF,0xFF,0xFF,0xFF,0xFF,0xFF,0xFF,0xFF,0xFF,0xFF,0xFF,0xFF,
    0xFF,0xFF,0xFF,0xFF,0xFF,0xFF,0xFF,0xFF,0xFF,0xFF,0xFF,0xFF,0xFF,0xFF,0xFF,0xFF,
    0xFF,0xFF,0xFF,0xFF,0xFF,0xFF,0xFF,0xFF,0xFF,0xFF,0xFF,0xFF,0xFF,0xFF,0xFF,0xFF,
    0xFF,0xFF,0xFF,0xFF,0xFF,0xFF,0xFF,0xFF,0xFF,0x63,0x37,0xFF,0xFF,0xFF,0xFF,0xFF,
    0xFF,0xFF,0xFF,0xFF,0xFF,0xFF,0xFF,0xFF,0xFF,0xFF,0xFF,0xFF,0xFF,0xFF,0xFF,0xFF,
    0xFF,0xFF,0xFF,0xFF,0xFF,0xFF,0xFF,0xFF,0xFF,0xFF,0xFF,0xFF,0xFF,0xFF,0xFF,0xFF,
    0xFF,0xFF,0xFF,0xFF,0xFF,0xFF,0xFF,0xFF,0xFF,0xFF,0xFF,0xFF,0xFF,0xFF,0xFF,0xFF,
    0xFF,0xFF,0xFF,0xFF,0xFF,0xFF,0xFF,0xFF,0xFF,0xFF,0xFF,0xFF,0xFF,0xFF,0xFF,0xFF,
    0xFF,0xFF,0xFF,0xFF,0xFF,0xFF,0xFF,0xFF,0xFF,0xFF,0xFF,0xFF,0xFF,0xFF,0xFF,0xFF,
    0xFF,0xFF,0xFF,0x37,0x09,0xF9,0xFF,0xFF,0xFF,0xFF,0xFF,0xFF,0xFF,0xFF,0xFF,0xFF,
    0xFF,0xFF,0xFF,0xFF,0xFF,0xFF,0xFF,0xFF,0xFF,0xFF,0xFF,0xFF,0xFF,0xFF,0xFF,0xFF,
    0xFF,0xFF,0xFF,0xFF,0xFF,0xFF,0xFF,0xFF,0xFF,0xFF,0xFF,0xFF,0xFF,0xFF,0xFF,0xFF,
    0xFF,0xFF,0xFF,0xFF,0xFF,0xFF,0xFF,0xFF,0xFF,0xFF,0xFF,0xFF,0xFF,0xFF,0xFF,0xFF,
    0xFF,0xFF,0xFF,0xFF,0xFF,0xFF,0xFF,0xFF,0xFF,0xFF,0xFF,0xFF,0xFF,0xFF,0xFF,0xFF,
    0xFF,0xFF,0xFF,0xFF,0xFF,0xFF,0xFF,0xFF,0xFF,0xFF,0xFF,0xFF,0xF9,0x09,0x00,0xC5,
    0xFF,0xFF,0xFF,0xFF,0xFF,0xFF,0xFF,0xFF,0xFF,0xFF,0xFF,0xFF,0xFF,0xFF,0xFF,0xFF,
    0xFF,0xFF,0xFF,0xFF,0xFF,0xFF,0xFF,0xFF,0xFF,0xFF,0xFF,0xFF,0xFF,0xFF,0xFF,0xFF,
    0xFF,0xFF,0xFF,0xFF,0xFF,0xFF,0xFF,0xFF,0xFF,0xFF,0xFF,0xFF,0xFF,0xFF,0xFF,0xFF,
    0xFF,0xFF,0xFF,0xFF,0xFF,0xFF,0xFF,0xFF,0xFF,0xFF,0xFF,0xFF,0xFF,0xFF,0xFF,0xFF,
    0xFF,0xFF,0xFF,0xFF,0xFF,0xFF,0xFF,0xFF,0xFF,0xFF,0xFF,0xFF,0xFF,0xFF,0xFF,0xFF,
    0xFF,0xFF,0xFF,0xFF,0xFF,0xFF,0xC5,0x00,0x00,0x82,0xFF,0xFF,0xFF,0xFF,0xFF,0xFF,
    0xFF,0xFF,0xFF,0xFF,0xFF,0xFF,0xFF,0xFF,0xFF,0xFF,0xFF,0xFF,0xFF,0xFF,0xFF,0xFF,
    0xFF,0xFF,0xFF,0xFF,0xFF,0xFF,0xFF,0xFF,0xFF,0xFF,0xFF,0xFF,0xFF,0xFF,0xFF,0xFF,
    0xFF,0xFF,0xFF,0xFF,0xFF,0xFF,0xFF,0xFF,0xFF,0xFF,0xFF,0xFF,0xFF,0xFF,0xFF,0xFF,
    0xFF,0xFF,0xFF,0xFF,0xFF,0xFF,0xFF,0xFF,0xFF,0xFF,0xFF,0xFF,0xFF,0xFF,0xFF,0xFF,
    0xFF,0xFF,0xFF,0xFF,0xFF,0xFF,0xFF,0xFF,0xFF,0xFF,0xFF,0xFF,0xFF,0xFF,0xFF,0xFF,
    0x82,0x00,0x00,0x34,0xFF,0xFF,0xFF,0xFF,0xFF,0xFF,0xFF,0xFF,0xFF,0xFF,0xFF,0xFF,
    0xFF,0xFF,0xFF,0xFF,0xFF,0xFF,0xFF,0xFF,0xFF,0xFF,0xFF,0xFF,0xFF,0xFF,0xFF,0xFF,
    0xFF,0xFF,0xFF,0xFF,0xFF,0xFF,0xFF,0xFF,0xFF,0xFF,0xFF,0xFF,0xFF,0xFF,0xFF,0xFF,
    0xFF,0xFF,0xFF,0xFF,0xFF,0xFF,0xFF,0xFF,0xFF,0xFF,0xFF,0xFF,0xFF,0xFF,0xFF,0xFF,
    0xFF,0xFF,0xFF,0xFF,0xFF,0xFF,0xFF,0xFF,0xFF,0xFF,0xFF,0xFF,0xFF,0xFF,0xFF,0xFF,
    0xFF,0xFF,0xFF,0xFF,0xFF,0xFF,0xFF,0xFF,0xFF,0xFF,0x34,0x00,0x00,0x01,0xE4,0xFF,
    0xFF,0xFF,0xFF,0xFF,0xFF,0xFF,0xFF,0xFF,0xFF,0xFF,0xFF,0xFF,0xFF,0xFF,0xFF,0xFF,
    0xFF,0xFF,0xFF,0xFF,0xFF,0xFF,0xFF,0xFF,0xFF,0xFF,0xFF,0xFF,0xFF,0xFF,0xFF,0xFF,
    0xFF,0xFF,0xFF,0xFF,0xFF,0xFF,0xFF,0xFF,0xFF,0xFF,0xFF,0xFF,0xFF,0xFF,0xFF,0xFF,
    0xFF,0xFF,0xFF,0xFF,0xFF,0xFF,0xFF,0xFF,0xFF,0xFF,0xFF,0xFF,0xFF,0xFF,0xFF,0xFF,
    0xFF,0xFF,0xFF,0xFF,0xFF,0xFF,0xFF,0xFF,0xFF,0xFF,0xFF,0xFF,0xFF,0xFF,0xFF,0xFF,
    0xFF,0xFF,0xFF,0xE4,0x01,0x00,0x00,0x00,0x95,0xFF,0xFF,0xFF,0xFF,0xFF,0xFF,0xFF,
    0xFF,0xFF,0xFF,0xFF,0xFF,0xFF,0xFF,0xFF,0xFF,0xFF,0xFF,0xFF,0xFF,0xFF,0xFF,0xFF,
    0xFF,0xFF,0xFF,0xFF,0xFF,0xFF,0xFF,0xFF,0xFF,0xFF,0xFF,0xFF,0xFF,0xFF,0xFF,0xFF,
    0xFF,0xFF,0xFF,0xFF,0xFF,0xFF,0xFF,0xFF,0xFF,0xFF,0xFF,0xFF,0xFF,0xFF,0xFF,0xFF,
    0xFF,0xFF,0xFF,0xFF,0xFF,0xFF,0xFF,0xFF,0xFF,0xFF,0xFF,0xFF,0xFF,0xFF,0xFF,0xFF,
    0xFF,0xFF,0xFF,0xFF,0xFF,0xFF,0xFF,0xFF,0xFF,0xFF,0xFF,0xFF,0xFF,0x95,0x00,0x00,
    0x00,0x00,0x3B,0xFF,0xFF,0xFF,0xFF,0xFF,0xFF,0xFF,0xFF,0xFF,0xFF,0xFF,0xFF,0xFF,
    0xFF,0xFF,0xFF,0xFF,0xFF,0xFF,0xFF,0xFF,0xFF,0xFF,0xFF,0xFF,0xFF,0xFF,0xFF,0xFF,
    0xFF,0xFF,0xFF,0xFF,0xFF,0xFF,0xFF,0xFF,0xFF,0xFF,0xFF,0xFF,0xFF,0xFF,0xFF,0xFF,
    0xFF,0xFF,0xFF,0xFF,0xFF,0xFF,0xFF,0xFF,0xFF,0xFF,0xFF,0xFF,0xFF,0xFF,0xFF,0xFF,
    0xFF,0xFF,0xFF,0xFF,0xFF,0xFF,0xFF,0xFF,0xFF,0xFF,0xFF,0xFF,0xFF,0xFF,0xFF,0xFF,
    0xFF,0xFF,0xFF,0xFF,0xFF,0xFF,0xFF,0x3B,0x00,0x00,0x00,0x00,0x01,0xDC,0xFF,0xFF,
    0xFF,0xFF,0xFF,0xFF,0xFF,0xFF,0xFF,0xFF,0xFF,0xFF,0xFF,0xFF,0xFF,0xFF,0xFF,0xFF,
    0xFF,0xFF,0xFF,0xFF,0xFF,0xFF,0xFF,0xFF,0xFF,0xFF,0xFF,0xFF,0xFF,0xFF,0xFF,0xFF,
    0xFF,0xFF,0xFF,0xFF,0xFF,0xFF,0xFF,0xFF,0xFF,0xFF,0xFF,0xFF,0xFF,0xFF,0xFF,0xFF,
    0xFF,0xFF,0xFF,0xFF,0xFF,0xFF,0xFF,0xFF,0xFF,0xFF,0xFF,0xFF,0xFF,0xFF,0xFF,0xFF,
    0xFF,0xFF,0xFF,0xFF,0xFF,0xFF,0xFF,0xFF,0xFF,0xFF,0xFF,0xFF,0xFF,0xFF,0xFF,0xFF,
    0xDC,0x01,0x00,0x00,0x00,0x00,0x00,0x7A,0xFF,0xFF,0xFF,0xFF,0xFF,0xFF,0xFF,0xFF,
    0xFF,0xFF,0xFF,0xFF,0xFF,0xFF,0xFF,0xFF,0xFF,0xFF,0xFF,0xFF,0xFF,0xFF,0xFF,0xFF,
    0xFF,0xFF,0xFF,0xFF,0xFF,0xFF,0xFF,0xFF,0xFF,0xFF,0xFF,0xFF,0xFF,0xFF,0xFF,0xFF,
    0xFF,0xFF,0xFF,0xFF,0xFF,0xFF,0xFF,0xFF,0xFF,0xFF,0xFF,0xFF,0xFF,0xFF,0xFF,0xFF,
    0xFF,0xFF,0xFF,0xFF,0xFF,0xFF,0xFF,0xFF,0xFF,0xFF,0xFF,0xFF,0xFF,0xFF,0xFF,0xFF,
    0xFF,0xFF,0xFF,0xFF,0xFF,0xFF,0xFF,0xFF,0xFF,0xFF,0x7A,0x00,0x00,0x00,0x00,0x00,
    0x00,0x14,0xF4,0xFF,0xFF,0xFF,0xFF,0xFF,0xFF,0xFF,0xFF,0xFF,0xFF,0xFF,0xFF,0xFF,
    0xFF,0xFF,0xFF,0xFF,0xFF,0xFF,0xFF,0xFF,0xFF,0xFF,0xFF,0xFF,0xFF,0xFF,0xFF,0xFF,
    0xFF,0xFF,0xFF,0xFF,0xFF,0xFF,0xFF,0xFF,0xFF,0xFF,0xFF,0xFF,0xFF,0xFF,0xFF,0xFF,
    0xFF,0xFF,0xFF,0xFF,0xFF,0xFF,0xFF,0xFF,0xFF,0xFF,0xFF,0xFF,0xFF,0xFF,0xFF,0xFF,
    0xFF,0xFF,0xFF,0xFF,0xFF,0xFF,0xFF,0xFF,0xFF,0xFF,0xFF,0xFF,0xFF,0xFF,0xFF,0xFF,
    0xFF,0xFF,0xFF,0xF4,0x14,0x00,0x00,0x00,0x00,0x00,0x00,0x00,0x8E,0xFF,0xFF,0xFF,
    0xFF,0xFF,0xFF,0xFF,0xFF,0xFF,0xFF,0xFF,0xFF,0xFF,0xFF,0xFF,0xFF,0xFF,0xFF,0xFF,
    0xFF,0xFF,0xFF,0xFF,0xFF,0xFF,0xFF,0xFF,0xFF,0xFF,0xFF,0xFF,0xFF,0xFF,0xFF,0xFF,
    0xFF,0xFF,0xFF,0xFF,0xFF,0xFF,0xFF,0xFF,0xFF,0xFF,0xFF,0xFF,0xFF,0xFF,0xFF,0xFF,
    0xFF,0xFF,0xFF,0xFF,0xFF,0xFF,0xFF,0xFF,0xFF,0xFF,0xFF,0xFF,0xFF,0xFF,0xFF,0xFF,
    0xFF,0xFF,0xFF,0xFF,0xFF,0xFF,0xFF,0xFF,0xFF,0xFF,0xFF,0xFF,0xFF,0x8E,0x00,0x00,
    0x00,0x00,0x00,0x00,0x00,0x00,0x17,0xF3,0xFF,0xFF,0xFF,0xFF,0xFF,0xFF,0xFF,0xFF,
    0xFF,0xFF,0xFF,0xFF,0xFF,0xFF,0xFF,0xFF,0xFF,0xFF,0xFF,0xFF,0xFF,0xFF,0xFF,0xFF,
    0xFF,0xFF,0xFF,0xFF,0xFF,0xFF,0xFF,0xFF,0xFF,0xFF,0xFF,0xFF,0xFF,0xFF,0xFF,0xFF,
    0xFF,0xFF,0xFF,0xFF,0xFF,0xFF,0xFF,0xFF,0xFF,0xFF,0xFF,0xFF,0xFF,0xFF,0xFF,0xFF,
    0xFF,0xFF,0xFF,0xFF,0xFF,0xFF,0xFF,0xFF,0xFF,0xFF,0xFF,0xFF,0xFF,0xFF,0xFF,0xFF,
    0xFF,0xFF,0xFF,0xFF,0xFF,0xFF,0xF3,0x17,0x00,0x00,0x00,0x00,0x00,0x00,0x00,0x00,
    0x00,0x81,0xFF,0xFF,0xFF,0xFF,0xFF,0xFF,0xFF,0xFF,0xFF,0xFF,0xFF,0xFF,0xFF,0xFF,
    0xFF,0xFF,0xFF,0xFF,0xFF,0xFF,0xFF,0xFF,0xFF,0xFF,0xFF,0xFF,0xFF,0xFF,0xFF,0xFF,
    0xFF,0xFF,0xFF,0xFF,0xFF,0xFF,0xFF,0xFF,0xFF,0xFF,0xFF,0xFF,0xFF,0xFF,0xFF,0xFF,
    0xFF,0xFF,0xFF,0xFF,0xFF,0xFF,0xFF,0xFF,0xFF,0xFF,0xFF,0xFF,0xFF,0xFF,0xFF,0xFF,
    0xFF,0xFF,0xFF,0xFF,0xFF,0xFF,0xFF,0xFF,0xFF,0xFF,0xFF,0xFF,0xFF,0xFF,0xFF,0xFF,
    0x81,0x00,0x00,0x00,0x00,0x00,0x00,0x00,0x00,0x00,0x00,0x0D,0xEA,0xFF,0xFF,0xFF,
    0xFF,0xFF,0xFF,0xFF,0xFF,0xFF,0xFF,0xFF,0xFF,0xFF,0xFF,0xFF,0xFF,0xFF,0xFF,0xFF,
    0xFF,0xFF,0xFF,0xFF,0xFF,0xFF,0xFF,0xFF,0xFF,0xFF,0xFF,0xFF,0xFF,0xFF,0xFF,0xFF,
    0xFF,0xFF,0xFF,0xFF,0xFF,0xFF,0xFF,0xFF,0xFF,0xFF,0xFF,0xFF,0xFF,0xFF,0xFF,0xFF,
    0xFF,0xFF,0xFF,0xFF,0xFF,0xFF,0xFF,0xFF,0xFF,0xFF,0xFF,0xFF,0xFF,0xFF,0xFF,0xFF,
    0xFF,0xFF,0xFF,0xFF,0xFF,0xFF,0xFF,0xFF,0xFF,0xEA,0x0D,0x00,0x00,0x00,0x00,0x00,
    0x00,0x00,0x00,0x00,0x00,0x00,0x66,0xFF,0xFF,0xFF,0xFF,0xFF,0xFF,0xFF,0xFF,0xFF,
    0xFF,0xFF,0xFF,0xFF,0xFF,0xFF,0xFF,0xFF,0xFF,0xFF,0xFF,0xFF,0xFF,0xFF,0xFF,0xFF,
    0xFF,0xFF,0xFF,0xFF,0xFF,0xFF,0xFF,0xFF,0xFF,0xFF,0xFF,0xFF,0xFF,0xFF,0xFF,0xFF,
    0xFF,0xFF,0xFF,0xFF,0xFF,0xFF,0xFF,0xFF,0xFF,0xFF,0xFF,0xFF,0xFF,0xFF,0xFF,0xFF,
    0xFF,0xFF,0xFF,0xFF,0xFF,0xFF,0xFF,0xFF,0xFF,0xFF,0xFF,0xFF,0xFF,0xFF,0xFF,0xFF,
    0xFF,0xFF,0xFF,0x66,0x00,0x00,0x00,0x00,0x00,0x00,0x00,0x00,0x00,0x00,0x00,0x00,
    0x02,0xBC,0xFF,0xFF,0xFF,0xFF,0xFF,0xFF,0xFF,0xFF,0xFF,0xFF,0xFF,0xFF,0xFF,0xFF,
    0xFF,0xFF,0xFF,0xFF,0xFF,0xFF,0xFF,0xFF,0xFF,0xFF,0xFF,0xFF,0xFF,0xFF,0xFF,0xFF,
    0xFF,0xFF,0xFF,0xFF,0xFF,0xFF,0xFF,0xFF,0xFF,0xFF,0xFF,0xFF,0xFF,0xFF,0xFF,0xFF,
    0xFF,0xFF,0xFF,0xFF,0xFF,0xFF,0xFF,0xFF,0xFF,0xFF,0xFF,0xFF,0xFF,0xFF,0xFF,0xFF,
    0xFF,0xFF,0xFF,0xFF,0xFF,0xFF,0xFF,0xFF,0xFF,0xFF,0xFF,0xFF,0xBC,0x02,0x00,0x00,
    0x00,0x00,0x00,0x00,0x00,0x00,0x00,0x00,0x00,0x00,0x00,0x1C,0xEF,0xFF,0xFF,0xFF,
    0xFF,0xFF,0xFF,0xFF,0xFF,0xFF,0xFF,0xFF,0xFF,0xFF,0xFF,0xFF,0xFF,0xFF,0xFF,0xFF,
    0xFF,0xFF,0xFF,0xFF,0xFF,0xFF,0xFF,0xFF,0xFF,0xFF,0xFF,0xFF,0xFF,0xFF,0xFF,0xFF,
    0xFF,0xFF,0xFF,0xFF,0xFF,0xFF,0xFF,0xFF,0xFF,0xFF,0xFF,0xFF,0xFF,0xFF,0xFF,0xFF,
    0xFF,0xFF,0xFF,0xFF,0xFF,0xFF,0xFF,0xFF,0xFF,0xFF,0xFF,0xFF,0xFF,0xFF,0xFF,0xFF,
    0xFF,0xFF,0xFF,0xFF,0xFF,0xEF,0x1C,0x00,0x00,0x00,0x00,0x00,0x00,0x00,0x00,0x00,
    0x00,0x00,0x00,0x00,0x00,0x00,0x5D,0xFF,0xFF,0xFF,0xFF,0xFF,0xFF,0xFF,0xFF,0xFF,
    0xFF,0xFF,0xFF,0xFF,0xFF,0xFF,0xFF,0xFF,0xFF,0xFF,0xFF,0xFF,0xFF,0xFF,0xFF,0xFF,
    0xFF,0xFF,0xFF,0xFF,0xFF,0xFF,0xFF,0xFF,0xFF,0xFF,0xFF,0xFF,0xFF,0xFF,0xFF,0xFF,
    0xFF,0xFF,0xFF,0xFF,0xFF,0xFF,0xFF,0xFF,0xFF,0xFF,0xFF,0xFF,0xFF,0xFF,0xFF,0xFF,
    0xFF,0xFF,0xFF,0xFF,0xFF,0xFF,0xFF,0xFF,0xFF,0xFF,0xFF,0xFF,0xFF,0xFF,0xFF,0x5D,
    0x00,0x00,0x00,0x00,0x00,0x00,0x00,0x00,0x00,0x00,0x00,0x00,0x00,0x00,0x00,0x00,
    0x00,0x9C,0xFF,0xFF,0xFF,0xFF,0xFF,0xFF,0xFF,0xFF,0xFF,0xFF,0xFF,0xFF,0xFF,0xFF,
    0xFF,0xFF,0xFF,0xFF,0xFF,0xFF,0xFF,0xFF,0xFF,0xFF,0xFF,0xFF,0xFF,0xFF,0xFF,0xFF,
    0xFF,0xFF,0xFF,0xFF,0xFF,0xFF,0xFF,0xFF,0xFF,0xFF,0xFF,0xFF,0xFF,0xFF,0xFF,0xFF,
    0xFF,0xFF,0xFF,0xFF,0xFF,0xFF,0xFF,0xFF,0xFF,0xFF,0xFF,0xFF,0xFF,0xFF,0xFF,0xFF,
    0xFF,0xFF,0xFF,0xFF,0xFF,0xFF,0xFF,0xFF,0x9C,0x00,0x00,0x00,0x00,0x00,0x00,0x00,
    0x00,0x00,0x00,0x00,0x00,0x00,0x00,0x00,0x00,0x00,0x00,0x09,0xCC,0xFF,0xFF,0xFF,
    0xFF,0xFF,0xFF,0xFF,0xFF,0xFF,0xFF,0xFF,0xFF,0xFF,0xFF,0xFF,0xFF,0xFF,0xFF,0xFF,
    0xFF,0xFF,0xFF,0xFF,0xFF,0xFF,0xFF,0xFF,0xFF,0xFF,0xFF,0xFF,0xFF,0xFF,0xFF,0xFF,
    0xFF,0xFF,0xFF,0xFF,0xFF,0xFF,0xFF,0xFF,0xFF,0xFF,0xFF,0xFF,0xFF,0xFF,0xFF,0xFF,
    0xFF,0xFF,0xFF,0xFF,0xFF,0xFF,0xFF,0xFF,0xFF,0xFF,0xFF,0xFF,0xFF,0xFF,0xFF,0xFF,
    0xFF,0xCC,0x09,0x00,0x00,0x00,0x00,0x00,0x00,0x00,0x00,0x00,0x00,0x00,0x00,0x00,
    0x00,0x00,0x00,0x00,0x00,0x00,0x19,0xDE,0xFF,0xFF,0xFF,0xFF,0xFF,0xFF,0xFF,0xFF,
    0xFF,0xFF,0xFF,0xFF,0xFF,0xFF,0xFF,0xFF,0xFF,0xFF,0xFF,0xFF,0xFF,0xFF,0xFF,0xFF,
    0xFF,0xFF,0xFF,0xFF,0xFF,0xFF,0xFF,0xFF,0xFF,0xFF,0xFF,0xFF,0xFF,0xFF,0xFF,0xFF,
    0xFF,0xFF,0xFF,0xFF,0xFF,0xFF,0xFF,0xFF,0xFF,0xFF,0xFF,0xFF,0xFF,0xFF,0xFF,0xFF,
    0xFF,0xFF,0xFF,0xFF,0xFF,0xFF,0xFF,0xFF,0xFF,0xFF,0xDE,0x19,0x00,0x00,0x00,0x00,
    0x00,0x00,0x00,0x00,0x00,0x00,0x00,0x00,0x00,0x00,0x00,0x00,0x00,0x00,0x00,0x00,
    0x00,0x26,0xE9,0xFF,0xFF,0xFF,0xFF,0xFF,0xFF,0xFF,0xFF,0xFF,0xFF,0xFF,0xFF,0xFF,
    0xFF,0xFF,0xFF,0xFF,0xFF,0xFF,0xFF,0xFF,0xFF,0xFF,0xFF,0xFF,0xFF,0xFF,0xFF,0xFF,
    0xFF,0xFF,0xFF,0xFF,0xFF,0xFF,0xFF,0xFF,0xFF,0xFF,0xFF,0xFF,0xFF,0xFF,0xFF,0xFF,
    0xFF,0xFF,0xFF,0xFF,0xFF,0xFF,0xFF,0xFF,0xFF,0xFF,0xFF,0xFF,0xFF,0xFF,0xFF,0xFF,
    0xFF,0xFF,0xFF,0xE9,0x26,0x00,0x00,0x00,0x00,0x00,0x00,0x00,0x00,0x00,0x00,0x00,
    0x00,0x00,0x00,0x00,0x00,0x00,0x00,0x00,0x00,0x00,0x00,0x00,0x34,0xF3,0xFF,0xFF,
    0xFF,0xFF,0xFF,0xFF,0xFF,0xFF,0xFF,0xFF,0xFF,0xFF,0xFF,0xFF,0xFF,0xFF,0xFF,0xFF,
    0xFF,0xFF,0xFF,0xFF,0xFF,0xFF,0xFF,0xFF,0xFF,0xFF,0xFF,0xFF,0xFF,0xFF,0xFF,0xFF,
    0xFF,0xFF,0xFF,0xFF,0xFF,0xFF,0xFF,0xFF,0xFF,0xFF,0xFF,0xFF,0xFF,0xFF,0xFF,0xFF,
    0xFF,0xFF,0xFF,0xFF,0xFF,0xFF,0xFF,0xFF,0xFF,0xFF,0xFF,0xFF,0xF3,0x34,0x00,0x00,
    0x00,0x00,0x00,0x00,0x00,0x00,0x00,0x00,0x00,0x00,0x00,0x00,0x00,0x00,0x00,0x00,
    0x00,0x00,0x00,0x00,0x00,0x00,0x00,0x34,0xE9,0xFF,0xFF,0xFF,0xFF,0xFF,0xFF,0xFF,
    0xFF,0xFF,0xFF,0xFF,0xFF,0xFF,0xFF,0xFF,0xFF,0xFF,0xFF,0xFF,0xFF,0xFF,0xFF,0xFF,
    0xFF,0xFF,0xFF,0xFF,0xFF,0xFF,0xFF,0xFF,0xFF,0xFF,0xFF,0xFF,0xFF,0xFF,0xFF,0xFF,
    0xFF,0xFF,0xFF,0xFF,0xFF,0xFF,0xFF,0xFF,0xFF,0xFF,0xFF,0xFF,0xFF,0xFF,0xFF,0xFF,
    0xFF,0xFF,0xFF,0xFF,0xFF,0xE9,0x34,0x00,0x00,0x00,0x00,0x00,0x00,0x00,0x00,0x00,
    0x00,0x00,0x00,0x00,0x00,0x00,0x00,0x00,0x00,0x00,0x00,0x00,0x00,0x00,0x00,0x00,
    0x00,0x00,0x26,0xDE,0xFF,0xFF,0xFF,0xFF,0xFF,0xFF,0xFF,0xFF,0xFF,0xFF,0xFF,0xFF,
    0xFF,0xFF,0xFF,0xFF,0xFF,0xFF,0xFF,0xFF,0xFF,0xFF,0xFF,0xFF,0xFF,0xFF,0xFF,0xFF,
    0xFF,0xFF,0xFF,0xFF,0xFF,0xFF,0xFF,0xFF,0xFF,0xFF,0xFF,0xFF,0xFF,0xFF,0xFF,0xFF,
    0xFF,0xFF,0xFF,0xFF,0xFF,0xFF,0xFF,0xFF,0xFF,0xFF,0xFF,0xFF,0xFF,0xFF,0xDE,0x26,
    0x00,0x00,0x00,0x00,0x00,0x00,0x00,0x00,0x00,0x00,0x00,0x00,0x00,0x00,0x00,0x00,
    0x00,0x00,0x00,0x00,0x00,0x00,0x00,0x00,0x00,0x00,0x00,0x00,0x00,0x19,0xCC,0xFF,
    0xFF,0xFF,0xFF,0xFF,0xFF,0xFF,0xFF,0xFF,0xFF,0xFF,0xFF,0xFF,0xFF,0xFF,0xFF,0xFF,
    0xFF,0xFF,0xFF,0xFF,0xFF,0xFF,0xFF,0xFF,0xFF,0xFF,0xFF,0xFF,0xFF,0xFF,0xFF,0xFF,
    0xFF,0xFF,0xFF,0xFF,0xFF,0xFF,0xFF,0xFF,0xFF,0xFF,0xFF,0xFF,0xFF,0xFF,0xFF,0xFF,
    0xFF,0xFF,0xFF,0xFF,0xFF,0xFF,0xFF,0xCC,0x19,0x00,0x00,0x00,0x00,0x00,0x00,0x00,
    0x00,0x00,0x00,0x00,0x00,0x00,0x00,0x00,0x00,0x00,0x00,0x00,0x00,0x00,0x00,0x00,
    0x00,0x00,0x00,0x00,0x00,0x00,0x00,0x00,0x09,0x9C,0xFF,0xFF,0xFF,0xFF,0xFF,0xFF,
    0xFF,0xFF,0xFF,0xFF,0xFF,0xFF,0xFF,0xFF,0xFF,0xFF,0xFF,0xFF,0xFF,0xFF,0xFF,0xFF,
    0xFF,0xFF,0xFF,0xFF,0xFF,0xFF,0xFF,0xFF,0xFF,0xFF,0xFF,0xFF,0xFF,0xFF,0xFF,0xFF,
    0xFF,0xFF,0xFF,0xFF,0xFF,0xFF,0xFF,0xFF,0xFF,0xFF,0xFF,0xFF,0xFF,0xFF,0xFF,0xFF,
    0x9C,0x09,0x00,0x00,0x00,0x00,0x00,0x00,0x00,0x00,0x00,0x00,0x00,0x00,0x00,0x00,
    0x00,0x00,0x00,0x00,0x00,0x00,0x00,0x00,0x00,0x00,0x00,0x00,0x00,0x00,0x00,0x00,
    0x00,0x00,0x00,0x00,0x5D,0xF0,0xFF,0xFF,0xFF,0xFF,0xFF,0xFF,0xFF,0xFF,0xFF,0xFF,
    0xFF,0xFF,0xFF,0xFF,0xFF,0xFF,0xFF,0xFF,0xFF,0xFF,0xFF,0xFF,0xFF,0xFF,0xFF,0xFF,
    0xFF,0xFF,0xFF,0xFF,0xFF,0xFF,0xFF,0xFF,0xFF,0xFF,0xFF,0xFF,0xFF,0xFF,0xFF,0xFF,
    0xFF,0xFF,0xFF,0xFF,0xFF,0xFF,0xFF,0xFF,0xF0,0x5D,0x00,0x00,0x00,0x00,0x00,0x00,
    0x00,0x00,0x00,0x00,0x00,0x00,0x00,0x00,0x00,0x00,0x00,0x00,0x00,0x00,0x00,0x00,
    0x00,0x00,0x00,0x00,0x00,0x00,0x00,0x00,0x00,0x00,0x00,0x00,0x00,0x00,0x00,0x1C,
    0xBC,0xFF,0xFF,0xFF,0xFF,0xFF,0xFF,0xFF,0xFF,0xFF,0xFF,0xFF,0xFF,0xFF,0xFF,0xFF,
    0xFF,0xFF,0xFF,0xFF,0xFF,0xFF,0xFF,0xFF,0xFF,0xFF,0xFF,0xFF,0xFF,0xFF,0xFF,0xFF,
    0xFF,0xFF,0xFF,0xFF,0xFF,0xFF,0xFF,0xFF,0xFF,0xFF,0xFF,0xFF,0xFF,0xFF,0xFF,0xFF,
    0xFF,0xBC,0x1C,0x00,0x00,0x00,0x00,0x00,0x00,0x00,0x00,0x00,0x00,0x00,0x00,0x00,
    0x00,0x00,0x00,0x00,0x00,0x00,0x00,0x00,0x00,0x00,0x00,0x00,0x00,0x00,0x00,0x00,
    0x00,0x00,0x00,0x00,0x00,0x00,0x00,0x00,0x00,0x00,0x02,0x66,0xEA,0xFF,0xFF,0xFF,
    0xFF,0xFF,0xFF,0xFF,0xFF,0xFF,0xFF,0xFF,0xFF,0xFF,0xFF,0xFF,0xFF,0xFF,0xFF,0xFF,
    0xFF,0xFF,0xFF,0xFF,0xFF,0xFF,0xFF,0xFF,0xFF,0xFF,0xFF,0xFF,0xFF,0xFF,0xFF,0xFF,
    0xFF,0xFF,0xFF,0xFF,0xFF,0xFF,0xFF,0xFF,0xFF,0xEA,0x66,0x02,0x00,0x00,0x00,0x00,
    0x00,0x00,0x00,0x00,0x00,0x00,0x00,0x00,0x00,0x00,0x00,0x00,0x00,0x00,0x00,0x00,
    0x00,0x00,0x00,0x00,0x00,0x00,0x00,0x00,0x00,0x00,0x00,0x00,0x00,0x00,0x00,0x00,
    0x00,0x00,0x00,0x00,0x00,0x00,0x0D,0x81,0xF2,0xFF,0xFF,0xFF,0xFF,0xFF,0xFF,0xFF,
    0xFF,0xFF,0xFF,0xFF,0xFF,0xFF,0xFF,0xFF,0xFF,0xFF,0xFF,0xFF,0xFF,0xFF,0xFF,0xFF,
    0xFF,0xFF,0xFF,0xFF,0xFF,0xFF,0xFF,0xFF,0xFF,0xFF,0xFF,0xFF,0xFF,0xFF,0xFF,0xFF,
    0xFF,0xF2,0x81,0x0D,0x00,0x00,0x00,0x00,0x00,0x00,0x00,0x00,0x00,0x00,0x00,0x00,
    0x00,0x00,0x00,0x00,0x00,0x00,0x00,0x00,0x00,0x00,0x00,0x00,0x00,0x00,0x00,0x00,
    0x00,0x00,0x00,0x00,0x00,0x00,0x00,0x00,0x00,0x00,0x00,0x00,0x00,0x00,0x00,0x00,
    0x00,0x00,0x17,0x8E,0xF4,0xFF,0xFF,0xFF,0xFF,0xFF,0xFF,0xFF,0xFF,0xFF,0xFF,0xFF,
    0xFF,0xFF,0xFF,0xFF,0xFF,0xFF,0xFF,0xFF,0xFF,0xFF,0xFF,0xFF,0xFF,0xFF,0xFF,0xFF,
    0xFF,0xFF,0xFF,0xFF,0xFF,0xFF,0xFF,0xFF,0xFF,0xF4,0x8E,0x17,0x00,0x00,0x00,0x00,
    0x00,0x00,0x00,0x00,0x00,0x00,0x00,0x00,0x00,0x00,0x00,0x00,0x00,0x00,0x00,0x00,
    0x00,0x00,0x00,0x00,0x00,0x00,0x00,0x00,0x00,0x00,0x00,0x00,0x00,0x00,0x00,0x00,
    0x00,0x00,0x00,0x00,0x00,0x00,0x00,0x00,0x00,0x00,0x00,0x00,0x00,0x00,0x14,0x7A,
    0xDC,0xFF,0xFF,0xFF,0xFF,0xFF,0xFF,0xFF,0xFF,0xFF,0xFF,0xFF,0xFF,0xFF,0xFF,0xFF,
    0xFF,0xFF,0xFF,0xFF,0xFF,0xFF,0xFF,0xFF,0xFF,0xFF,0xFF,0xFF,0xFF,0xFF,0xFF,0xFF,
    0xFF,0xDC,0x7A,0x14,0x00,0x00,0x00,0x00,0x00,0x00,0x00,0x00,0x00,0x00,0x00,0x00,
    0x00,0x00,0x00,0x00,0x00,0x00,0x00,0x00,0x00,0x00,0x00,0x00,0x00,0x00,0x00,0x00,
    0x00,0x00,0x00,0x00,0x00,0x00,0x00,0x00,0x00,0x00,0x00,0x00,0x00,0x00,0x00,0x00,
    0x00,0x00,0x00,0x00,0x00,0x00,0x00,0x00,0x00,0x00,0x01,0x3B,0x95,0xE4,0xFF,0xFF,
    0xFF,0xFF,0xFF,0xFF,0xFF,0xFF,0xFF,0xFF,0xFF,0xFF,0xFF,0xFF,0xFF,0xFF,0xFF,0xFF,
    0xFF,0xFF,0xFF,0xFF,0xFF,0xFF,0xFF,0xFF,0xE4,0x95,0x3B,0x01,0x00,0x00,0x00,0x00,
    0x00,0x00,0x00,0x00,0x00,0x00,0x00,0x00,0x00,0x00,0x00,0x00,0x00,0x00,0x00,0x00,
    0x00,0x00,0x00,0x00,0x00,0x00,0x00,0x00,0x00,0x00,0x00,0x00,0x00,0x00,0x00,0x00,
    0x00,0x00,0x00,0x00,0x00,0x00,0x00,0x00,0x00,0x00,0x00,0x00,0x00,0x00,0x00,0x00,
    0x00,0x00,0x00,0x00,0x00,0x00,0x00,0x01,0x34,0x82,0xC5,0xF9,0xFF,0xFF,0xFF,0xFF,
    0xFF,0xFF,0xFF,0xFF,0xFF,0xFF,0xFF,0xFF,0xFF,0xFF,0xFF,0xFF,0xFF,0xFF,0xF9,0xC5,
    0x82,0x34,0x01,0x00,0x00,0x00,0x00,0x00,0x00,0x00,0x00,0x00,0x00,0x00,0x00,0x00,
    0x00,0x00,0x00,0x00,0x00,0x00,0x00,0x00,0x00,0x00,0x00,0x00,0x00,0x00,0x00,0x00,
    0x00,0x00,0x00,0x00,0x00,0x00,0x00,0x00,0x00,0x00,0x00,0x00,0x00,0x00,0x00,0x00,
    0x00,0x00,0x00,0x00,0x00,0x00,0x00,0x00,0x00,0x00,0x00,0x00,0x00,0x00,0x00,0x00,
    0x00,0x00,0x00,0x00,0x00,0x09,0x37,0x63,0x8A,0xAC,0xC7,0xDC,0xEE,0xF9,0xFF,0xFF,
    0xF9,0xEE,0xDC,0xC7,0xAC,0x8A,0x63,0x37,0x09,0x00,0x00,0x00,0x00,0x00,0x00,0x00,
    0x00,0x00,0x00,0x00,0x00,0x00,0x00,0x00,0x00,0x00,0x00,0x00,0x00,0x00,0x00,0x00,
    0x00,0x00,0x00,0x00,0x00,0x00,0x00,0x00,0x00,0x00,0x00,0x00,
};

const lv_image_dsc_t app_icon_clock = {
    .header = {
        .magic  = LV_IMAGE_HEADER_MAGIC,
        .cf     = LV_COLOR_FORMAT_RGB565A8,
        .flags  = 0,
        .w      = 90,
        .h      = 90,
        .stride = 180,
    },
    .data_size = sizeof(app_icon_clock_map),
    .data      = app_icon_clock_map,
};
