/* Generated by tools/mkassets.py. Do not edit by hand. */
#include "lvgl.h"

static const uint8_t app_icon_mouse_map[] = {
    0x00,0x00,0x00,0x00,0x00,0x00,0x00,0x00,0x00,0x00,0x00,0x00,0x00,0x00,0x00,0x00,
    0x00,0x00,0x00,0x00,0x00,0x00,0x00,0x00,0x00,0x00,0x00,0x00,0x00,0x00,0x00,0x00,
    0x00,0x00,0x00,0x00,0x00,0x00,0x00,0x00,0x00,0x00,0x00,0x00,0x00,0x00,0x00,0x00,
    0x00,0x00,0x00,0x00,0x00,0x00,0x00,0x00,0x00,0x00,0x5F,0x55,0xFF,0x3B,0x00,0x00,
    0x00,0x00,0x00,0x00,0xFF,0x7B,0x5E,0x4C,0x7F,0x4C,0x5E,0x4C,0x7E,0x4C,0x7E,0x4C,
    0x7E,0x4C,0x5E,0x4C,0x5E,0x4C,0x7E,0x4C,0x7E,0x4C,0x7E,0x4C,0x7E,0x4C,0x5E,0x4C,
    0x5E,0x4C,0x7E,0x4C,0x7E,0x4C,0x7E,0x4C,0x5E,0x4C,0x7F,0x4C,0x5E,0x4C,0xFF,0x7B,
    0x00,0x00,0x00,0x00,0x00,0x00,0xFF,0x3B,0x5F,0x55,0x00,0x00,0x00,0x00,0x00,0x00,
    0x00,0x00,0x00,0x00,0x00,0x00,0x00,0x00,0x00,0x00,0x00,0x00,0x00,0x00,0x00,0x00,
    0x00,0x00,0x00,0x00,0x00,0x00,0x00,0x00,0x00,0x00,0x00,0x00,0x00,0x00,0x00,0x00,
    0x00,0x00,0x00,0x00,0x00,0x00,0x00,0x00,0x00,0x00,0x00,0x00,0x00,0x00,0x00,0x00,
    0x00,0x00,0x00,0x00,0x00,0x00,0x00,0x00,0x00,0x00,0x00,0x00,0x00,0x00,0x00,0x00,
    0x00,0x00,0x00,0x00,0x00,0x00,0x00,0x00,0x00,0x00,0x00,0x00,0x00,0x00,0x00,0x00,
    0x00,0x00,0x00,0x00,0x00,0x00,0x00,0x00,0x00,0x00,0x00,0x00,0x00,0x00,0x00,0x00,
    0x00,0x00,0x00,0x00,0x00,0x00,0x00,0x00,0xFF,0x7B,0xFF,0x7B,0x00,0x00,0x00,0x00,
    0x00,0x00,0x5D,0x44,0x5E,0x4C,0x5E,0x4C,0x7E,0x4C,0x5E,0x4C,0x7E,0x4C,0x9F,0x54,
    0x9F,0x54,0x7F,0x4C,0x7E,0x4C,0x7E,0x4C,0x7E,0x4C,0x7E,0x4C,0x7E,0x4C,0x7E,0x4C,
    0x7E,0x4C,0x7E,0x4C,0x7E,0x4C,0x7E,0x4C,0x7F,0x4C,0x9F,0x54,0x9F,0x54,0x7E,0x4C,
    0x5E,0x4C,0x7E,0x4C,0x5E,0x4C,0x5E,0x4C,0x5D,0x44,0x00,0x00,0x00,0x00,0x00,0x00,
    0xFF,0x7B,0xFF,0x7B,0x00,0x00,0x00,0x00,0x00,0x00,0x00,0x00,0x00,0x00,0x00,0x00,
    0x00,0x00,0x00,0x00,0x00,0x00,0x00,0x00,0x00,0x00,0x00,0x00,0x00,0x00,0x00,0x00,
    0x00,0x00,0x00,0x00,0x00,0x00,0x00,0x00,0x00,0x00,0x00,0x00,0x00,0x00,0x00,0x00,
    0x00,0x00,0x00,0x00,0x00,0x00,0x00,0x00,0x00,0x00,0x00,0x00,0x00,0x00,0x00,0x00,
    0x00,0x00,0x00,0x00,0x00,0x00,0x00,0x00,0x00,0x00,0x00,0x00,0x00,0x00,0x00,0x00,
    0x00,0x00,0x00,0x00,0x00,0x00,0x00,0x00,0x00,0x00,0x00,0x00,0x00,0x00,0x00,0x00,
    0x00,0x00,0x00,0x00,0x00,0x00,0x00,0x00,0x5F,0x55,0xDF,0x64,0x00,0x00,0x00,0x00,
    0x7F,0x54,0x7E,0x4C,0x7E,0x4C,0x7E,0x4C,0x5E,0x4C,0xBF,0x54,0x9F,0x54,0x7F,0x4C,
    0x7E,0x4C,0x7E,0x4C,0x5E,0x4C,0x5E,0x4C,0x7E,0x4C,0x5E,0x4C,0x7E,0x4C,0x7E,0x4C,
    0x7E,0x4C,0x7E,0x4C,0x7E,0x4C,0x7E,0x4C,0x5E,0x4C,0x7E,0x4C,0x5E,0x4C,0x5E,0x4C,
    0x7E,0x4C,0x7E,0x4C,0x7F,0x4C,0x9F,0x54,0xBF,0x54,0x5E,0x4C,0x7E,0x4C,0x7E,0x4C,
    0x7E,0x4C,0x7F,0x54,0x00,0x00,0x00,0x00,0xDF,0x64,0x5F,0x55,0x00,0x00,0x00,0x00,
    0x00,0x00,0x00,0x00,0x00,0x00,0x00,0x00,0x00,0x00,0x00,0x00,0x00,0x00,0x00,0x00,
    0x00,0x00,0x00,0x00,0x00,0x00,0x00,0x00,0x00,0x00,0x00,0x00,0x00,0x00,0x00,0x00,
    0x00,0x00,0x00,0x00,0x00,0x00,0x00,0x00,0x00,0x00,0x00,0x00,0x00,0x00,0x00,0x00,
    0x00,0x00,0x00,0x00,0x00,0x00,0x00,0x00,0x00,0x00,0x00,0x00,0x00,0x00,0x00,0x00,
    0x00,0x00,0x00,0x00,0x00,0x00,0x00,0x00,0x00,0x00,0x00,0x00,0x00,0x00,0x00,0x00,
    0x00,0x00,0x00,0x00,0x00,0x00,0x00,0x00,0xFF,0x07,0xFF,0x3B,0x00,0x00,0x00,0x00,
    0x5E,0x4C,0x7E,0x4C,0x7E,0x4C,0x7E,0x4C,0x9F,0x54,0x9F,0x54,0x5E,0x4C,0x5E,0x4C,
    0x7E,0x4C,0x7E,0x4C,0x5E,0x4C,0x7E,0x4C,0x7E,0x4C,0x7E,0x4C,0x7E,0x4C,0x7E,0x4C,
    0x7E,0x4C,0x7E,0x4C,0x7E,0x4C,0x7E,0x4C,0x7E,0x4C,0x7E,0x4C,0x7E,0x4C,0x7E,0x4C,
    0x7E,0x4C,0x7E,0x4C,0x7E,0x4C,0x5E,0x4C,0x7E,0x4C,0x7E,0x4C,0x5E,0x4C,0x5E,0x4C,
    0x9F,0x54,0x9F,0x54,0x7E,0x4C,0x7E,0x4C,0x7E,0x4C,0x5E,0x4C,0x00,0x00,0x00,0x00,
    0xFF,0x3B,0xFF,0x07,0x00,0x00,0x00,0x00,0x00,0x00,0x00,0x00,0x00,0x00,0x00,0x00,
    0x00,0x00,0x00,0x00,0x00,0x00,0x00,0x00,0x00,0x00,0x00,0x00,0x00,0x00,0x00,0x00,
    0x00,0x00,0x00,0x00,0x00,0x00,0x00,0x00,0x00,0x00,0x00,0x00,0x00,0x00,0x00,0x00,
    0x00,0x00,0x00,0x00,0x00,0x00,0x00,0x00,0x00,0x00,0x00,0x00,0x00,0x00,0x00,0x00,
    0x00,0x00,0x00,0x00,0x00,0x00,0x00,0x00,0x00,0x00,0x00,0x00,0x00,0x00,0x00,0x00,
    0x00,0x00,0x00,0x00,0x00,0x00,0x00,0x00,0x1F,0x00,0x5F,0x55,0x00,0x00,0x00,0x00,
    0x5E,0x4C,0x7E,0x4C,0x7E,0x4C,0x9F,0x54,0x7F,0x4C,0x5E,0x4C,0x5E,0x4C,0x7E,0x4C,
    0x7E,0x4C,0x7E,0x4C,0x7E,0x4C,0x7E,0x4C,0x7E,0x4C,0x7E,0x4C,0x7E,0x4C,0x7E,0x4C,
    0x7E,0x4C,0x7E,0x4C,0x7E,0x4C,0x7E,0x4C,0x7E,0x4C,0x7E,0x4C,0x7E,0x4C,0x7E,0x4C,
    0x7E,0x4C,0x7E,0x4C,0x7E,0x4C,0x7E,0x4C,0x7E,0x4C,0x7E,0x4C,0x7E,0x4C,0x7E,0x4C,
    0x7E,0x4C,0x7E,0x4C,0x7E,0x4C,0x5E,0x4C,0x5E,0x4C,0x7F,0x4C,0x9F,0x54,0x7E,0x4C,
    0x7E,0x4C,0x5E,0x4C,0x00,0x00,0x00,0x00,0x5F,0x55,0x1F,0x00,0x00,0x00,0x00,0x00,
    0x00,0x00,0x00,0x00,0x00,0x00,0x00,0x00,0x00,0x00,0x00,0x00,0x00,0x00,0x00,0x00,
    0x00,0x00,0x00,0x00,0x00,0x00,0x00,0x00,0x00,0x00,0x00,0x00,0x00,0x00,0x00,0x00,
    0x00,0x00,0x00,0x00,0x00,0x00,0x00,0x00,0x00,0x00,0x00,0x00,0x00,0x00,0x00,0x00,
    0x00,0x00,0x00,0x00,0x00,0x00,0x00,0x00,0x00,0x00,0x00,0x00,0x00,0x00,0x00,0x00,
    0x00,0x00,0x00,0x00,0x00,0x00,0x00,0x00,0x00,0x00,0x5F,0x55,0xFF,0x03,0x00,0x00,
    0x3E,0x4C,0x7E,0x4C,0x7E,0x4C,0xBF,0x54,0x7F,0x4C,0x7E,0x4C,0x7E,0x4C,0x7E,0x4C,
    0x7E,0x4C,0x7E,0x4C,0x7E,0x4C,0x7E,0x4C,0x7E,0x4C,0x7E,0x4C,0x7E,0x4C,0x7E,0x4C,
    0x7E,0x4C,0x7E,0x4C,0x7E,0x4C,0x7E,0x4C,0x7E,0x4C,0x7E,0x4C,0x7E,0x4C,0x7E,0x4C,
    0x7E,0x4C,0x7E,0x4C,0x7E,0x4C,0x7E,0x4C,0x7E,0x4C,0x7E,0x4C,0x7E,0x4C,0x7E,0x4C,
    0x7E,0x4C,0x7E,0x4C,0x7E,0x4C,0x7E,0x4C,0x7E,0x4C,0x7E,0x4C,0x7E,0x4C,0x7E,0x4C,
    0x7E,0x4C,0x7F,0x4C,0xBF,0x54,0x7E,0x4C,0x7E,0x4C,0x3E,0x4C,0x00,0x00,0xFF,0x03,
    0x5F,0x55,0x00,0x00,0x00,0x00,0x00,0x00,0x00,0x00,0x00,0x00,0x00,0x00,0x00,0x00,
    0x00,0x00,0x00,0x00,0x00,0x00,0x00,0x00,0x00,0x00,0x00,0x00,0x00,0x00,0x00,0x00,
    0x00,0x00,0x00,0x00,0x00,0x00,0x00,0x00,0x00,0x00,0x00,0x00,0x00,0x00,0x00,0x00,
    0x00,0x00,0x00,0x00,0x00,0x00,0x00,0x00,0x00,0x00,0x00,0x00,0x00,0x00,0x00,0x00,
    0x00,0x00,0x00,0x00,0x00,0x00,0x00,0x00,0x00,0x00,0x00,0x00,0xFF,0x3B,0x00,0x00,
    0xDF,0x34,0x7E,0x4C,0x7E,0x4C,0x9F,0x54,0x7F,0x4C,0x5E,0x4C,0x7E,0x4C,0x7E,0x4C,
    0x7E,0x4C,0x7E,0x4C,0x7E,0x4C,0x7E,0x4C,0x7E,0x4C,0x7E,0x4C,0x7E,0x4C,0x7E,0x4C,
    0x7E,0x4C,0x7E,0x4C,0x7E,0x4C,0x7E,0x4C,0x7E,0x4C,0x7E,0x4C,0x7E,0x4C,0x7E,0x4C,
    0x7E,0x4C,0x7E,0x4C,0x7E,0x4C,0x7E,0x4C,0x7E,0x4C,0x7E,0x4C,0x7E,0x4C,0x7E,0x4C,
    0x7E,0x4C,0x7E,0x4C,0x7E,0x4C,0x7E,0x4C,0x7E,0x4C,0x7E,0x4C,0x7E,0x4C,0x7E,0x4C,
    0x7E,0x4C,0x7E,0x4C,0x7E,0x4C,0x7E,0x4C,0x5E,0x4C,0x7F,0x4C,0x9F,0x54,0x7E,0x4C,
    0x7E,0x4C,0xDF,0x34,0x00,0x00,0xFF,0x3B,0x00,0x00,0x00,0x00,0x00,0x00,0x00,0x00,
    0x00,0x00,0x00,0x00,0x00,0x00,0x00,0x00,0x00,0x00,0x00,0x00,0x00,0x00,0x00,0x00,
    0x00,0x00,0x00,0x00,0x00,0x00,0x00,0x00,0x00,0x00,0x00,0x00,0x00,0x00,0x00,0x00,
    0x00,0x00,0x00,0x00,0x00,0x00,0x00,0x00,0x00,0x00,0x00,0x00,0x00,0x00,0x00,0x00,
    0x00,0x00,0x00,0x00,0x00,0x00,0x00,0x00,0x00,0x00,0x00,0x00,0xFF,0x03,0xBF,0x52,
    0x00,0x00,0x7F,0x4C,0x7E,0x4C,0x9F,0x54,0x7F,0x4C,0x5E,0x4C,0x5E,0x4C,0x7E,0x4C,
    0x7E,0x4C,0x7E,0x4C,0x7E,0x4C,0x7E,0x4C,0x7E,0x4C,0x7E,0x4C,0x7E,0x4C,0x7E,0x4C,
    0x7E,0x4C,0x7E,0x4C,0x7E,0x4C,0x7E,0x4C,0x7E,0x4C,0x7E,0x4C,0x7E,0x4C,0x7E,0x4C,
    0x7E,0x4C,0x7E,0x4C,0x7E,0x4C,0x7E,0x4C,0x7E,0x4C,0x7E,0x4C,0x7E,0x4C,0x7E,0x4C,
    0x7E,0x4C,0x7E,0x4C,0x7E,0x4C,0x7E,0x4C,0x7E,0x4C,0x7E,0x4C,0x7E,0x4C,0x7E,0x4C,
    0x7E,0x4C,0x7E,0x4C,0x7E,0x4C,0x7E,0x4C,0x7E,0x4C,0x7E,0x4C,0x7E,0x4C,0x5E,0x4C,
    0x5E,0x4C,0x7F,0x4C,0x9F,0x54,0x7E,0x4C,0x7F,0x4C,0x00,0x00,0xBF,0x52,0xFF,0x03,
    0x00,0x00,0x00,0x00,0x00,0x00,0x00,0x00,0x00,0x00,0x00,0x00,0x00,0x00,0x00,0x00,
    0x00,0x00,0x00,0x00,0x00,0x00,0x00,0x00,0x00,0x00,0x00,0x00,0x00,0x00,0x00,0x00,
    0x00,0x00,0x00,0x00,0x00,0x00,0x00,0x00,0x00,0x00,0x00,0x00,0x00,0x00,0x00,0x00,
    0x00,0x00,0x00,0x00,0x00,0x00,0x00,0x00,0x00,0x00,0x00,0x00,0x00,0x00,0xBF,0x52,
    0x00,0x00,0x00,0x00,0x7E,0x4C,0x7E,0x4C,0x9F,0x54,0x7E,0x4C,0x7E,0x4C,0x7E,0x4C,
    0x7E,0x4C,0x7E,0x4C,0x7E,0x4C,0x7E,0x4C,0x7E,0x4C,0x7E,0x4C,0x7E,0x4C,0x7E,0x4C,
    0x7E,0x4C,0x7E,0x4C,0x7E,0x4C,0x7E,0x4C,0x7E,0x4C,0x7E,0x4C,0x7E,0x4C,0x7E,0x4C,
    0x7E,0x4C,0x7E,0x4C,0x7E,0x4C,0x7E,0x4C,0x7E,0x4C,0x7E,0x4C,0x7E,0x4C,0x7E,0x4C,
    0x7E,0x4C,0x7E,0x4C,0x7E,0x4C,0x7E,0x4C,0x7E,0x4C,0x7E,0x4C,0x7E,0x4C,0x7E,0x4C,
    0x7E,0x4C,0x7E,0x4C,0x7E,0x4C,0x7E,0x4C,0x7E,0x4C,0x7E,0x4C,0x7E,0x4C,0x7E,0x4C,
    0x7E,0x4C,0x7E,0x4C,0x7E,0x4C,0x7E,0x4C,0x7E,0x4C,0x9F,0x54,0x7E,0x4C,0x7E,0x4C,
    0x00,0x00,0x00,0x00,0xBF,0x52,0x00,0x00,0x00,0x00,0x00,0x00,0x00,0x00,0x00,0x00,
    0x00,0x00,0x00,0x00,0x00,0x00,0x00,0x00,0x00,0x00,0x00,0x00,0x00,0x00,0x00,0x00,
    0x00,0x00,0x00,0x00,0x00,0x00,0x00,0x00,0x00,0x00,0x00,0x00,0x00,0x00,0x00,0x00,
    0x00,0x00,0x00,0x00,0x00,0x00,0x00,0x00,0x00,0x00,0x00,0x00,0x00,0x00,0x00,0x00,
    0x5F,0x55,0x00,0x00,0xFD,0x53,0x7E,0x4C,0x7F,0x4C,0x7F,0x4C,0x5E,0x4C,0x7E,0x4C,
    0x7E,0x4C,0x7E,0x4C,0x7E,0x4C,0x7E,0x4C,0x7E,0x4C,0x7E,0x4C,0x7E,0x4C,0x7E,0x4C,
    0x7E,0x4C,0x7E,0x4C,0x7E,0x4C,0x7E,0x4C,0x7E,0x4C,0x7E,0x4C,0x7E,0x4C,0x7E,0x4C,
    0x7E,0x4C,0x7E,0x4C,0x7E,0x4C,0x7E,0x4C,0x7E,0x4C,0x7E,0x4C,0x7E,0x4C,0x7E,0x4C,
    0x7E,0x4C,0x7E,0x4C,0x7E,0x4C,0x7E,0x4C,0x7E,0x4C,0x7E,0x4C,0x7E,0x4C,0x7E,0x4C,
    0x7E,0x4C,0x7E,0x4C,0x7E,0x4C,0x7E,0x4C,0x7E,0x4C,0x7E,0x4C,0x7E,0x4C,0x7E,0x4C,
    0x7E,0x4C,0x7E,0x4C,0x7E,0x4C,0x7E,0x4C,0x7E,0x4C,0x7E,0x4C,0x7E,0x4C,0x5E,0x4C,
    0x7F,0x4C,0x7F,0x4C,0x7E,0x4C,0xFD,0x53,0x00,0x00,0x5F,0x55,0x00,0x00,0x00,0x00,
    0x00,0x00,0x00,0x00,0x00,0x00,0x00,0x00,0x00,0x00,0x00,0x00,0x00,0x00,0x00,0x00,
    0x00,0x00,0x00,0x00,0x00,0x00,0x00,0x00,0x00,0x00,0x00,0x00,0x00,0x00,0x00,0x00,
    0x00,0x00,0x00,0x00,0x00,0x00,0x00,0x00,0x00,0x00,0x00,0x00,0x00,0x00,0x00,0x00,
    0x00,0x00,0xFF,0x3B,0x00,0x00,0x5E,0x4C,0x7E,0x4C,0x9F,0x54,0x5E,0x4C,0x7E,0x4C,
    0x7E,0x4C,0x7E,0x4C,0x7E,0x4C,0x7E,0x4C,0x7E,0x4C,0x7E,0x4C,0x7E,0x4C,0x7E,0x4C,
    0x7E,0x4C,0x7E,0x4C,0x7E,0x4C,0x7E,0x4C,0x7E,0x4C,0x7E,0x4C,0x7E,0x4C,0x7E,0x4C,
    0x7E,0x4C,0x7E,0x4C,0x7E,0x4C,0x7E,0x4C,0x7E,0x4C,0x7E,0x4C,0x7E,0x4C,0x7E,0x4C,
    0x7E,0x4C,0x7E,0x4C,0x7E,0x4C,0x7E,0x4C,0x7E,0x4C,0x7E,0x4C,0x7E,0x4C,0x7E,0x4C,
    0x7E,0x4C,0x7E,0x4C,0x7E,0x4C,0x7E,0x4C,0x7E,0x4C,0x7E,0x4C,0x7E,0x4C,0x7E,0x4C,
    0x7E,0x4C,0x7E,0x4C,0x7E,0x4C,0x7E,0x4C,0x7E,0x4C,0x7E,0x4C,0x7E,0x4C,0x7E,0x4C,
    0x7E,0x4C,0x7E,0x4C,0x7E,0x4C,0x5E,0x4C,0x9F,0x54,0x7E,0x4C,0x5E,0x4C,0x00,0x00,
    0xFF,0x3B,0x00,0x00,0x00,0x00,0x00,0x00,0x00,0x00,0x00,0x00,0x00,0x00,0x00,0x00,
    0x00,0x00,0x00,0x00,0x00,0x00,0x00,0x00,0x00,0x00,0x00,0x00,0x00,0x00,0x00,0x00,
    0x00,0x00,0x00,0x00,0x00,0x00,0x00,0x00,0x00,0x00,0x00,0x00,0x00,0x00,0x00,0x00,
    0x00,0x00,0x00,0x00,0xFF,0x3B,0x00,0x00,0x3D,0x4C,0x7E,0x4C,0x9F,0x54,0x5E,0x4C,
    0x7E,0x4C,0x7E,0x4C,0x7E,0x4C,0x7E,0x4C,0x7E,0x4C,0x7E,0x4C,0x7E,0x4C,0x7E,0x4C,
    0x7E,0x4C,0x7E,0x4C,0x7E,0x4C,0x7E,0x4C,0x7E,0x4C,0x7E,0x4C,0x7E,0x4C,0x7E,0x4C,
    0x7E,0x4C,0x7E,0x4C,0x7E,0x4C,0x7E,0x4C,0x7E,0x4C,0x7E,0x4C,0x7E,0x4C,0x7E,0x4C,
    0x7E,0x4C,0x7E,0x4C,0x7E,0x4C,0x7E,0x4C,0x7E,0x4C,0x7E,0x4C,0x7E,0x4C,0x7E,0x4C,
    0x7E,0x4C,0x7E,0x4C,0x7E,0x4C,0x7E,0x4C,0x7E,0x4C,0x7E,0x4C,0x7E,0x4C,0x7E,0x4C,
    0x7E,0x4C,0x7E,0x4C,0x7E,0x4C,0x7E,0x4C,0x7E,0x4C,0x7E,0x4C,0x7E,0x4C,0x7E,0x4C,
    0x7E,0x4C,0x7E,0x4C,0x7E,0x4C,0x7E,0x4C,0x7E,0x4C,0x7E,0x4C,0x5E,0x4C,0x9F,0x54,
    0x7E,0x4C,0x3D,0x4C,0x00,0x00,0xFF,0x3B,0x00,0x00,0x00,0x00,0x00,0x00,0x00,0x00,
    0x00,0x00,0x00,0x00,0x00,0x00,0x00,0x00,0x00,0x00,0x00,0x00,0x00,0x00,0x00,0x00,
    0x00,0x00,0x00,0x00,0x00,0x00,0x00,0x00,0x00,0x00,0x00,0x00,0x00,0x00,0x00,0x00,
    0x00,0x00,0x00,0x00,0x00,0x00,0xFF,0x39,0x00,0x00,0x5D,0x4C,0x7F,0x4C,0x9F,0x54,
    0x7E,0x4C,0x7E,0x4C,0x7E,0x4C,0x7E,0x4C,0x7E,0x4C,0x7E,0x4C,0x7E,0x4C,0x7E,0x4C,
    0x7E,0x4C,0x7E,0x4C,0x7E,0x4C,0x7E,0x4C,0x7E,0x4C,0x7E,0x4C,0x7E,0x4C,0x7E,0x4C,
    0x7E,0x4C,0x7E,0x4C,0x7E,0x4C,0x7E,0x4C,0x7E,0x4C,0x7E,0x4C,0x7E,0x4C,0x7E,0x4C,
    0x7E,0x4C,0x7E,0x4C,0x7E,0x4C,0x7E,0x4C,0x7E,0x4C,0x7E,0x4C,0x7E,0x4C,0x7E,0x4C,
    0x7E,0x4C,0x7E,0x4C,0x7E,0x4C,0x7E,0x4C,0x7E,0x4C,0x7E,0x4C,0x7E,0x4C,0x7E,0x4C,
    0x7E,0x4C,0x7E,0x4C,0x7E,0x4C,0x7E,0x4C,0x7E,0x4C,0x7E,0x4C,0x7E,0x4C,0x7E,0x4C,
    0x7E,0x4C,0x7E,0x4C,0x7E,0x4C,0x7E,0x4C,0x7E,0x4C,0x7E,0x4C,0x7E,0x4C,0x7E,0x4C,
    0x7E,0x4C,0x7E,0x4C,0x9F,0x54,0x7F,0x4C,0x5D,0x4C,0x00,0x00,0xFF,0x39,0x00,0x00,
    0x00,0x00,0x00,0x00,0x00,0x00,0x00,0x00,0x00,0x00,0x00,0x00,0x00,0x00,0x00,0x00,
    0x00,0x00,0x00,0x00,0x00,0x00,0x00,0x00,0x00,0x00,0x00,0x00,0x00,0x00,0x00,0x00,
    0x00,0x00,0x00,0x00,0x00,0x00,0x00,0x00,0x5F,0x55,0x00,0x00,0x3D,0x4C,0x7F,0x54,
    0x9F,0x54,0x5E,0x4C,0x7E,0x4C,0x7E,0x4C,0x7E,0x4C,0x7E,0x4C,0x7E,0x4C,0x7E,0x4C,
    0x7E,0x4C,0x7E,0x4C,0x7E,0x4C,0x7E,0x4C,0x7E,0x4C,0x7E,0x4C,0x7E,0x4C,0x7E,0x4C,
    0x7E,0x4C,0x7E,0x4C,0x7E,0x4C,0x7E,0x4C,0x7E,0x4C,0x7E,0x4C,0x7E,0x4C,0x7E,0x4C,
    0x7E,0x4C,0x7E,0x4C,0x7E,0x4C,0x7E,0x4C,0x7E,0x4C,0x7E,0x4C,0x7E,0x4C,0x7E,0x4C,
    0x7E,0x4C,0x7E,0x4C,0x7E,0x4C,0x7E,0x4C,0x7E,0x4C,0x7E,0x4C,0x7E,0x4C,0x7E,0x4C,
    0x7E,0x4C,0x7E,0x4C,0x7E,0x4C,0x7E,0x4C,0x7E,0x4C,0x7E,0x4C,0x7E,0x4C,0x7E,0x4C,
    0x7E,0x4C,0x7E,0x4C,0x7E,0x4C,0x7E,0x4C,0x7E,0x4C,0x7E,0x4C,0x7E,0x4C,0x7E,0x4C,
    0x7E,0x4C,0x7E,0x4C,0x7E,0x4C,0x7E,0x4C,0x5E,0x4C,0x9F,0x54,0x7F,0x54,0x3D,0x4C,
    0x00,0x00,0x5F,0x55,0x00,0x00,0x00,0x00,0x00,0x00,0x00,0x00,0x00,0x00,0x00,0x00,
    0x00,0x00,0x00,0x00,0x00,0x00,0x00,0x00,0x00,0x00,0x00,0x00,0x00,0x00,0x00,0x00,
    0x00,0x00,0x00,0x00,0x00,0x00,0x00,0x00,0x00,0x00,0xFF,0x7B,0x00,0x00,0x3E,0x4C,
    0x5E,0x4C,0x9F,0x54,0x5E,0x4C,0x7E,0x4C,0x7E,0x4C,0x7E,0x4C,0x7E,0x4C,0x7E,0x4C,
    0x7E,0x4C,0x7E,0x4C,0x7E,0x4C,0x7E,0x4C,0x7E,0x4C,0x7E,0x4C,0x7E,0x4C,0x7E,0x4C,
    0x7E,0x4C,0x7E,0x4C,0x7E,0x4C,0x7E,0x4C,0x7E,0x4C,0x7E,0x4C,0x7E,0x4C,0x7E,0x4C,
    0x7E,0x4C,0x7E,0x4C,0x7E,0x4C,0x7E,0x4C,0x7E,0x4C,0x7E,0x4C,0x7E,0x4C,0x7E,0x4C,
    0x7E,0x4C,0x7E,0x4C,0x7E,0x4C,0x7E,0x4C,0x7E,0x4C,0x7E,0x4C,0x7E,0x4C,0x7E,0x4C,
    0x7E,0x4C,0x7E,0x4C,0x7E,0x4C,0x7E,0x4C,0x7E,0x4C,0x7E,0x4C,0x7E,0x4C,0x7E,0x4C,
    0x7E,0x4C,0x7E,0x4C,0x7E,0x4C,0x7E,0x4C,0x7E,0x4C,0x7E,0x4C,0x7E,0x4C,0x7E,0x4C,
    0x7E,0x4C,0x7E,0x4C,0x7E,0x4C,0x7E,0x4C,0x7E,0x4C,0x7E,0x4C,0x7E,0x4C,0x5E,0x4C,
    0x9F,0x54,0x5E,0x4C,0x3E,0x4C,0x00,0x00,0xFF,0x7B,0x00,0x00,0x00,0x00,0x00,0x00,
    0x00,0x00,0x00,0x00,0x00,0x00,0x00,0x00,0x00,0x00,0x00,0x00,0x00,0x00,0x00,0x00,
    0x00,0x00,0x00,0x00,0x00,0x00,0x00,0x00,0x00,0x00,0x00,0x00,0xFF,0x7F,0x00,0x00,
    0x7D,0x4C,0x7F,0x4C,0x9F,0x4C,0x5E,0x4C,0x7E,0x4C,0x7E,0x4C,0x7E,0x4C,0x7E,0x4C,
    0x7E,0x4C,0x7E,0x4C,0x7E,0x4C,0x7E,0x4C,0x7E,0x4C,0x7E,0x4C,0x7E,0x4C,0x7E,0x4C,
    0x7E,0x4C,0x7E,0x4C,0x7E,0x4C,0x7E,0x4C,0x7E,0x4C,0x7E,0x4C,0x7E,0x4C,0x7E,0x4C,
    0x7E,0x4C,0x7E,0x4C,0x7E,0x4C,0x7E,0x4C,0x7E,0x4C,0x7E,0x4C,0x7E,0x4C,0x7E,0x4C,
    0x7E,0x4C,0x7E,0x4C,0x7E,0x4C,0x7E,0x4C,0x7E,0x4C,0x7E,0x4C,0x7E,0x4C,0x7E,0x4C,
    0x7E,0x4C,0x7E,0x4C,0x7E,0x4C,0x7E,0x4C,0x7E,0x4C,0x7E,0x4C,0x7E,0x4C,0x7E,0x4C,
    0x7E,0x4C,0x7E,0x4C,0x7E,0x4C,0x7E,0x4C,0x7E,0x4C,0x7E,0x4C,0x7E,0x4C,0x7E,0x4C,
    0x7E,0x4C,0x7E,0x4C,0x7E,0x4C,0x7E,0x4C,0x7E,0x4C,0x7E,0x4C,0x7E,0x4C,0x7E,0x4C,
    0x7E,0x4C,0x7E,0x4C,0x5E,0x4C,0x9F,0x4C,0x7F,0x4C,0x7D,0x4C,0x00,0x00,0xFF,0x7F,
    0x00,0x00,0x00,0x00,0x00,0x00,0x00,0x00,0x00,0x00,0x00,0x00,0x00,0x00,0x00,0x00,
    0x00,0x00,0x00,0x00,0x00,0x00,0x00,0x00,0x00,0x00,0x00,0x00,0x00,0x00,0xFF,0x7B,
    0x5F,0x55,0xFD,0x53,0x7E,0x4C,0xBF,0x54,0x5E,0x4C,0x7E,0x4C,0x7E,0x4C,0x7E,0x4C,
    0x7E,0x4C,0x7E,0x4C,0x7E,0x4C,0x7E,0x4C,0x7E,0x4C,0x7E,0x4C,0x7E,0x4C,0x7E,0x4C,
    0x7E,0x4C,0x7E,0x4C,0x7E,0x4C,0x7E,0x4C,0x7E,0x4C,0x7E,0x4C,0x7E,0x4C,0x7E,0x4C,
    0x7E,0x4C,0x7E,0x4C,0x7E,0x4C,0x7E,0x4C,0x7E,0x4C,0x7E,0x4C,0x7E,0x4C,0x7E,0x4C,
    0x7E,0x4C,0x7E,0x4C,0x7E,0x4C,0x7E,0x4C,0x7E,0x4C,0x7E,0x4C,0x7E,0x4C,0x7E,0x4C,
    0x7E,0x4C,0x7E,0x4C,0x7E,0x4C,0x7E,0x4C,0x7E,0x4C,0x7E,0x4C,0x7E,0x4C,0x7E,0x4C,
    0x7E,0x4C,0x7E,0x4C,0x7E,0x4C,0x7E,0x4C,0x7E,0x4C,0x7E,0x4C,0x7E,0x4C,0x7E,0x4C,
    0x7E,0x4C,0x7E,0x4C,0x7E,0x4C,0x7E,0x4C,0x7E,0x4C,0x7E,0x4C,0x7E,0x4C,0x7E,0x4C,
    0x7E,0x4C,0x7E,0x4C,0x7E,0x4C,0x7E,0x4C,0x7E,0x4C,0x5E,0x4C,0xBF,0x54,0x7E,0x4C,
    0xFD,0x53,0x5F,0x55,0xFF,0x7B,0x00,0x00,0x00,0x00,0x00,0x00,0x00,0x00,0x00,0x00,
    0x00,0x00,0x00,0x00,0x00,0x00,0x00,0x00,0x00,0x00,0x00,0x00,0x00,0x00,0x00,0x00,
    0x00,0x00,0xFF,0x3B,0x00,0x00,0x5E,0x4C,0x9F,0x54,0x5E,0x4C,0x7E,0x4C,0x7E,0x4C,
    0x7E,0x4C,0x7E,0x4C,0x7E,0x4C,0x7E,0x4C,0x7E,0x4C,0x7E,0x4C,0x7E,0x4C,0x7E,0x4C,
    0x7E,0x4C,0x7E,0x4C,0x7E,0x4C,0x7E,0x4C,0x7E,0x4C,0x7E,0x4C,0x7E,0x4C,0x7E,0x4C,
    0x7E,0x4C,0x7E,0x4C,0x7E,0x4C,0x7E,0x4C,0x7E,0x4C,0x7E,0x4C,0x7E,0x4C,0x7E,0x4C,
    0x7E,0x4C,0x7E,0x4C,0x7E,0x4C,0x7E,0x4C,0x7E,0x4C,0x7E,0x4C,0x7E,0x4C,0x7E,0x4C,
    0x7E,0x4C,0x7E,0x4C,0x7E,0x4C,0x7E,0x4C,0x7E,0x4C,0x7E,0x4C,0x7E,0x4C,0x7E,0x4C,
    0x7E,0x4C,0x7E,0x4C,0x7E,0x4C,0x7E,0x4C,0x7E,0x4C,0x7E,0x4C,0x7E,0x4C,0x7E,0x4C,
    0x7E,0x4C,0x7E,0x4C,0x7E,0x4C,0x7E,0x4C,0x7E,0x4C,0x7E,0x4C,0x7E,0x4C,0x7E,0x4C,
    0x7E,0x4C,0x7E,0x4C,0x7E,0x4C,0x7E,0x4C,0x7E,0x4C,0x7E,0x4C,0x7E,0x4C,0x7E,0x4C,
    0x5E,0x4C,0x9F,0x54,0x5E,0x4C,0x00,0x00,0xFF,0x3B,0x00,0x00,0x00,0x00,0x00,0x00,
    0x00,0x00,0x00,0x00,0x00,0x00,0x00,0x00,0x00,0x00,0x00,0x00,0x00,0x00,0x00,0x00,
    0x00,0x00,0x00,0x00,0x5F,0x55,0x00,0x00,0x7E,0x4C,0x7F,0x4C,0x5E,0x4C,0x7E,0x4C,
    0x7E,0x4C,0x7E,0x4C,0x7E,0x4C,0x7E,0x4C,0x7E,0x4C,0x7E,0x4C,0x7E,0x4C,0x7E,0x4C,
    0x7E,0x4C,0x7E,0x4C,0x7E,0x4C,0x7E,0x4C,0x7E,0x4C,0x7E,0x4C,0x7E,0x4C,0x7E,0x4C,
    0x7E,0x4C,0x7E,0x4C,0x7E,0x4C,0x7E,0x4C,0x7E,0x4C,0x7E,0x4C,0x7E,0x4C,0x7E,0x4C,
    0x7E,0x4C,0x7E,0x4C,0x7E,0x4C,0x7E,0x4C,0x7E,0x4C,0x7E,0x4C,0x7E,0x4C,0x7E,0x4C,
    0x7E,0x4C,0x7E,0x4C,0x7E,0x4C,0x7E,0x4C,0x7E,0x4C,0x7E,0x4C,0x7E,0x4C,0x7E,0x4C,
    0x7E,0x4C,0x7E,0x4C,0x7E,0x4C,0x7E,0x4C,0x7E,0x4C,0x7E,0x4C,0x7E,0x4C,0x7E,0x4C,
    0x7E,0x4C,0x7E,0x4C,0x7E,0x4C,0x7E,0x4C,0x7E,0x4C,0x7E,0x4C,0x7E,0x4C,0x7E,0x4C,
    0x7E,0x4C,0x7E,0x4C,0x7E,0x4C,0x7E,0x4C,0x7E,0x4C,0x7E,0x4C,0x7E,0x4C,0x7E,0x4C,
    0x7E,0x4C,0x7E,0x4C,0x7E,0x4C,0x5E,0x4C,0x7F,0x4C,0x7E,0x4C,0x00,0x00,0x5F,0x55,
    0x00,0x00,0x00,0x00,0x00,0x00,0x00,0x00,0x00,0x00,0x00,0x00,0x00,0x00,0x00,0x00,
    0x00,0x00,0x00,0x00,0x00,0x00,0x5F,0x55,0x1F,0x00,0x7F,0x54,0x5E,0x4C,0x7F,0x4C,
    0x7E,0x4C,0x7E,0x4C,0x7E,0x4C,0x7E,0x4C,0x7E,0x4C,0x7E,0x4C,0x7E,0x4C,0x7E,0x4C,
    0x7E,0x4C,0x7E,0x4C,0x7E,0x4C,0x7E,0x4C,0x7E,0x4C,0x7E,0x4C,0x7E,0x4C,0x7E,0x4C,
    0x7E,0x4C,0x7E,0x4C,0x7E,0x4C,0x7E,0x4C,0x7E,0x4C,0x7E,0x4C,0x7E,0x4C,0x7E,0x4C,
    0x7E,0x4C,0x7E,0x4C,0x7E,0x4C,0x7E,0x4C,0x7E,0x4C,0x7E,0x4C,0x7E,0x4C,0x7E,0x4C,
    0x7E,0x4C,0x7E,0x4C,0x7E,0x4C,0x7E,0x4C,0x7E,0x4C,0x7E,0x4C,0x7E,0x4C,0x7E,0x4C,
    0x7E,0x4C,0x7E,0x4C,0x7E,0x4C,0x7E,0x4C,0x7E,0x4C,0x7E,0x4C,0x7E,0x4C,0x7E,0x4C,
    0x7E,0x4C,0x7E,0x4C,0x7E,0x4C,0x7E,0x4C,0x7E,0x4C,0x7E,0x4C,0x7E,0x4C,0x7E,0x4C,
    0x7E,0x4C,0x7E,0x4C,0x7E,0x4C,0x7E,0x4C,0x7E,0x4C,0x7E,0x4C,0x7E,0x4C,0x7E,0x4C,
    0x7E,0x4C,0x7E,0x4C,0x7E,0x4C,0x7E,0x4C,0x7E,0x4C,0x7E,0x4C,0x7F,0x4C,0x5E,0x4C,
    0x7F,0x54,0x1F,0x00,0x5F,0x55,0x00,0x00,0x00,0x00,0x00,0x00,0x00,0x00,0x00,0x00,
    0x00,0x00,0x00,0x00,0x00,0x00,0x00,0x00,0xFF,0x07,0x55,0x55,0xFF,0x53,0x7E,0x4C,
    0x9F,0x54,0x5E,0x4C,0x7E,0x4C,0x7E,0x4C,0x7E,0x4C,0x7E,0x4C,0x7E,0x4C,0x7E,0x4C,
    0x7E,0x4C,0x7E,0x4C,0x7E,0x4C,0x7E,0x4C,0x7E,0x4C,0x7E,0x4C,0x7E,0x4C,0x7E,0x4C,
    0x7E,0x4C,0x7E,0x4C,0x7E,0x4C,0x7E,0x4C,0x7E,0x4C,0x7E,0x4C,0x7E,0x4C,0x7E,0x4C,
    0x7E,0x4C,0x7E,0x4C,0x7E,0x4C,0x7E,0x4C,0x7E,0x4C,0x7E,0x4C,0x7E,0x4C,0x7E,0x4C,
    0x7E,0x4C,0x7E,0x4C,0x7E,0x4C,0x7E,0x4C,0x7E,0x4C,0x7E,0x4C,0x7E,0x4C,0x7E,0x4C,
    0x7E,0x4C,0x7E,0x4C,0x7E,0x4C,0x7E,0x4C,0x7E,0x4C,0x7E,0x4C,0x7E,0x4C,0x7E,0x4C,
    0x7E,0x4C,0x7E,0x4C,0x7E,0x4C,0x7E,0x4C,0x7E,0x4C,0x7E,0x4C,0x7E,0x4C,0x7E,0x4C,
    0x7E,0x4C,0x7E,0x4C,0x7E,0x4C,0x7E,0x4C,0x7E,0x4C,0x7E,0x4C,0x7E,0x4C,0x7E,0x4C,
    0x7E,0x4C,0x7E,0x4C,0x7E,0x4C,0x7E,0x4C,0x7E,0x4C,0x7E,0x4C,0x7E,0x4C,0x7E,0x4C,
    0x5E,0x4C,0x9F,0x54,0x7E,0x4C,0xFF,0x53,0x55,0x55,0xFF,0x07,0x00,0x00,0x00,0x00,
    0x00,0x00,0x00,0x00,0x00,0x00,0x00,0x00,0x00,0x00,0x00,0x00,0x5F,0x55,0x00,0x00,
    0x7E,0x4C,0x9F,0x54,0x7E,0x4C,0x7E,0x4C,0x7E,0x4C,0x7E,0x4C,0x7E,0x4C,0x7E,0x4C,
    0x7E,0x4C,0x7E,0x4C,0x7E,0x4C,0x7E,0x4C,0x7E,0x4C,0x7E,0x4C,0x7E,0x4C,0x7E,0x4C,
    0x7E,0x4C,0x7E,0x4C,0x7E,0x4C,0x7E,0x4C,0x7E,0x4C,0x7E,0x4C,0x7E,0x4C,0x7E,0x4C,
    0x7E,0x4C,0x7E,0x4C,0x7E,0x4C,0x7E,0x4C,0x7E,0x4C,0x7E,0x4C,0x7E,0x4C,0x7E,0x4C,
    0x7E,0x4C,0x7E,0x4C,0x7E,0x4C,0x7E,0x4C,0x7E,0x4C,0x7E,0x4C,0x7E,0x4C,0x7E,0x4C,
    0x7E,0x4C,0x7E,0x4C,0x7E,0x4C,0x7E,0x4C,0x7E,0x4C,0x7E,0x4C,0x7E,0x4C,0x7E,0x4C,
    0x7E,0x4C,0x7E,0x4C,0x7E,0x4C,0x7E,0x4C,0x7E,0x4C,0x7E,0x4C,0x7E,0x4C,0x7E,0x4C,
    0x7E,0x4C,0x7E,0x4C,0x7E,0x4C,0x7E,0x4C,0x7E,0x4C,0x7E,0x4C,0x7E,0x4C,0x7E,0x4C,
    0x7E,0x4C,0x7E,0x4C,0x7E,0x4C,0x7E,0x4C,0x7E,0x4C,0x7E,0x4C,0x7E,0x4C,0x7E,0x4C,
    0x7E,0x4C,0x7E,0x4C,0x7E,0x4C,0x7E,0x4C,0x9F,0x54,0x7E,0x4C,0x00,0x00,0x5F,0x55,
    0x00,0x00,0x00,0x00,0x00,0x00,0x00,0x00,0x00,0x00,0x00,0x00,0x00,0x00,0x1F,0xF8,
    0xFF,0x07,0x9E,0x4C,0x5E,0x4C,0x7F,0x4C,0x7E,0x4C,0x7E,0x4C,0x7E,0x4C,0x7E,0x4C,
    0x7E,0x4C,0x7E,0x4C,0x7E,0x4C,0x7E,0x4C,0x7E,0x4C,0x7E,0x4C,0x7E,0x4C,0x7E,0x4C,
    0x7E,0x4C,0x7E,0x4C,0x7E,0x4C,0x7E,0x4C,0x7E,0x4C,0x7E,0x4C,0x5E,0x4C,0xFB,0x43,
    0x5E,0x4C,0x7E,0x4C,0x7E,0x4C,0x7E,0x4C,0x7E,0x4C,0x7E,0x4C,0x7E,0x4C,0x7E,0x4C,
    0x7E,0x4C,0x7E,0x4C,0x7E,0x4C,0x7E,0x4C,0x7E,0x4C,0x7E,0x4C,0x7E,0x4C,0x7E,0x4C,
    0x7E,0x4C,0x7E,0x4C,0x7E,0x4C,0x7E,0x4C,0x7E,0x4C,0x7E,0x4C,0x7E,0x4C,0x7E,0x4C,
    0x7E,0x4C,0x7E,0x4C,0x7E,0x4C,0x7E,0x4C,0x7E,0x4C,0x7E,0x4C,0x7E,0x4C,0x7E,0x4C,
    0x7E,0x4C,0x7E,0x4C,0x7E,0x4C,0x7E,0x4C,0x7E,0x4C,0x7E,0x4C,0x7E,0x4C,0x7E,0x4C,
    0x7E,0x4C,0x7E,0x4C,0x7E,0x4C,0x7E,0x4C,0x7E,0x4C,0x7E,0x4C,0x7E,0x4C,0x7E,0x4C,
    0x7E,0x4C,0x7E,0x4C,0x7E,0x4C,0x7E,0x4C,0x7E,0x4C,0x7E,0x4C,0x7F,0x4C,0x5E,0x4C,
    0x9E,0x4C,0xFF,0x07,0x1F,0xF8,0x00,0x00,0x00,0x00,0x00,0x00,0x00,0x00,0x00,0x00,
    0x00,0x00,0xFF,0x3B,0x00,0x00,0x7E,0x4C,0x9F,0x54,0x5E,0x4C,0x7E,0x4C,0x7E,0x4C,
    0x7E,0x4C,0x7E,0x4C,0x7E,0x4C,0x7E,0x4C,0x7E,0x4C,0x7E,0x4C,0x7E,0x4C,0x7E,0x4C,
    0x7E,0x4C,0x7E,0x4C,0x7E,0x4C,0x7E,0x4C,0x7E,0x4C,0x7E,0x4C,0x7E,0x4C,0x7E,0x4C,
    0x5E,0x4C,0xB9,0x43,0xDA,0x43,0x3D,0x4C,0x7E,0x54,0x7E,0x4C,0x7E,0x4C,0x7E,0x4C,
    0x7E,0x4C,0x7E,0x4C,0x7E,0x4C,0x7E,0x4C,0x7E,0x4C,0x7E,0x4C,0x7E,0x4C,0x7E,0x4C,
    0x7E,0x4C,0x7E,0x4C,0x7E,0x4C,0x7E,0x4C,0x7E,0x4C,0x7E,0x4C,0x7E,0x4C,0x7E,0x4C,
    0x7E,0x4C,0x7E,0x4C,0x7E,0x4C,0x7E,0x4C,0x7E,0x4C,0x7E,0x4C,0x7E,0x4C,0x7E,0x4C,
    0x7E,0x4C,0x7E,0x4C,0x7E,0x4C,0x7E,0x4C,0x7E,0x4C,0x7E,0x4C,0x7E,0x4C,0x7E,0x4C,
    0x7E,0x4C,0x7E,0x4C,0x7E,0x4C,0x7E,0x4C,0x7E,0x4C,0x7E,0x4C,0x7E,0x4C,0x7E,0x4C,
    0x7E,0x4C,0x7E,0x4C,0x7E,0x4C,0x7E,0x4C,0x7E,0x4C,0x7E,0x4C,0x7E,0x4C,0x7E,0x4C,
    0x5E,0x4C,0x9F,0x54,0x7E,0x4C,0x00,0x00,0xFF,0x3B,0x00,0x00,0x00,0x00,0x00,0x00,
    0x00,0x00,0x00,0x00,0xBF,0x52,0xFF,0x07,0x5E,0x4C,0x7E,0x4C,0x7F,0x4C,0x7E,0x4C,
    0x7E,0x4C,0x7E,0x4C,0x7E,0x4C,0x7E,0x4C,0x7E,0x4C,0x7E,0x4C,0x7E,0x4C,0x7E,0x4C,
    0x7E,0x4C,0x7E,0x4C,0x7E,0x4C,0x7E,0x4C,0x7E,0x4C,0x7E,0x4C,0x7E,0x4C,0x7E,0x4C,
    0x7E,0x4C,0x7E,0x4C,0x5E,0x4C,0xFA,0x4B,0x9C,0x64,0xDA,0x43,0x3D,0x4C,0x7E,0x54,
    0x7E,0x4C,0x7E,0x4C,0x7E,0x4C,0x7E,0x4C,0x7E,0x4C,0x7E,0x4C,0x7E,0x4C,0x7E,0x4C,
    0x7E,0x4C,0x7E,0x4C,0x7E,0x4C,0x7E,0x4C,0x7E,0x4C,0x7E,0x4C,0x7E,0x4C,0x7E,0x4C,
    0x7E,0x4C,0x7E,0x4C,0x7E,0x4C,0x7E,0x4C,0x7E,0x4C,0x7E,0x4C,0x7E,0x4C,0x7E,0x4C,
    0x7E,0x4C,0x7E,0x4C,0x7E,0x4C,0x7E,0x4C,0x7E,0x4C,0x7E,0x4C,0x7E,0x4C,0x7E,0x4C,
    0x7E,0x4C,0x7E,0x4C,0x7E,0x4C,0x7E,0x4C,0x7E,0x4C,0x7E,0x4C,0x7E,0x4C,0x7E,0x4C,
    0x7E,0x4C,0x7E,0x4C,0x7E,0x4C,0x7E,0x4C,0x7E,0x4C,0x7E,0x4C,0x7E,0x4C,0x7E,0x4C,
    0x7E,0x4C,0x7E,0x4C,0x7E,0x4C,0x7F,0x4C,0x7E,0x4C,0x5E,0x4C,0xFF,0x07,0xBF,0x52,
    0x00,0x00,0x00,0x00,0x00,0x00,0x00,0x00,0xFF,0x7D,0x00,0x00,0x7E,0x4C,0xBF,0x54,
    0x5E,0x4C,0x7E,0x4C,0x7E,0x4C,0x7E,0x4C,0x7E,0x4C,0x7E,0x4C,0x7E,0x4C,0x7E,0x4C,
    0x7E,0x4C,0x7E,0x4C,0x7E,0x4C,0x7E,0x4C,0x7E,0x4C,0x7E,0x4C,0x7E,0x4C,0x7E,0x4C,
    0x7E,0x4C,0x7E,0x4C,0x7E,0x4C,0x7E,0x4C,0x5E,0x4C,0xFA,0x4B,0x3E,0x75,0xDD,0x6C,
    0xDA,0x43,0x1C,0x44,0x7F,0x4C,0x7E,0x4C,0x7E,0x4C,0x7E,0x4C,0x7E,0x4C,0x7E,0x4C,
    0x7E,0x4C,0x7E,0x4C,0x7E,0x4C,0x7E,0x4C,0x7E,0x4C,0x7E,0x4C,0x7E,0x4C,0x7E,0x4C,
    0x7E,0x4C,0x7E,0x4C,0x7E,0x4C,0x7E,0x4C,0x7E,0x4C,0x7E,0x4C,0x7E,0x4C,0x7E,0x4C,
    0x7E,0x4C,0x7E,0x4C,0x7E,0x4C,0x7E,0x4C,0x7E,0x4C,0x7E,0x4C,0x7E,0x4C,0x7E,0x4C,
    0x7E,0x4C,0x7E,0x4C,0x7E,0x4C,0x7E,0x4C,0x7E,0x4C,0x7E,0x4C,0x7E,0x4C,0x7E,0x4C,
    0x7E,0x4C,0x7E,0x4C,0x7E,0x4C,0x7E,0x4C,0x7E,0x4C,0x7E,0x4C,0x7E,0x4C,0x7E,0x4C,
    0x7E,0x4C,0x7E,0x4C,0x7E,0x4C,0x7E,0x4C,0x7E,0x4C,0x5E,0x4C,0xBF,0x54,0x7E,0x4C,
    0x00,0x00,0xFF,0x7D,0x00,0x00,0x00,0x00,0x00,0x00,0xFF,0x7B,0xFF,0x07,0x5E,0x54,
    0x7E,0x4C,0x7E,0x4C,0x7E,0x4C,0x7E,0x4C,0x7E,0x4C,0x7E,0x4C,0x7E,0x4C,0x7E,0x4C,
    0x7E,0x4C,0x7E,0x4C,0x7E,0x4C,0x7E,0x4C,0x7E,0x4C,0x7E,0x4C,0x7E,0x4C,0x7E,0x4C,
    0x7E,0x4C,0x7E,0x4C,0x7E,0x4C,0x7E,0x4C,0x7E,0x4C,0x7E,0x4C,0x5E,0x4C,0xFA,0x4B,
    0x1E,0x6D,0x3F,0x75,0xFE,0x6C,0xFA,0x4B,0xFB,0x43,0x7E,0x4C,0x7E,0x4C,0x7E,0x4C,
    0x7E,0x4C,0x7E,0x4C,0x7E,0x4C,0x7E,0x4C,0x7E,0x4C,0x7E,0x4C,0x7E,0x4C,0x7E,0x4C,
    0x7E,0x4C,0x7E,0x4C,0x7E,0x4C,0x7E,0x4C,0x7E,0x4C,0x7E,0x4C,0x7E,0x4C,0x7E,0x4C,
    0x7E,0x4C,0x7E,0x4C,0x7E,0x4C,0x7E,0x4C,0x7E,0x4C,0x7E,0x4C,0x7E,0x4C,0x7E,0x4C,
    0x7E,0x4C,0x7E,0x4C,0x7E,0x4C,0x7E,0x4C,0x7E,0x4C,0x7E,0x4C,0x7E,0x4C,0x7E,0x4C,
    0x7E,0x4C,0x7E,0x4C,0x7E,0x4C,0x7E,0x4C,0x7E,0x4C,0x7E,0x4C,0x7E,0x4C,0x7E,0x4C,
    0x7E,0x4C,0x7E,0x4C,0x7E,0x4C,0x7E,0x4C,0x7E,0x4C,0x7E,0x4C,0x7E,0x4C,0x7E,0x4C,
    0x7E,0x4C,0x7E,0x4C,0x5E,0x54,0xFF,0x07,0xFF,0x7B,0x00,0x00,0x00,0x00,0x5F,0x55,
    0x00,0x00,0x7F,0x54,0xBF,0x54,0x5E,0x4C,0x7E,0x4C,0x7E,0x4C,0x7E,0x4C,0x7E,0x4C,
    0x7E,0x4C,0x7E,0x4C,0x7E,0x4C,0x7E,0x4C,0x7E,0x4C,0x7E,0x4C,0x7E,0x4C,0x7E,0x4C,
    0x7E,0x4C,0x7E,0x4C,0x7E,0x4C,0x7E,0x4C,0x7E,0x4C,0x7E,0x4C,0x7E,0x4C,0x7E,0x4C,
    0x5E,0x4C,0xFA,0x4B,0x1E,0x75,0x3E,0x75,0x3F,0x75,0x1E,0x75,0x3B,0x54,0xDB,0x43,
    0x7E,0x4C,0x7E,0x4C,0x7E,0x4C,0x7E,0x4C,0x7E,0x4C,0x7E,0x4C,0x7E,0x4C,0x7E,0x4C,
    0x7E,0x4C,0x7E,0x4C,0x7E,0x4C,0x7E,0x4C,0x7E,0x4C,0x7E,0x4C,0x7E,0x4C,0x7E,0x4C,
    0x7E,0x4C,0x7E,0x4C,0x7E,0x4C,0x7E,0x4C,0x7E,0x4C,0x7E,0x4C,0x7E,0x4C,0x7E,0x4C,
    0x7E,0x4C,0x7E,0x4C,0x7E,0x4C,0x7E,0x4C,0x7E,0x4C,0x7E,0x4C,0x7E,0x4C,0x7E,0x4C,
    0x7E,0x4C,0x7E,0x4C,0x7E,0x4C,0x7E,0x4C,0x7E,0x4C,0x7E,0x4C,0x7E,0x4C,0x7E,0x4C,
    0x7E,0x4C,0x7E,0x4C,0x7E,0x4C,0x7E,0x4C,0x7E,0x4C,0x7E,0x4C,0x7E,0x4C,0x7E,0x4C,
    0x7E,0x4C,0x7E,0x4C,0x5E,0x4C,0xBF,0x54,0x7F,0x54,0x00,0x00,0x5F,0x55,0x00,0x00,
    0x00,0x00,0x00,0x00,0x9B,0x4C,0x7E,0x4C,0x7F,0x4C,0x5E,0x4C,0x7E,0x4C,0x7E,0x4C,
    0x7E,0x4C,0x7E,0x4C,0x7E,0x4C,0x7E,0x4C,0x7E,0x4C,0x7E,0x4C,0x7E,0x4C,0x7E,0x4C,
    0x7E,0x4C,0x7E,0x4C,0x7E,0x4C,0x7E,0x4C,0x7E,0x4C,0x7E,0x4C,0x7E,0x4C,0x7E,0x4C,
    0x7E,0x4C,0x7E,0x4C,0x5E,0x4C,0xFA,0x4B,0x1E,0x75,0x3F,0x75,0x3E,0x75,0x3F,0x75,
    0x3F,0x75,0x5B,0x54,0xB9,0x43,0x5E,0x4C,0x7E,0x4C,0x7E,0x4C,0x7E,0x4C,0x7E,0x4C,
    0x7E,0x4C,0x7E,0x4C,0x7E,0x4C,0x7E,0x4C,0x7E,0x4C,0x7E,0x4C,0x7E,0x4C,0x7E,0x4C,
    0x7E,0x4C,0x7E,0x4C,0x7E,0x4C,0x7E,0x4C,0x7E,0x4C,0x7E,0x4C,0x7E,0x4C,0x7E,0x4C,
    0x7E,0x4C,0x7E,0x4C,0x7E,0x4C,0x7E,0x4C,0x7E,0x4C,0x7E,0x4C,0x7E,0x4C,0x7E,0x4C,
    0x7E,0x4C,0x7E,0x4C,0x7E,0x4C,0x7E,0x4C,0x7E,0x4C,0x7E,0x4C,0x7E,0x4C,0x7E,0x4C,
    0x7E,0x4C,0x7E,0x4C,0x7E,0x4C,0x7E,0x4C,0x7E,0x4C,0x7E,0x4C,0x7E,0x4C,0x7E,0x4C,
    0x7E,0x4C,0x7E,0x4C,0x7E,0x4C,0x7E,0x4C,0x5E,0x4C,0x7F,0x4C,0x7E,0x4C,0x9B,0x4C,
    0x00,0x00,0x00,0x00,0x5F,0x55,0x1F,0x00,0x7E,0x4C,0x7E,0x4C,0x5E,0x4C,0x7E,0x4C,
    0x7E,0x4C,0x7E,0x4C,0x7E,0x4C,0x7E,0x4C,0x7E,0x4C,0x7E,0x4C,0x7E,0x4C,0x7E,0x4C,
    0x7E,0x4C,0x7E,0x4C,0x7E,0x4C,0x7E,0x4C,0x7E,0x4C,0x7E,0x4C,0x7E,0x4C,0x7E,0x4C,
    0x7E,0x4C,0x7E,0x4C,0x7E,0x4C,0x7E,0x4C,0x5E,0x4C,0xFA,0x4B,0x1E,0x75,0x3F,0x75,
    0x3E,0x75,0x3E,0x75,0x3E,0x75,0x3F,0x75,0xB7,0x4B,0x56,0x3B,0x5E,0x4C,0x7F,0x54,
    0x7E,0x4C,0x7E,0x4C,0x7E,0x4C,0x7E,0x4C,0x7E,0x4C,0x7E,0x4C,0x7E,0x4C,0x7E,0x4C,
    0x7E,0x4C,0x7E,0x4C,0x7E,0x4C,0x7E,0x4C,0x7E,0x4C,0x7E,0x4C,0x7E,0x4C,0x7E,0x4C,
    0x7E,0x4C,0x7E,0x4C,0x7E,0x4C,0x7E,0x4C,0x7E,0x4C,0x7E,0x4C,0x7E,0x4C,0x7E,0x4C,
    0x7E,0x4C,0x7E,0x4C,0x7E,0x4C,0x7E,0x4C,0x7E,0x4C,0x7E,0x4C,0x7E,0x4C,0x7E,0x4C,
    0x7E,0x4C,0x7E,0x4C,0x7E,0x4C,0x7E,0x4C,0x7E,0x4C,0x7E,0x4C,0x7E,0x4C,0x7E,0x4C,
    0x7E,0x4C,0x7E,0x4C,0x7E,0x4C,0x7E,0x4C,0x7E,0x4C,0x7E,0x4C,0x7E,0x4C,0x5E,0x4C,
    0x7E,0x4C,0x7E,0x4C,0x1F,0x00,0x5F,0x55,0xFF,0x3B,0x00,0x00,0x7E,0x4C,0x9F,0x54,
    0x5E,0x4C,0x7E,0x4C,0x7E,0x4C,0x7E,0x4C,0x7E,0x4C,0x7E,0x4C,0x7E,0x4C,0x7E,0x4C,
    0x7E,0x4C,0x7E,0x4C,0x7E,0x4C,0x7E,0x4C,0x7E,0x4C,0x7E,0x4C,0x7E,0x4C,0x7E,0x4C,
    0x7E,0x4C,0x7E,0x4C,0x7E,0x4C,0x7E,0x4C,0x7E,0x4C,0x7E,0x4C,0x5E,0x4C,0xFA,0x4B,
    0x1E,0x75,0x3F,0x75,0x3E,0x75,0x3E,0x75,0x3E,0x75,0x3E,0x75,0x59,0x5C,0x54,0x43,
    0x36,0x33,0x3D,0x4C,0x7F,0x4C,0x5E,0x4C,0x7E,0x4C,0x7E,0x4C,0x7E,0x4C,0x7E,0x4C,
    0x7E,0x4C,0x7E,0x4C,0x7E,0x4C,0x7E,0x4C,0x7E,0x4C,0x7E,0x4C,0x7E,0x4C,0x7E,0x4C,
    0x7E,0x4C,0x7E,0x4C,0x7E,0x4C,0x7E,0x4C,0x7E,0x4C,0x7E,0x4C,0x7E,0x4C,0x7E,0x4C,
    0x7E,0x4C,0x7E,0x4C,0x7E,0x4C,0x7E,0x4C,0x7E,0x4C,0x7E,0x4C,0x7E,0x4C,0x7E,0x4C,
    0x7E,0x4C,0x7E,0x4C,0x7E,0x4C,0x7E,0x4C,0x7E,0x4C,0x7E,0x4C,0x7E,0x4C,0x7E,0x4C,
    0x7E,0x4C,0x7E,0x4C,0x7E,0x4C,0x7E,0x4C,0x7E,0x4C,0x7E,0x4C,0x7E,0x4C,0x7E,0x4C,
    0x7E,0x4C,0x5E,0x4C,0x9F,0x54,0x7E,0x4C,0x00,0x00,0xFF,0x3B,0xFF,0x07,0x5D,0x44,
    0x7E,0x4C,0x9F,0x54,0x5E,0x4C,0x7E,0x4C,0x7E,0x4C,0x7E,0x4C,0x7E,0x4C,0x7E,0x4C,
    0x7E,0x4C,0x7E,0x4C,0x7E,0x4C,0x7E,0x4C,0x7E,0x4C,0x7E,0x4C,0x7E,0x4C,0x7E,0x4C,
    0x7E,0x4C,0x7E,0x4C,0x7E,0x4C,0x7E,0x4C,0x7E,0x4C,0x7E,0x4C,0x7E,0x4C,0x7E,0x4C,
    0x5E,0x4C,0xFA,0x4B,0x1E,0x75,0x3F,0x75,0x3E,0x75,0x3E,0x75,0x3E,0x75,0x3F,0x75,
    0x18,0x5C,0x1A,0x85,0x37,0x64,0xF4,0x32,0x1C,0x4C,0x7F,0x54,0x7E,0x4C,0x7E,0x4C,
    0x7E,0x4C,0x7E,0x4C,0x7E,0x4C,0x7E,0x4C,0x7E,0x4C,0x7E,0x4C,0x7E,0x4C,0x7E,0x4C,
    0x7E,0x4C,0x7E,0x4C,0x7E,0x4C,0x7E,0x4C,0x7E,0x4C,0x7E,0x4C,0x7E,0x4C,0x7E,0x4C,
    0x7E,0x4C,0x7E,0x4C,0x7E,0x4C,0x7E,0x4C,0x7E,0x4C,0x7E,0x4C,0x7E,0x4C,0x7E,0x4C,
    0x7E,0x4C,0x7E,0x4C,0x7E,0x4C,0x7E,0x4C,0x7E,0x4C,0x7E,0x4C,0x7E,0x4C,0x7E,0x4C,
    0x7E,0x4C,0x7E,0x4C,0x7E,0x4C,0x7E,0x4C,0x7E,0x4C,0x7E,0x4C,0x7E,0x4C,0x7E,0x4C,
    0x7E,0x4C,0x7E,0x4C,0x7E,0x4C,0x5E,0x4C,0x9F,0x54,0x7E,0x4C,0x5D,0x44,0xFF,0x07,
    0x00,0x00,0x7E,0x4C,0x7E,0x4C,0x7E,0x4C,0x7E,0x4C,0x7E,0x4C,0x7E,0x4C,0x7E,0x4C,
    0x7E,0x4C,0x7E,0x4C,0x7E,0x4C,0x7E,0x4C,0x7E,0x4C,0x7E,0x4C,0x7E,0x4C,0x7E,0x4C,
    0x7E,0x4C,0x7E,0x4C,0x7E,0x4C,0x7E,0x4C,0x7E,0x4C,0x7E,0x4C,0x7E,0x4C,0x7E,0x4C,
    0x7E,0x4C,0x7E,0x4C,0x5E,0x4C,0xFA,0x4B,0x1E,0x75,0x3F,0x75,0x3E,0x75,0x3E,0x75,
    0x3E,0x75,0x3F,0x75,0xF8,0x53,0x5B,0x8D,0x5F,0xAE,0x58,0x6C,0xF3,0x32,0xDA,0x43,
    0x7E,0x4C,0x5E,0x4C,0x7E,0x4C,0x7E,0x4C,0x7E,0x4C,0x7E,0x4C,0x7E,0x4C,0x7E,0x4C,
    0x7E,0x4C,0x7E,0x4C,0x7E,0x4C,0x7E,0x4C,0x7E,0x4C,0x7E,0x4C,0x7E,0x4C,0x7E,0x4C,
    0x7E,0x4C,0x7E,0x4C,0x7E,0x4C,0x7E,0x4C,0x7E,0x4C,0x7E,0x4C,0x7E,0x4C,0x7E,0x4C,
    0x7E,0x4C,0x7E,0x4C,0x7E,0x4C,0x7E,0x4C,0x7E,0x4C,0x7E,0x4C,0x7E,0x4C,0x7E,0x4C,
    0x7E,0x4C,0x7E,0x4C,0x7E,0x4C,0x7E,0x4C,0x7E,0x4C,0x7E,0x4C,0x7E,0x4C,0x7E,0x4C,
    0x7E,0x4C,0x7E,0x4C,0x7E,0x4C,0x7E,0x4C,0x7E,0x4C,0x7E,0x4C,0x7E,0x4C,0x7E,0x4C,
    0x7E,0x4C,0x00,0x00,0x00,0x00,0x7E,0x4C,0xBF,0x54,0x5E,0x4C,0x7E,0x4C,0x7E,0x4C,
    0x7E,0x4C,0x7E,0x4C,0x7E,0x4C,0x7E,0x4C,0x7E,0x4C,0x7E,0x4C,0x7E,0x4C,0x7E,0x4C,
    0x7E,0x4C,0x7E,0x4C,0x7E,0x4C,0x7E,0x4C,0x7E,0x4C,0x7E,0x4C,0x7E,0x4C,0x7E,0x4C,
    0x7E,0x4C,0x7E,0x4C,0x7E,0x4C,0x7E,0x4C,0x5E,0x4C,0xFA,0x4B,0x1E,0x75,0x3F,0x75,
    0x3E,0x75,0x3E,0x75,0x3E,0x75,0x3F,0x75,0xD7,0x53,0x99,0x6C,0xBD,0x95,0x9D,0x8D,
    0x17,0x5C,0xD3,0x2A,0xFB,0x43,0x7F,0x54,0x5E,0x4C,0x7E,0x4C,0x7E,0x4C,0x7E,0x4C,
    0x7E,0x4C,0x7E,0x4C,0x7E,0x4C,0x7E,0x4C,0x7E,0x4C,0x7E,0x4C,0x7E,0x4C,0x7E,0x4C,
    0x7E,0x4C,0x7E,0x4C,0x7E,0x4C,0x7E,0x4C,0x7E,0x4C,0x7E,0x4C,0x7E,0x4C,0x7E,0x4C,
    0x7E,0x4C,0x7E,0x4C,0x7E,0x4C,0x7E,0x4C,0x7E,0x4C,0x7E,0x4C,0x7E,0x4C,0x7E,0x4C,
    0x7E,0x4C,0x7E,0x4C,0x7E,0x4C,0x7E,0x4C,0x7E,0x4C,0x7E,0x4C,0x7E,0x4C,0x7E,0x4C,
    0x7E,0x4C,0x7E,0x4C,0x7E,0x4C,0x7E,0x4C,0x7E,0x4C,0x7E,0x4C,0x7E,0x4C,0x7E,0x4C,
    0x5E,0x4C,0xBF,0x54,0x7E,0x4C,0x00,0x00,0xDF,0x64,0x5E,0x4C,0x9F,0x54,0x5E,0x4C,
    0x7E,0x4C,0x7E,0x4C,0x7E,0x4C,0x7E,0x4C,0x7E,0x4C,0x7E,0x4C,0x7E,0x4C,0x7E,0x4C,
    0x7E,0x4C,0x7E,0x4C,0x7E,0x4C,0x7E,0x4C,0x7E,0x4C,0x7E,0x4C,0x7E,0x4C,0x7E,0x4C,
    0x7E,0x4C,0x7E,0x4C,0x7E,0x4C,0x7E,0x4C,0x7E,0x4C,0x7E,0x4C,0x5E,0x4C,0xFA,0x4B,
    0x1E,0x75,0x3F,0x75,0x3F,0x75,0x3F,0x75,0x3E,0x75,0x3E,0x75,0x76,0x43,0x9A,0x6C,
    0xDF,0x95,0x9E,0x8D,0xDF,0x95,0xBB,0x6C,0x56,0x3B,0xFB,0x43,0x7F,0x54,0x5E,0x4C,
    0x7E,0x4C,0x7E,0x4C,0x7E,0x4C,0x7E,0x4C,0x7E,0x4C,0x7E,0x4C,0x7E,0x4C,0x7E,0x4C,
    0x7E,0x4C,0x7E,0x4C,0x7E,0x4C,0x7E,0x4C,0x7E,0x4C,0x7E,0x4C,0x7E,0x4C,0x7E,0x4C,
    0x7E,0x4C,0x7E,0x4C,0x7E,0x4C,0x7E,0x4C,0x7E,0x4C,0x7E,0x4C,0x7E,0x4C,0x7E,0x4C,
    0x7E,0x4C,0x7E,0x4C,0x7E,0x4C,0x7E,0x4C,0x7E,0x4C,0x7E,0x4C,0x7E,0x4C,0x7E,0x4C,
    0x7E,0x4C,0x7E,0x4C,0x7E,0x4C,0x7E,0x4C,0x7E,0x4C,0x7E,0x4C,0x7E,0x4C,0x7E,0x4C,
    0x7E,0x4C,0x7E,0x4C,0x5E,0x4C,0x9F,0x54,0x5E,0x4C,0xDF,0x64,0x7E,0x4C,0x5E,0x4C,
    0x7F,0x4C,0x7E,0x4C,0x7E,0x4C,0x7E,0x4C,0x7E,0x4C,0x7E,0x4C,0x7E,0x4C,0x7E,0x4C,
    0x7E,0x4C,0x7E,0x4C,0x7E,0x4C,0x7E,0x4C,0x7E,0x4C,0x7E,0x4C,0x7E,0x4C,0x7E,0x4C,
    0x7E,0x4C,0x7E,0x4C,0x7E,0x4C,0x7E,0x4C,0x7E,0x4C,0x7E,0x4C,0x7E,0x4C,0x7E,0x4C,
    0x5E,0x4C,0xFA,0x4B,0x1E,0x75,0x1E,0x75,0x3B,0x54,0x5C,0x54,0xFE,0x6C,0x5F,0x7D,
    0x76,0x43,0x99,0x6C,0xFF,0x95,0xBE,0x8D,0xBF,0x8D,0xDF,0x95,0xFC,0x74,0xF3,0x32,
    0xDA,0x43,0x9F,0x54,0x5E,0x4C,0x7E,0x4C,0x7E,0x4C,0x7E,0x4C,0x7E,0x4C,0x7E,0x4C,
    0x7E,0x4C,0x7E,0x4C,0x7E,0x4C,0x7E,0x4C,0x7E,0x4C,0x7E,0x4C,0x7E,0x4C,0x7E,0x4C,
    0x7E,0x4C,0x7E,0x4C,0x7E,0x4C,0x7E,0x4C,0x7E,0x4C,0x7E,0x4C,0x7E,0x4C,0x7E,0x4C,
    0x7E,0x4C,0x7E,0x4C,0x7E,0x4C,0x7E,0x4C,0x7E,0x4C,0x7E,0x4C,0x7E,0x4C,0x7E,0x4C,
    0x7E,0x4C,0x7E,0x4C,0x7E,0x4C,0x7E,0x4C,0x7E,0x4C,0x7E,0x4C,0x7E,0x4C,0x7E,0x4C,
    0x7E,0x4C,0x7E,0x4C,0x7E,0x4C,0x7E,0x4C,0x7E,0x4C,0x7F,0x4C,0x5E,0x4C,0x7E,0x4C,
    0x5E,0x4C,0x7E,0x4C,0x7E,0x4C,0x5E,0x4C,0x7E,0x4C,0x7E,0x4C,0x7E,0x4C,0x7E,0x4C,
    0x7E,0x4C,0x7E,0x4C,0x7E,0x4C,0x7E,0x4C,0x7E,0x4C,0x7E,0x4C,0x7E,0x4C,0x7E,0x4C,
    0x7E,0x4C,0x7E,0x4C,0x7E,0x4C,0x7E,0x4C,0x7E,0x4C,0x7E,0x4C,0x7E,0x4C,0x7E,0x4C,
    0x7E,0x4C,0x7E,0x4C,0x5E,0x4C,0xFA,0x4B,0x1E,0x75,0x1A,0x4C,0x1C,0x44,0xDB,0x43,
    0x5B,0x5C,0x5F,0x7D,0xD8,0x53,0x78,0x6C,0xDF,0x95,0xBF,0x8D,0xBF,0x95,0xBE,0x8D,
    0xFF,0x95,0x73,0x53,0x2E,0x22,0x99,0x3B,0x7F,0x54,0x7E,0x4C,0x7E,0x4C,0x7E,0x4C,
    0x7E,0x4C,0x7E,0x4C,0x7E,0x4C,0x7E,0x4C,0x7E,0x4C,0x7E,0x4C,0x7E,0x4C,0x7E,0x4C,
    0x7E,0x4C,0x7E,0x4C,0x7E,0x4C,0x7E,0x4C,0x7E,0x4C,0x7E,0x4C,0x7E,0x4C,0x7E,0x4C,
    0x7E,0x4C,0x7E,0x4C,0x7E,0x4C,0x7E,0x4C,0x7E,0x4C,0x7E,0x4C,0x7E,0x4C,0x7E,0x4C,
    0x7E,0x4C,0x7E,0x4C,0x7E,0x4C,0x7E,0x4C,0x7E,0x4C,0x7E,0x4C,0x7E,0x4C,0x7E,0x4C,
    0x7E,0x4C,0x7E,0x4C,0x7E,0x4C,0x7E,0x4C,0x7E,0x4C,0x7E,0x4C,0x5E,0x4C,0x7E,0x4C,
    0x7E,0x4C,0x5E,0x4C,0x7E,0x4C,0x9F,0x54,0x5E,0x4C,0x7E,0x4C,0x7E,0x4C,0x7E,0x4C,
    0x7E,0x4C,0x7E,0x4C,0x7E,0x4C,0x7E,0x4C,0x7E,0x4C,0x7E,0x4C,0x7E,0x4C,0x7E,0x4C,
    0x7E,0x4C,0x7E,0x4C,0x7E,0x4C,0x7E,0x4C,0x7E,0x4C,0x7E,0x4C,0x7E,0x4C,0x7E,0x4C,
    0x7E,0x4C,0x7E,0x4C,0x7E,0x4C,0x7E,0x4C,0x5E,0x4C,0xFA,0x4B,0x1A,0x4C,0xFC,0x43,
    0x7F,0x54,0x5D,0x4C,0xFA,0x43,0x1E,0x75,0x18,0x5C,0xB9,0x74,0x9D,0x8D,0xBF,0x8D,
    0xBF,0x95,0xBF,0x95,0xDF,0x95,0xB4,0x5B,0x51,0x53,0x4F,0x2A,0x36,0x33,0x7E,0x4C,
    0x7E,0x4C,0x7E,0x4C,0x7E,0x4C,0x7E,0x4C,0x7E,0x4C,0x7E,0x4C,0x7E,0x4C,0x7E,0x4C,
    0x7E,0x4C,0x7E,0x4C,0x7E,0x4C,0x7E,0x4C,0x7E,0x4C,0x7E,0x4C,0x7E,0x4C,0x7E,0x4C,
    0x7E,0x4C,0x7E,0x4C,0x7E,0x4C,0x7E,0x4C,0x7E,0x4C,0x7E,0x4C,0x7E,0x4C,0x7E,0x4C,
    0x7E,0x4C,0x7E,0x4C,0x7E,0x4C,0x7E,0x4C,0x7E,0x4C,0x7E,0x4C,0x7E,0x4C,0x7E,0x4C,
    0x7E,0x4C,0x7E,0x4C,0x7E,0x4C,0x7E,0x4C,0x7E,0x4C,0x7E,0x4C,0x7E,0x4C,0x7E,0x4C,
    0x7E,0x4C,0x5E,0x4C,0x9F,0x54,0x7E,0x4C,0x5E,0x4C,0x9F,0x54,0x7E,0x4C,0x7E,0x4C,
    0x7E,0x4C,0x7E,0x4C,0x7E,0x4C,0x7E,0x4C,0x7E,0x4C,0x7E,0x4C,0x7E,0x4C,0x7E,0x4C,
    0x7E,0x4C,0x7E,0x4C,0x7E,0x4C,0x7E,0x4C,0x7E,0x4C,0x7E,0x4C,0x7E,0x4C,0x7E,0x4C,
    0x7E,0x4C,0x7E,0x4C,0x7E,0x4C,0x7E,0x4C,0x7E,0x4C,0x7E,0x4C,0x5E,0x4C,0xB9,0x43,
    0xFB,0x43,0x7F,0x4C,0x5E,0x4C,0x7E,0x4C,0xDB,0x43,0x9C,0x5C,0x18,0x5C,0x1A,0x85,
    0x7D,0x8D,0xBE,0x8D,0xBF,0x95,0xBF,0x8D,0xDF,0x95,0x73,0x53,0x79,0x9D,0x38,0x95,
    0x0D,0x22,0x14,0x33,0x5D,0x4C,0x7F,0x54,0x5E,0x4C,0x7E,0x4C,0x7E,0x4C,0x7E,0x4C,
    0x7E,0x4C,0x7E,0x4C,0x7E,0x4C,0x7E,0x4C,0x7E,0x4C,0x7E,0x4C,0x7E,0x4C,0x7E,0x4C,
    0x7E,0x4C,0x7E,0x4C,0x7E,0x4C,0x7E,0x4C,0x7E,0x4C,0x7E,0x4C,0x7E,0x4C,0x7E,0x4C,
    0x7E,0x4C,0x7E,0x4C,0x7E,0x4C,0x7E,0x4C,0x7E,0x4C,0x7E,0x4C,0x7E,0x4C,0x7E,0x4C,
    0x7E,0x4C,0x7E,0x4C,0x7E,0x4C,0x7E,0x4C,0x7E,0x4C,0x7E,0x4C,0x7E,0x4C,0x7E,0x4C,
    0x7E,0x4C,0x7E,0x4C,0x7E,0x4C,0x7E,0x4C,0x9F,0x54,0x5E,0x4C,0x5E,0x4C,0x7F,0x54,
    0x5E,0x4C,0x7E,0x4C,0x7E,0x4C,0x7E,0x4C,0x7E,0x4C,0x7E,0x4C,0x7E,0x4C,0x7E,0x4C,
    0x7E,0x4C,0x7E,0x4C,0x7E,0x4C,0x7E,0x4C,0x7E,0x4C,0x7E,0x4C,0x7E,0x4C,0x7E,0x4C,
    0x7E,0x4C,0x7E,0x4C,0x7E,0x4C,0x7E,0x4C,0x7E,0x4C,0x7E,0x4C,0x7E,0x4C,0x7E,0x4C,
    0x5E,0x4C,0x1C,0x4C,0x7E,0x4C,0x7E,0x4C,0x7E,0x4C,0x7E,0x4C,0x3D,0x4C,0x1A,0x4C,
    0xF8,0x53,0x5B,0x8D,0xDD,0x9D,0x7D,0x8D,0xDF,0x95,0xBE,0x8D,0xFF,0x95,0x73,0x53,
    0x58,0x95,0x7F,0xDF,0x79,0x9D,0x6E,0x32,0xB2,0x2A,0x3D,0x4C,0x7F,0x4C,0x5E,0x4C,
    0x7E,0x4C,0x7E,0x4C,0x7E,0x4C,0x7E,0x4C,0x7E,0x4C,0x7E,0x4C,0x7E,0x4C,0x7E,0x4C,
    0x7E,0x4C,0x7E,0x4C,0x7E,0x4C,0x7E,0x4C,0x7E,0x4C,0x7E,0x4C,0x7E,0x4C,0x7E,0x4C,
    0x7E,0x4C,0x7E,0x4C,0x7E,0x4C,0x7E,0x4C,0x7E,0x4C,0x7E,0x4C,0x7E,0x4C,0x7E,0x4C,
    0x7E,0x4C,0x7E,0x4C,0x7E,0x4C,0x7E,0x4C,0x7E,0x4C,0x7E,0x4C,0x7E,0x4C,0x7E,0x4C,
    0x7E,0x4C,0x7E,0x4C,0x7E,0x4C,0x7E,0x4C,0x7E,0x4C,0x5E,0x4C,0x7F,0x54,0x5E,0x4C,
    0x7E,0x4C,0x7E,0x4C,0x5E,0x4C,0x7E,0x4C,0x7E,0x4C,0x7E,0x4C,0x7E,0x4C,0x7E,0x4C,
    0x7E,0x4C,0x7E,0x4C,0x7E,0x4C,0x7E,0x4C,0x7E,0x4C,0x7E,0x4C,0x7E,0x4C,0x7E,0x4C,
    0x7E,0x4C,0x7E,0x4C,0x7E,0x4C,0x7E,0x4C,0x7E,0x4C,0x7E,0x4C,0x7E,0x4C,0x7E,0x4C,
    0x7E,0x4C,0x7E,0x4C,0x7E,0x4C,0x7E,0x4C,0x7E,0x4C,0x7E,0x4C,0x7E,0x4C,0x7E,0x4C,
    0x7E,0x4C,0xFB,0x43,0x76,0x43,0x1A,0x7D,0x9D,0x95,0x7D,0x8D,0xBF,0x95,0xBF,0x8D,
    0xFF,0x95,0x73,0x53,0x58,0x95,0x3F,0xD7,0x3F,0xD7,0x1C,0xAE,0xF0,0x42,0x91,0x2A,
    0x1B,0x4C,0x7E,0x4C,0x7E,0x4C,0x7E,0x4C,0x7E,0x4C,0x7E,0x4C,0x7E,0x4C,0x7E,0x4C,
    0x7E,0x4C,0x7E,0x4C,0x7E,0x4C,0x7E,0x4C,0x7E,0x4C,0x7E,0x4C,0x7E,0x4C,0x7E,0x4C,
    0x7E,0x4C,0x7E,0x4C,0x7E,0x4C,0x7E,0x4C,0x7E,0x4C,0x7E,0x4C,0x7E,0x4C,0x7E,0x4C,
    0x7E,0x4C,0x7E,0x4C,0x7E,0x4C,0x7E,0x4C,0x7E,0x4C,0x7E,0x4C,0x7E,0x4C,0x7E,0x4C,
    0x7E,0x4C,0x7E,0x4C,0x7E,0x4C,0x7E,0x4C,0x7E,0x4C,0x7E,0x4C,0x7E,0x4C,0x5E,0x4C,
    0x7E,0x4C,0x7E,0x4C,0x5E,0x4C,0x7E,0x4C,0x7E,0x4C,0x7E,0x4C,0x7E,0x4C,0x7E,0x4C,
    0x7E,0x4C,0x7E,0x4C,0x7E,0x4C,0x7E,0x4C,0x7E,0x4C,0x7E,0x4C,0x7E,0x4C,0x7E,0x4C,
    0x7E,0x4C,0x7E,0x4C,0x7E,0x4C,0x7E,0x4C,0x7E,0x4C,0x7E,0x4C,0x7E,0x4C,0x7E,0x4C,
    0x7E,0x4C,0x7E,0x4C,0x7E,0x4C,0x7E,0x4C,0x7E,0x4C,0x7E,0x4C,0x7E,0x4C,0x7E,0x4C,
    0x7E,0x4C,0x7E,0x4C,0x7E,0x4C,0x3D,0x4C,0xF4,0x32,0x79,0x6C,0xBE,0x95,0xBE,0x8D,
    0xBF,0x95,0xBF,0x8D,0xFF,0x95,0x73,0x53,0x59,0x95,0x1F,0xD7,0xBE,0xC6,0xDE,0xCE,
    0x1B,0xAE,0xCF,0x42,0x0E,0x22,0xDA,0x43,0x5E,0x4C,0x5E,0x4C,0x7E,0x4C,0x7E,0x4C,
    0x7E,0x4C,0x7E,0x4C,0x7E,0x4C,0x7E,0x4C,0x7E,0x4C,0x7E,0x4C,0x7E,0x4C,0x7E,0x4C,
    0x7E,0x4C,0x7E,0x4C,0x7E,0x4C,0x7E,0x4C,0x7E,0x4C,0x7E,0x4C,0x7E,0x4C,0x7E,0x4C,
    0x7E,0x4C,0x7E,0x4C,0x7E,0x4C,0x7E,0x4C,0x7E,0x4C,0x7E,0x4C,0x7E,0x4C,0x7E,0x4C,
    0x7E,0x4C,0x7E,0x4C,0x7E,0x4C,0x7E,0x4C,0x7E,0x4C,0x7E,0x4C,0x7E,0x4C,0x7E,0x4C,
    0x7E,0x4C,0x7E,0x4C,0x7E,0x4C,0x5E,0x4C,0x5E,0x4C,0x7E,0x4C,0x7E,0x4C,0x7E,0x4C,
    0x7E,0x4C,0x7E,0x4C,0x7E,0x4C,0x7E,0x4C,0x7E,0x4C,0x7E,0x4C,0x7E,0x4C,0x7E,0x4C,
    0x7E,0x4C,0x7E,0x4C,0x7E,0x4C,0x7E,0x4C,0x7E,0x4C,0x7E,0x4C,0x7E,0x4C,0x7E,0x4C,
    0x7E,0x4C,0x7E,0x4C,0x7E,0x4C,0x7E,0x4C,0x7E,0x4C,0x7E,0x4C,0x7E,0x4C,0x7E,0x4C,
    0x7E,0x4C,0x7E,0x4C,0x7E,0x4C,0x7E,0x4C,0x7E,0x4C,0x7E,0x4C,0x57,0x3B,0xDB,0x74,
    0xFF,0x95,0xBE,0x8D,0xBF,0x8D,0xBE,0x8D,0xDF,0x95,0x73,0x53,0x38,0x95,0x9D,0xBE,
    0x1C,0xAE,0x1C,0xAE,0x5D,0xB6,0xDB,0xA5,0x68,0x19,0x50,0x22,0x3D,0x4C,0x7F,0x4C,
    0x5E,0x4C,0x7E,0x4C,0x7E,0x4C,0x7E,0x4C,0x7E,0x4C,0x7E,0x4C,0x7E,0x4C,0x7E,0x4C,
    0x7E,0x4C,0x7E,0x4C,0x7E,0x4C,0x7E,0x4C,0x7E,0x4C,0x7E,0x4C,0x7E,0x4C,0x7E,0x4C,
    0x7E,0x4C,0x7E,0x4C,0x7E,0x4C,0x7E,0x4C,0x7E,0x4C,0x7E,0x4C,0x7E,0x4C,0x7E,0x4C,
    0x7E,0x4C,0x7E,0x4C,0x7E,0x4C,0x7E,0x4C,0x7E,0x4C,0x7E,0x4C,0x7E,0x4C,0x7E,0x4C,
    0x7E,0x4C,0x7E,0x4C,0x7E,0x4C,0x7E,0x4C,0x7E,0x4C,0x5E,0x4C,0x7E,0x4C,0x7E,0x4C,
    0x7E,0x4C,0x7E,0x4C,0x7E,0x4C,0x7E,0x4C,0x7E,0x4C,0x7E,0x4C,0x7E,0x4C,0x7E,0x4C,
    0x7E,0x4C,0x7E,0x4C,0x7E,0x4C,0x7E,0x4C,0x7E,0x4C,0x7E,0x4C,0x7E,0x4C,0x7E,0x4C,
    0x7E,0x4C,0x7E,0x4C,0x7E,0x4C,0x7E,0x4C,0x7E,0x4C,0x7E,0x4C,0x7E,0x4C,0x7E,0x4C,
    0x7E,0x4C,0x7E,0x4C,0x7E,0x4C,0x7E,0x4C,0x7E,0x4C,0x7E,0x4C,0x5E,0x4C,0x7E,0x4C,
    0x78,0x3B,0xDB,0x74,0xDF,0x95,0xDF,0x95,0xBE,0x8D,0xDF,0x95,0xFF,0x95,0x73,0x53,
    0xF7,0x8C,0x5D,0xB6,0x7F,0xB6,0x9F,0xB6,0x9F,0xB6,0x7F,0xB6,0xEA,0x29,0xA4,0x00,
    0x2F,0x22,0x3C,0x4C,0x7F,0x4C,0x5E,0x4C,0x7E,0x4C,0x7E,0x4C,0x7E,0x4C,0x7E,0x4C,
    0x7E,0x4C,0x7E,0x4C,0x7E,0x4C,0x7E,0x4C,0x7E,0x4C,0x7E,0x4C,0x7E,0x4C,0x7E,0x4C,
    0x7E,0x4C,0x7E,0x4C,0x7E,0x4C,0x7E,0x4C,0x7E,0x4C,0x7E,0x4C,0x7E,0x4C,0x7E,0x4C,
    0x7E,0x4C,0x7E,0x4C,0x7E,0x4C,0x7E,0x4C,0x7E,0x4C,0x7E,0x4C,0x7E,0x4C,0x7E,0x4C,
    0x7E,0x4C,0x7E,0x4C,0x7E,0x4C,0x7E,0x4C,0x7E,0x4C,0x7E,0x4C,0x7E,0x4C,0x7E,0x4C,
    0x7E,0x4C,0x7E,0x4C,0x7E,0x4C,0x7E,0x4C,0x7E,0x4C,0x7E,0x4C,0x7E,0x4C,0x7E,0x4C,
    0x7E,0x4C,0x7E,0x4C,0x7E,0x4C,0x7E,0x4C,0x7E,0x4C,0x7E,0x4C,0x7E,0x4C,0x7E,0x4C,
    0x7E,0x4C,0x7E,0x4C,0x7E,0x4C,0x7E,0x4C,0x7E,0x4C,0x7E,0x4C,0x7E,0x4C,0x7E,0x4C,
    0x7E,0x4C,0x7E,0x4C,0x7E,0x4C,0x7E,0x4C,0x7E,0x4C,0x7E,0x4C,0x7E,0x4C,0x7E,0x4C,
    0x5E,0x4C,0x7E,0x4C,0x78,0x3B,0xBB,0x6C,0x1F,0x9E,0x1C,0x7D,0xB7,0x4B,0x39,0x54,
    0x5D,0x85,0x94,0x53,0x18,0x8D,0x5C,0xB6,0x5E,0xB6,0x9F,0xB6,0x9F,0xBE,0x5E,0xAE,
    0xCA,0x29,0xED,0x52,0x47,0x19,0xAC,0x19,0x1B,0x4C,0x7F,0x4C,0x5E,0x4C,0x7E,0x4C,
    0x7E,0x4C,0x7E,0x4C,0x7E,0x4C,0x7E,0x4C,0x7E,0x4C,0x7E,0x4C,0x7E,0x4C,0x7E,0x4C,
    0x7E,0x4C,0x7E,0x4C,0x7E,0x4C,0x7E,0x4C,0x7E,0x4C,0x7E,0x4C,0x7E,0x4C,0x7E,0x4C,
    0x7E,0x4C,0x7E,0x4C,0x7E,0x4C,0x7E,0x4C,0x7E,0x4C,0x7E,0x4C,0x7E,0x4C,0x7E,0x4C,
    0x7E,0x4C,0x7E,0x4C,0x7E,0x4C,0x7E,0x4C,0x7E,0x4C,0x7E,0x4C,0x7E,0x4C,0x7E,0x4C,
    0x7E,0x4C,0x7E,0x4C,0x7E,0x4C,0x7E,0x4C,0x7E,0x4C,0x7E,0x4C,0x7E,0x4C,0x7E,0x4C,
    0x7E,0x4C,0x7E,0x4C,0x7E,0x4C,0x7E,0x4C,0x7E,0x4C,0x7E,0x4C,0x7E,0x4C,0x7E,0x4C,
    0x7E,0x4C,0x7E,0x4C,0x7E,0x4C,0x7E,0x4C,0x7E,0x4C,0x7E,0x4C,0x7E,0x4C,0x7E,0x4C,
    0x7E,0x4C,0x7E,0x4C,0x7E,0x4C,0x7E,0x4C,0x7E,0x4C,0x7E,0x4C,0x7E,0x4C,0x7E,0x4C,
    0x7E,0x4C,0x7E,0x4C,0x5E,0x4C,0x7E,0x4C,0x78,0x3B,0xFC,0x74,0x5D,0x85,0x35,0x3B,
    0xFB,0x43,0x99,0x3B,0x39,0x5C,0x93,0x53,0x59,0x95,0xBE,0xC6,0x1C,0xAE,0x9F,0xB6,
    0x9F,0xBE,0x7E,0xB6,0x88,0x19,0xD8,0xB5,0x18,0xBE,0x06,0x11,0x69,0x11,0xB9,0x43,
    0x7E,0x4C,0x5E,0x4C,0x7E,0x4C,0x7E,0x4C,0x7E,0x4C,0x7E,0x4C,0x7E,0x4C,0x7E,0x4C,
    0x7E,0x4C,0x7E,0x4C,0x7E,0x4C,0x7E,0x4C,0x7E,0x4C,0x7E,0x4C,0x7E,0x4C,0x7E,0x4C,
    0x7E,0x4C,0x7E,0x4C,0x7E,0x4C,0x7E,0x4C,0x7E,0x4C,0x7E,0x4C,0x7E,0x4C,0x7E,0x4C,
    0x7E,0x4C,0x7E,0x4C,0x7E,0x4C,0x7E,0x4C,0x7E,0x4C,0x7E,0x4C,0x7E,0x4C,0x7E,0x4C,
    0x7E,0x4C,0x7E,0x4C,0x7E,0x4C,0x7E,0x4C,0x7E,0x4C,0x7E,0x4C,0x7E,0x4C,0x7E,0x4C,
    0x7E,0x4C,0x7E,0x4C,0x7E,0x4C,0x7E,0x4C,0x7E,0x4C,0x7E,0x4C,0x7E,0x4C,0x7E,0x4C,
    0x7E,0x4C,0x7E,0x4C,0x7E,0x4C,0x7E,0x4C,0x7E,0x4C,0x7E,0x4C,0x7E,0x4C,0x7E,0x4C,
    0x7E,0x4C,0x7E,0x4C,0x7E,0x4C,0x7E,0x4C,0x7E,0x4C,0x7E,0x4C,0x7E,0x4C,0x7E,0x4C,
    0x7E,0x4C,0x7E,0x4C,0x7E,0x4C,0x7E,0x4C,0x5E,0x4C,0x7E,0x4C,0x98,0x3B,0x59,0x64,
    0x97,0x43,0xDB,0x43,0x9F,0x54,0x3D,0x4C,0x97,0x43,0x12,0x43,0x79,0x9D,0x1F,0xD7,
    0x1B,0xAE,0x7E,0xB6,0x9F,0xBE,0x7E,0xB6,0x88,0x19,0x76,0xA5,0xFF,0xFF,0x5A,0xC6,
    0xC8,0x29,0xE7,0x00,0x56,0x3B,0x7E,0x4C,0x5E,0x4C,0x5E,0x4C,0x7E,0x4C,0x7E,0x4C,
    0x7E,0x4C,0x7E,0x4C,0x7E,0x4C,0x7E,0x4C,0x7E,0x4C,0x7E,0x4C,0x7E,0x4C,0x7E,0x4C,
    0x7E,0x4C,0x7E,0x4C,0x7E,0x4C,0x7E,0x4C,0x7E,0x4C,0x7E,0x4C,0x7E,0x4C,0x7E,0x4C,
    0x7E,0x4C,0x7E,0x4C,0x7E,0x4C,0x7E,0x4C,0x7E,0x4C,0x7E,0x4C,0x7E,0x4C,0x7E,0x4C,
    0x7E,0x4C,0x7E,0x4C,0x7E,0x4C,0x7E,0x4C,0x7E,0x4C,0x7E,0x4C,0x5E,0x4C,0x7E,0x4C,
    0x7E,0x4C,0x7E,0x4C,0x7E,0x4C,0x7E,0x4C,0x7E,0x4C,0x7E,0x4C,0x7E,0x4C,0x7E,0x4C,
    0x7E,0x4C,0x7E,0x4C,0x7E,0x4C,0x7E,0x4C,0x7E,0x4C,0x7E,0x4C,0x7E,0x4C,0x7E,0x4C,
    0x7E,0x4C,0x7E,0x4C,0x7E,0x4C,0x7E,0x4C,0x7E,0x4C,0x7E,0x4C,0x7E,0x4C,0x7E,0x4C,
    0x7E,0x4C,0x7E,0x4C,0x7E,0x4C,0x7E,0x4C,0x7E,0x4C,0x7E,0x4C,0x5E,0x4C,0x7E,0x4C,
    0x98,0x3B,0x14,0x33,0xFB,0x43,0x7F,0x54,0x5E,0x4C,0x7F,0x4C,0xB9,0x43,0x6F,0x2A,
    0x79,0x9D,0x3F,0xDF,0x7D,0xBE,0x1C,0xAE,0x9F,0xBE,0x7E,0xB6,0x88,0x19,0x76,0xAD,
    0xFF,0xFF,0xFF,0xFF,0x3D,0xE7,0x6B,0x42,0xA5,0x00,0xF3,0x32,0x5E,0x4C,0x7E,0x4C,
    0x5E,0x4C,0x7E,0x4C,0x7E,0x4C,0x7E,0x4C,0x7E,0x4C,0x7E,0x4C,0x7E,0x4C,0x7E,0x4C,
    0x7E,0x4C,0x7E,0x4C,0x7E,0x4C,0x7E,0x4C,0x7E,0x4C,0x7E,0x4C,0x7E,0x4C,0x7E,0x4C,
    0x7E,0x4C,0x7E,0x4C,0x7E,0x4C,0x7E,0x4C,0x7E,0x4C,0x7E,0x4C,0x7E,0x4C,0x7E,0x4C,
    0x7E,0x4C,0x7E,0x4C,0x7E,0x4C,0x7E,0x4C,0x7E,0x4C,0x7E,0x4C,0x7E,0x4C,0x5E,0x4C,
    0x5E,0x4C,0x7E,0x4C,0x7E,0x4C,0x7E,0x4C,0x7E,0x4C,0x7E,0x4C,0x7E,0x4C,0x7E,0x4C,
    0x7E,0x4C,0x7E,0x4C,0x7E,0x4C,0x7E,0x4C,0x7E,0x4C,0x7E,0x4C,0x7E,0x4C,0x7E,0x4C,
    0x7E,0x4C,0x7E,0x4C,0x7E,0x4C,0x7E,0x4C,0x7E,0x4C,0x7E,0x4C,0x7E,0x4C,0x7E,0x4C,
    0x7E,0x4C,0x7E,0x4C,0x7E,0x4C,0x7E,0x4C,0x7E,0x4C,0x7E,0x4C,0x7E,0x4C,0x7E,0x4C,
    0x5E,0x4C,0x7E,0x4C,0x98,0x3B,0xDA,0x43,0x7F,0x54,0x7E,0x4C,0x5E,0x4C,0x7E,0x4C,
    0x3D,0x4C,0x2F,0x22,0x58,0x95,0x3F,0xD7,0xDE,0xCE,0x1C,0xB6,0x7F,0xB6,0x7E,0xB6,
    0x88,0x19,0x76,0xAD,0xFF,0xFF,0xBF,0xF7,0xFF,0xFF,0xBF,0xF7,0x4E,0x63,0xA5,0x00,
    0xB1,0x2A,0x3D,0x4C,0x5E,0x4C,0x7E,0x4C,0x7E,0x4C,0x7E,0x4C,0x7E,0x4C,0x7E,0x4C,
    0x7E,0x4C,0x7E,0x4C,0x7E,0x4C,0x7E,0x4C,0x7E,0x4C,0x7E,0x4C,0x7E,0x4C,0x7E,0x4C,
    0x7E,0x4C,0x7E,0x4C,0x7E,0x4C,0x7E,0x4C,0x7E,0x4C,0x7E,0x4C,0x7E,0x4C,0x7E,0x4C,
    0x7E,0x4C,0x7E,0x4C,0x7E,0x4C,0x7E,0x4C,0x7E,0x4C,0x7E,0x4C,0x7E,0x4C,0x7E,0x4C,
    0x7E,0x4C,0x5E,0x4C,0x7E,0x4C,0x7E,0x4C,0x5E,0x4C,0x7E,0x4C,0x7E,0x4C,0x7E,0x4C,
    0x7E,0x4C,0x7E,0x4C,0x7E,0x4C,0x7E,0x4C,0x7E,0x4C,0x7E,0x4C,0x7E,0x4C,0x7E,0x4C,
    0x7E,0x4C,0x7E,0x4C,0x7E,0x4C,0x7E,0x4C,0x7E,0x4C,0x7E,0x4C,0x7E,0x4C,0x7E,0x4C,
    0x7E,0x4C,0x7E,0x4C,0x7E,0x4C,0x7E,0x4C,0x7E,0x4C,0x7E,0x4C,0x7E,0x4C,0x7E,0x4C,
    0x7E,0x4C,0x7E,0x4C,0x7E,0x4C,0x5E,0x4C,0x3D,0x4C,0x7E,0x4C,0x7E,0x4C,0x7E,0x4C,
    0x7E,0x4C,0x5E,0x4C,0x9F,0x54,0x50,0x22,0xD7,0x84,0x5F,0xDF,0xFF,0xCE,0x3C,0xB6,
    0x3D,0xB6,0x7F,0xB6,0x88,0x19,0x76,0xAD,0xFF,0xFF,0xDF,0xFF,0xFF,0xFF,0xFF,0xFF,
    0xFF,0xFF,0x32,0x7C,0xA4,0x00,0x4F,0x22,0x5D,0x4C,0x7E,0x4C,0x5E,0x4C,0x7E,0x4C,
    0x7E,0x4C,0x7E,0x4C,0x7E,0x4C,0x7E,0x4C,0x7E,0x4C,0x7E,0x4C,0x7E,0x4C,0x7E,0x4C,
    0x7E,0x4C,0x7E,0x4C,0x7E,0x4C,0x7E,0x4C,0x7E,0x4C,0x7E,0x4C,0x7E,0x4C,0x7E,0x4C,
    0x7E,0x4C,0x7E,0x4C,0x7E,0x4C,0x7E,0x4C,0x7E,0x4C,0x7E,0x4C,0x7E,0x4C,0x7E,0x4C,
    0x7E,0x4C,0x5E,0x4C,0x7E,0x4C,0x7E,0x4C,0x5E,0x4C,0x7F,0x54,0x5E,0x4C,0x7E,0x4C,
    0x7E,0x4C,0x7E,0x4C,0x7E,0x4C,0x7E,0x4C,0x7E,0x4C,0x7E,0x4C,0x7E,0x4C,0x7E,0x4C,
    0x7E,0x4C,0x7E,0x4C,0x7E,0x4C,0x7E,0x4C,0x7E,0x4C,0x7E,0x4C,0x7E,0x4C,0x7E,0x4C,
    0x7E,0x4C,0x7E,0x4C,0x7E,0x4C,0x7E,0x4C,0x7E,0x4C,0x7E,0x4C,0x7E,0x4C,0x7E,0x4C,
    0x7E,0x4C,0x7E,0x4C,0x7E,0x4C,0x7E,0x4C,0x7E,0x4C,0x7E,0x4C,0x7E,0x4C,0x7E,0x4C,
    0x7E,0x4C,0x7E,0x4C,0x7E,0x4C,0x5E,0x4C,0x9F,0x54,0x92,0x2A,0x75,0x7C,0xDE,0xCE,
    0x1C,0xB6,0x3C,0xB6,0x7E,0xB6,0x5E,0xB6,0x88,0x19,0x76,0xAD,0xFF,0xFF,0xDF,0xFF,
    0xFF,0xFF,0xFF,0xFF,0xFF,0xFF,0xFF,0xFF,0x15,0x9D,0xE5,0x08,0x71,0x22,0x9F,0x54,
    0x7E,0x4C,0x5E,0x4C,0x7E,0x4C,0x7E,0x4C,0x7E,0x4C,0x7E,0x4C,0x7E,0x4C,0x7E,0x4C,
    0x7E,0x4C,0x7E,0x4C,0x7E,0x4C,0x7E,0x4C,0x7E,0x4C,0x7E,0x4C,0x7E,0x4C,0x7E,0x4C,
    0x7E,0x4C,0x7E,0x4C,0x7E,0x4C,0x7E,0x4C,0x7E,0x4C,0x7E,0x4C,0x7E,0x4C,0x7E,0x4C,
    0x7E,0x4C,0x7E,0x4C,0x7E,0x4C,0x5E,0x4C,0x7F,0x54,0x5E,0x4C,0x5E,0x4C,0x9F,0x54,
    0x7E,0x4C,0x7E,0x4C,0x7E,0x4C,0x7E,0x4C,0x7E,0x4C,0x7E,0x4C,0x7E,0x4C,0x7E,0x4C,
    0x7E,0x4C,0x7E,0x4C,0x7E,0x4C,0x7E,0x4C,0x7E,0x4C,0x7E,0x4C,0x7E,0x4C,0x7E,0x4C,
    0x7E,0x4C,0x7E,0x4C,0x7E,0x4C,0x7E,0x4C,0x7E,0x4C,0x7E,0x4C,0x7E,0x4C,0x7E,0x4C,
    0x7E,0x4C,0x7E,0x4C,0x7E,0x4C,0x7E,0x4C,0x7E,0x4C,0x7E,0x4C,0x7E,0x4C,0x7E,0x4C,
    0x7E,0x4C,0x7E,0x4C,0x7E,0x4C,0x7E,0x4C,0x7E,0x4C,0x5E,0x4C,0x9F,0x54,0xB3,0x2A,
    0x76,0x74,0x3D,0xB6,0x5E,0xB6,0x3E,0xAE,0x7F,0xB6,0x7E,0xB6,0x88,0x19,0x76,0xAD,
    0xFF,0xFF,0xDF,0xFF,0xFF,0xFF,0xFF,0xFF,0xFF,0xFF,0xDF,0xFF,0xFF,0xFF,0xF8,0xBD,
    0x46,0x19,0x0E,0x1A,0x7E,0x54,0x7F,0x4C,0x5E,0x4C,0x7E,0x4C,0x7E,0x4C,0x7E,0x4C,
    0x7E,0x4C,0x7E,0x4C,0x7E,0x4C,0x7E,0x4C,0x7E,0x4C,0x7E,0x4C,0x7E,0x4C,0x7E,0x4C,
    0x7E,0x4C,0x7E,0x4C,0x7E,0x4C,0x7E,0x4C,0x7E,0x4C,0x7E,0x4C,0x7E,0x4C,0x7E,0x4C,
    0x7E,0x4C,0x7E,0x4C,0x7E,0x4C,0x7E,0x4C,0x7E,0x4C,0x7E,0x4C,0x9F,0x54,0x5E,0x4C,
    0x7E,0x4C,0x9F,0x54,0x5E,0x4C,0x7E,0x4C,0x7E,0x4C,0x7E,0x4C,0x7E,0x4C,0x7E,0x4C,
    0x7E,0x4C,0x7E,0x4C,0x7E,0x4C,0x7E,0x4C,0x7E,0x4C,0x7E,0x4C,0x7E,0x4C,0x7E,0x4C,
    0x7E,0x4C,0x7E,0x4C,0x7E,0x4C,0x7E,0x4C,0x7E,0x4C,0x7E,0x4C,0x7E,0x4C,0x7E,0x4C,
    0x7E,0x4C,0x7E,0x4C,0x7E,0x4C,0x7E,0x4C,0x7E,0x4C,0x7E,0x4C,0x7E,0x4C,0x7E,0x4C,
    0x7E,0x4C,0x7E,0x4C,0x7E,0x4C,0x7E,0x4C,0x7E,0x4C,0x7E,0x4C,0x7E,0x4C,0x5E,0x4C,
    0x9F,0x54,0xB3,0x2A,0xB8,0x7C,0xDF,0xC6,0xFD,0xA5,0x33,0x43,0xB5,0x53,0x36,0x64,
    0x68,0x19,0x96,0xAD,0xFF,0xFF,0xDF,0xFF,0xFF,0xFF,0xFF,0xFF,0xFF,0xFF,0xFF,0xFF,
    0xDF,0xFF,0xFF,0xFF,0xBB,0xD6,0xC8,0x29,0x8B,0x11,0x5D,0x4C,0x9F,0x54,0x5E,0x4C,
    0x7E,0x4C,0x7E,0x4C,0x7E,0x4C,0x7E,0x4C,0x7E,0x4C,0x7E,0x4C,0x7E,0x4C,0x7E,0x4C,
    0x7E,0x4C,0x7E,0x4C,0x7E,0x4C,0x7E,0x4C,0x7E,0x4C,0x7E,0x4C,0x7E,0x4C,0x7E,0x4C,
    0x7E,0x4C,0x7E,0x4C,0x7E,0x4C,0x7E,0x4C,0x7E,0x4C,0x7E,0x4C,0x7E,0x4C,0x5E,0x4C,
    0x9F,0x54,0x7E,0x4C,0x5E,0x4C,0x7E,0x4C,0x7E,0x4C,0x5E,0x4C,0x7E,0x4C,0x7E,0x4C,
    0x7E,0x4C,0x7E,0x4C,0x7E,0x4C,0x7E,0x4C,0x7E,0x4C,0x7E,0x4C,0x7E,0x4C,0x7E,0x4C,
    0x7E,0x4C,0x7E,0x4C,0x7E,0x4C,0x7E,0x4C,0x7E,0x4C,0x7E,0x4C,0x7E,0x4C,0x7E,0x4C,
    0x7E,0x4C,0x7E,0x4C,0x7E,0x4C,0x7E,0x4C,0x7E,0x4C,0x7E,0x4C,0x7E,0x4C,0x7E,0x4C,
    0x7E,0x4C,0x7E,0x4C,0x7E,0x4C,0x7E,0x4C,0x7E,0x4C,0x7E,0x4C,0x7E,0x4C,0x7E,0x4C,
    0x7E,0x4C,0x5E,0x4C,0x9F,0x54,0xB3,0x2A,0xF9,0x84,0x3E,0xAE,0xF1,0x3A,0x15,0x33,
    0xDB,0x43,0x70,0x22,0x47,0x11,0x96,0xAD,0xFF,0xFF,0xDF,0xFF,0xFF,0xFF,0xFF,0xFF,
    0xFF,0xFF,0xFF,0xFF,0xFF,0xFF,0xDF,0xFF,0xFF,0xFF,0x7E,0xEF,0xAB,0x4A,0x29,0x09,
    0xFA,0x4B,0x9F,0x54,0x5E,0x4C,0x7E,0x4C,0x7E,0x4C,0x7E,0x4C,0x7E,0x4C,0x7E,0x4C,
    0x7E,0x4C,0x7E,0x4C,0x7E,0x4C,0x7E,0x4C,0x7E,0x4C,0x7E,0x4C,0x7E,0x4C,0x7E,0x4C,
    0x7E,0x4C,0x7E,0x4C,0x7E,0x4C,0x7E,0x4C,0x7E,0x4C,0x7E,0x4C,0x7E,0x4C,0x7E,0x4C,
    0x5E,0x4C,0x7E,0x4C,0x7E,0x4C,0x5E,0x4C,0x7E,0x4C,0x5E,0x4C,0x7F,0x4C,0x7E,0x4C,
    0x7E,0x4C,0x7E,0x4C,0x7E,0x4C,0x7E,0x4C,0x7E,0x4C,0x7E,0x4C,0x7E,0x4C,0x7E,0x4C,
    0x7E,0x4C,0x7E,0x4C,0x7E,0x4C,0x7E,0x4C,0x7E,0x4C,0x7E,0x4C,0x7E,0x4C,0x7E,0x4C,
    0x7E,0x4C,0x7E,0x4C,0x7E,0x4C,0x7E,0x4C,0x7E,0x4C,0x7E,0x4C,0x7E,0x4C,0x7E,0x4C,
    0x7E,0x4C,0x7E,0x4C,0x7E,0x4C,0x7E,0x4C,0x7E,0x4C,0x7E,0x4C,0x7E,0x4C,0x7E,0x4C,
    0x7E,0x4C,0x7E,0x4C,0x7E,0x4C,0x5E,0x4C,0x7F,0x54,0xD3,0x2A,0x77,0x74,0x53,0x4B,
    0xF4,0x2A,0x7E,0x54,0x9F,0x54,0x15,0x33,0xE6,0x08,0x97,0xAD,0xFF,0xFF,0xDF,0xFF,
    0xFF,0xFF,0xFF,0xFF,0xFF,0xFF,0xFF,0xFF,0xFF,0xFF,0xFF,0xFF,0xDF,0xFF,0xFF,0xFF,
    0xDF,0xFF,0x8F,0x63,0xC6,0x00,0x77,0x3B,0x9F,0x54,0x5E,0x4C,0x5E,0x4C,0x7E,0x4C,
    0x7E,0x4C,0x7E,0x4C,0x7E,0x4C,0x7E,0x4C,0x7E,0x4C,0x7E,0x4C,0x7E,0x4C,0x7E,0x4C,
    0x7E,0x4C,0x7E,0x4C,0x7E,0x4C,0x7E,0x4C,0x7E,0x4C,0x7E,0x4C,0x7E,0x4C,0x7E,0x4C,
    0x7E,0x4C,0x7E,0x4C,0x7E,0x4C,0x7F,0x4C,0x5E,0x4C,0x7E,0x4C,0xDF,0x64,0x5E,0x4C,
    0x9F,0x54,0x5E,0x4C,0x7E,0x4C,0x7E,0x4C,0x7E,0x4C,0x7E,0x4C,0x7E,0x4C,0x7E,0x4C,
    0x7E,0x4C,0x7E,0x4C,0x7E,0x4C,0x7E,0x4C,0x7E,0x4C,0x7E,0x4C,0x7E,0x4C,0x7E,0x4C,
    0x7E,0x4C,0x7E,0x4C,0x7E,0x4C,0x7E,0x4C,0x7E,0x4C,0x7E,0x4C,0x7E,0x4C,0x7E,0x4C,
    0x7E,0x4C,0x7E,0x4C,0x7E,0x4C,0x7E,0x4C,0x7E,0x4C,0x7E,0x4C,0x7E,0x4C,0x7E,0x4C,
    0x7E,0x4C,0x7E,0x4C,0x7E,0x4C,0x7E,0x4C,0x7E,0x4C,0x5E,0x4C,0x7F,0x4C,0x14,0x33,
    0x4F,0x2A,0x15,0x33,0x7F,0x54,0x5E,0x4C,0x7E,0x54,0x1B,0x44,0xE6,0x08,0x96,0xAD,
    0xFF,0xFF,0xDF,0xFF,0xFF,0xFF,0xFF,0xFF,0xFF,0xFF,0xFF,0xFF,0xFF,0xFF,0xFF,0xFF,
    0xFF,0xFF,0xFF,0xFF,0xFF,0xFF,0xFF,0xFF,0xB3,0x8C,0x27,0x11,0x14,0x33,0x9F,0x54,
    0x7E,0x4C,0x5E,0x4C,0x7E,0x4C,0x7E,0x4C,0x7E,0x4C,0x7E,0x4C,0x7E,0x4C,0x7E,0x4C,
    0x7E,0x4C,0x7E,0x4C,0x7E,0x4C,0x7E,0x4C,0x7E,0x4C,0x7E,0x4C,0x7E,0x4C,0x7E,0x4C,
    0x7E,0x4C,0x7E,0x4C,0x7E,0x4C,0x7E,0x4C,0x5E,0x4C,0x9F,0x54,0x5E,0x4C,0xDF,0x64,
    0x00,0x00,0x7E,0x4C,0xBF,0x54,0x5E,0x4C,0x7E,0x4C,0x7E,0x4C,0x7E,0x4C,0x7E,0x4C,
    0x7E,0x4C,0x7E,0x4C,0x7E,0x4C,0x7E,0x4C,0x7E,0x4C,0x7E,0x4C,0x7E,0x4C,0x7E,0x4C,
    0x7E,0x4C,0x7E,0x4C,0x7E,0x4C,0x7E,0x4C,0x7E,0x4C,0x7E,0x4C,0x7E,0x4C,0x7E,0x4C,
    0x7E,0x4C,0x7E,0x4C,0x7E,0x4C,0x7E,0x4C,0x7E,0x4C,0x7E,0x4C,0x7E,0x4C,0x7E,0x4C,
    0x7E,0x4C,0x7E,0x4C,0x7E,0x4C,0x7E,0x4C,0x7E,0x4C,0x7E,0x4C,0x7E,0x4C,0x5E,0x4C,
    0x7F,0x54,0xD3,0x32,0x15,0x33,0x7F,0x54,0x7E,0x4C,0x5E,0x4C,0x7E,0x4C,0x5E,0x4C,
    0x07,0x09,0x96,0xAD,0xFF,0xFF,0xDF,0xFF,0xFF,0xFF,0xFF,0xFF,0xFF,0xFF,0xFF,0xFF,
    0xFF,0xFF,0xFF,0xFF,0xDF,0xFF,0xFF,0xFF,0xBE,0xF7,0x3C,0xE7,0x3C,0xE7,0xAF,0x6B,
    0x84,0x00,0x90,0x2A,0x3D,0x4C,0x5E,0x4C,0x7E,0x4C,0x7E,0x4C,0x7E,0x4C,0x7E,0x4C,
    0x7E,0x4C,0x7E,0x4C,0x7E,0x4C,0x7E,0x4C,0x7E,0x4C,0x7E,0x4C,0x7E,0x4C,0x7E,0x4C,
    0x7E,0x4C,0x7E,0x4C,0x7E,0x4C,0x7E,0x4C,0x7E,0x4C,0x7E,0x4C,0x5E,0x4C,0xBF,0x54,
    0x7E,0x4C,0x00,0x00,0x00,0x00,0x7E,0x4C,0x7E,0x4C,0x7E,0x4C,0x7E,0x4C,0x7E,0x4C,
    0x7E,0x4C,0x7E,0x4C,0x7E,0x4C,0x7E,0x4C,0x7E,0x4C,0x7E,0x4C,0x7E,0x4C,0x7E,0x4C,
    0x7E,0x4C,0x7E,0x4C,0x7E,0x4C,0x7E,0x4C,0x7E,0x4C,0x7E,0x4C,0x7E,0x4C,0x7E,0x4C,
    0x7E,0x4C,0x7E,0x4C,0x7E,0x4C,0x7E,0x4C,0x7E,0x4C,0x7E,0x4C,0x7E,0x4C,0x7E,0x4C,
    0x7E,0x4C,0x7E,0x4C,0x7E,0x4C,0x7E,0x4C,0x7E,0x4C,0x7E,0x4C,0x7E,0x4C,0x7E,0x4C,
    0x7E,0x4C,0x7E,0x4C,0x5E,0x4C,0xB9,0x43,0x5E,0x4C,0x7E,0x4C,0x5E,0x4C,0x7E,0x4C,
    0x7E,0x54,0x5D,0x4C,0x28,0x09,0x96,0xAD,0xFF,0xFF,0xDF,0xFF,0xFF,0xFF,0xFF,0xFF,
    0xFF,0xFF,0xFF,0xFF,0xDF,0xFF,0xFF,0xFF,0xD8,0xB5,0xC9,0x29,0x0A,0x32,0xAA,0x21,
    0x69,0x11,0xAA,0x19,0xCB,0x19,0xCB,0x19,0x56,0x3B,0x7F,0x4C,0x5E,0x4C,0x7E,0x4C,
    0x7E,0x4C,0x7E,0x4C,0x7E,0x4C,0x7E,0x4C,0x7E,0x4C,0x7E,0x4C,0x7E,0x4C,0x7E,0x4C,
    0x7E,0x4C,0x7E,0x4C,0x7E,0x4C,0x7E,0x4C,0x7E,0x4C,0x7E,0x4C,0x7E,0x4C,0x7E,0x4C,
    0x7E,0x4C,0x7E,0x4C,0x7E,0x4C,0x00,0x00,0xFF,0x07,0x5D,0x44,0x7E,0x4C,0x9F,0x54,
    0x5E,0x4C,0x7E,0x4C,0x7E,0x4C,0x7E,0x4C,0x7E,0x4C,0x7E,0x4C,0x7E,0x4C,0x7E,0x4C,
    0x7E,0x4C,0x7E,0x4C,0x7E,0x4C,0x7E,0x4C,0x7E,0x4C,0x7E,0x4C,0x7E,0x4C,0x7E,0x4C,
    0x7E,0x4C,0x7E,0x4C,0x7E,0x4C,0x7E,0x4C,0x7E,0x4C,0x7E,0x4C,0x7E,0x4C,0x7E,0x4C,
    0x7E,0x4C,0x7E,0x4C,0x7E,0x4C,0x7E,0x4C,0x7E,0x4C,0x7E,0x4C,0x7E,0x4C,0x7E,0x4C,
    0x7E,0x4C,0x7E,0x4C,0x7E,0x4C,0x7E,0x4C,0x5E,0x4C,0x7F,0x4C,0x7E,0x4C,0x7E,0x4C,
    0x7E,0x4C,0x7E,0x4C,0x7E,0x4C,0x5E,0x4C,0x28,0x09,0x96,0xAD,0xFF,0xFF,0xDF,0xFF,
    0xFF,0xFF,0xFF,0xFF,0xFF,0xFF,0xFF,0xFF,0xFF,0xFF,0xFB,0xDE,0x71,0x5B,0x93,0x22,
    0x57,0x3B,0xB9,0x3B,0xFB,0x43,0x3D,0x4C,0x7E,0x4C,0x9F,0x54,0x7E,0x4C,0x7E,0x4C,
    0x7E,0x4C,0x7E,0x4C,0x7E,0x4C,0x7E,0x4C,0x7E,0x4C,0x7E,0x4C,0x7E,0x4C,0x7E,0x4C,
    0x7E,0x4C,0x7E,0x4C,0x7E,0x4C,0x7E,0x4C,0x7E,0x4C,0x7E,0x4C,0x7E,0x4C,0x7E,0x4C,
    0x7E,0x4C,0x5E,0x4C,0x9F,0x54,0x7E,0x4C,0x5D,0x44,0xFF,0x07,0xFF,0x3B,0x00,0x00,
    0x7E,0x4C,0x9F,0x54,0x5E,0x4C,0x7E,0x4C,0x7E,0x4C,0x7E,0x4C,0x7E,0x4C,0x7E,0x4C,
    0x7E,0x4C,0x7E,0x4C,0x7E,0x4C,0x7E,0x4C,0x7E,0x4C,0x7E,0x4C,0x7E,0x4C,0x7E,0x4C,
    0x7E,0x4C,0x7E,0x4C,0x7E,0x4C,0x7E,0x4C,0x7E,0x4C,0x7E,0x4C,0x7E,0x4C,0x7E,0x4C,
    0x7E,0x4C,0x7E,0x4C,0x7E,0x4C,0x7E,0x4C,0x7E,0x4C,0x7E,0x4C,0x7E,0x4C,0x7E,0x4C,
    0x7E,0x4C,0x7E,0x4C,0x7E,0x4C,0x7E,0x4C,0x7E,0x4C,0x7E,0x4C,0x7E,0x4C,0x5E,0x4C,
    0x7E,0x4C,0x7E,0x4C,0x7E,0x4C,0x7E,0x4C,0x7E,0x4C,0x5E,0x4C,0x28,0x09,0x96,0xAD,
    0xFF,0xFF,0xFF,0xFF,0x1C,0xE7,0xDB,0xD6,0xFF,0xFF,0xDF,0xFF,0xFF,0xFF,0x7A,0xCE,
    0xE6,0x08,0xDA,0x43,0xBF,0x54,0x7F,0x4C,0x7E,0x4C,0x5E,0x4C,0x5E,0x4C,0x5E,0x4C,
    0x5E,0x4C,0x7E,0x4C,0x7E,0x4C,0x7E,0x4C,0x7E,0x4C,0x7E,0x4C,0x7E,0x4C,0x7E,0x4C,
    0x7E,0x4C,0x7E,0x4C,0x7E,0x4C,0x7E,0x4C,0x7E,0x4C,0x7E,0x4C,0x7E,0x4C,0x7E,0x4C,
    0x7E,0x4C,0x7E,0x4C,0x7E,0x4C,0x5E,0x4C,0x9F,0x54,0x7E,0x4C,0x00,0x00,0xFF,0x3B,
    0x5F,0x55,0x1F,0x00,0x7E,0x4C,0x7E,0x4C,0x5E,0x4C,0x7E,0x4C,0x7E,0x4C,0x7E,0x4C,
    0x7E,0x4C,0x7E,0x4C,0x7E,0x4C,0x7E,0x4C,0x7E,0x4C,0x7E,0x4C,0x7E,0x4C,0x7E,0x4C,
    0x7E,0x4C,0x7E,0x4C,0x7E,0x4C,0x7E,0x4C,0x7E,0x4C,0x7E,0x4C,0x7E,0x4C,0x7E,0x4C,
    0x7E,0x4C,0x7E,0x4C,0x7E,0x4C,0x7E,0x4C,0x7E,0x4C,0x7E,0x4C,0x7E,0x4C,0x7E,0x4C,
    0x7E,0x4C,0x7E,0x4C,0x7E,0x4C,0x7E,0x4C,0x7E,0x4C,0x7E,0x4C,0x7E,0x4C,0x7E,0x4C,
    0x7E,0x4C,0x7E,0x4C,0x7E,0x4C,0x7E,0x4C,0x7E,0x4C,0x7E,0x4C,0x7E,0x4C,0x5E,0x4C,
    0x28,0x09,0x76,0xAD,0xFF,0xFF,0x7D,0xEF,0x2A,0x3A,0x2C,0x32,0x8C,0x42,0x39,0xC6,
    0xFF,0xFF,0xFF,0xFF,0xAF,0x6B,0x6B,0x09,0x7E,0x54,0x5E,0x4C,0x5E,0x4C,0x5E,0x4C,
    0x7E,0x4C,0x7E,0x4C,0x7E,0x4C,0x7E,0x4C,0x7E,0x4C,0x7E,0x4C,0x7E,0x4C,0x7E,0x4C,
    0x7E,0x4C,0x7E,0x4C,0x7E,0x4C,0x7E,0x4C,0x7E,0x4C,0x7E,0x4C,0x7E,0x4C,0x7E,0x4C,
    0x7E,0x4C,0x7E,0x4C,0x7E,0x4C,0x7E,0x4C,0x7E,0x4C,0x5E,0x4C,0x7E,0x4C,0x7E,0x4C,
    0x1F,0x00,0x5F,0x55,0x00,0x00,0x00,0x00,0x9B,0x4C,0x7E,0x4C,0x7F,0x4C,0x5E,0x4C,
    0x7E,0x4C,0x7E,0x4C,0x7E,0x4C,0x7E,0x4C,0x7E,0x4C,0x7E,0x4C,0x7E,0x4C,0x7E,0x4C,
    0x7E,0x4C,0x7E,0x4C,0x7E,0x4C,0x7E,0x4C,0x7E,0x4C,0x7E,0x4C,0x7E,0x4C,0x7E,0x4C,
    0x7E,0x4C,0x7E,0x4C,0x7E,0x4C,0x7E,0x4C,0x7E,0x4C,0x7E,0x4C,0x7E,0x4C,0x7E,0x4C,
    0x7E,0x4C,0x7E,0x4C,0x7E,0x4C,0x7E,0x4C,0x7E,0x4C,0x7E,0x4C,0x7E,0x4C,0x7E,0x4C,
    0x7E,0x4C,0x7E,0x4C,0x7E,0x4C,0x7E,0x4C,0x7E,0x4C,0x7E,0x4C,0x7E,0x4C,0x7E,0x4C,
    0x7E,0x4C,0x5E,0x4C,0x28,0x09,0xB7,0xB5,0x9E,0xF7,0x2A,0x3A,0x6A,0x11,0x3C,0x4C,
    0x4B,0x09,0x8F,0x63,0xFF,0xFF,0xFF,0xFF,0x9B,0xCE,0x26,0x11,0x98,0x3B,0x9F,0x54,
    0x7E,0x4C,0x7E,0x4C,0x7E,0x4C,0x7E,0x4C,0x7E,0x4C,0x7E,0x4C,0x7E,0x4C,0x7E,0x4C,
    0x7E,0x4C,0x7E,0x4C,0x7E,0x4C,0x7E,0x4C,0x7E,0x4C,0x7E,0x4C,0x7E,0x4C,0x7E,0x4C,
    0x7E,0x4C,0x7E,0x4C,0x7E,0x4C,0x7E,0x4C,0x7E,0x4C,0x7E,0x4C,0x5E,0x4C,0x7F,0x4C,
    0x7E,0x4C,0x9B,0x4C,0x00,0x00,0x00,0x00,0x00,0x00,0x5F,0x55,0x00,0x00,0x7F,0x54,
    0xBF,0x54,0x5E,0x4C,0x7E,0x4C,0x7E,0x4C,0x7E,0x4C,0x7E,0x4C,0x7E,0x4C,0x7E,0x4C,
    0x7E,0x4C,0x7E,0x4C,0x7E,0x4C,0x7E,0x4C,0x7E,0x4C,0x7E,0x4C,0x7E,0x4C,0x7E,0x4C,
    0x7E,0x4C,0x7E,0x4C,0x7E,0x4C,0x7E,0x4C,0x7E,0x4C,0x7E,0x4C,0x7E,0x4C,0x7E,0x4C,
    0x7E,0x4C,0x7E,0x4C,0x7E,0x4C,0x7E,0x4C,0x7E,0x4C,0x7E,0x4C,0x7E,0x4C,0x7E,0x4C,
    0x7E,0x4C,0x7E,0x4C,0x7E,0x4C,0x7E,0x4C,0x7E,0x4C,0x7E,0x4C,0x7E,0x4C,0x7E,0x4C,
    0x7E,0x4C,0x7E,0x4C,0x7E,0x54,0x3D,0x4C,0x69,0x11,0xD4,0x94,0xCC,0x4A,0x4A,0x09,
    0x5D,0x54,0xBF,0x54,0x78,0x3B,0x26,0x11,0xFC,0xDE,0xFF,0xFF,0xFF,0xFF,0x2E,0x5B,
    0xAC,0x11,0x9F,0x54,0x5E,0x4C,0x7E,0x4C,0x7E,0x4C,0x7E,0x4C,0x7E,0x4C,0x7E,0x4C,
    0x7E,0x4C,0x7E,0x4C,0x7E,0x4C,0x7E,0x4C,0x7E,0x4C,0x7E,0x4C,0x7E,0x4C,0x7E,0x4C,
    0x7E,0x4C,0x7E,0x4C,0x7E,0x4C,0x7E,0x4C,0x7E,0x4C,0x7E,0x4C,0x7E,0x4C,0x7E,0x4C,
    0x5E,0x4C,0xBF,0x54,0x7F,0x54,0x00,0x00,0x5F,0x55,0x00,0x00,0x00,0x00,0xFF,0x7B,
    0xFF,0x07,0x5E,0x54,0x7E,0x4C,0x7E,0x4C,0x7E,0x4C,0x7E,0x4C,0x7E,0x4C,0x7E,0x4C,
    0x7E,0x4C,0x7E,0x4C,0x7E,0x4C,0x7E,0x4C,0x7E,0x4C,0x7E,0x4C,0x7E,0x4C,0x7E,0x4C,
    0x7E,0x4C,0x7E,0x4C,0x7E,0x4C,0x7E,0x4C,0x7E,0x4C,0x7E,0x4C,0x7E,0x4C,0x7E,0x4C,
    0x7E,0x4C,0x7E,0x4C,0x7E,0x4C,0x7E,0x4C,0x7E,0x4C,0x7E,0x4C,0x7E,0x4C,0x7E,0x4C,
    0x7E,0x4C,0x7E,0x4C,0x7E,0x4C,0x7E,0x4C,0x7E,0x4C,0x7E,0x4C,0x7E,0x4C,0x7E,0x4C,
    0x7E,0x4C,0x7E,0x4C,0x7E,0x4C,0x7E,0x4C,0x7E,0x4C,0x5E,0x4C,0xAA,0x19,0x05,0x11,
    0xED,0x19,0x5E,0x4C,0x7E,0x4C,0x5E,0x4C,0x7E,0x54,0x6A,0x09,0x11,0x7C,0xFF,0xFF,
    0xFF,0xFF,0x9A,0xCE,0x27,0x11,0x98,0x43,0x9F,0x54,0x5E,0x4C,0x7E,0x4C,0x7E,0x4C,
    0x7E,0x4C,0x7E,0x4C,0x7E,0x4C,0x7E,0x4C,0x7E,0x4C,0x7E,0x4C,0x7E,0x4C,0x7E,0x4C,
    0x7E,0x4C,0x7E,0x4C,0x7E,0x4C,0x7E,0x4C,0x7E,0x4C,0x7E,0x4C,0x7E,0x4C,0x7E,0x4C,
    0x7E,0x4C,0x7E,0x4C,0x7E,0x4C,0x7E,0x4C,0x5E,0x54,0xFF,0x07,0xFF,0x7B,0x00,0x00,
    0x00,0x00,0x00,0x00,0xFF,0x7D,0x00,0x00,0x7E,0x4C,0xBF,0x54,0x5E,0x4C,0x7E,0x4C,
    0x7E,0x4C,0x7E,0x4C,0x7E,0x4C,0x7E,0x4C,0x7E,0x4C,0x7E,0x4C,0x7E,0x4C,0x7E,0x4C,
    0x7E,0x4C,0x7E,0x4C,0x7E,0x4C,0x7E,0x4C,0x7E,0x4C,0x7E,0x4C,0x7E,0x4C,0x7E,0x4C,
    0x7E,0x4C,0x7E,0x4C,0x7E,0x4C,0x7E,0x4C,0x7E,0x4C,0x7E,0x4C,0x7E,0x4C,0x7E,0x4C,
    0x7E,0x4C,0x7E,0x4C,0x7E,0x4C,0x7E,0x4C,0x7E,0x4C,0x7E,0x4C,0x7E,0x4C,0x7E,0x4C,
    0x7E,0x4C,0x7E,0x4C,0x7E,0x4C,0x7E,0x4C,0x7E,0x4C,0x7E,0x4C,0x7E,0x4C,0x5E,0x4C,
    0x48,0x11,0x0D,0x22,0x7E,0x54,0x7E,0x4C,0x5E,0x4C,0x5E,0x4C,0xBF,0x54,0xF5,0x32,
    0x87,0x21,0x7E,0xEF,0xFF,0xFF,0xFF,0xFF,0xEC,0x52,0xCD,0x11,0xBF,0x54,0x5E,0x4C,
    0x7E,0x4C,0x7E,0x4C,0x7E,0x4C,0x7E,0x4C,0x7E,0x4C,0x7E,0x4C,0x7E,0x4C,0x7E,0x4C,
    0x7E,0x4C,0x7E,0x4C,0x7E,0x4C,0x7E,0x4C,0x7E,0x4C,0x7E,0x4C,0x7E,0x4C,0x7E,0x4C,
    0x7E,0x4C,0x7E,0x4C,0x7E,0x4C,0x5E,0x4C,0xBF,0x54,0x7E,0x4C,0x00,0x00,0xFF,0x7D,
    0x00,0x00,0x00,0x00,0x00,0x00,0x00,0x00,0xBF,0x52,0xFF,0x07,0x5E,0x4C,0x7E,0x4C,
    0x7F,0x4C,0x7E,0x4C,0x7E,0x4C,0x7E,0x4C,0x7E,0x4C,0x7E,0x4C,0x7E,0x4C,0x7E,0x4C,
    0x7E,0x4C,0x7E,0x4C,0x7E,0x4C,0x7E,0x4C,0x7E,0x4C,0x7E,0x4C,0x7E,0x4C,0x7E,0x4C,
    0x7E,0x4C,0x7E,0x4C,0x7E,0x4C,0x7E,0x4C,0x7E,0x4C,0x7E,0x4C,0x7E,0x4C,0x7E,0x4C,
    0x7E,0x4C,0x7E,0x4C,0x7E,0x4C,0x7E,0x4C,0x7E,0x4C,0x7E,0x4C,0x7E,0x4C,0x7E,0x4C,
    0x7E,0x4C,0x7E,0x4C,0x7E,0x4C,0x7E,0x4C,0x7E,0x4C,0x7E,0x4C,0x7E,0x4C,0x7E,0x4C,
    0x7E,0x4C,0x3D,0x4C,0x91,0x2A,0x5D,0x4C,0x7F,0x4C,0x5E,0x4C,0x7E,0x4C,0x7E,0x4C,
    0x5E,0x4C,0x7E,0x54,0x29,0x09,0xB3,0x8C,0xFF,0xFF,0xFF,0xFF,0xBB,0xD6,0x27,0x11,
    0xB9,0x43,0x9F,0x54,0x5E,0x4C,0x7E,0x4C,0x7E,0x4C,0x7E,0x4C,0x7E,0x4C,0x7E,0x4C,
    0x7E,0x4C,0x7E,0x4C,0x7E,0x4C,0x7E,0x4C,0x7E,0x4C,0x7E,0x4C,0x7E,0x4C,0x7E,0x4C,
    0x7E,0x4C,0x7E,0x4C,0x7E,0x4C,0x7E,0x4C,0x7E,0x4C,0x7F,0x4C,0x7E,0x4C,0x5E,0x4C,
    0xFF,0x07,0xBF,0x52,0x00,0x00,0x00,0x00,0x00,0x00,0x00,0x00,0x00,0x00,0xFF,0x3B,
    0x00,0x00,0x7E,0x4C,0x9F,0x54,0x5E,0x4C,0x7E,0x4C,0x7E,0x4C,0x7E,0x4C,0x7E,0x4C,
    0x7E,0x4C,0x7E,0x4C,0x7E,0x4C,0x7E,0x4C,0x7E,0x4C,0x7E,0x4C,0x7E,0x4C,0x7E,0x4C,
    0x7E,0x4C,0x7E,0x4C,0x7E,0x4C,0x7E,0x4C,0x7E,0x4C,0x7E,0x4C,0x7E,0x4C,0x7E,0x4C,
    0x7E,0x4C,0x7E,0x4C,0x7E,0x4C,0x7E,0x4C,0x7E,0x4C,0x7E,0x4C,0x7E,0x4C,0x7E,0x4C,
    0x7E,0x4C,0x7E,0x4C,0x7E,0x4C,0x7E,0x4C,0x7E,0x4C,0x7E,0x4C,0x7E,0x4C,0x7E,0x4C,
    0x7E,0x4C,0x7E,0x4C,0x7E,0x4C,0x5E,0x4C,0x7E,0x4C,0x7E,0x4C,0x5E,0x4C,0x7E,0x4C,
    0x7E,0x4C,0x7E,0x4C,0x5E,0x4C,0x9F,0x54,0xB2,0x2A,0xE9,0x31,0xFF,0xFF,0xFF,0xFF,
    0xB7,0xB5,0x46,0x19,0x50,0x22,0x9F,0x54,0x5E,0x4C,0x7E,0x4C,0x7E,0x4C,0x7E,0x4C,
    0x7E,0x4C,0x7E,0x4C,0x7E,0x4C,0x7E,0x4C,0x7E,0x4C,0x7E,0x4C,0x7E,0x4C,0x7E,0x4C,
    0x7E,0x4C,0x7E,0x4C,0x7E,0x4C,0x7E,0x4C,0x7E,0x4C,0x7E,0x4C,0x5E,0x4C,0x9F,0x54,
    0x7E,0x4C,0x00,0x00,0xFF,0x3B,0x00,0x00,0x00,0x00,0x00,0x00,0x00,0x00,0x00,0x00,
    0x00,0x00,0x1F,0xF8,0xFF,0x07,0x9E,0x4C,0x5E,0x4C,0x7F,0x4C,0x7E,0x4C,0x7E,0x4C,
    0x7E,0x4C,0x7E,0x4C,0x7E,0x4C,0x7E,0x4C,0x7E,0x4C,0x7E,0x4C,0x7E,0x4C,0x7E,0x4C,
    0x7E,0x4C,0x7E,0x4C,0x7E,0x4C,0x7E,0x4C,0x7E,0x4C,0x7E,0x4C,0x7E,0x4C,0x7E,0x4C,
    0x7E,0x4C,0x7E,0x4C,0x7E,0x4C,0x7E,0x4C,0x7E,0x4C,0x7E,0x4C,0x7E,0x4C,0x7E,0x4C,
    0x7E,0x4C,0x7E,0x4C,0x7E,0x4C,0x7E,0x4C,0x7E,0x4C,0x7E,0x4C,0x7E,0x4C,0x7E,0x4C,
    0x7E,0x4C,0x7E,0x4C,0x7E,0x4C,0x7E,0x4C,0x7E,0x4C,0x7E,0x4C,0x7E,0x4C,0x5E,0x4C,
    0x7E,0x4C,0x7E,0x4C,0x7E,0x4C,0x7E,0x4C,0x7E,0x4C,0x7E,0x4C,0x1C,0x4C,0x48,0x11,
    0xF0,0x73,0x0D,0x53,0xE7,0x08,0x91,0x2A,0xFA,0x43,0x5E,0x4C,0x7E,0x4C,0x7E,0x4C,
    0x7E,0x4C,0x7E,0x4C,0x7E,0x4C,0x7E,0x4C,0x7E,0x4C,0x7E,0x4C,0x7E,0x4C,0x7E,0x4C,
    0x7E,0x4C,0x7E,0x4C,0x7E,0x4C,0x7E,0x4C,0x7E,0x4C,0x7E,0x4C,0x7E,0x4C,0x7E,0x4C,
    0x7F,0x4C,0x5E,0x4C,0x9E,0x4C,0xFF,0x07,0x1F,0xF8,0x00,0x00,0x00,0x00,0x00,0x00,
    0x00,0x00,0x00,0x00,0x00,0x00,0x00,0x00,0x5F,0x55,0x00,0x00,0x7E,0x4C,0x9F,0x54,
    0x7E,0x4C,0x7E,0x4C,0x7E,0x4C,0x7E,0x4C,0x7E,0x4C,0x7E,0x4C,0x7E,0x4C,0x7E,0x4C,
    0x7E,0x4C,0x7E,0x4C,0x7E,0x4C,0x7E,0x4C,0x7E,0x4C,0x7E,0x4C,0x7E,0x4C,0x7E,0x4C,
    0x7E,0x4C,0x7E,0x4C,0x7E,0x4C,0x7E,0x4C,0x7E,0x4C,0x7E,0x4C,0x7E,0x4C,0x7E,0x4C,
    0x7E,0x4C,0x7E,0x4C,0x7E,0x4C,0x7E,0x4C,0x7E,0x4C,0x7E,0x4C,0x7E,0x4C,0x7E,0x4C,
    0x7E,0x4C,0x7E,0x4C,0x7E,0x4C,0x7E,0x4C,0x7E,0x4C,0x7E,0x4C,0x7E,0x4C,0x7E,0x4C,
    0x7E,0x4C,0x7E,0x4C,0x7E,0x4C,0x7E,0x4C,0x7E,0x4C,0x7E,0x4C,0x7E,0x4C,0x5E,0x4C,
    0x7F,0x54,0xB2,0x2A,0xC6,0x08,0x50,0x1A,0xFB,0x43,0x9F,0x54,0x7F,0x4C,0x7E,0x4C,
    0x7E,0x4C,0x7E,0x4C,0x7E,0x4C,0x7E,0x4C,0x7E,0x4C,0x7E,0x4C,0x7E,0x4C,0x7E,0x4C,
    0x7E,0x4C,0x7E,0x4C,0x7E,0x4C,0x7E,0x4C,0x7E,0x4C,0x7E,0x4C,0x7E,0x4C,0x7E,0x4C,
    0x7E,0x4C,0x7E,0x4C,0x9F,0x54,0x7E,0x4C,0x00,0x00,0x5F,0x55,0x00,0x00,0x00,0x00,
    0x00,0x00,0x00,0x00,0x00,0x00,0x00,0x00,0x00,0x00,0x00,0x00,0xFF,0x07,0x55,0x55,
    0xFF,0x53,0x7E,0x4C,0x9F,0x54,0x5E,0x4C,0x7E,0x4C,0x7E,0x4C,0x7E,0x4C,0x7E,0x4C,
    0x7E,0x4C,0x7E,0x4C,0x7E,0x4C,0x7E,0x4C,0x7E,0x4C,0x7E,0x4C,0x7E,0x4C,0x7E,0x4C,
    0x7E,0x4C,0x7E,0x4C,0x7E,0x4C,0x7E,0x4C,0x7E,0x4C,0x7E,0x4C,0x7E,0x4C,0x7E,0x4C,
    0x7E,0x4C,0x7E,0x4C,0x7E,0x4C,0x7E,0x4C,0x7E,0x4C,0x7E,0x4C,0x7E,0x4C,0x7E,0x4C,
    0x7E,0x4C,0x7E,0x4C,0x7E,0x4C,0x7E,0x4C,0x7E,0x4C,0x7E,0x4C,0x7E,0x4C,0x7E,0x4C,
    0x7E,0x4C,0x7E,0x4C,0x7E,0x4C,0x7E,0x4C,0x7E,0x4C,0x7E,0x4C,0x7E,0x4C,0x7E,0x4C,
    0x7E,0x4C,0x7E,0x4C,0x7E,0x4C,0x3C,0x4C,0x1B,0x44,0xBF,0x54,0x9F,0x54,0x5E,0x4C,
    0x5E,0x4C,0x7E,0x4C,0x7E,0x4C,0x7E,0x4C,0x7E,0x4C,0x7E,0x4C,0x7E,0x4C,0x7E,0x4C,
    0x7E,0x4C,0x7E,0x4C,0x7E,0x4C,0x7E,0x4C,0x7E,0x4C,0x7E,0x4C,0x7E,0x4C,0x7E,0x4C,
    0x7E,0x4C,0x7E,0x4C,0x5E,0x4C,0x9F,0x54,0x7E,0x4C,0xFF,0x53,0x55,0x55,0xFF,0x07,
    0x00,0x00,0x00,0x00,0x00,0x00,0x00,0x00,0x00,0x00,0x00,0x00,0x00,0x00,0x00,0x00,
    0x00,0x00,0x5F,0x55,0x1F,0x00,0x7F,0x54,0x5E,0x4C,0x7F,0x4C,0x7E,0x4C,0x7E,0x4C,
    0x7E,0x4C,0x7E,0x4C,0x7E,0x4C,0x7E,0x4C,0x7E,0x4C,0x7E,0x4C,0x7E,0x4C,0x7E,0x4C,
    0x7E,0x4C,0x7E,0x4C,0x7E,0x4C,0x7E,0x4C,0x7E,0x4C,0x7E,0x4C,0x7E,0x4C,0x7E,0x4C,
    0x7E,0x4C,0x7E,0x4C,0x7E,0x4C,0x7E,0x4C,0x7E,0x4C,0x7E,0x4C,0x7E,0x4C,0x7E,0x4C,
    0x7E,0x4C,0x7E,0x4C,0x7E,0x4C,0x7E,0x4C,0x7E,0x4C,0x7E,0x4C,0x7E,0x4C,0x7E,0x4C,
    0x7E,0x4C,0x7E,0x4C,0x7E,0x4C,0x7E,0x4C,0x7E,0x4C,0x7E,0x4C,0x7E,0x4C,0x7E,0x4C,
    0x7E,0x4C,0x7E,0x4C,0x7E,0x4C,0x7E,0x4C,0x7E,0x4C,0x7E,0x4C,0x7F,0x4C,0x5E,0x4C,
    0x5E,0x4C,0x7E,0x4C,0x7E,0x4C,0x7E,0x4C,0x7E,0x4C,0x7E,0x4C,0x7E,0x4C,0x7E,0x4C,
    0x7E,0x4C,0x7E,0x4C,0x7E,0x4C,0x7E,0x4C,0x7E,0x4C,0x7E,0x4C,0x7E,0x4C,0x7E,0x4C,
    0x7E,0x4C,0x7E,0x4C,0x7E,0x4C,0x7E,0x4C,0x7F,0x4C,0x5E,0x4C,0x7F,0x54,0x1F,0x00,
    0x5F,0x55,0x00,0x00,0x00,0x00,0x00,0x00,0x00,0x00,0x00,0x00,0x00,0x00,0x00,0x00,
    0x00,0x00,0x00,0x00,0x00,0x00,0x00,0x00,0x5F,0x55,0x00,0x00,0x7E,0x4C,0x7F,0x4C,
    0x5E,0x4C,0x7E,0x4C,0x7E,0x4C,0x7E,0x4C,0x7E,0x4C,0x7E,0x4C,0x7E,0x4C,0x7E,0x4C,
    0x7E,0x4C,0x7E,0x4C,0x7E,0x4C,0x7E,0x4C,0x7E,0x4C,0x7E,0x4C,0x7E,0x4C,0x7E,0x4C,
    0x7E,0x4C,0x7E,0x4C,0x7E,0x4C,0x7E,0x4C,0x7E,0x4C,0x7E,0x4C,0x7E,0x4C,0x7E,0x4C,
    0x7E,0x4C,0x7E,0x4C,0x7E,0x4C,0x7E,0x4C,0x7E,0x4C,0x7E,0x4C,0x7E,0x4C,0x7E,0x4C,
    0x7E,0x4C,0x7E,0x4C,0x7E,0x4C,0x7E,0x4C,0x7E,0x4C,0x7E,0x4C,0x7E,0x4C,0x7E,0x4C,
    0x7E,0x4C,0x7E,0x4C,0x7E,0x4C,0x7E,0x4C,0x7E,0x4C,0x7E,0x4C,0x7E,0x4C,0x5E,0x4C,
    0x5E,0x4C,0x7E,0x4C,0x7E,0x4C,0x7E,0x4C,0x7E,0x4C,0x7E,0x4C,0x7E,0x4C,0x7E,0x4C,
    0x7E,0x4C,0x7E,0x4C,0x7E,0x4C,0x7E,0x4C,0x7E,0x4C,0x7E,0x4C,0x7E,0x4C,0x7E,0x4C,
    0x7E,0x4C,0x7E,0x4C,0x7E,0x4C,0x7E,0x4C,0x7E,0x4C,0x5E,0x4C,0x7F,0x4C,0x7E,0x4C,
    0x00,0x00,0x5F,0x55,0x00,0x00,0x00,0x00,0x00,0x00,0x00,0x00,0x00,0x00,0x00,0x00,
    0x00,0x00,0x00,0x00,0x00,0x00,0x00,0x00,0x00,0x00,0x00,0x00,0x00,0x00,0xFF,0x3B,
    0x00,0x00,0x5E,0x4C,0x9F,0x54,0x5E,0x4C,0x7E,0x4C,0x7E,0x4C,0x7E,0x4C,0x7E,0x4C,
    0x7E,0x4C,0x7E,0x4C,0x7E,0x4C,0x7E,0x4C,0x7E,0x4C,0x7E,0x4C,0x7E,0x4C,0x7E,0x4C,
    0x7E,0x4C,0x7E,0x4C,0x7E,0x4C,0x7E,0x4C,0x7E,0x4C,0x7E,0x4C,0x7E,0x4C,0x7E,0x4C,
    0x7E,0x4C,0x7E,0x4C,0x7E,0x4C,0x7E,0x4C,0x7E,0x4C,0x7E,0x4C,0x7E,0x4C,0x7E,0x4C,
    0x7E,0x4C,0x7E,0x4C,0x7E,0x4C,0x7E,0x4C,0x7E,0x4C,0x7E,0x4C,0x7E,0x4C,0x7E,0x4C,
    0x7E,0x4C,0x7E,0x4C,0x7E,0x4C,0x7E,0x4C,0x7E,0x4C,0x7E,0x4C,0x7E,0x4C,0x7E,0x4C,
    0x7E,0x4C,0x7E,0x4C,0x7E,0x4C,0x7E,0x4C,0x7E,0x4C,0x7E,0x4C,0x7E,0x4C,0x7E,0x4C,
    0x7E,0x4C,0x7E,0x4C,0x7E,0x4C,0x7E,0x4C,0x7E,0x4C,0x7E,0x4C,0x7E,0x4C,0x7E,0x4C,
    0x7E,0x4C,0x7E,0x4C,0x7E,0x4C,0x7E,0x4C,0x7E,0x4C,0x7E,0x4C,0x5E,0x4C,0x9F,0x54,
    0x5E,0x4C,0x00,0x00,0xFF,0x3B,0x00,0x00,0x00,0x00,0x00,0x00,0x00,0x00,0x00,0x00,
    0x00,0x00,0x00,0x00,0x00,0x00,0x00,0x00,0x00,0x00,0x00,0x00,0x00,0x00,0x00,0x00,
    0x00,0x00,0xFF,0x7B,0x5F,0x55,0xFD,0x53,0x7E,0x4C,0xBF,0x54,0x5E,0x4C,0x7E,0x4C,
    0x7E,0x4C,0x7E,0x4C,0x7E,0x4C,0x7E,0x4C,0x7E,0x4C,0x7E,0x4C,0x7E,0x4C,0x7E,0x4C,
    0x7E,0x4C,0x7E,0x4C,0x7E,0x4C,0x7E,0x4C,0x7E,0x4C,0x7E,0x4C,0x7E,0x4C,0x7E,0x4C,
    0x7E,0x4C,0x7E,0x4C,0x7E,0x4C,0x7E,0x4C,0x7E,0x4C,0x7E,0x4C,0x7E,0x4C,0x7E,0x4C,
    0x7E,0x4C,0x7E,0x4C,0x7E,0x4C,0x7E,0x4C,0x7E,0x4C,0x7E,0x4C,0x7E,0x4C,0x7E,0x4C,
    0x7E,0x4C,0x7E,0x4C,0x7E,0x4C,0x7E,0x4C,0x7E,0x4C,0x7E,0x4C,0x7E,0x4C,0x7E,0x4C,
    0x7E,0x4C,0x7E,0x4C,0x7E,0x4C,0x7E,0x4C,0x7E,0x4C,0x7E,0x4C,0x7E,0x4C,0x7E,0x4C,
    0x7E,0x4C,0x7E,0x4C,0x7E,0x4C,0x7E,0x4C,0x7E,0x4C,0x7E,0x4C,0x7E,0x4C,0x7E,0x4C,
    0x7E,0x4C,0x7E,0x4C,0x7E,0x4C,0x7E,0x4C,0x7E,0x4C,0x7E,0x4C,0x7E,0x4C,0x5E,0x4C,
    0xBF,0x54,0x7E,0x4C,0xFD,0x53,0x5F,0x55,0xFF,0x7B,0x00,0x00,0x00,0x00,0x00,0x00,
    0x00,0x00,0x00,0x00,0x00,0x00,0x00,0x00,0x00,0x00,0x00,0x00,0x00,0x00,0x00,0x00,
    0x00,0x00,0x00,0x00,0x00,0x00,0x00,0x00,0xFF,0x7F,0x00,0x00,0x7D,0x4C,0x7F,0x4C,
    0x9F,0x4C,0x5E,0x4C,0x7E,0x4C,0x7E,0x4C,0x7E,0x4C,0x7E,0x4C,0x7E,0x4C,0x7E,0x4C,
    0x7E,0x4C,0x7E,0x4C,0x7E,0x4C,0x7E,0x4C,0x7E,0x4C,0x7E,0x4C,0x7E,0x4C,0x7E,0x4C,
    0x7E,0x4C,0x7E,0x4C,0x7E,0x4C,0x7E,0x4C,0x7E,0x4C,0x7E,0x4C,0x7E,0x4C,0x7E,0x4C,
    0x7E,0x4C,0x7E,0x4C,0x7E,0x4C,0x7E,0x4C,0x7E,0x4C,0x7E,0x4C,0x7E,0x4C,0x7E,0x4C,
    0x7E,0x4C,0x7E,0x4C,0x7E,0x4C,0x7E,0x4C,0x7E,0x4C,0x7E,0x4C,0x7E,0x4C,0x7E,0x4C,
    0x7E,0x4C,0x7E,0x4C,0x7E,0x4C,0x7E,0x4C,0x7E,0x4C,0x7E,0x4C,0x7E,0x4C,0x7E,0x4C,
    0x7E,0x4C,0x7E,0x4C,0x7E,0x4C,0x7E,0x4C,0x7E,0x4C,0x7E,0x4C,0x7E,0x4C,0x7E,0x4C,
    0x7E,0x4C,0x7E,0x4C,0x7E,0x4C,0x7E,0x4C,0x7E,0x4C,0x7E,0x4C,0x7E,0x4C,0x7E,0x4C,
    0x5E,0x4C,0x9F,0x4C,0x7F,0x4C,0x7D,0x4C,0x00,0x00,0xFF,0x7F,0x00,0x00,0x00,0x00,
    0x00,0x00,0x00,0x00,0x00,0x00,0x00,0x00,0x00,0x00,0x00,0x00,0x00,0x00,0x00,0x00,
    0x00,0x00,0x00,0x00,0x00,0x00,0x00,0x00,0x00,0x00,0x00,0x00,0x00,0x00,0xFF,0x7B,
    0x00,0x00,0x3E,0x4C,0x5E,0x4C,0x9F,0x54,0x5E,0x4C,0x7E,0x4C,0x7E,0x4C,0x7E,0x4C,
    0x7E,0x4C,0x7E,0x4C,0x7E,0x4C,0x7E,0x4C,0x7E,0x4C,0x7E,0x4C,0x7E,0x4C,0x7E,0x4C,
    0x7E,0x4C,0x7E,0x4C,0x7E,0x4C,0x7E,0x4C,0x7E,0x4C,0x7E,0x4C,0x7E,0x4C,0x7E,0x4C,
    0x7E,0x4C,0x7E,0x4C,0x7E,0x4C,0x7E,0x4C,0x7E,0x4C,0x7E,0x4C,0x7E,0x4C,0x7E,0x4C,
    0x7E,0x4C,0x7E,0x4C,0x7E,0x4C,0x7E,0x4C,0x7E,0x4C,0x7E,0x4C,0x7E,0x4C,0x7E,0x4C,
    0x7E,0x4C,0x7E,0x4C,0x7E,0x4C,0x7E,0x4C,0x7E,0x4C,0x7E,0x4C,0x7E,0x4C,0x7E,0x4C,
    0x7E,0x4C,0x7E,0x4C,0x7E,0x4C,0x7E,0x4C,0x7E,0x4C,0x7E,0x4C,0x7E,0x4C,0x7E,0x4C,
    0x7E,0x4C,0x7E,0x4C,0x7E,0x4C,0x7E,0x4C,0x7E,0x4C,0x7E,0x4C,0x7E,0x4C,0x7E,0x4C,
    0x7E,0x4C,0x5E,0x4C,0x9F,0x54,0x5E,0x4C,0x3E,0x4C,0x00,0x00,0xFF,0x7B,0x00,0x00,
    0x00,0x00,0x00,0x00,0x00,0x00,0x00,0x00,0x00,0x00,0x00,0x00,0x00,0x00,0x00,0x00,
    0x00,0x00,0x00,0x00,0x00,0x00,0x00,0x00,0x00,0x00,0x00,0x00,0x00,0x00,0x00,0x00,
    0x00,0x00,0x00,0x00,0x5F,0x55,0x00,0x00,0x3D,0x4C,0x7F,0x54,0x9F,0x54,0x5E,0x4C,
    0x7E,0x4C,0x7E,0x4C,0x7E,0x4C,0x7E,0x4C,0x7E,0x4C,0x7E,0x4C,0x7E,0x4C,0x7E,0x4C,
    0x7E,0x4C,0x7E,0x4C,0x7E,0x4C,0x7E,0x4C,0x7E,0x4C,0x7E,0x4C,0x7E,0x4C,0x7E,0x4C,
    0x7E,0x4C,0x7E,0x4C,0x7E,0x4C,0x7E,0x4C,0x7E,0x4C,0x7E,0x4C,0x7E,0x4C,0x7E,0x4C,
    0x7E,0x4C,0x7E,0x4C,0x7E,0x4C,0x7E,0x4C,0x7E,0x4C,0x7E,0x4C,0x7E,0x4C,0x7E,0x4C,
    0x7E,0x4C,0x7E,0x4C,0x7E,0x4C,0x7E,0x4C,0x7E,0x4C,0x7E,0x4C,0x7E,0x4C,0x7E,0x4C,
    0x7E,0x4C,0x7E,0x4C,0x7E,0x4C,0x7E,0x4C,0x7E,0x4C,0x7E,0x4C,0x7E,0x4C,0x7E,0x4C,
    0x7E,0x4C,0x7E,0x4C,0x7E,0x4C,0x7E,0x4C,0x7E,0x4C,0x7E,0x4C,0x7E,0x4C,0x7E,0x4C,
    0x7E,0x4C,0x7E,0x4C,0x5E,0x4C,0x9F,0x54,0x7F,0x54,0x3D,0x4C,0x00,0x00,0x5F,0x55,
    0x00,0x00,0x00,0x00,0x00,0x00,0x00,0x00,0x00,0x00,0x00,0x00,0x00,0x00,0x00,0x00,
    0x00,0x00,0x00,0x00,0x00,0x00,0x00,0x00,0x00,0x00,0x00,0x00,0x00,0x00,0x00,0x00,
    0x00,0x00,0x00,0x00,0x00,0x00,0x00,0x00,0x00,0x00,0xFF,0x39,0x00,0x00,0x5D,0x4C,
    0x7F,0x4C,0x9F,0x54,0x7E,0x4C,0x7E,0x4C,0x7E,0x4C,0x7E,0x4C,0x7E,0x4C,0x7E,0x4C,
    0x7E,0x4C,0x7E,0x4C,0x7E,0x4C,0x7E,0x4C,0x7E,0x4C,0x7E,0x4C,0x7E,0x4C,0x7E,0x4C,
    0x7E,0x4C,0x7E,0x4C,0x7E,0x4C,0x7E,0x4C,0x7E,0x4C,0x7E,0x4C,0x7E,0x4C,0x7E,0x4C,
    0x7E,0x4C,0x7E,0x4C,0x7E,0x4C,0x7E,0x4C,0x7E,0x4C,0x7E,0x4C,0x7E,0x4C,0x7E,0x4C,
    0x7E,0x4C,0x7E,0x4C,0x7E,0x4C,0x7E,0x4C,0x7E,0x4C,0x7E,0x4C,0x7E,0x4C,0x7E,0x4C,
    0x7E,0x4C,0x7E,0x4C,0x7E,0x4C,0x7E,0x4C,0x7E,0x4C,0x7E,0x4C,0x7E,0x4C,0x7E,0x4C,
    0x7E,0x4C,0x7E,0x4C,0x7E,0x4C,0x7E,0x4C,0x7E,0x4C,0x7E,0x4C,0x7E,0x4C,0x7E,0x4C,
    0x7E,0x4C,0x7E,0x4C,0x7E,0x4C,0x7E,0x4C,0x9F,0x54,0x7F,0x4C,0x5D,0x4C,0x00,0x00,
    0xFF,0x39,0x00,0x00,0x00,0x00,0x00,0x00,0x00,0x00,0x00,0x00,0x00,0x00,0x00,0x00,
    0x00,0x00,0x00,0x00,0x00,0x00,0x00,0x00,0x00,0x00,0x00,0x00,0x00,0x00,0x00,0x00,
    0x00,0x00,0x00,0x00,0x00,0x00,0x00,0x00,0x00,0x00,0x00,0x00,0x00,0x00,0x00,0x00,
    0xFF,0x3B,0x00,0x00,0x3D,0x4C,0x7E,0x4C,0x9F,0x54,0x5E,0x4C,0x7E,0x4C,0x7E,0x4C,
    0x7E,0x4C,0x7E,0x4C,0x7E,0x4C,0x7E,0x4C,0x7E,0x4C,0x7E,0x4C,0x7E,0x4C,0x7E,0x4C,
    0x7E,0x4C,0x7E,0x4C,0x7E,0x4C,0x7E,0x4C,0x7E,0x4C,0x7E,0x4C,0x7E,0x4C,0x7E,0x4C,
    0x7E,0x4C,0x7E,0x4C,0x7E,0x4C,0x7E,0x4C,0x7E,0x4C,0x7E,0x4C,0x7E,0x4C,0x7E,0x4C,
    0x7E,0x4C,0x7E,0x4C,0x7E,0x4C,0x7E,0x4C,0x7E,0x4C,0x7E,0x4C,0x7E,0x4C,0x7E,0x4C,
    0x7E,0x4C,0x7E,0x4C,0x7E,0x4C,0x7E,0x4C,0x7E,0x4C,0x7E,0x4C,0x7E,0x4C,0x7E,0x4C,
    0x7E,0x4C,0x7E,0x4C,0x7E,0x4C,0x7E,0x4C,0x7E,0x4C,0x7E,0x4C,0x7E,0x4C,0x7E,0x4C,
    0x7E,0x4C,0x7E,0x4C,0x7E,0x4C,0x7E,0x4C,0x5E,0x4C,0x9F,0x54,0x7E,0x4C,0x3D,0x4C,
    0x00,0x00,0xFF,0x3B,0x00,0x00,0x00,0x00,0x00,0x00,0x00,0x00,0x00,0x00,0x00,0x00,
    0x00,0x00,0x00,0x00,0x00,0x00,0x00,0x00,0x00,0x00,0x00,0x00,0x00,0x00,0x00,0x00,
    0x00,0x00,0x00,0x00,0x00,0x00,0x00,0x00,0x00,0x00,0x00,0x00,0x00,0x00,0x00,0x00,
    0x00,0x00,0x00,0x00,0x00,0x00,0xFF,0x3B,0x00,0x00,0x5E,0x4C,0x7E,0x4C,0x9F,0x54,
    0x5E,0x4C,0x7E,0x4C,0x7E,0x4C,0x7E,0x4C,0x7E,0x4C,0x7E,0x4C,0x7E,0x4C,0x7E,0x4C,
    0x7E,0x4C,0x7E,0x4C,0x7E,0x4C,0x7E,0x4C,0x7E,0x4C,0x7E,0x4C,0x7E,0x4C,0x7E,0x4C,
    0x7E,0x4C,0x7E,0x4C,0x7E,0x4C,0x7E,0x4C,0x7E,0x4C,0x7E,0x4C,0x7E,0x4C,0x7E,0x4C,
    0x7E,0x4C,0x7E,0x4C,0x7E,0x4C,0x7E,0x4C,0x7E,0x4C,0x7E,0x4C,0x7E,0x4C,0x7E,0x4C,
    0x7E,0x4C,0x7E,0x4C,0x7E,0x4C,0x7E,0x4C,0x7E,0x4C,0x7E,0x4C,0x7E,0x4C,0x7E,0x4C,
    0x7E,0x4C,0x7E,0x4C,0x7E,0x4C,0x7E,0x4C,0x7E,0x4C,0x7E,0x4C,0x7E,0x4C,0x7E,0x4C,
    0x7E,0x4C,0x7E,0x4C,0x7E,0x4C,0x7E,0x4C,0x7E,0x4C,0x5E,0x4C,0x9F,0x54,0x7E,0x4C,
    0x5E,0x4C,0x00,0x00,0xFF,0x3B,0x00,0x00,0x00,0x00,0x00,0x00,0x00,0x00,0x00,0x00,
    0x00,0x00,0x00,0x00,0x00,0x00,0x00,0x00,0x00,0x00,0x00,0x00,0x00,0x00,0x00,0x00,
    0x00,0x00,0x00,0x00,0x00,0x00,0x00,0x00,0x00,0x00,0x00,0x00,0x00,0x00,0x00,0x00,
    0x00,0x00,0x00,0x00,0x00,0x00,0x00,0x00,0x00,0x00,0x00,0x00,0x5F,0x55,0x00,0x00,
    0xFD,0x53,0x7E,0x4C,0x7F,0x4C,0x7F,0x4C,0x5E,0x4C,0x7E,0x4C,0x7E,0x4C,0x7E,0x4C,
    0x7E,0x4C,0x7E,0x4C,0x7E,0x4C,0x7E,0x4C,0x7E,0x4C,0x7E,0x4C,0x7E,0x4C,0x7E,0x4C,
    0x7E,0x4C,0x7E,0x4C,0x7E,0x4C,0x7E,0x4C,0x7E,0x4C,0x7E,0x4C,0x7E,0x4C,0x7E,0x4C,
    0x7E,0x4C,0x7E,0x4C,0x7E,0x4C,0x7E,0x4C,0x7E,0x4C,0x7E,0x4C,0x7E,0x4C,0x7E,0x4C,
    0x7E,0x4C,0x7E,0x4C,0x7E,0x4C,0x7E,0x4C,0x7E,0x4C,0x7E,0x4C,0x7E,0x4C,0x7E,0x4C,
    0x7E,0x4C,0x7E,0x4C,0x7E,0x4C,0x7E,0x4C,0x7E,0x4C,0x7E,0x4C,0x7E,0x4C,0x7E,0x4C,
    0x7E,0x4C,0x7E,0x4C,0x7E,0x4C,0x7E,0x4C,0x7E,0x4C,0x5E,0x4C,0x7F,0x4C,0x7F,0x4C,
    0x7E,0x4C,0xFD,0x53,0x00,0x00,0x5F,0x55,0x00,0x00,0x00,0x00,0x00,0x00,0x00,0x00,
    0x00,0x00,0x00,0x00,0x00,0x00,0x00,0x00,0x00,0x00,0x00,0x00,0x00,0x00,0x00,0x00,
    0x00,0x00,0x00,0x00,0x00,0x00,0x00,0x00,0x00,0x00,0x00,0x00,0x00,0x00,0x00,0x00,
    0x00,0x00,0x00,0x00,0x00,0x00,0x00,0x00,0x00,0x00,0x00,0x00,0x00,0x00,0x00,0x00,
    0x00,0x00,0xBF,0x52,0x00,0x00,0x00,0x00,0x7E,0x4C,0x7E,0x4C,0x9F,0x54,0x7E,0x4C,
    0x7E,0x4C,0x7E,0x4C,0x7E,0x4C,0x7E,0x4C,0x7E,0x4C,0x7E,0x4C,0x7E,0x4C,0x7E,0x4C,
    0x7E,0x4C,0x7E,0x4C,0x7E,0x4C,0x7E,0x4C,0x7E,0x4C,0x7E,0x4C,0x7E,0x4C,0x7E,0x4C,
    0x7E,0x4C,0x7E,0x4C,0x7E,0x4C,0x7E,0x4C,0x7E,0x4C,0x7E,0x4C,0x7E,0x4C,0x7E,0x4C,
    0x7E,0x4C,0x7E,0x4C,0x7E,0x4C,0x7E,0x4C,0x7E,0x4C,0x7E,0x4C,0x7E,0x4C,0x7E,0x4C,
    0x7E,0x4C,0x7E,0x4C,0x7E,0x4C,0x7E,0x4C,0x7E,0x4C,0x7E,0x4C,0x7E,0x4C,0x7E,0x4C,
    0x7E,0x4C,0x7E,0x4C,0x7E,0x4C,0x7E,0x4C,0x7E,0x4C,0x7E,0x4C,0x7E,0x4C,0x9F,0x54,
    0x7E,0x4C,0x7E,0x4C,0x00,0x00,0x00,0x00,0xBF,0x52,0x00,0x00,0x00,0x00,0x00,0x00,
    0x00,0x00,0x00,0x00,0x00,0x00,0x00,0x00,0x00,0x00,0x00,0x00,0x00,0x00,0x00,0x00,
    0x00,0x00,0x00,0x00,0x00,0x00,0x00,0x00,0x00,0x00,0x00,0x00,0x00,0x00,0x00,0x00,
    0x00,0x00,0x00,0x00,0x00,0x00,0x00,0x00,0x00,0x00,0x00,0x00,0x00,0x00,0x00,0x00,
    0x00,0x00,0x00,0x00,0x00,0x00,0x00,0x00,0xFF,0x03,0xBF,0x52,0x00,0x00,0x7F,0x4C,
    0x7E,0x4C,0x9F,0x54,0x7F,0x4C,0x5E,0x4C,0x5E,0x4C,0x7E,0x4C,0x7E,0x4C,0x7E,0x4C,
    0x7E,0x4C,0x7E,0x4C,0x7E,0x4C,0x7E,0x4C,0x7E,0x4C,0x7E,0x4C,0x7E,0x4C,0x7E,0x4C,
    0x7E,0x4C,0x7E,0x4C,0x7E,0x4C,0x7E,0x4C,0x7E,0x4C,0x7E,0x4C,0x7E,0x4C,0x7E,0x4C,
    0x7E,0x4C,0x7E,0x4C,0x7E,0x4C,0x7E,0x4C,0x7E,0x4C,0x7E,0x4C,0x7E,0x4C,0x7E,0x4C,
    0x7E,0x4C,0x7E,0x4C,0x7E,0x4C,0x7E,0x4C,0x7E,0x4C,0x7E,0x4C,0x7E,0x4C,0x7E,0x4C,
    0x7E,0x4C,0x7E,0x4C,0x7E,0x4C,0x7E,0x4C,0x7E,0x4C,0x5E,0x4C,0x5E,0x4C,0x7F,0x4C,
    0x9F,0x54,0x7E,0x4C,0x7F,0x4C,0x00,0x00,0xBF,0x52,0xFF,0x03,0x00,0x00,0x00,0x00,
    0x00,0x00,0x00,0x00,0x00,0x00,0x00,0x00,0x00,0x00,0x00,0x00,0x00,0x00,0x00,0x00,
    0x00,0x00,0x00,0x00,0x00,0x00,0x00,0x00,0x00,0x00,0x00,0x00,0x00,0x00,0x00,0x00,
    0x00,0x00,0x00,0x00,0x00,0x00,0x00,0x00,0x00,0x00,0x00,0x00,0x00,0x00,0x00,0x00,
    0x00,0x00,0x00,0x00,0x00,0x00,0x00,0x00,0x00,0x00,0x00,0x00,0x00,0x00,0x00,0x00,
    0xFF,0x3B,0x00,0x00,0xDF,0x34,0x7E,0x4C,0x7E,0x4C,0x9F,0x54,0x7F,0x4C,0x5E,0x4C,
    0x7E,0x4C,0x7E,0x4C,0x7E,0x4C,0x7E,0x4C,0x7E,0x4C,0x7E,0x4C,0x7E,0x4C,0x7E,0x4C,
    0x7E,0x4C,0x7E,0x4C,0x7E,0x4C,0x7E,0x4C,0x7E,0x4C,0x7E,0x4C,0x7E,0x4C,0x7E,0x4C,
    0x7E,0x4C,0x7E,0x4C,0x7E,0x4C,0x7E,0x4C,0x7E,0x4C,0x7E,0x4C,0x7E,0x4C,0x7E,0x4C,
    0x7E,0x4C,0x7E,0x4C,0x7E,0x4C,0x7E,0x4C,0x7E,0x4C,0x7E,0x4C,0x7E,0x4C,0x7E,0x4C,
    0x7E,0x4C,0x7E,0x4C,0x7E,0x4C,0x7E,0x4C,0x7E,0x4C,0x7E,0x4C,0x5E,0x4C,0x7F,0x4C,
    0x9F,0x54,0x7E,0x4C,0x7E,0x4C,0xDF,0x34,0x00,0x00,0xFF,0x3B,0x00,0x00,0x00,0x00,
    0x00,0x00,0x00,0x00,0x00,0x00,0x00,0x00,0x00,0x00,0x00,0x00,0x00,0x00,0x00,0x00,
    0x00,0x00,0x00,0x00,0x00,0x00,0x00,0x00,0x00,0x00,0x00,0x00,0x00,0x00,0x00,0x00,
    0x00,0x00,0x00,0x00,0x00,0x00,0x00,0x00,0x00,0x00,0x00,0x00,0x00,0x00,0x00,0x00,
    0x00,0x00,0x00,0x00,0x00,0x00,0x00,0x00,0x00,0x00,0x00,0x00,0x00,0x00,0x00,0x00,
    0x00,0x00,0x00,0x00,0x00,0x00,0x5F,0x55,0xFF,0x03,0x00,0x00,0x3E,0x4C,0x7E,0x4C,
    0x7E,0x4C,0xBF,0x54,0x7F,0x4C,0x7E,0x4C,0x7E,0x4C,0x7E,0x4C,0x7E,0x4C,0x7E,0x4C,
    0x7E,0x4C,0x7E,0x4C,0x7E,0x4C,0x7E,0x4C,0x7E,0x4C,0x7E,0x4C,0x7E,0x4C,0x7E,0x4C,
    0x7E,0x4C,0x7E,0x4C,0x7E,0x4C,0x7E,0x4C,0x7E,0x4C,0x7E,0x4C,0x7E,0x4C,0x7E,0x4C,
    0x7E,0x4C,0x7E,0x4C,0x7E,0x4C,0x7E,0x4C,0x7E,0x4C,0x7E,0x4C,0x7E,0x4C,0x7E,0x4C,
    0x7E,0x4C,0x7E,0x4C,0x7E,0x4C,0x7E,0x4C,0x7E,0x4C,0x7E,0x4C,0x7E,0x4C,0x7F,0x4C,
    0xBF,0x54,0x7E,0x4C,0x7E,0x4C,0x3E,0x4C,0x00,0x00,0xFF,0x03,0x5F,0x55,0x00,0x00,
    0x00,0x00,0x00,0x00,0x00,0x00,0x00,0x00,0x00,0x00,0x00,0x00,0x00,0x00,0x00,0x00,
    0x00,0x00,0x00,0x00,0x00,0x00,0x00,0x00,0x00,0x00,0x00,0x00,0x00,0x00,0x00,0x00,
    0x00,0x00,0x00,0x00,0x00,0x00,0x00,0x00,0x00,0x00,0x00,0x00,0x00,0x00,0x00,0x00,
    0x00,0x00,0x00,0x00,0x00,0x00,0x00,0x00,0x00,0x00,0x00,0x00,0x00,0x00,0x00,0x00,
    0x00,0x00,0x00,0x00,0x00,0x00,0x00,0x00,0x00,0x00,0x00,0x00,0x1F,0x00,0x5F,0x55,
    0x00,0x00,0x00,0x00,0x5E,0x4C,0x7E,0x4C,0x7E,0x4C,0x9F,0x54,0x7F,0x4C,0x5E,0x4C,
    0x5E,0x4C,0x7E,0x4C,0x7E,0x4C,0x7E,0x4C,0x7E,0x4C,0x7E,0x4C,0x7E,0x4C,0x7E,0x4C,
    0x7E,0x4C,0x7E,0x4C,0x7E,0x4C,0x7E,0x4C,0x7E,0x4C,0x7E,0x4C,0x7E,0x4C,0x7E,0x4C,
    0x7E,0x4C,0x7E,0x4C,0x7E,0x4C,0x7E,0x4C,0x7E,0x4C,0x7E,0x4C,0x7E,0x4C,0x7E,0x4C,
    0x7E,0x4C,0x7E,0x4C,0x7E,0x4C,0x7E,0x4C,0x7E,0x4C,0x5E,0x4C,0x5E,0x4C,0x7F,0x4C,
    0x9F,0x54,0x7E,0x4C,0x7E,0x4C,0x5E,0x4C,0x00,0x00,0x00,0x00,0x5F,0x55,0x1F,0x00,
    0x00,0x00,0x00,0x00,0x00,0x00,0x00,0x00,0x00,0x00,0x00,0x00,0x00,0x00,0x00,0x00,
    0x00,0x00,0x00,0x00,0x00,0x00,0x00,0x00,0x00,0x00,0x00,0x00,0x00,0x00,0x00,0x00,
    0x00,0x00,0x00,0x00,0x00,0x00,0x00,0x00,0x00,0x00,0x00,0x00,0x00,0x00,0x00,0x00,
    0x00,0x00,0x00,0x00,0x00,0x00,0x00,0x00,0x00,0x00,0x00,0x00,0x00,0x00,0x00,0x00,
    0x00,0x00,0x00,0x00,0x00,0x00,0x00,0x00,0x00,0x00,0x00,0x00,0x00,0x00,0x00,0x00,
    0x00,0x00,0x00,0x00,0xFF,0x07,0xFF,0x3B,0x00,0x00,0x00,0x00,0x5E,0x4C,0x7E,0x4C,
    0x7E,0x4C,0x7E,0x4C,0x9F,0x54,0x9F,0x54,0x5E,0x4C,0x5E,0x4C,0x7E,0x4C,0x7E,0x4C,
    0x5E,0x4C,0x7E,0x4C,0x7E,0x4C,0x7E,0x4C,0x7E,0x4C,0x7E,0x4C,0x7E,0x4C,0x7E,0x4C,
    0x7E,0x4C,0x7E,0x4C,0x7E,0x4C,0x7E,0x4C,0x7E,0x4C,0x7E,0x4C,0x7E,0x4C,0x7E,0x4C,
    0x7E,0x4C,0x5E,0x4C,0x7E,0x4C,0x7E,0x4C,0x5E,0x4C,0x5E,0x4C,0x9F,0x54,0x9F,0x54,
    0x7E,0x4C,0x7E,0x4C,0x7E,0x4C,0x5E,0x4C,0x00,0x00,0x00,0x00,0xFF,0x3B,0xFF,0x07,
    0x00,0x00,0x00,0x00,0x00,0x00,0x00,0x00,0x00,0x00,0x00,0x00,0x00,0x00,0x00,0x00,
    0x00,0x00,0x00,0x00,0x00,0x00,0x00,0x00,0x00,0x00,0x00,0x00,0x00,0x00,0x00,0x00,
    0x00,0x00,0x00,0x00,0x00,0x00,0x00,0x00,0x00,0x00,0x00,0x00,0x00,0x00,0x00,0x00,
    0x00,0x00,0x00,0x00,0x00,0x00,0x00,0x00,0x00,0x00,0x00,0x00,0x00,0x00,0x00,0x00,
    0x00,0x00,0x00,0x00,0x00,0x00,0x00,0x00,0x00,0x00,0x00,0x00,0x00,0x00,0x00,0x00,
    0x00,0x00,0x00,0x00,0x00,0x00,0x00,0x00,0x00,0x00,0x00,0x00,0x5F,0x55,0xDF,0x64,
    0x00,0x00,0x00,0x00,0x7F,0x54,0x7E,0x4C,0x7E,0x4C,0x7E,0x4C,0x5E,0x4C,0xBF,0x54,
    0x9F,0x54,0x7F,0x4C,0x7E,0x4C,0x7E,0x4C,0x5E,0x4C,0x5E,0x4C,0x7E,0x4C,0x5E,0x4C,
    0x7E,0x4C,0x7E,0x4C,0x7E,0x4C,0x7E,0x4C,0x7E,0x4C,0x7E,0x4C,0x5E,0x4C,0x7E,0x4C,
    0x5E,0x4C,0x5E,0x4C,0x7E,0x4C,0x7E,0x4C,0x7F,0x4C,0x9F,0x54,0xBF,0x54,0x5E,0x4C,
    0x7E,0x4C,0x7E,0x4C,0x7E,0x4C,0x7F,0x54,0x00,0x00,0x00,0x00,0xDF,0x64,0x5F,0x55,
    0x00,0x00,0x00,0x00,0x00,0x00,0x00,0x00,0x00,0x00,0x00,0x00,0x00,0x00,0x00,0x00,
    0x00,0x00,0x00,0x00,0x00,0x00,0x00,0x00,0x00,0x00,0x00,0x00,0x00,0x00,0x00,0x00,
    0x00,0x00,0x00,0x00,0x00,0x00,0x00,0x00,0x00,0x00,0x00,0x00,0x00,0x00,0x00,0x00,
    0x00,0x00,0x00,0x00,0x00,0x00,0x00,0x00,0x00,0x00,0x00,0x00,0x00,0x00,0x00,0x00,
    0x00,0x00,0x00,0x00,0x00,0x00,0x00,0x00,0x00,0x00,0x00,0x00,0x00,0x00,0x00,0x00,
    0x00,0x00,0x00,0x00,0x00,0x00,0x00,0x00,0x00,0x00,0x00,0x00,0x00,0x00,0x00,0x00,
    0x00,0x00,0x00,0x00,0xFF,0x7B,0xFF,0x7B,0x00,0x00,0x00,0x00,0x00,0x00,0x5D,0x44,
    0x5E,0x4C,0x5E,0x4C,0x7E,0x4C,0x5E,0x4C,0x7E,0x4C,0x9F,0x54,0x9F,0x54,0x7F,0x4C,
    0x7E,0x4C,0x7E,0x4C,0x7E,0x4C,0x7E,0x4C,0x7E,0x4C,0x7E,0x4C,0x7E,0x4C,0x7E,0x4C,
    0x7E,0x4C,0x7E,0x4C,0x7F,0x4C,0x9F,0x54,0x9F,0x54,0x7E,0x4C,0x5E,0x4C,0x7E,0x4C,
    0x5E,0x4C,0x5E,0x4C,0x5D,0x44,0x00,0x00,0x00,0x00,0x00,0x00,0xFF,0x7B,0xFF,0x7B,
    0x00,0x00,0x00,0x00,0x00,0x00,0x00,0x00,0x00,0x00,0x00,0x00,0x00,0x00,0x00,0x00,
    0x00,0x00,0x00,0x00,0x00,0x00,0x00,0x00,0x00,0x00,0x00,0x00,0x00,0x00,0x00,0x00,
    0x00,0x00,0x00,0x00,0x00,0x00,0x00,0x00,0x00,0x00,0x00,0x00,0x00,0x00,0x00,0x00,
    0x00,0x00,0x00,0x00,0x00,0x00,0x00,0x00,0x00,0x00,0x00,0x00,0x00,0x00,0x00,0x00,
    0x00,0x00,0x00,0x00,0x00,0x00,0x00,0x00,0x00,0x00,0x00,0x00,0x00,0x00,0x00,0x00,
    0x00,0x00,0x00,0x00,0x00,0x00,0x00,0x00,0x00,0x00,0x00,0x00,0x00,0x00,0x00,0x00,
    0x00,0x00,0x00,0x00,0x00,0x00,0x00,0x00,0x00,0x00,0x00,0x00,0x00,0x00,0x5F,0x55,
    0xFF,0x3B,0x00,0x00,0x00,0x00,0x00,0x00,0xFF,0x7B,0x5E,0x4C,0x7F,0x4C,0x5E,0x4C,
    0x7E,0x4C,0x7E,0x4C,0x7E,0x4C,0x5E,0x4C,0x5E,0x4C,0x7E,0x4C,0x7E,0x4C,0x7E,0x4C,
    0x7E,0x4C,0x5E,0x4C,0x5E,0x4C,0x7E,0x4C,0x7E,0x4C,0x7E,0x4C,0x5E,0x4C,0x7F,0x4C,
    0x5E,0x4C,0xFF,0x7B,0x00,0x00,0x00,0x00,0x00,0x00,0xFF,0x3B,0x5F,0x55,0x00,0x00,
    0x00,0x00,0x00,0x00,0x00,0x00,0x00,0x00,0x00,0x00,0x00,0x00,0x00,0x00,0x00,0x00,
    0x00,0x00,0x00,0x00,0x00,0x00,0x00,0x00,0x00,0x00,0x00,0x00,0x00,0x00,0x00,0x00,
    0x00,0x00,0x00,0x00,0x00,0x00,0x00,0x00,0x00,0x00,0x00,0x00,0x00,0x00,0x00,0x00,
    0x00,0x00,0x00,0x00,0x00,0x00,0x00,0x00,0x00,0x00,0x00,0x00,0x00,0x00,0x00,0x00,
    0x00,0x00,0x00,0x00,0x00,0x00,0x00,0x00,0x00,0x00,0x00,0x00,0x00,0x00,0x00,0x00,
    0x00,0x00,0x00,0x00,0x00,0x03,0x04,0x00,0x00,0x00,0x02,0x1E,0x36,0x61,0x91,0xAE,
    0xD3,0xD9,0xF6,0xFF,0xFE,0xFE,0xFF,0xF6,0xD9,0xD3,0xAE,0x91,0x61,0x36,0x1E,0x02,
    0x00,0x00,0x00,0x04,0x03,0x00,0x00,0x00,0x00,0x00,0x00,0x00,0x00,0x00,0x00,0x00,
    0x00,0x00,0x00,0x00,0x00,0x00,0x00,0x00,0x00,0x00,0x00,0x00,0x00,0x00,0x00,0x00,
    0x00,0x00,0x00,0x00,0x00,0x00,0x00,0x00,0x00,0x00,0x00,0x00,0x00,0x00,0x00,0x00,
    0x00,0x00,0x00,0x00,0x00,0x00,0x00,0x00,0x00,0x00,0x00,0x00,0x02,0x02,0x00,0x00,
    0x00,0x0F,0x49,0x7B,0xAC,0xD9,0xF9,0xFF,0xFF,0xFF,0xFF,0xFF,0xFF,0xFF,0xFF,0xFF,
    0xFF,0xFF,0xFF,0xFF,0xFF,0xFF,0xFF,0xF9,0xD9,0xAC,0x7B,0x49,0x0F,0x00,0x00,0x00,
    0x02,0x02,0x00,0x00,0x00,0x00,0x00,0x00,0x00,0x00,0x00,0x00,0x00,0x00,0x00,0x00,
    0x00,0x00,0x00,0x00,0x00,0x00,0x00,0x00,0x00,0x00,0x00,0x00,0x00,0x00,0x00,0x00,
    0x00,0x00,0x00,0x00,0x00,0x00,0x00,0x00,0x00,0x00,0x00,0x00,0x00,0x00,0x00,0x00,
    0x00,0x00,0x00,0x00,0x03,0x05,0x00,0x00,0x09,0x44,0x95,0xD5,0xF8,0xFF,0xFF,0xFF,
    0xFE,0xFC,0xFC,0xFC,0xFD,0xFE,0xFF,0xFF,0xFF,0xFF,0xFF,0xFF,0xFE,0xFD,0xFC,0xFC,
    0xFC,0xFE,0xFF,0xFF,0xFF,0xF8,0xD5,0x95,0x44,0x09,0x00,0x00,0x05,0x03,0x00,0x00,
    0x00,0x00,0x00,0x00,0x00,0x00,0x00,0x00,0x00,0x00,0x00,0x00,0x00,0x00,0x00,0x00,
    0x00,0x00,0x00,0x00,0x00,0x00,0x00,0x00,0x00,0x00,0x00,0x00,0x00,0x00,0x00,0x00,
    0x00,0x00,0x00,0x00,0x00,0x00,0x00,0x00,0x00,0x00,0x00,0x00,0x01,0x04,0x00,0x00,
    0x1F,0x71,0xCF,0xFD,0xFF,0xFF,0xFE,0xFA,0xFB,0xFD,0xFE,0xFF,0xFF,0xFF,0xFF,0xFF,
    0xFF,0xFF,0xFF,0xFF,0xFF,0xFF,0xFF,0xFF,0xFF,0xFF,0xFF,0xFE,0xFD,0xFB,0xFA,0xFE,
    0xFF,0xFF,0xFD,0xCF,0x71,0x1F,0x00,0x00,0x04,0x01,0x00,0x00,0x00,0x00,0x00,0x00,
    0x00,0x00,0x00,0x00,0x00,0x00,0x00,0x00,0x00,0x00,0x00,0x00,0x00,0x00,0x00,0x00,
    0x00,0x00,0x00,0x00,0x00,0x00,0x00,0x00,0x00,0x00,0x00,0x00,0x00,0x00,0x00,0x00,
    0x00,0x00,0x00,0x00,0x01,0x03,0x00,0x00,0x2C,0x88,0xE0,0xFF,0xFF,0xFF,0xFC,0xFD,
    0xFE,0xFF,0xFF,0xFF,0xFF,0xFF,0xFF,0xFF,0xFF,0xFF,0xFF,0xFF,0xFF,0xFF,0xFF,0xFF,
    0xFF,0xFF,0xFF,0xFF,0xFF,0xFF,0xFF,0xFF,0xFF,0xFE,0xFD,0xFC,0xFF,0xFF,0xFF,0xE0,
    0x88,0x2C,0x00,0x00,0x03,0x01,0x00,0x00,0x00,0x00,0x00,0x00,0x00,0x00,0x00,0x00,
    0x00,0x00,0x00,0x00,0x00,0x00,0x00,0x00,0x00,0x00,0x00,0x00,0x00,0x00,0x00,0x00,
    0x00,0x00,0x00,0x00,0x00,0x00,0x00,0x00,0x00,0x00,0x00,0x00,0x00,0x03,0x02,0x00,
    0x17,0x83,0xE7,0xFF,0xFF,0xFB,0xFD,0xFF,0xFF,0xFF,0xFF,0xFF,0xFF,0xFF,0xFF,0xFF,
    0xFF,0xFF,0xFF,0xFF,0xFF,0xFF,0xFF,0xFF,0xFF,0xFF,0xFF,0xFF,0xFF,0xFF,0xFF,0xFF,
    0xFF,0xFF,0xFF,0xFF,0xFF,0xFF,0xFF,0xFD,0xFB,0xFF,0xFF,0xE7,0x83,0x17,0x00,0x02,
    0x03,0x00,0x00,0x00,0x00,0x00,0x00,0x00,0x00,0x00,0x00,0x00,0x00,0x00,0x00,0x00,
    0x00,0x00,0x00,0x00,0x00,0x00,0x00,0x00,0x00,0x00,0x00,0x00,0x00,0x00,0x00,0x00,
    0x00,0x00,0x00,0x00,0x00,0x00,0x04,0x00,0x05,0x59,0xDD,0xFF,0xFF,0xFA,0xFD,0xFF,
    0xFF,0xFF,0xFF,0xFF,0xFF,0xFF,0xFF,0xFF,0xFF,0xFF,0xFF,0xFF,0xFF,0xFF,0xFF,0xFF,
    0xFF,0xFF,0xFF,0xFF,0xFF,0xFF,0xFF,0xFF,0xFF,0xFF,0xFF,0xFF,0xFF,0xFF,0xFF,0xFF,
    0xFF,0xFF,0xFF,0xFD,0xFA,0xFF,0xFF,0xDD,0x59,0x05,0x00,0x04,0x00,0x00,0x00,0x00,
    0x00,0x00,0x00,0x00,0x00,0x00,0x00,0x00,0x00,0x00,0x00,0x00,0x00,0x00,0x00,0x00,
    0x00,0x00,0x00,0x00,0x00,0x00,0x00,0x00,0x00,0x00,0x00,0x00,0x00,0x00,0x02,0x03,
    0x00,0x2B,0xAF,0xFF,0xFF,0xFC,0xFE,0xFF,0xFF,0xFF,0xFF,0xFF,0xFF,0xFF,0xFF,0xFF,
    0xFF,0xFF,0xFF,0xFF,0xFF,0xFF,0xFF,0xFF,0xFF,0xFF,0xFF,0xFF,0xFF,0xFF,0xFF,0xFF,
    0xFF,0xFF,0xFF,0xFF,0xFF,0xFF,0xFF,0xFF,0xFF,0xFF,0xFF,0xFF,0xFF,0xFF,0xFF,0xFE,
    0xFC,0xFF,0xFF,0xAF,0x2B,0x00,0x03,0x02,0x00,0x00,0x00,0x00,0x00,0x00,0x00,0x00,
    0x00,0x00,0x00,0x00,0x00,0x00,0x00,0x00,0x00,0x00,0x00,0x00,0x00,0x00,0x00,0x00,
    0x00,0x00,0x00,0x00,0x00,0x00,0x00,0x03,0x00,0x00,0x5E,0xE7,0xFF,0xFB,0xFD,0xFF,
    0xFF,0xFF,0xFF,0xFF,0xFF,0xFF,0xFF,0xFF,0xFF,0xFF,0xFF,0xFF,0xFF,0xFF,0xFF,0xFF,
    0xFF,0xFF,0xFF,0xFF,0xFF,0xFF,0xFF,0xFF,0xFF,0xFF,0xFF,0xFF,0xFF,0xFF,0xFF,0xFF,
    0xFF,0xFF,0xFF,0xFF,0xFF,0xFF,0xFF,0xFF,0xFF,0xFF,0xFF,0xFD,0xFB,0xFF,0xE7,0x5E,
    0x00,0x00,0x03,0x00,0x00,0x00,0x00,0x00,0x00,0x00,0x00,0x00,0x00,0x00,0x00,0x00,
    0x00,0x00,0x00,0x00,0x00,0x00,0x00,0x00,0x00,0x00,0x00,0x00,0x00,0x00,0x00,0x00,
    0x03,0x00,0x0C,0x8F,0xFF,0xFF,0xFA,0xFF,0xFF,0xFF,0xFF,0xFF,0xFF,0xFF,0xFF,0xFF,
    0xFF,0xFF,0xFF,0xFF,0xFF,0xFF,0xFF,0xFF,0xFF,0xFF,0xFF,0xFF,0xFF,0xFF,0xFF,0xFF,
    0xFF,0xFF,0xFF,0xFF,0xFF,0xFF,0xFF,0xFF,0xFF,0xFF,0xFF,0xFF,0xFF,0xFF,0xFF,0xFF,
    0xFF,0xFF,0xFF,0xFF,0xFF,0xFF,0xFF,0xFA,0xFF,0xFF,0x8F,0x0C,0x00,0x03,0x00,0x00,
    0x00,0x00,0x00,0x00,0x00,0x00,0x00,0x00,0x00,0x00,0x00,0x00,0x00,0x00,0x00,0x00,
    0x00,0x00,0x00,0x00,0x00,0x00,0x00,0x00,0x00,0x04,0x00,0x21,0xBE,0xFF,0xFD,0xFD,
    0xFF,0xFF,0xFF,0xFF,0xFF,0xFF,0xFF,0xFF,0xFF,0xFF,0xFF,0xFF,0xFF,0xFF,0xFF,0xFF,
    0xFF,0xFF,0xFF,0xFF,0xFF,0xFF,0xFF,0xFF,0xFF,0xFF,0xFF,0xFF,0xFF,0xFF,0xFF,0xFF,
    0xFF,0xFF,0xFF,0xFF,0xFF,0xFF,0xFF,0xFF,0xFF,0xFF,0xFF,0xFF,0xFF,0xFF,0xFF,0xFF,
    0xFF,0xFF,0xFD,0xFD,0xFF,0xBE,0x21,0x00,0x04,0x00,0x00,0x00,0x00,0x00,0x00,0x00,
    0x00,0x00,0x00,0x00,0x00,0x00,0x00,0x00,0x00,0x00,0x00,0x00,0x00,0x00,0x00,0x00,
    0x00,0x00,0x04,0x00,0x2A,0xD6,0xFF,0xFA,0xFF,0xFF,0xFF,0xFF,0xFF,0xFF,0xFF,0xFF,
    0xFF,0xFF,0xFF,0xFF,0xFF,0xFF,0xFF,0xFF,0xFF,0xFF,0xFF,0xFF,0xFF,0xFF,0xFF,0xFF,
    0xFF,0xFF,0xFF,0xFF,0xFF,0xFF,0xFF,0xFF,0xFF,0xFF,0xFF,0xFF,0xFF,0xFF,0xFF,0xFF,
    0xFF,0xFF,0xFF,0xFF,0xFF,0xFF,0xFF,0xFF,0xFF,0xFF,0xFF,0xFF,0xFF,0xFF,0xFA,0xFF,
    0xD6,0x2A,0x00,0x04,0x00,0x00,0x00,0x00,0x00,0x00,0x00,0x00,0x00,0x00,0x00,0x00,
    0x00,0x00,0x00,0x00,0x00,0x00,0x00,0x00,0x00,0x00,0x00,0x04,0x00,0x41,0xE6,0xFF,
    0xF9,0xFF,0xFF,0xFF,0xFF,0xFF,0xFF,0xFF,0xFF,0xFF,0xFF,0xFF,0xFF,0xFF,0xFF,0xFF,
    0xFF,0xFF,0xFF,0xFF,0xFF,0xFF,0xFF,0xFF,0xFF,0xFF,0xFF,0xFF,0xFF,0xFF,0xFF,0xFF,
    0xFF,0xFF,0xFF,0xFF,0xFF,0xFF,0xFF,0xFF,0xFF,0xFF,0xFF,0xFF,0xFF,0xFF,0xFF,0xFF,
    0xFF,0xFF,0xFF,0xFF,0xFF,0xFF,0xFF,0xFF,0xFF,0xF9,0xFF,0xE6,0x41,0x00,0x04,0x00,
    0x00,0x00,0x00,0x00,0x00,0x00,0x00,0x00,0x00,0x00,0x00,0x00,0x00,0x00,0x00,0x00,
    0x00,0x00,0x00,0x00,0x03,0x00,0x40,0xE8,0xFF,0xFB,0xFF,0xFF,0xFF,0xFF,0xFF,0xFF,
    0xFF,0xFF,0xFF,0xFF,0xFF,0xFF,0xFF,0xFF,0xFF,0xFF,0xFF,0xFF,0xFF,0xFF,0xFF,0xFF,
    0xFF,0xFF,0xFF,0xFF,0xFF,0xFF,0xFF,0xFF,0xFF,0xFF,0xFF,0xFF,0xFF,0xFF,0xFF,0xFF,
    0xFF,0xFF,0xFF,0xFF,0xFF,0xFF,0xFF,0xFF,0xFF,0xFF,0xFF,0xFF,0xFF,0xFF,0xFF,0xFF,
    0xFF,0xFF,0xFF,0xFF,0xFB,0xFF,0xE8,0x40,0x00,0x03,0x00,0x00,0x00,0x00,0x00,0x00,
    0x00,0x00,0x00,0x00,0x00,0x00,0x00,0x00,0x00,0x00,0x00,0x00,0x00,0x02,0x00,0x28,
    0xEB,0xFF,0xFD,0xFF,0xFF,0xFF,0xFF,0xFF,0xFF,0xFF,0xFF,0xFF,0xFF,0xFF,0xFF,0xFF,
    0xFF,0xFF,0xFF,0xFF,0xFF,0xFF,0xFF,0xFF,0xFF,0xFF,0xFF,0xFF,0xFF,0xFF,0xFF,0xFF,
    0xFF,0xFF,0xFF,0xFF,0xFF,0xFF,0xFF,0xFF,0xFF,0xFF,0xFF,0xFF,0xFF,0xFF,0xFF,0xFF,
    0xFF,0xFF,0xFF,0xFF,0xFF,0xFF,0xFF,0xFF,0xFF,0xFF,0xFF,0xFF,0xFF,0xFF,0xFF,0xFD,
    0xFF,0xEB,0x28,0x00,0x02,0x00,0x00,0x00,0x00,0x00,0x00,0x00,0x00,0x00,0x00,0x00,
    0x00,0x00,0x00,0x00,0x00,0x00,0x02,0x00,0x1D,0xD3,0xFF,0xFB,0xFF,0xFF,0xFF,0xFF,
    0xFF,0xFF,0xFF,0xFF,0xFF,0xFF,0xFF,0xFF,0xFF,0xFF,0xFF,0xFF,0xFF,0xFF,0xFF,0xFF,
    0xFF,0xFF,0xFF,0xFF,0xFF,0xFF,0xFF,0xFF,0xFF,0xFF,0xFF,0xFF,0xFF,0xFF,0xFF,0xFF,
    0xFF,0xFF,0xFF,0xFF,0xFF,0xFF,0xFF,0xFF,0xFF,0xFF,0xFF,0xFF,0xFF,0xFF,0xFF,0xFF,
    0xFF,0xFF,0xFF,0xFF,0xFF,0xFF,0xFF,0xFF,0xFF,0xFF,0xFB,0xFF,0xD3,0x1D,0x00,0x02,
    0x00,0x00,0x00,0x00,0x00,0x00,0x00,0x00,0x00,0x00,0x00,0x00,0x00,0x00,0x00,0x02,
    0x03,0x0C,0xC0,0xFF,0xFA,0xFF,0xFF,0xFF,0xFF,0xFF,0xFF,0xFF,0xFF,0xFF,0xFF,0xFF,
    0xFF,0xFF,0xFF,0xFF,0xFF,0xFF,0xFF,0xFF,0xFF,0xFF,0xFF,0xFF,0xFF,0xFF,0xFF,0xFF,
    0xFF,0xFF,0xFF,0xFF,0xFF,0xFF,0xFF,0xFF,0xFF,0xFF,0xFF,0xFF,0xFF,0xFF,0xFF,0xFF,
    0xFF,0xFF,0xFF,0xFF,0xFF,0xFF,0xFF,0xFF,0xFF,0xFF,0xFF,0xFF,0xFF,0xFF,0xFF,0xFF,
    0xFF,0xFF,0xFF,0xFF,0xFF,0xFA,0xFF,0xC0,0x0C,0x03,0x02,0x00,0x00,0x00,0x00,0x00,
    0x00,0x00,0x00,0x00,0x00,0x00,0x00,0x00,0x00,0x04,0x00,0x90,0xFF,0xFC,0xFF,0xFF,
    0xFF,0xFF,0xFF,0xFF,0xFF,0xFF,0xFF,0xFF,0xFF,0xFF,0xFF,0xFF,0xFF,0xFF,0xFF,0xFF,
    0xFF,0xFF,0xFF,0xFF,0xFF,0xFF,0xFF,0xFF,0xFF,0xFF,0xFF,0xFF,0xFF,0xFF,0xFF,0xFF,
    0xFF,0xFF,0xFF,0xFF,0xFF,0xFF,0xFF,0xFF,0xFF,0xFF,0xFF,0xFF,0xFF,0xFF,0xFF,0xFF,
    0xFF,0xFF,0xFF,0xFF,0xFF,0xFF,0xFF,0xFF,0xFF,0xFF,0xFF,0xFF,0xFF,0xFF,0xFF,0xFF,
    0xFC,0xFF,0x90,0x00,0x04,0x00,0x00,0x00,0x00,0x00,0x00,0x00,0x00,0x00,0x00,0x00,
    0x00,0x00,0x03,0x00,0x5B,0xFF,0xFC,0xFF,0xFF,0xFF,0xFF,0xFF,0xFF,0xFF,0xFF,0xFF,
    0xFF,0xFF,0xFF,0xFF,0xFF,0xFF,0xFF,0xFF,0xFF,0xFF,0xFF,0xFF,0xFF,0xFF,0xFF,0xFF,
    0xFF,0xFF,0xFF,0xFF,0xFF,0xFF,0xFF,0xFF,0xFF,0xFF,0xFF,0xFF,0xFF,0xFF,0xFF,0xFF,
    0xFF,0xFF,0xFF,0xFF,0xFF,0xFF,0xFF,0xFF,0xFF,0xFF,0xFF,0xFF,0xFF,0xFF,0xFF,0xFF,
    0xFF,0xFF,0xFF,0xFF,0xFF,0xFF,0xFF,0xFF,0xFF,0xFF,0xFF,0xFC,0xFF,0x5B,0x00,0x03,
    0x00,0x00,0x00,0x00,0x00,0x00,0x00,0x00,0x00,0x00,0x00,0x03,0x01,0x26,0xEB,0xFD,
    0xFD,0xFF,0xFF,0xFF,0xFF,0xFF,0xFF,0xFF,0xFF,0xFF,0xFF,0xFF,0xFF,0xFF,0xFF,0xFF,
    0xFF,0xFF,0xFF,0xFF,0xFF,0xFF,0xFF,0xFF,0xFF,0xFF,0xFF,0xFF,0xFF,0xFF,0xFF,0xFF,
    0xFF,0xFF,0xFF,0xFF,0xFF,0xFF,0xFF,0xFF,0xFF,0xFF,0xFF,0xFF,0xFF,0xFF,0xFF,0xFF,
    0xFF,0xFF,0xFF,0xFF,0xFF,0xFF,0xFF,0xFF,0xFF,0xFF,0xFF,0xFF,0xFF,0xFF,0xFF,0xFF,
    0xFF,0xFF,0xFF,0xFF,0xFF,0xFD,0xFD,0xEB,0x26,0x01,0x03,0x00,0x00,0x00,0x00,0x00,
    0x00,0x00,0x00,0x00,0x01,0x03,0x06,0xB0,0xFF,0xFB,0xFF,0xFF,0xFF,0xFF,0xFF,0xFF,
    0xFF,0xFF,0xFF,0xFF,0xFF,0xFF,0xFF,0xFF,0xFF,0xFF,0xFF,0xFF,0xFF,0xFF,0xFF,0xFF,
    0xFF,0xFF,0xFF,0xFF,0xFF,0xFF,0xFF,0xFF,0xFF,0xFF,0xFF,0xFF,0xFF,0xFF,0xFF,0xFF,
    0xFF,0xFF,0xFF,0xFF,0xFF,0xFF,0xFF,0xFF,0xFF,0xFF,0xFF,0xFF,0xFF,0xFF,0xFF,0xFF,
    0xFF,0xFF,0xFF,0xFF,0xFF,0xFF,0xFF,0xFF,0xFF,0xFF,0xFF,0xFF,0xFF,0xFF,0xFF,0xFF,
    0xFB,0xFF,0xB0,0x06,0x03,0x01,0x00,0x00,0x00,0x00,0x00,0x00,0x00,0x00,0x03,0x00,
    0x58,0xFF,0xFA,0xFF,0xFF,0xFF,0xFF,0xFF,0xFF,0xFF,0xFF,0xFF,0xFF,0xFF,0xFF,0xFF,
    0xFF,0xFF,0xFF,0xFF,0xFF,0xFF,0xFF,0xFF,0xFF,0xFF,0xFF,0xFF,0xFF,0xFF,0xFF,0xFF,
    0xFF,0xFF,0xFF,0xFF,0xFF,0xFF,0xFF,0xFF,0xFF,0xFF,0xFF,0xFF,0xFF,0xFF,0xFF,0xFF,
    0xFF,0xFF,0xFF,0xFF,0xFF,0xFF,0xFF,0xFF,0xFF,0xFF,0xFF,0xFF,0xFF,0xFF,0xFF,0xFF,
    0xFF,0xFF,0xFF,0xFF,0xFF,0xFF,0xFF,0xFF,0xFF,0xFF,0xFF,0xFA,0xFF,0x58,0x00,0x03,
    0x00,0x00,0x00,0x00,0x00,0x00,0x00,0x01,0x01,0x15,0xDE,0xFF,0xFD,0xFF,0xFF,0xFF,
    0xFF,0xFF,0xFF,0xFF,0xFF,0xFF,0xFF,0xFF,0xFF,0xFF,0xFF,0xFF,0xFF,0xFF,0xFF,0xFF,
    0xFF,0xFF,0xFF,0xFF,0xFF,0xFF,0xFF,0xFF,0xFF,0xFF,0xFF,0xFF,0xFF,0xFF,0xFF,0xFF,
    0xFF,0xFF,0xFF,0xFF,0xFF,0xFF,0xFF,0xFF,0xFF,0xFF,0xFF,0xFF,0xFF,0xFF,0xFF,0xFF,
    0xFF,0xFF,0xFF,0xFF,0xFF,0xFF,0xFF,0xFF,0xFF,0xFF,0xFF,0xFF,0xFF,0xFF,0xFF,0xFF,
    0xFF,0xFF,0xFF,0xFF,0xFF,0xFD,0xFF,0xDE,0x15,0x01,0x01,0x00,0x00,0x00,0x00,0x00,
    0x00,0x04,0x00,0x84,0xFF,0xFD,0xFF,0xFF,0xFF,0xFF,0xFF,0xFF,0xFF,0xFF,0xFF,0xFF,
    0xFF,0xFF,0xFF,0xFF,0xFF,0xFF,0xFF,0xFF,0xFF,0xFF,0xFF,0xFF,0xFF,0xFF,0xFF,0xFF,
    0xFF,0xFF,0xFF,0xFF,0xFF,0xFF,0xFF,0xFF,0xFF,0xFF,0xFF,0xFF,0xFF,0xFF,0xFF,0xFF,
    0xFF,0xFF,0xFF,0xFF,0xFF,0xFF,0xFF,0xFF,0xFF,0xFF,0xFF,0xFF,0xFF,0xFF,0xFF,0xFF,
    0xFF,0xFF,0xFF,0xFF,0xFF,0xFF,0xFF,0xFF,0xFF,0xFF,0xFF,0xFF,0xFF,0xFF,0xFF,0xFF,
    0xFD,0xFF,0x84,0x00,0x04,0x00,0x00,0x00,0x00,0x00,0x03,0x01,0x2B,0xE8,0xFD,0xFD,
    0xFF,0xFF,0xFF,0xFF,0xFF,0xFF,0xFF,0xFF,0xFF,0xFF,0xFF,0xFF,0xFF,0xFF,0xFF,0xFF,
    0xFF,0xFF,0xFF,0xFF,0xFF,0xFF,0xFF,0xFF,0xFF,0xFF,0xFF,0xFF,0xFF,0xFF,0xFF,0xFF,
    0xFF,0xFF,0xFF,0xFF,0xFF,0xFF,0xFF,0xFF,0xFF,0xFF,0xFF,0xFF,0xFF,0xFF,0xFF,0xFF,
    0xFF,0xFF,0xFF,0xFF,0xFF,0xFF,0xFF,0xFF,0xFF,0xFF,0xFF,0xFF,0xFF,0xFF,0xFF,0xFF,
    0xFF,0xFF,0xFF,0xFF,0xFF,0xFF,0xFF,0xFF,0xFF,0xFF,0xFD,0xFD,0xE8,0x2B,0x01,0x03,
    0x00,0x00,0x00,0x00,0x04,0x00,0x88,0xFF,0xFA,0xFF,0xFF,0xFF,0xFF,0xFF,0xFF,0xFF,
    0xFF,0xFF,0xFF,0xFF,0xFF,0xFF,0xFF,0xFF,0xFF,0xFF,0xFF,0xFF,0xFF,0xFF,0xFF,0xFF,
    0xFF,0xFF,0xFF,0xFF,0xFF,0xFF,0xFF,0xFF,0xFF,0xFF,0xFF,0xFF,0xFF,0xFF,0xFF,0xFF,
    0xFF,0xFF,0xFF,0xFF,0xFF,0xFF,0xFF,0xFF,0xFF,0xFF,0xFF,0xFF,0xFF,0xFF,0xFF,0xFF,
    0xFF,0xFF,0xFF,0xFF,0xFF,0xFF,0xFF,0xFF,0xFF,0xFF,0xFF,0xFF,0xFF,0xFF,0xFF,0xFF,
    0xFF,0xFF,0xFF,0xFF,0xFF,0xFA,0xFF,0x88,0x00,0x04,0x00,0x00,0x00,0x02,0x01,0x1E,
    0xE0,0xFE,0xFD,0xFF,0xFF,0xFF,0xFF,0xFF,0xFF,0xFF,0xFF,0xFF,0xFF,0xFF,0xFF,0xFF,
    0xFF,0xFF,0xFF,0xFF,0xFF,0xFF,0xFF,0xFF,0xFF,0xFF,0xFF,0xFF,0xFF,0xFF,0xFF,0xFF,
    0xFF,0xFF,0xFF,0xFF,0xFF,0xFF,0xFF,0xFF,0xFF,0xFF,0xFF,0xFF,0xFF,0xFF,0xFF,0xFF,
    0xFF,0xFF,0xFF,0xFF,0xFF,0xFF,0xFF,0xFF,0xFF,0xFF,0xFF,0xFF,0xFF,0xFF,0xFF,0xFF,
    0xFF,0xFF,0xFF,0xFF,0xFF,0xFF,0xFF,0xFF,0xFF,0xFF,0xFF,0xFF,0xFF,0xFF,0xFF,0xFD,
    0xFE,0xE0,0x1E,0x01,0x02,0x00,0x00,0x03,0x00,0x6F,0xFF,0xFB,0xFF,0xFF,0xFF,0xFF,
    0xFF,0xFF,0xFF,0xFF,0xFF,0xFF,0xFF,0xFF,0xFF,0xFF,0xFF,0xFF,0xFF,0xFF,0xFF,0xFF,
    0xFF,0xFF,0xFF,0xFF,0xFF,0xFF,0xFF,0xFF,0xFF,0xFF,0xFF,0xFF,0xFF,0xFF,0xFF,0xFF,
    0xFF,0xFF,0xFF,0xFF,0xFF,0xFF,0xFF,0xFF,0xFF,0xFF,0xFF,0xFF,0xFF,0xFF,0xFF,0xFF,
    0xFF,0xFF,0xFF,0xFF,0xFF,0xFF,0xFF,0xFF,0xFF,0xFF,0xFF,0xFF,0xFF,0xFF,0xFF,0xFF,
    0xFF,0xFF,0xFF,0xFF,0xFF,0xFF,0xFF,0xFF,0xFF,0xFF,0xFB,0xFF,0x6F,0x00,0x03,0x00,
    0x00,0x00,0x07,0xCF,0xFE,0xFD,0xFF,0xFF,0xFF,0xFF,0xFF,0xFF,0xFF,0xFF,0xFF,0xFF,
    0xFF,0xFF,0xFF,0xFF,0xFF,0xFF,0xFF,0xFF,0xFF,0xFF,0xFF,0xFF,0xFF,0xFF,0xFF,0xFF,
    0xFF,0xFF,0xFF,0xFF,0xFF,0xFF,0xFF,0xFF,0xFF,0xFF,0xFF,0xFF,0xFF,0xFF,0xFF,0xFF,
    0xFF,0xFF,0xFF,0xFF,0xFF,0xFF,0xFF,0xFF,0xFF,0xFF,0xFF,0xFF,0xFF,0xFF,0xFF,0xFF,
    0xFF,0xFF,0xFF,0xFF,0xFF,0xFF,0xFF,0xFF,0xFF,0xFF,0xFF,0xFF,0xFF,0xFF,0xFF,0xFF,
    0xFF,0xFF,0xFF,0xFF,0xFD,0xFE,0xCF,0x07,0x00,0x00,0x03,0x01,0x44,0xFD,0xFE,0xFF,
    0xFF,0xFF,0xFF,0xFF,0xFF,0xFF,0xFF,0xFF,0xFF,0xFF,0xFF,0xFF,0xFF,0xFF,0xFF,0xFF,
    0xFF,0xFF,0xFF,0xFF,0xFF,0xFF,0xFF,0xFF,0xFF,0xFF,0xFF,0xFF,0xFF,0xFF,0xFF,0xFF,
    0xFF,0xFF,0xFF,0xFF,0xFF,0xFF,0xFF,0xFF,0xFF,0xFF,0xFF,0xFF,0xFF,0xFF,0xFF,0xFF,
    0xFF,0xFF,0xFF,0xFF,0xFF,0xFF,0xFF,0xFF,0xFF,0xFF,0xFF,0xFF,0xFF,0xFF,0xFF,0xFF,
    0xFF,0xFF,0xFF,0xFF,0xFF,0xFF,0xFF,0xFF,0xFF,0xFF,0xFF,0xFF,0xFF,0xFF,0xFF,0xFE,
    0xFD,0x44,0x01,0x03,0x04,0x00,0x96,0xFF,0xFC,0xFF,0xFF,0xFF,0xFF,0xFF,0xFF,0xFF,
    0xFF,0xFF,0xFF,0xFF,0xFF,0xFF,0xFF,0xFF,0xFF,0xFF,0xFF,0xFF,0xFF,0xFF,0xFF,0xFF,
    0xFF,0xFF,0xFF,0xFF,0xFF,0xFF,0xFF,0xFF,0xFF,0xFF,0xFF,0xFF,0xFF,0xFF,0xFF,0xFF,
    0xFF,0xFF,0xFF,0xFF,0xFF,0xFF,0xFF,0xFF,0xFF,0xFF,0xFF,0xFF,0xFF,0xFF,0xFF,0xFF,
    0xFF,0xFF,0xFF,0xFF,0xFF,0xFF,0xFF,0xFF,0xFF,0xFF,0xFF,0xFF,0xFF,0xFF,0xFF,0xFF,
    0xFF,0xFF,0xFF,0xFF,0xFF,0xFF,0xFF,0xFF,0xFF,0xFC,0xFF,0x96,0x00,0x04,0x01,0x0F,
    0xD4,0xFF,0xFC,0xFF,0xFF,0xFF,0xFF,0xFF,0xFF,0xFF,0xFF,0xFF,0xFF,0xFF,0xFF,0xFF,
    0xFF,0xFF,0xFF,0xFF,0xFF,0xFF,0xFF,0xFF,0xFF,0xFF,0xFF,0xFF,0xFF,0xFF,0xFF,0xFF,
    0xFF,0xFF,0xFF,0xFF,0xFF,0xFF,0xFF,0xFF,0xFF,0xFF,0xFF,0xFF,0xFF,0xFF,0xFF,0xFF,
    0xFF,0xFF,0xFF,0xFF,0xFF,0xFF,0xFF,0xFF,0xFF,0xFF,0xFF,0xFF,0xFF,0xFF,0xFF,0xFF,
    0xFF,0xFF,0xFF,0xFF,0xFF,0xFF,0xFF,0xFF,0xFF,0xFF,0xFF,0xFF,0xFF,0xFF,0xFF,0xFF,
    0xFF,0xFF,0xFF,0xFC,0xFF,0xD4,0x0F,0x01,0x00,0x4A,0xF9,0xFD,0xFE,0xFF,0xFF,0xFF,
    0xFF,0xFF,0xFF,0xFF,0xFF,0xFF,0xFF,0xFF,0xFF,0xFF,0xFF,0xFF,0xFF,0xFF,0xFF,0xFF,
    0xFF,0xFF,0xFF,0xFF,0xFF,0xFF,0xFF,0xFF,0xFF,0xFF,0xFF,0xFF,0xFF,0xFF,0xFF,0xFF,
    0xFF,0xFF,0xFF,0xFF,0xFF,0xFF,0xFF,0xFF,0xFF,0xFF,0xFF,0xFF,0xFF,0xFF,0xFF,0xFF,
    0xFF,0xFF,0xFF,0xFF,0xFF,0xFF,0xFF,0xFF,0xFF,0xFF,0xFF,0xFF,0xFF,0xFF,0xFF,0xFF,
    0xFF,0xFF,0xFF,0xFF,0xFF,0xFF,0xFF,0xFF,0xFF,0xFF,0xFF,0xFF,0xFF,0xFE,0xFD,0xF9,
    0x4A,0x00,0x00,0x7B,0xFF,0xFB,0xFF,0xFF,0xFF,0xFF,0xFF,0xFF,0xFF,0xFF,0xFF,0xFF,
    0xFF,0xFF,0xFF,0xFF,0xFF,0xFF,0xFF,0xFF,0xFF,0xFF,0xFF,0xFF,0xFF,0xFF,0xFF,0xFF,
    0xFF,0xFF,0xFF,0xFF,0xFF,0xFF,0xFF,0xFF,0xFF,0xFF,0xFF,0xFF,0xFF,0xFF,0xFF,0xFF,
    0xFF,0xFF,0xFF,0xFF,0xFF,0xFF,0xFF,0xFF,0xFF,0xFF,0xFF,0xFF,0xFF,0xFF,0xFF,0xFF,
    0xFF,0xFF,0xFF,0xFF,0xFF,0xFF,0xFF,0xFF,0xFF,0xFF,0xFF,0xFF,0xFF,0xFF,0xFF,0xFF,
    0xFF,0xFF,0xFF,0xFF,0xFF,0xFF,0xFF,0xFF,0xFB,0xFF,0x7B,0x00,0x05,0xAB,0xFF,0xFA,
    0xFF,0xFF,0xFF,0xFF,0xFF,0xFF,0xFF,0xFF,0xFF,0xFF,0xFF,0xFF,0xFF,0xFF,0xFF,0xFF,
    0xFF,0xFF,0xFF,0xFF,0xFF,0xFF,0xFF,0xFF,0xFF,0xFF,0xFF,0xFF,0xFF,0xFF,0xFF,0xFF,
    0xFF,0xFF,0xFF,0xFF,0xFF,0xFF,0xFF,0xFF,0xFF,0xFF,0xFF,0xFF,0xFF,0xFF,0xFF,0xFF,
    0xFF,0xFF,0xFF,0xFF,0xFF,0xFF,0xFF,0xFF,0xFF,0xFF,0xFF,0xFF,0xFF,0xFF,0xFF,0xFF,
    0xFF,0xFF,0xFF,0xFF,0xFF,0xFF,0xFF,0xFF,0xFF,0xFF,0xFF,0xFF,0xFF,0xFF,0xFF,0xFF,
    0xFF,0xFF,0xFA,0xFF,0xAB,0x05,0x1D,0xDA,0xFF,0xFD,0xFF,0xFF,0xFF,0xFF,0xFF,0xFF,
    0xFF,0xFF,0xFF,0xFF,0xFF,0xFF,0xFF,0xFF,0xFF,0xFF,0xFF,0xFF,0xFF,0xFF,0xFF,0xFF,
    0xFF,0xFF,0xFF,0xFF,0xFF,0xFF,0xFF,0xFF,0xFF,0xFF,0xFF,0xFF,0xFF,0xFF,0xFF,0xFF,
    0xFF,0xFF,0xFF,0xFF,0xFF,0xFF,0xFF,0xFF,0xFF,0xFF,0xFF,0xFF,0xFF,0xFF,0xFF,0xFF,
    0xFF,0xFF,0xFF,0xFF,0xFF,0xFF,0xFF,0xFF,0xFF,0xFF,0xFF,0xFF,0xFF,0xFF,0xFF,0xFF,
    0xFF,0xFF,0xFF,0xFF,0xFF,0xFF,0xFF,0xFF,0xFF,0xFF,0xFF,0xFF,0xFD,0xFF,0xDA,0x1D,
    0x39,0xF8,0xFE,0xFE,0xFF,0xFF,0xFF,0xFF,0xFF,0xFF,0xFF,0xFF,0xFF,0xFF,0xFF,0xFF,
    0xFF,0xFF,0xFF,0xFF,0xFF,0xFF,0xFF,0xFF,0xFF,0xFF,0xFF,0xFF,0xFF,0xFF,0xFF,0xFF,
    0xFF,0xFF,0xFF,0xFF,0xFF,0xFF,0xFF,0xFF,0xFF,0xFF,0xFF,0xFF,0xFF,0xFF,0xFF,0xFF,
    0xFF,0xFF,0xFF,0xFF,0xFF,0xFF,0xFF,0xFF,0xFF,0xFF,0xFF,0xFF,0xFF,0xFF,0xFF,0xFF,
    0xFF,0xFF,0xFF,0xFF,0xFF,0xFF,0xFF,0xFF,0xFF,0xFF,0xFF,0xFF,0xFF,0xFF,0xFF,0xFF,
    0xFF,0xFF,0xFF,0xFF,0xFF,0xFF,0xFE,0xFE,0xF8,0x39,0x62,0xFF,0xFC,0xFF,0xFF,0xFF,
    0xFF,0xFF,0xFF,0xFF,0xFF,0xFF,0xFF,0xFF,0xFF,0xFF,0xFF,0xFF,0xFF,0xFF,0xFF,0xFF,
    0xFF,0xFF,0xFF,0xFF,0xFF,0xFF,0xFF,0xFF,0xFF,0xFF,0xFF,0xFF,0xFF,0xFF,0xFF,0xFF,
    0xFF,0xFF,0xFF,0xFF,0xFF,0xFF,0xFF,0xFF,0xFF,0xFF,0xFF,0xFF,0xFF,0xFF,0xFF,0xFF,
    0xFF,0xFF,0xFF,0xFF,0xFF,0xFF,0xFF,0xFF,0xFF,0xFF,0xFF,0xFF,0xFF,0xFF,0xFF,0xFF,
    0xFF,0xFF,0xFF,0xFF,0xFF,0xFF,0xFF,0xFF,0xFF,0xFF,0xFF,0xFF,0xFF,0xFF,0xFF,0xFF,
    0xFF,0xFC,0xFF,0x62,0x90,0xFF,0xFC,0xFF,0xFF,0xFF,0xFF,0xFF,0xFF,0xFF,0xFF,0xFF,
    0xFF,0xFF,0xFF,0xFF,0xFF,0xFF,0xFF,0xFF,0xFF,0xFF,0xFF,0xFF,0xFF,0xFF,0xFF,0xFF,
    0xFF,0xFF,0xFF,0xFF,0xFF,0xFF,0xFF,0xFF,0xFF,0xFF,0xFF,0xFF,0xFF,0xFF,0xFF,0xFF,
    0xFF,0xFF,0xFF,0xFF,0xFF,0xFF,0xFF,0xFF,0xFF,0xFF,0xFF,0xFF,0xFF,0xFF,0xFF,0xFF,
    0xFF,0xFF,0xFF,0xFF,0xFF,0xFF,0xFF,0xFF,0xFF,0xFF,0xFF,0xFF,0xFF,0xFF,0xFF,0xFF,
    0xFF,0xFF,0xFF,0xFF,0xFF,0xFF,0xFF,0xFF,0xFF,0xFF,0xFF,0xFC,0xFF,0x90,0xAE,0xFF,
    0xFC,0xFF,0xFF,0xFF,0xFF,0xFF,0xFF,0xFF,0xFF,0xFF,0xFF,0xFF,0xFF,0xFF,0xFF,0xFF,
    0xFF,0xFF,0xFF,0xFF,0xFF,0xFF,0xFF,0xFF,0xFF,0xFF,0xFF,0xFF,0xFF,0xFF,0xFF,0xFF,
    0xFF,0xFF,0xFF,0xFF,0xFF,0xFF,0xFF,0xFF,0xFF,0xFF,0xFF,0xFF,0xFF,0xFF,0xFF,0xFF,
    0xFF,0xFF,0xFF,0xFF,0xFF,0xFF,0xFF,0xFF,0xFF,0xFF,0xFF,0xFF,0xFF,0xFF,0xFF,0xFF,
    0xFF,0xFF,0xFF,0xFF,0xFF,0xFF,0xFF,0xFF,0xFF,0xFF,0xFF,0xFF,0xFF,0xFF,0xFF,0xFF,
    0xFF,0xFF,0xFF,0xFF,0xFF,0xFC,0xFF,0xAE,0xD5,0xFF,0xFE,0xFF,0xFF,0xFF,0xFF,0xFF,
    0xFF,0xFF,0xFF,0xFF,0xFF,0xFF,0xFF,0xFF,0xFF,0xFF,0xFF,0xFF,0xFF,0xFF,0xFF,0xFF,
    0xFF,0xFF,0xFF,0xFF,0xFF,0xFF,0xFF,0xFF,0xFF,0xFF,0xFF,0xFF,0xFF,0xFF,0xFF,0xFF,
    0xFF,0xFF,0xFF,0xFF,0xFF,0xFF,0xFF,0xFF,0xFF,0xFF,0xFF,0xFF,0xFF,0xFF,0xFF,0xFF,
    0xFF,0xFF,0xFF,0xFF,0xFF,0xFF,0xFF,0xFF,0xFF,0xFF,0xFF,0xFF,0xFF,0xFF,0xFF,0xFF,
    0xFF,0xFF,0xFF,0xFF,0xFF,0xFF,0xFF,0xFF,0xFF,0xFF,0xFF,0xFF,0xFF,0xFF,0xFF,0xFE,
    0xFF,0xD5,0xD9,0xFF,0xFD,0xFF,0xFF,0xFF,0xFF,0xFF,0xFF,0xFF,0xFF,0xFF,0xFF,0xFF,
    0xFF,0xFF,0xFF,0xFF,0xFF,0xFF,0xFF,0xFF,0xFF,0xFF,0xFF,0xFF,0xFF,0xFF,0xFF,0xFF,
    0xFF,0xFF,0xFF,0xFF,0xFF,0xFF,0xFF,0xFF,0xFF,0xFF,0xFF,0xFF,0xFF,0xFF,0xFF,0xFF,
    0xFF,0xFF,0xFF,0xFF,0xFF,0xFF,0xFF,0xFF,0xFF,0xFF,0xFF,0xFF,0xFF,0xFF,0xFF,0xFF,
    0xFF,0xFF,0xFF,0xFF,0xFF,0xFF,0xFF,0xFF,0xFF,0xFF,0xFF,0xFF,0xFF,0xFF,0xFF,0xFF,
    0xFF,0xFF,0xFF,0xFF,0xFF,0xFF,0xFF,0xFF,0xFF,0xFD,0xFF,0xD9,0xF6,0xFF,0xFE,0xFF,
    0xFF,0xFF,0xFF,0xFF,0xFF,0xFF,0xFF,0xFF,0xFF,0xFF,0xFF,0xFF,0xFF,0xFF,0xFF,0xFF,
    0xFF,0xFF,0xFF,0xFF,0xFF,0xFF,0xFF,0xFF,0xFF,0xFF,0xFF,0xFF,0xFF,0xFF,0xFF,0xFF,
    0xFF,0xFF,0xFF,0xFF,0xFF,0xFF,0xFF,0xFF,0xFF,0xFF,0xFF,0xFF,0xFF,0xFF,0xFF,0xFF,
    0xFF,0xFF,0xFF,0xFF,0xFF,0xFF,0xFF,0xFF,0xFF,0xFF,0xFF,0xFF,0xFF,0xFF,0xFF,0xFF,
    0xFF,0xFF,0xFF,0xFF,0xFF,0xFF,0xFF,0xFF,0xFF,0xFF,0xFF,0xFF,0xFF,0xFF,0xFF,0xFF,
    0xFF,0xFF,0xFF,0xFE,0xFF,0xF6,0xFF,0xFF,0xFF,0xFF,0xFF,0xFF,0xFF,0xFF,0xFF,0xFF,
    0xFF,0xFF,0xFF,0xFF,0xFF,0xFF,0xFF,0xFF,0xFF,0xFF,0xFF,0xFF,0xFF,0xFF,0xFF,0xFF,
    0xFF,0xFF,0xFF,0xFF,0xFF,0xFF,0xFF,0xFF,0xFF,0xFF,0xFF,0xFF,0xFF,0xFF,0xFF,0xFF,
    0xFF,0xFF,0xFF,0xFF,0xFF,0xFF,0xFF,0xFF,0xFF,0xFF,0xFF,0xFF,0xFF,0xFF,0xFF,0xFF,
    0xFF,0xFF,0xFF,0xFF,0xFF,0xFF,0xFF,0xFF,0xFF,0xFF,0xFF,0xFF,0xFF,0xFF,0xFF,0xFF,
    0xFF,0xFF,0xFF,0xFF,0xFF,0xFF,0xFF,0xFF,0xFF,0xFF,0xFF,0xFF,0xFF,0xFF,0xFF,0xFF,
    0xFF,0xFF,0xFF,0xFF,0xFF,0xFF,0xFF,0xFF,0xFF,0xFF,0xFF,0xFF,0xFF,0xFF,0xFF,0xFF,
    0xFF,0xFF,0xFF,0xFF,0xFF,0xFF,0xFF,0xFF,0xFF,0xFF,0xFF,0xFF,0xFF,0xFF,0xFF,0xFF,
    0xFF,0xFF,0xFF,0xFF,0xFF,0xFF,0xFF,0xFF,0xFF,0xFF,0xFF,0xFF,0xFF,0xFF,0xFF,0xFF,
    0xFF,0xFF,0xFF,0xFF,0xFF,0xFF,0xFF,0xFF,0xFF,0xFF,0xFF,0xFF,0xFF,0xFF,0xFF,0xFF,
    0xFF,0xFF,0xFF,0xFF,0xFF,0xFF,0xFF,0xFF,0xFF,0xFF,0xFF,0xFF,0xFF,0xFF,0xFF,0xFF,
    0xFF,0xFF,0xFF,0xFF,0xFF,0xFF,0xFF,0xFF,0xFF,0xFF,0xFF,0xFF,0xFF,0xFF,0xFF,0xFF,
    0xFF,0xFF,0xFF,0xFF,0xFF,0xFF,0xFF,0xFF,0xFF,0xFF,0xFF,0xFF,0xFF,0xFF,0xFF,0xFF,
    0xFF,0xFF,0xFF,0xFF,0xFF,0xFF,0xFF,0xFF,0xFF,0xFF,0xFF,0xFF,0xFF,0xFF,0xFF,0xFF,
    0xFF,0xFF,0xFF,0xFF,0xFF,0xFF,0xFF,0xFF,0xFF,0xFF,0xFF,0xFF,0xFF,0xFF,0xFF,0xFF,
    0xFF,0xFF,0xFF,0xFF,0xFF,0xFF,0xFF,0xFF,0xFF,0xFF,0xFF,0xFF,0xFF,0xFF,0xFF,0xFF,
    0xFF,0xFF,0xFF,0xFF,0xFF,0xFF,0xFF,0xFF,0xFF,0xFF,0xFF,0xFF,0xFF,0xFF,0xFF,0xFF,
    0xFF,0xFF,0xFF,0xFF,0xFF,0xFF,0xFF,0xFF,0xFF,0xFF,0xFF,0xFF,0xFF,0xFF,0xFF,0xFF,
    0xFF,0xFF,0xFF,0xFF,0xFF,0xFF,0xFF,0xFF,0xFF,0xFF,0xFF,0xFF,0xFF,0xFF,0xFF,0xFF,
    0xFF,0xFF,0xFF,0xFF,0xFF,0xFF,0xFF,0xFF,0xFF,0xFF,0xFF,0xFF,0xFF,0xFF,0xFF,0xFF,
    0xFF,0xFF,0xFF,0xFF,0xFF,0xFF,0xFF,0xFF,0xFF,0xFF,0xFF,0xFF,0xFF,0xFF,0xFF,0xFF,
    0xFF,0xFF,0xFF,0xFF,0xFF,0xFF,0xFF,0xFF,0xFF,0xFF,0xFF,0xFF,0xFF,0xFF,0xFF,0xFF,
    0xFF,0xFF,0xFF,0xFF,0xFF,0xFF,0xFF,0xFF,0xFF,0xFF,0xFF,0xFF,0xFF,0xFF,0xF6,0xFF,
    0xFE,0xFF,0xFF,0xFF,0xFF,0xFF,0xFF,0xFF,0xFF,0xFF,0xFF,0xFF,0xFF,0xFF,0xFF,0xFF,
    0xFF,0xFF,0xFF,0xFF,0xFF,0xFF,0xFF,0xFF,0xFF,0xFF,0xFF,0xFF,0xFF,0xFF,0xFF,0xFF,
    0xFF,0xFF,0xFF,0xFF,0xFF,0xFF,0xFF,0xFF,0xFF,0xFF,0xFF,0xFF,0xFF,0xFF,0xFF,0xFF,
    0xFF,0xFF,0xFF,0xFF,0xFF,0xFF,0xFF,0xFF,0xFF,0xFF,0xFF,0xFF,0xFF,0xFF,0xFF,0xFF,
    0xFF,0xFF,0xFF,0xFF,0xFF,0xFF,0xFF,0xFF,0xFF,0xFF,0xFF,0xFF,0xFF,0xFF,0xFF,0xFF,
    0xFF,0xFF,0xFF,0xFF,0xFF,0xFE,0xFF,0xF6,0xD9,0xFF,0xFD,0xFF,0xFF,0xFF,0xFF,0xFF,
    0xFF,0xFF,0xFF,0xFF,0xFF,0xFF,0xFF,0xFF,0xFF,0xFF,0xFF,0xFF,0xFF,0xFF,0xFF,0xFF,
    0xFF,0xFF,0xFF,0xFF,0xFF,0xFF,0xFF,0xFF,0xFF,0xFF,0xFF,0xFF,0xFF,0xFF,0xFF,0xFF,
    0xFF,0xFF,0xFF,0xFF,0xFF,0xFF,0xFF,0xFF,0xFF,0xFF,0xFF,0xFF,0xFF,0xFF,0xFF,0xFF,
    0xFF,0xFF,0xFF,0xFF,0xFF,0xFF,0xFF,0xFF,0xFF,0xFF,0xFF,0xFF,0xFF,0xFF,0xFF,0xFF,
    0xFF,0xFF,0xFF,0xFF,0xFF,0xFF,0xFF,0xFF,0xFF,0xFF,0xFF,0xFF,0xFF,0xFF,0xFF,0xFD,
    0xFF,0xD9,0xD5,0xFF,0xFE,0xFF,0xFF,0xFF,0xFF,0xFF,0xFF,0xFF,0xFF,0xFF,0xFF,0xFF,
    0xFF,0xFF,0xFF,0xFF,0xFF,0xFF,0xFF,0xFF,0xFF,0xFF,0xFF,0xFF,0xFF,0xFF,0xFF,0xFF,
    0xFF,0xFF,0xFF,0xFF,0xFF,0xFF,0xFF,0xFF,0xFF,0xFF,0xFF,0xFF,0xFF,0xFF,0xFF,0xFF,
    0xFF,0xFF,0xFF,0xFF,0xFF,0xFF,0xFF,0xFF,0xFF,0xFF,0xFF,0xFF,0xFF,0xFF,0xFF,0xFF,
    0xFF,0xFF,0xFF,0xFF,0xFF,0xFF,0xFF,0xFF,0xFF,0xFF,0xFF,0xFF,0xFF,0xFF,0xFF,0xFF,
    0xFF,0xFF,0xFF,0xFF,0xFF,0xFF,0xFF,0xFF,0xFF,0xFE,0xFF,0xD5,0xAE,0xFF,0xFC,0xFF,
    0xFF,0xFF,0xFF,0xFF,0xFF,0xFF,0xFF,0xFF,0xFF,0xFF,0xFF,0xFF,0xFF,0xFF,0xFF,0xFF,
    0xFF,0xFF,0xFF,0xFF,0xFF,0xFF,0xFF,0xFF,0xFF,0xFF,0xFF,0xFF,0xFF,0xFF,0xFF,0xFF,
    0xFF,0xFF,0xFF,0xFF,0xFF,0xFF,0xFF,0xFF,0xFF,0xFF,0xFF,0xFF,0xFF,0xFF,0xFF,0xFF,
    0xFF,0xFF,0xFF,0xFF,0xFF,0xFF,0xFF,0xFF,0xFF,0xFF,0xFF,0xFF,0xFF,0xFF,0xFF,0xFF,
    0xFF,0xFF,0xFF,0xFF,0xFF,0xFF,0xFF,0xFF,0xFF,0xFF,0xFF,0xFF,0xFF,0xFF,0xFF,0xFF,
    0xFF,0xFF,0xFF,0xFC,0xFF,0xAE,0x90,0xFF,0xFC,0xFF,0xFF,0xFF,0xFF,0xFF,0xFF,0xFF,
    0xFF,0xFF,0xFF,0xFF,0xFF,0xFF,0xFF,0xFF,0xFF,0xFF,0xFF,0xFF,0xFF,0xFF,0xFF,0xFF,
    0xFF,0xFF,0xFF,0xFF,0xFF,0xFF,0xFF,0xFF,0xFF,0xFF,0xFF,0xFF,0xFF,0xFF,0xFF,0xFF,
    0xFF,0xFF,0xFF,0xFF,0xFF,0xFF,0xFF,0xFF,0xFF,0xFF,0xFF,0xFF,0xFF,0xFF,0xFF,0xFF,
    0xFF,0xFF,0xFF,0xFF,0xFF,0xFF,0xFF,0xFF,0xFF,0xFF,0xFF,0xFF,0xFF,0xFF,0xFF,0xFF,
    0xFF,0xFF,0xFF,0xFF,0xFF,0xFF,0xFF,0xFF,0xFF,0xFF,0xFF,0xFF,0xFF,0xFC,0xFF,0x90,
    0x62,0xFF,0xFC,0xFF,0xFF,0xFF,0xFF,0xFF,0xFF,0xFF,0xFF,0xFF,0xFF,0xFF,0xFF,0xFF,
    0xFF,0xFF,0xFF,0xFF,0xFF,0xFF,0xFF,0xFF,0xFF,0xFF,0xFF,0xFF,0xFF,0xFF,0xFF,0xFF,
    0xFF,0xFF,0xFF,0xFF,0xFF,0xFF,0xFF,0xFF,0xFF,0xFF,0xFF,0xFF,0xFF,0xFF,0xFF,0xFF,
    0xFF,0xFF,0xFF,0xFF,0xFF,0xFF,0xFF,0xFF,0xFF,0xFF,0xFF,0xFF,0xFF,0xFF,0xFF,0xFF,
    0xFF,0xFF,0xFF,0xFF,0xFF,0xFF,0xFF,0xFF,0xFF,0xFF,0xFF,0xFF,0xFF,0xFF,0xFF,0xFF,
    0xFF,0xFF,0xFF,0xFF,0xFF,0xFF,0xFF,0xFC,0xFF,0x62,0x39,0xF8,0xFE,0xFE,0xFF,0xFF,
    0xFF,0xFF,0xFF,0xFF,0xFF,0xFF,0xFF,0xFF,0xFF,0xFF,0xFF,0xFF,0xFF,0xFF,0xFF,0xFF,
    0xFF,0xFF,0xFF,0xFF,0xFF,0xFF,0xFF,0xFF,0xFF,0xFF,0xFF,0xFF,0xFF,0xFF,0xFF,0xFF,
    0xFF,0xFF,0xFF,0xFF,0xFF,0xFF,0xFF,0xFF,0xFF,0xFF,0xFF,0xFF,0xFF,0xFF,0xFF,0xFF,
    0xFF,0xFF,0xFF,0xFF,0xFF,0xFF,0xFF,0xFF,0xFF,0xFF,0xFF,0xFF,0xFF,0xFF,0xFF,0xFF,
    0xFF,0xFF,0xFF,0xFF,0xFF,0xFF,0xFF,0xFF,0xFF,0xFF,0xFF,0xFF,0xFF,0xFF,0xFF,0xFF,
    0xFE,0xFE,0xF8,0x39,0x1D,0xDA,0xFF,0xFD,0xFF,0xFF,0xFF,0xFF,0xFF,0xFF,0xFF,0xFF,
    0xFF,0xFF,0xFF,0xFF,0xFF,0xFF,0xFF,0xFF,0xFF,0xFF,0xFF,0xFF,0xFF,0xFF,0xFF,0xFF,
    0xFF,0xFF,0xFF,0xFF,0xFF,0xFF,0xFF,0xFF,0xFF,0xFF,0xFF,0xFF,0xFF,0xFF,0xFF,0xFF,
    0xFF,0xFF,0xFF,0xFF,0xFF,0xFF,0xFF,0xFF,0xFF,0xFF,0xFF,0xFF,0xFF,0xFF,0xFF,0xFF,
    0xFF,0xFF,0xFF,0xFF,0xFF,0xFF,0xFF,0xFF,0xFF,0xFF,0xFF,0xFF,0xFF,0xFF,0xFF,0xFF,
    0xFF,0xFF,0xFF,0xFF,0xFF,0xFF,0xFF,0xFF,0xFF,0xFF,0xFD,0xFF,0xDA,0x1D,0x05,0xAB,
    0xFF,0xFA,0xFF,0xFF,0xFF,0xFF,0xFF,0xFF,0xFF,0xFF,0xFF,0xFF,0xFF,0xFF,0xFF,0xFF,
    0xFF,0xFF,0xFF,0xFF,0xFF,0xFF,0xFF,0xFF,0xFF,0xFF,0xFF,0xFF,0xFF,0xFF,0xFF,0xFF,
    0xFF,0xFF,0xFF,0xFF,0xFF,0xFF,0xFF,0xFF,0xFF,0xFF,0xFF,0xFF,0xFF,0xFF,0xFF,0xFF,
    0xFF,0xFF,0xFF,0xFF,0xFF,0xFF,0xFF,0xFF,0xFF,0xFF,0xFF,0xFF,0xFF,0xFF,0xFF,0xFF,
    0xFF,0xFF,0xFF,0xFF,0xFF,0xFF,0xFF,0xFF,0xFF,0xFF,0xFF,0xFF,0xFF,0xFF,0xFF,0xFF,
    0xFF,0xFF,0xFF,0xFF,0xFA,0xFF,0xAB,0x05,0x00,0x7B,0xFF,0xFB,0xFF,0xFF,0xFF,0xFF,
    0xFF,0xFF,0xFF,0xFF,0xFF,0xFF,0xFF,0xFF,0xFF,0xFF,0xFF,0xFF,0xFF,0xFF,0xFF,0xFF,
    0xFF,0xFF,0xFF,0xFF,0xFF,0xFF,0xFF,0xFF,0xFF,0xFF,0xFF,0xFF,0xFF,0xFF,0xFF,0xFF,
    0xFF,0xFF,0xFF,0xFF,0xFF,0xFF,0xFF,0xFF,0xFF,0xFF,0xFF,0xFF,0xFF,0xFF,0xFF,0xFF,
    0xFF,0xFF,0xFF,0xFF,0xFF,0xFF,0xFF,0xFF,0xFF,0xFF,0xFF,0xFF,0xFF,0xFF,0xFF,0xFF,
    0xFF,0xFF,0xFF,0xFF,0xFF,0xFF,0xFF,0xFF,0xFF,0xFF,0xFF,0xFF,0xFF,0xFF,0xFB,0xFF,
    0x7B,0x00,0x00,0x4A,0xF9,0xFD,0xFE,0xFF,0xFF,0xFF,0xFF,0xFF,0xFF,0xFF,0xFF,0xFF,
    0xFF,0xFF,0xFF,0xFF,0xFF,0xFF,0xFF,0xFF,0xFF,0xFF,0xFF,0xFF,0xFF,0xFF,0xFF,0xFF,
    0xFF,0xFF,0xFF,0xFF,0xFF,0xFF,0xFF,0xFF,0xFF,0xFF,0xFF,0xFF,0xFF,0xFF,0xFF,0xFF,
    0xFF,0xFF,0xFF,0xFF,0xFF,0xFF,0xFF,0xFF,0xFF,0xFF,0xFF,0xFF,0xFF,0xFF,0xFF,0xFF,
    0xFF,0xFF,0xFF,0xFF,0xFF,0xFF,0xFF,0xFF,0xFF,0xFF,0xFF,0xFF,0xFF,0xFF,0xFF,0xFF,
    0xFF,0xFF,0xFF,0xFF,0xFF,0xFF,0xFF,0xFE,0xFD,0xF9,0x4A,0x00,0x01,0x0F,0xD4,0xFF,
    0xFC,0xFF,0xFF,0xFF,0xFF,0xFF,0xFF,0xFF,0xFF,0xFF,0xFF,0xFF,0xFF,0xFF,0xFF,0xFF,
    0xFF,0xFF,0xFF,0xFF,0xFF,0xFF,0xFF,0xFF,0xFF,0xFF,0xFF,0xFF,0xFF,0xFF,0xFF,0xFF,
    0xFF,0xFF,0xFF,0xFF,0xFF,0xFF,0xFF,0xFF,0xFF,0xFF,0xFF,0xFF,0xFF,0xFF,0xFF,0xFF,
    0xFF,0xFF,0xFF,0xFF,0xFF,0xFF,0xFF,0xFF,0xFF,0xFF,0xFF,0xFF,0xFF,0xFF,0xFF,0xFF,
    0xFF,0xFF,0xFF,0xFF,0xFF,0xFF,0xFF,0xFF,0xFF,0xFF,0xFF,0xFF,0xFF,0xFF,0xFF,0xFF,
    0xFF,0xFC,0xFF,0xD4,0x0F,0x01,0x04,0x00,0x96,0xFF,0xFC,0xFF,0xFF,0xFF,0xFF,0xFF,
    0xFF,0xFF,0xFF,0xFF,0xFF,0xFF,0xFF,0xFF,0xFF,0xFF,0xFF,0xFF,0xFF,0xFF,0xFF,0xFF,
    0xFF,0xFF,0xFF,0xFF,0xFF,0xFF,0xFF,0xFF,0xFF,0xFF,0xFF,0xFF,0xFF,0xFF,0xFF,0xFF,
    0xFF,0xFF,0xFF,0xFF,0xFF,0xFF,0xFF,0xFF,0xFF,0xFF,0xFF,0xFF,0xFF,0xFF,0xFF,0xFF,
    0xFF,0xFF,0xFF,0xFF,0xFF,0xFF,0xFF,0xFF,0xFF,0xFF,0xFF,0xFF,0xFF,0xFF,0xFF,0xFF,
    0xFF,0xFF,0xFF,0xFF,0xFF,0xFF,0xFF,0xFF,0xFF,0xFF,0xFF,0xFC,0xFF,0x96,0x00,0x04,
    0x03,0x01,0x44,0xFD,0xFE,0xFF,0xFF,0xFF,0xFF,0xFF,0xFF,0xFF,0xFF,0xFF,0xFF,0xFF,
    0xFF,0xFF,0xFF,0xFF,0xFF,0xFF,0xFF,0xFF,0xFF,0xFF,0xFF,0xFF,0xFF,0xFF,0xFF,0xFF,
    0xFF,0xFF,0xFF,0xFF,0xFF,0xFF,0xFF,0xFF,0xFF,0xFF,0xFF,0xFF,0xFF,0xFF,0xFF,0xFF,
    0xFF,0xFF,0xFF,0xFF,0xFF,0xFF,0xFF,0xFF,0xFF,0xFF,0xFF,0xFF,0xFF,0xFF,0xFF,0xFF,
    0xFF,0xFF,0xFF,0xFF,0xFF,0xFF,0xFF,0xFF,0xFF,0xFF,0xFF,0xFF,0xFF,0xFF,0xFF,0xFF,
    0xFF,0xFF,0xFF,0xFF,0xFF,0xFE,0xFD,0x44,0x01,0x03,0x00,0x00,0x07,0xCF,0xFE,0xFD,
    0xFF,0xFF,0xFF,0xFF,0xFF,0xFF,0xFF,0xFF,0xFF,0xFF,0xFF,0xFF,0xFF,0xFF,0xFF,0xFF,
    0xFF,0xFF,0xFF,0xFF,0xFF,0xFF,0xFF,0xFF,0xFF,0xFF,0xFF,0xFF,0xFF,0xFF,0xFF,0xFF,
    0xFF,0xFF,0xFF,0xFF,0xFF,0xFF,0xFF,0xFF,0xFF,0xFF,0xFF,0xFF,0xFF,0xFF,0xFF,0xFF,
    0xFF,0xFF,0xFF,0xFF,0xFF,0xFF,0xFF,0xFF,0xFF,0xFF,0xFF,0xFF,0xFF,0xFF,0xFF,0xFF,
    0xFF,0xFF,0xFF,0xFF,0xFF,0xFF,0xFF,0xFF,0xFF,0xFF,0xFF,0xFF,0xFF,0xFF,0xFD,0xFE,
    0xCF,0x07,0x00,0x00,0x00,0x03,0x00,0x6F,0xFF,0xFB,0xFF,0xFF,0xFF,0xFF,0xFF,0xFF,
    0xFF,0xFF,0xFF,0xFF,0xFF,0xFF,0xFF,0xFF,0xFF,0xFF,0xFF,0xFF,0xFF,0xFF,0xFF,0xFF,
    0xFF,0xFF,0xFF,0xFF,0xFF,0xFF,0xFF,0xFF,0xFF,0xFF,0xFF,0xFF,0xFF,0xFF,0xFF,0xFF,
    0xFF,0xFF,0xFF,0xFF,0xFF,0xFF,0xFF,0xFF,0xFF,0xFF,0xFF,0xFF,0xFF,0xFF,0xFF,0xFF,
    0xFF,0xFF,0xFF,0xFF,0xFF,0xFF,0xFF,0xFF,0xFF,0xFF,0xFF,0xFF,0xFF,0xFF,0xFF,0xFF,
    0xFF,0xFF,0xFF,0xFF,0xFF,0xFF,0xFF,0xFF,0xFB,0xFF,0x6F,0x00,0x03,0x00,0x00,0x02,
    0x01,0x1E,0xE0,0xFE,0xFD,0xFF,0xFF,0xFF,0xFF,0xFF,0xFF,0xFF,0xFF,0xFF,0xFF,0xFF,
    0xFF,0xFF,0xFF,0xFF,0xFF,0xFF,0xFF,0xFF,0xFF,0xFF,0xFF,0xFF,0xFF,0xFF,0xFF,0xFF,
    0xFF,0xFF,0xFF,0xFF,0xFF,0xFF,0xFF,0xFF,0xFF,0xFF,0xFF,0xFF,0xFF,0xFF,0xFF,0xFF,
    0xFF,0xFF,0xFF,0xFF,0xFF,0xFF,0xFF,0xFF,0xFF,0xFF,0xFF,0xFF,0xFF,0xFF,0xFF,0xFF,
    0xFF,0xFF,0xFF,0xFF,0xFF,0xFF,0xFF,0xFF,0xFF,0xFF,0xFF,0xFF,0xFF,0xFF,0xFF,0xFF,
    0xFF,0xFD,0xFE,0xE0,0x1E,0x01,0x02,0x00,0x00,0x00,0x04,0x00,0x88,0xFF,0xFA,0xFF,
    0xFF,0xFF,0xFF,0xFF,0xFF,0xFF,0xFF,0xFF,0xFF,0xFF,0xFF,0xFF,0xFF,0xFF,0xFF,0xFF,
    0xFF,0xFF,0xFF,0xFF,0xFF,0xFF,0xFF,0xFF,0xFF,0xFF,0xFF,0xFF,0xFF,0xFF,0xFF,0xFF,
    0xFF,0xFF,0xFF,0xFF,0xFF,0xFF,0xFF,0xFF,0xFF,0xFF,0xFF,0xFF,0xFF,0xFF,0xFF,0xFF,
    0xFF,0xFF,0xFF,0xFF,0xFF,0xFF,0xFF,0xFF,0xFF,0xFF,0xFF,0xFF,0xFF,0xFF,0xFF,0xFF,
    0xFF,0xFF,0xFF,0xFF,0xFF,0xFF,0xFF,0xFF,0xFF,0xFF,0xFF,0xFA,0xFF,0x88,0x00,0x04,
    0x00,0x00,0x00,0x00,0x03,0x01,0x2B,0xE8,0xFD,0xFD,0xFF,0xFF,0xFF,0xFF,0xFF,0xFF,
    0xFF,0xFF,0xFF,0xFF,0xFF,0xFF,0xFF,0xFF,0xFF,0xFF,0xFF,0xFF,0xFF,0xFF,0xFF,0xFF,
    0xFF,0xFF,0xFF,0xFF,0xFF,0xFF,0xFF,0xFF,0xFF,0xFF,0xFF,0xFF,0xFF,0xFF,0xFF,0xFF,
    0xFF,0xFF,0xFF,0xFF,0xFF,0xFF,0xFF,0xFF,0xFF,0xFF,0xFF,0xFF,0xFF,0xFF,0xFF,0xFF,
    0xFF,0xFF,0xFF,0xFF,0xFF,0xFF,0xFF,0xFF,0xFF,0xFF,0xFF,0xFF,0xFF,0xFF,0xFF,0xFF,
    0xFF,0xFF,0xFF,0xFF,0xFD,0xFD,0xE8,0x2B,0x01,0x03,0x00,0x00,0x00,0x00,0x00,0x04,
    0x00,0x84,0xFF,0xFD,0xFF,0xFF,0xFF,0xFF,0xFF,0xFF,0xFF,0xFF,0xFF,0xFF,0xFF,0xFF,
    0xFF,0xFF,0xFF,0xFF,0xFF,0xFF,0xFF,0xFF,0xFF,0xFF,0xFF,0xFF,0xFF,0xFF,0xFF,0xFF,
    0xFF,0xFF,0xFF,0xFF,0xFF,0xFF,0xFF,0xFF,0xFF,0xFF,0xFF,0xFF,0xFF,0xFF,0xFF,0xFF,
    0xFF,0xFF,0xFF,0xFF,0xFF,0xFF,0xFF,0xFF,0xFF,0xFF,0xFF,0xFF,0xFF,0xFF,0xFF,0xFF,
    0xFF,0xFF,0xFF,0xFF,0xFF,0xFF,0xFF,0xFF,0xFF,0xFF,0xFF,0xFF,0xFF,0xFF,0xFD,0xFF,
    0x84,0x00,0x04,0x00,0x00,0x00,0x00,0x00,0x00,0x01,0x01,0x15,0xDE,0xFF,0xFD,0xFF,
    0xFF,0xFF,0xFF,0xFF,0xFF,0xFF,0xFF,0xFF,0xFF,0xFF,0xFF,0xFF,0xFF,0xFF,0xFF,0xFF,
    0xFF,0xFF,0xFF,0xFF,0xFF,0xFF,0xFF,0xFF,0xFF,0xFF,0xFF,0xFF,0xFF,0xFF,0xFF,0xFF,
    0xFF,0xFF,0xFF,0xFF,0xFF,0xFF,0xFF,0xFF,0xFF,0xFF,0xFF,0xFF,0xFF,0xFF,0xFF,0xFF,
    0xFF,0xFF,0xFF,0xFF,0xFF,0xFF,0xFF,0xFF,0xFF,0xFF,0xFF,0xFF,0xFF,0xFF,0xFF,0xFF,
    0xFF,0xFF,0xFF,0xFF,0xFF,0xFF,0xFF,0xFD,0xFF,0xDE,0x15,0x01,0x01,0x00,0x00,0x00,
    0x00,0x00,0x00,0x00,0x03,0x00,0x58,0xFF,0xFA,0xFF,0xFF,0xFF,0xFF,0xFF,0xFF,0xFF,
    0xFF,0xFF,0xFF,0xFF,0xFF,0xFF,0xFF,0xFF,0xFF,0xFF,0xFF,0xFF,0xFF,0xFF,0xFF,0xFF,
    0xFF,0xFF,0xFF,0xFF,0xFF,0xFF,0xFF,0xFF,0xFF,0xFF,0xFF,0xFF,0xFF,0xFF,0xFF,0xFF,
    0xFF,0xFF,0xFF,0xFF,0xFF,0xFF,0xFF,0xFF,0xFF,0xFF,0xFF,0xFF,0xFF,0xFF,0xFF,0xFF,
    0xFF,0xFF,0xFF,0xFF,0xFF,0xFF,0xFF,0xFF,0xFF,0xFF,0xFF,0xFF,0xFF,0xFF,0xFF,0xFF,
    0xFF,0xFA,0xFF,0x58,0x00,0x03,0x00,0x00,0x00,0x00,0x00,0x00,0x00,0x00,0x01,0x03,
    0x06,0xB0,0xFF,0xFB,0xFF,0xFF,0xFF,0xFF,0xFF,0xFF,0xFF,0xFF,0xFF,0xFF,0xFF,0xFF,
    0xFF,0xFF,0xFF,0xFF,0xFF,0xFF,0xFF,0xFF,0xFF,0xFF,0xFF,0xFF,0xFF,0xFF,0xFF,0xFF,
    0xFF,0xFF,0xFF,0xFF,0xFF,0xFF,0xFF,0xFF,0xFF,0xFF,0xFF,0xFF,0xFF,0xFF,0xFF,0xFF,
    0xFF,0xFF,0xFF,0xFF,0xFF,0xFF,0xFF,0xFF,0xFF,0xFF,0xFF,0xFF,0xFF,0xFF,0xFF,0xFF,
    0xFF,0xFF,0xFF,0xFF,0xFF,0xFF,0xFF,0xFF,0xFF,0xFF,0xFB,0xFF,0xB0,0x06,0x03,0x01,
    0x00,0x00,0x00,0x00,0x00,0x00,0x00,0x00,0x00,0x03,0x01,0x26,0xEB,0xFD,0xFD,0xFF,
    0xFF,0xFF,0xFF,0xFF,0xFF,0xFF,0xFF,0xFF,0xFF,0xFF,0xFF,0xFF,0xFF,0xFF,0xFF,0xFF,
    0xFF,0xFF,0xFF,0xFF,0xFF,0xFF,0xFF,0xFF,0xFF,0xFF,0xFF,0xFF,0xFF,0xFF,0xFF,0xFF,
    0xFF,0xFF,0xFF,0xFF,0xFF,0xFF,0xFF,0xFF,0xFF,0xFF,0xFF,0xFF,0xFF,0xFF,0xFF,0xFF,
    0xFF,0xFF,0xFF,0xFF,0xFF,0xFF,0xFF,0xFF,0xFF,0xFF,0xFF,0xFF,0xFF,0xFF,0xFF,0xFF,
    0xFF,0xFF,0xFF,0xFD,0xFD,0xEB,0x26,0x01,0x03,0x00,0x00,0x00,0x00,0x00,0x00,0x00,
    0x00,0x00,0x00,0x00,0x03,0x00,0x5B,0xFF,0xFC,0xFF,0xFF,0xFF,0xFF,0xFF,0xFF,0xFF,
    0xFF,0xFF,0xFF,0xFF,0xFF,0xFF,0xFF,0xFF,0xFF,0xFF,0xFF,0xFF,0xFF,0xFF,0xFF,0xFF,
    0xFF,0xFF,0xFF,0xFF,0xFF,0xFF,0xFF,0xFF,0xFF,0xFF,0xFF,0xFF,0xFF,0xFF,0xFF,0xFF,
    0xFF,0xFF,0xFF,0xFF,0xFF,0xFF,0xFF,0xFF,0xFF,0xFF,0xFF,0xFF,0xFF,0xFF,0xFF,0xFF,
    0xFF,0xFF,0xFF,0xFF,0xFF,0xFF,0xFF,0xFF,0xFF,0xFF,0xFF,0xFF,0xFF,0xFC,0xFF,0x5B,
    0x00,0x03,0x00,0x00,0x00,0x00,0x00,0x00,0x00,0x00,0x00,0x00,0x00,0x00,0x00,0x04,
    0x00,0x90,0xFF,0xFC,0xFF,0xFF,0xFF,0xFF,0xFF,0xFF,0xFF,0xFF,0xFF,0xFF,0xFF,0xFF,
    0xFF,0xFF,0xFF,0xFF,0xFF,0xFF,0xFF,0xFF,0xFF,0xFF,0xFF,0xFF,0xFF,0xFF,0xFF,0xFF,
    0xFF,0xFF,0xFF,0xFF,0xFF,0xFF,0xFF,0xFF,0xFF,0xFF,0xFF,0xFF,0xFF,0xFF,0xFF,0xFF,
    0xFF,0xFF,0xFF,0xFF,0xFF,0xFF,0xFF,0xFF,0xFF,0xFF,0xFF,0xFF,0xFF,0xFF,0xFF,0xFF,
    0xFF,0xFF,0xFF,0xFF,0xFF,0xFF,0xFC,0xFF,0x90,0x00,0x04,0x00,0x00,0x00,0x00,0x00,
    0x00,0x00,0x00,0x00,0x00,0x00,0x00,0x00,0x00,0x02,0x03,0x0C,0xC0,0xFF,0xFA,0xFF,
    0xFF,0xFF,0xFF,0xFF,0xFF,0xFF,0xFF,0xFF,0xFF,0xFF,0xFF,0xFF,0xFF,0xFF,0xFF,0xFF,
    0xFF,0xFF,0xFF,0xFF,0xFF,0xFF,0xFF,0xFF,0xFF,0xFF,0xFF,0xFF,0xFF,0xFF,0xFF,0xFF,
    0xFF,0xFF,0xFF,0xFF,0xFF,0xFF,0xFF,0xFF,0xFF,0xFF,0xFF,0xFF,0xFF,0xFF,0xFF,0xFF,
    0xFF,0xFF,0xFF,0xFF,0xFF,0xFF,0xFF,0xFF,0xFF,0xFF,0xFF,0xFF,0xFF,0xFF,0xFF,0xFA,
    0xFF,0xC0,0x0C,0x03,0x02,0x00,0x00,0x00,0x00,0x00,0x00,0x00,0x00,0x00,0x00,0x00,
    0x00,0x00,0x00,0x00,0x02,0x00,0x1D,0xD3,0xFF,0xFB,0xFF,0xFF,0xFF,0xFF,0xFF,0xFF,
    0xFF,0xFF,0xFF,0xFF,0xFF,0xFF,0xFF,0xFF,0xFF,0xFF,0xFF,0xFF,0xFF,0xFF,0xFF,0xFF,
    0xFF,0xFF,0xFF,0xFF,0xFF,0xFF,0xFF,0xFF,0xFF,0xFF,0xFF,0xFF,0xFF,0xFF,0xFF,0xFF,
    0xFF,0xFF,0xFF,0xFF,0xFF,0xFF,0xFF,0xFF,0xFF,0xFF,0xFF,0xFF,0xFF,0xFF,0xFF,0xFF,
    0xFF,0xFF,0xFF,0xFF,0xFF,0xFF,0xFF,0xFF,0xFB,0xFF,0xD3,0x1D,0x00,0x02,0x00,0x00,
    0x00,0x00,0x00,0x00,0x00,0x00,0x00,0x00,0x00,0x00,0x00,0x00,0x00,0x00,0x00,0x02,
    0x00,0x28,0xEB,0xFF,0xFD,0xFF,0xFF,0xFF,0xFF,0xFF,0xFF,0xFF,0xFF,0xFF,0xFF,0xFF,
    0xFF,0xFF,0xFF,0xFF,0xFF,0xFF,0xFF,0xFF,0xFF,0xFF,0xFF,0xFF,0xFF,0xFF,0xFF,0xFF,
    0xFF,0xFF,0xFF,0xFF,0xFF,0xFF,0xFF,0xFF,0xFF,0xFF,0xFF,0xFF,0xFF,0xFF,0xFF,0xFF,
    0xFF,0xFF,0xFF,0xFF,0xFF,0xFF,0xFF,0xFF,0xFF,0xFF,0xFF,0xFF,0xFF,0xFF,0xFF,0xFF,
    0xFF,0xFD,0xFF,0xEB,0x28,0x00,0x02,0x00,0x00,0x00,0x00,0x00,0x00,0x00,0x00,0x00,
    0x00,0x00,0x00,0x00,0x00,0x00,0x00,0x00,0x00,0x00,0x03,0x00,0x40,0xE8,0xFF,0xFB,
    0xFF,0xFF,0xFF,0xFF,0xFF,0xFF,0xFF,0xFF,0xFF,0xFF,0xFF,0xFF,0xFF,0xFF,0xFF,0xFF,
    0xFF,0xFF,0xFF,0xFF,0xFF,0xFF,0xFF,0xFF,0xFF,0xFF,0xFF,0xFF,0xFF,0xFF,0xFF,0xFF,
    0xFF,0xFF,0xFF,0xFF,0xFF,0xFF,0xFF,0xFF,0xFF,0xFF,0xFF,0xFF,0xFF,0xFF,0xFF,0xFF,
    0xFF,0xFF,0xFF,0xFF,0xFF,0xFF,0xFF,0xFF,0xFF,0xFF,0xFB,0xFF,0xE8,0x40,0x00,0x03,
    0x00,0x00,0x00,0x00,0x00,0x00,0x00,0x00,0x00,0x00,0x00,0x00,0x00,0x00,0x00,0x00,
    0x00,0x00,0x00,0x00,0x00,0x04,0x00,0x41,0xE6,0xFF,0xF9,0xFF,0xFF,0xFF,0xFF,0xFF,
    0xFF,0xFF,0xFF,0xFF,0xFF,0xFF,0xFF,0xFF,0xFF,0xFF,0xFF,0xFF,0xFF,0xFF,0xFF,0xFF,
    0xFF,0xFF,0xFF,0xFF,0xFF,0xFF,0xFF,0xFF,0xFF,0xFF,0xFF,0xFF,0xFF,0xFF,0xFF,0xFF,
    0xFF,0xFF,0xFF,0xFF,0xFF,0xFF,0xFF,0xFF,0xFF,0xFF,0xFF,0xFF,0xFF,0xFF,0xFF,0xFF,
    0xFF,0xFF,0xFF,0xF9,0xFF,0xE6,0x41,0x00,0x04,0x00,0x00,0x00,0x00,0x00,0x00,0x00,
    0x00,0x00,0x00,0x00,0x00,0x00,0x00,0x00,0x00,0x00,0x00,0x00,0x00,0x00,0x00,0x00,
    0x04,0x00,0x2A,0xD6,0xFF,0xFA,0xFF,0xFF,0xFF,0xFF,0xFF,0xFF,0xFF,0xFF,0xFF,0xFF,
    0xFF,0xFF,0xFF,0xFF,0xFF,0xFF,0xFF,0xFF,0xFF,0xFF,0xFF,0xFF,0xFF,0xFF,0xFF,0xFF,
    0xFF,0xFF,0xFF,0xFF,0xFF,0xFF,0xFF,0xFF,0xFF,0xFF,0xFF,0xFF,0xFF,0xFF,0xFF,0xFF,
    0xFF,0xFF,0xFF,0xFF,0xFF,0xFF,0xFF,0xFF,0xFF,0xFF,0xFF,0xFF,0xFA,0xFF,0xD6,0x2A,
    0x00,0x04,0x00,0x00,0x00,0x00,0x00,0x00,0x00,0x00,0x00,0x00,0x00,0x00,0x00,0x00,
    0x00,0x00,0x00,0x00,0x00,0x00,0x00,0x00,0x00,0x00,0x00,0x04,0x00,0x21,0xBE,0xFF,
    0xFD,0xFD,0xFF,0xFF,0xFF,0xFF,0xFF,0xFF,0xFF,0xFF,0xFF,0xFF,0xFF,0xFF,0xFF,0xFF,
    0xFF,0xFF,0xFF,0xFF,0xFF,0xFF,0xFF,0xFF,0xFF,0xFF,0xFF,0xFF,0xFF,0xFF,0xFF,0xFF,
    0xFF,0xFF,0xFF,0xFF,0xFF,0xFF,0xFF,0xFF,0xFF,0xFF,0xFF,0xFF,0xFF,0xFF,0xFF,0xFF,
    0xFF,0xFF,0xFF,0xFF,0xFD,0xFD,0xFF,0xBE,0x21,0x00,0x04,0x00,0x00,0x00,0x00,0x00,
    0x00,0x00,0x00,0x00,0x00,0x00,0x00,0x00,0x00,0x00,0x00,0x00,0x00,0x00,0x00,0x00,
    0x00,0x00,0x00,0x00,0x00,0x00,0x03,0x00,0x0C,0x8F,0xFF,0xFF,0xFA,0xFF,0xFF,0xFF,
    0xFF,0xFF,0xFF,0xFF,0xFF,0xFF,0xFF,0xFF,0xFF,0xFF,0xFF,0xFF,0xFF,0xFF,0xFF,0xFF,
    0xFF,0xFF,0xFF,0xFF,0xFF,0xFF,0xFF,0xFF,0xFF,0xFF,0xFF,0xFF,0xFF,0xFF,0xFF,0xFF,
    0xFF,0xFF,0xFF,0xFF,0xFF,0xFF,0xFF,0xFF,0xFF,0xFF,0xFF,0xFF,0xFF,0xFA,0xFF,0xFF,
    0x8F,0x0C,0x00,0x03,0x00,0x00,0x00,0x00,0x00,0x00,0x00,0x00,0x00,0x00,0x00,0x00,
    0x00,0x00,0x00,0x00,0x00,0x00,0x00,0x00,0x00,0x00,0x00,0x00,0x00,0x00,0x00,0x00,
    0x00,0x03,0x00,0x00,0x5E,0xE7,0xFF,0xFB,0xFD,0xFF,0xFF,0xFF,0xFF,0xFF,0xFF,0xFF,
    0xFF,0xFF,0xFF,0xFF,0xFF,0xFF,0xFF,0xFF,0xFF,0xFF,0xFF,0xFF,0xFF,0xFF,0xFF,0xFF,
    0xFF,0xFF,0xFF,0xFF,0xFF,0xFF,0xFF,0xFF,0xFF,0xFF,0xFF,0xFF,0xFF,0xFF,0xFF,0xFF,
    0xFF,0xFF,0xFF,0xFF,0xFF,0xFD,0xFB,0xFF,0xE7,0x5E,0x00,0x00,0x03,0x00,0x00,0x00,
    0x00,0x00,0x00,0x00,0x00,0x00,0x00,0x00,0x00,0x00,0x00,0x00,0x00,0x00,0x00,0x00,
    0x00,0x00,0x00,0x00,0x00,0x00,0x00,0x00,0x00,0x00,0x00,0x00,0x02,0x03,0x00,0x2B,
    0xAF,0xFF,0xFF,0xFC,0xFE,0xFF,0xFF,0xFF,0xFF,0xFF,0xFF,0xFF,0xFF,0xFF,0xFF,0xFF,
    0xFF,0xFF,0xFF,0xFF,0xFF,0xFF,0xFF,0xFF,0xFF,0xFF,0xFF,0xFF,0xFF,0xFF,0xFF,0xFF,
    0xFF,0xFF,0xFF,0xFF,0xFF,0xFF,0xFF,0xFF,0xFF,0xFF,0xFF,0xFF,0xFF,0xFE,0xFC,0xFF,
    0xFF,0xAF,0x2B,0x00,0x03,0x02,0x00,0x00,0x00,0x00,0x00,0x00,0x00,0x00,0x00,0x00,
    0x00,0x00,0x00,0x00,0x00,0x00,0x00,0x00,0x00,0x00,0x00,0x00,0x00,0x00,0x00,0x00,
    0x00,0x00,0x00,0x00,0x00,0x00,0x00,0x00,0x04,0x00,0x05,0x59,0xDD,0xFF,0xFF,0xFA,
    0xFD,0xFF,0xFF,0xFF,0xFF,0xFF,0xFF,0xFF,0xFF,0xFF,0xFF,0xFF,0xFF,0xFF,0xFF,0xFF,
    0xFF,0xFF,0xFF,0xFF,0xFF,0xFF,0xFF,0xFF,0xFF,0xFF,0xFF,0xFF,0xFF,0xFF,0xFF,0xFF,
    0xFF,0xFF,0xFF,0xFF,0xFF,0xFD,0xFA,0xFF,0xFF,0xDD,0x59,0x05,0x00,0x04,0x00,0x00,
    0x00,0x00,0x00,0x00,0x00,0x00,0x00,0x00,0x00,0x00,0x00,0x00,0x00,0x00,0x00,0x00,
    0x00,0x00,0x00,0x00,0x00,0x00,0x00,0x00,0x00,0x00,0x00,0x00,0x00,0x00,0x00,0x00,
    0x00,0x00,0x00,0x03,0x02,0x00,0x17,0x83,0xE7,0xFF,0xFF,0xFB,0xFD,0xFF,0xFF,0xFF,
    0xFF,0xFF,0xFF,0xFF,0xFF,0xFF,0xFF,0xFF,0xFF,0xFF,0xFF,0xFF,0xFF,0xFF,0xFF,0xFF,
    0xFF,0xFF,0xFF,0xFF,0xFF,0xFF,0xFF,0xFF,0xFF,0xFF,0xFF,0xFF,0xFF,0xFD,0xFB,0xFF,
    0xFF,0xE7,0x83,0x17,0x00,0x02,0x03,0x00,0x00,0x00,0x00,0x00,0x00,0x00,0x00,0x00,
    0x00,0x00,0x00,0x00,0x00,0x00,0x00,0x00,0x00,0x00,0x00,0x00,0x00,0x00,0x00,0x00,
    0x00,0x00,0x00,0x00,0x00,0x00,0x00,0x00,0x00,0x00,0x00,0x00,0x00,0x00,0x01,0x03,
    0x00,0x00,0x2C,0x88,0xE0,0xFF,0xFF,0xFF,0xFC,0xFD,0xFE,0xFF,0xFF,0xFF,0xFF,0xFF,
    0xFF,0xFF,0xFF,0xFF,0xFF,0xFF,0xFF,0xFF,0xFF,0xFF,0xFF,0xFF,0xFF,0xFF,0xFF,0xFF,
    0xFF,0xFF,0xFF,0xFE,0xFD,0xFC,0xFF,0xFF,0xFF,0xE0,0x88,0x2C,0x00,0x00,0x03,0x01,
    0x00,0x00,0x00,0x00,0x00,0x00,0x00,0x00,0x00,0x00,0x00,0x00,0x00,0x00,0x00,0x00,
    0x00,0x00,0x00,0x00,0x00,0x00,0x00,0x00,0x00,0x00,0x00,0x00,0x00,0x00,0x00,0x00,
    0x00,0x00,0x00,0x00,0x00,0x00,0x00,0x00,0x00,0x00,0x01,0x04,0x00,0x00,0x1F,0x71,
    0xCF,0xFD,0xFF,0xFF,0xFE,0xFA,0xFB,0xFD,0xFE,0xFF,0xFF,0xFF,0xFF,0xFF,0xFF,0xFF,
    0xFF,0xFF,0xFF,0xFF,0xFF,0xFF,0xFF,0xFF,0xFF,0xFE,0xFD,0xFB,0xFA,0xFE,0xFF,0xFF,
    0xFD,0xCF,0x71,0x1F,0x00,0x00,0x04,0x01,0x00,0x00,0x00,0x00,0x00,0x00,0x00,0x00,
    0x00,0x00,0x00,0x00,0x00,0x00,0x00,0x00,0x00,0x00,0x00,0x00,0x00,0x00,0x00,0x00,
    0x00,0x00,0x00,0x00,0x00,0x00,0x00,0x00,0x00,0x00,0x00,0x00,0x00,0x00,0x00,0x00,
    0x00,0x00,0x00,0x00,0x00,0x00,0x03,0x05,0x00,0x00,0x09,0x44,0x95,0xD5,0xF8,0xFF,
    0xFF,0xFF,0xFE,0xFC,0xFC,0xFC,0xFD,0xFE,0xFF,0xFF,0xFF,0xFF,0xFF,0xFF,0xFE,0xFD,
    0xFC,0xFC,0xFC,0xFE,0xFF,0xFF,0xFF,0xF8,0xD5,0x95,0x44,0x09,0x00,0x00,0x05,0x03,
    0x00,0x00,0x00,0x00,0x00,0x00,0x00,0x00,0x00,0x00,0x00,0x00,0x00,0x00,0x00,0x00,
    0x00,0x00,0x00,0x00,0x00,0x00,0x00,0x00,0x00,0x00,0x00,0x00,0x00,0x00,0x00,0x00,
    0x00,0x00,0x00,0x00,0x00,0x00,0x00,0x00,0x00,0x00,0x00,0x00,0x00,0x00,0x00,0x00,
    0x00,0x00,0x02,0x02,0x00,0x00,0x00,0x0F,0x49,0x7B,0xAC,0xD9,0xF9,0xFF,0xFF,0xFF,
    0xFF,0xFF,0xFF,0xFF,0xFF,0xFF,0xFF,0xFF,0xFF,0xFF,0xFF,0xFF,0xFF,0xF9,0xD9,0xAC,
    0x7B,0x49,0x0F,0x00,0x00,0x00,0x02,0x02,0x00,0x00,0x00,0x00,0x00,0x00,0x00,0x00,
    0x00,0x00,0x00,0x00,0x00,0x00,0x00,0x00,0x00,0x00,0x00,0x00,0x00,0x00,0x00,0x00,
    0x00,0x00,0x00,0x00,0x00,0x00,0x00,0x00,0x00,0x00,0x00,0x00,0x00,0x00,0x00,0x00,
    0x00,0x00,0x00,0x00,0x00,0x00,0x00,0x00,0x00,0x00,0x00,0x00,0x00,0x00,0x00,0x03,
    0x04,0x00,0x00,0x00,0x02,0x1E,0x36,0x61,0x91,0xAE,0xD3,0xD9,0xF6,0xFF,0xFE,0xFE,
    0xFF,0xF6,0xD9,0xD3,0xAE,0x91,0x61,0x36,0x1E,0x02,0x00,0x00,0x00,0x04,0x03,0x00,
    0x00,0x00,0x00,0x00,0x00,0x00,0x00,0x00,0x00,0x00,0x00,0x00,0x00,0x00,0x00,0x00,
    0x00,0x00,0x00,0x00,0x00,0x00,0x00,0x00,0x00,0x00,0x00,0x00,
};

const lv_image_dsc_t app_icon_mouse = {
    .header = {
        .magic  = LV_IMAGE_HEADER_MAGIC,
        .cf     = LV_COLOR_FORMAT_RGB565A8,
        .flags  = 0,
        .w      = 90,
        .h      = 90,
        .stride = 180,
    },
    .data_size = sizeof(app_icon_mouse_map),
    .data      = app_icon_mouse_map,
};
