/* Generated by tools/mkassets.py. Do not edit by hand. */
#include "lvgl.h"

static const uint8_t app_icon_present_map[] = {
    0x00,0x00,0x00,0x00,0x00,0x00,0x00,0x00,0x00,0x00,0x00,0x00,0x00,0x00,0x00,0x00,
    0x00,0x00,0x00,0x00,0x00,0x00,0x00,0x00,0x00,0x00,0x00,0x00,0x00,0x00,0x00,0x00,
    0x00,0x00,0x00,0x00,0x00,0x00,0x00,0x00,0x00,0x00,0x00,0x00,0x00,0x00,0x00,0x00,
    0x00,0x00,0x00,0x00,0x00,0x00,0x00,0x00,0x00,0x00,0x4A,0x55,0xEF,0x3B,0x00,0x00,
    0x00,0x00,0x00,0x00,0xEF,0x7B,0x8E,0x44,0x6E,0x44,0x6F,0x3C,0x6E,0x3C,0x6F,0x3C,
    0x6F,0x3C,0x6E,0x3C,0x6F,0x3C,0x6F,0x3C,0x6F,0x3C,0x6F,0x3C,0x6F,0x3C,0x6F,0x3C,
    0x6E,0x3C,0x6F,0x3C,0x6F,0x3C,0x6E,0x3C,0x6F,0x3C,0x6E,0x44,0x8E,0x44,0xEF,0x7B,
    0x00,0x00,0x00,0x00,0x00,0x00,0xEF,0x3B,0x4A,0x55,0x00,0x00,0x00,0x00,0x00,0x00,
    0x00,0x00,0x00,0x00,0x00,0x00,0x00,0x00,0x00,0x00,0x00,0x00,0x00,0x00,0x00,0x00,
    0x00,0x00,0x00,0x00,0x00,0x00,0x00,0x00,0x00,0x00,0x00,0x00,0x00,0x00,0x00,0x00,
    0x00,0x00,0x00,0x00,0x00,0x00,0x00,0x00,0x00,0x00,0x00,0x00,0x00,0x00,0x00,0x00,
    0x00,0x00,0x00,0x00,0x00,0x00,0x00,0x00,0x00,0x00,0x00,0x00,0x00,0x00,0x00,0x00,
    0x00,0x00,0x00,0x00,0x00,0x00,0x00,0x00,0x00,0x00,0x00,0x00,0x00,0x00,0x00,0x00,
    0x00,0x00,0x00,0x00,0x00,0x00,0x00,0x00,0x00,0x00,0x00,0x00,0x00,0x00,0x00,0x00,
    0x00,0x00,0x00,0x00,0x00,0x00,0x00,0x00,0xEF,0x03,0xEF,0x03,0x00,0x00,0x00,0x00,
    0x00,0x00,0x4E,0x44,0x6E,0x3C,0x6F,0x3C,0x6F,0x3C,0x6F,0x3C,0x6E,0x3C,0xAF,0x44,
    0x8F,0x44,0x8F,0x3C,0x6F,0x3C,0x6F,0x3C,0x6F,0x3C,0x6F,0x3C,0x6F,0x3C,0x6F,0x3C,
    0x6F,0x3C,0x6F,0x3C,0x6F,0x3C,0x6F,0x3C,0x8F,0x3C,0x8F,0x44,0xAF,0x44,0x6E,0x3C,
    0x6F,0x3C,0x6F,0x3C,0x6F,0x3C,0x6E,0x3C,0x4E,0x44,0x00,0x00,0x00,0x00,0x00,0x00,
    0xEF,0x03,0xEF,0x03,0x00,0x00,0x00,0x00,0x00,0x00,0x00,0x00,0x00,0x00,0x00,0x00,
    0x00,0x00,0x00,0x00,0x00,0x00,0x00,0x00,0x00,0x00,0x00,0x00,0x00,0x00,0x00,0x00,
    0x00,0x00,0x00,0x00,0x00,0x00,0x00,0x00,0x00,0x00,0x00,0x00,0x00,0x00,0x00,0x00,
    0x00,0x00,0x00,0x00,0x00,0x00,0x00,0x00,0x00,0x00,0x00,0x00,0x00,0x00,0x00,0x00,
    0x00,0x00,0x00,0x00,0x00,0x00,0x00,0x00,0x00,0x00,0x00,0x00,0x00,0x00,0x00,0x00,
    0x00,0x00,0x00,0x00,0x00,0x00,0x00,0x00,0x00,0x00,0x00,0x00,0x00,0x00,0x00,0x00,
    0x00,0x00,0x00,0x00,0x00,0x00,0x00,0x00,0x4A,0x55,0xCC,0x64,0x00,0x00,0x00,0x00,
    0x6E,0x54,0x6F,0x3C,0x6E,0x3C,0x6E,0x3C,0x6F,0x3C,0xAF,0x44,0xAF,0x44,0x8F,0x3C,
    0x6E,0x3C,0x6F,0x3C,0x6F,0x3C,0x6F,0x3C,0x6E,0x3C,0x6E,0x3C,0x6F,0x3C,0x6F,0x3C,
    0x6F,0x3C,0x6F,0x3C,0x6F,0x3C,0x6F,0x3C,0x6E,0x3C,0x6E,0x3C,0x6F,0x3C,0x6F,0x3C,
    0x6F,0x3C,0x6E,0x3C,0x8F,0x3C,0xAF,0x44,0xAF,0x44,0x6F,0x3C,0x6E,0x3C,0x6E,0x3C,
    0x6F,0x3C,0x6E,0x54,0x00,0x00,0x00,0x00,0xCC,0x64,0x4A,0x55,0x00,0x00,0x00,0x00,
    0x00,0x00,0x00,0x00,0x00,0x00,0x00,0x00,0x00,0x00,0x00,0x00,0x00,0x00,0x00,0x00,
    0x00,0x00,0x00,0x00,0x00,0x00,0x00,0x00,0x00,0x00,0x00,0x00,0x00,0x00,0x00,0x00,
    0x00,0x00,0x00,0x00,0x00,0x00,0x00,0x00,0x00,0x00,0x00,0x00,0x00,0x00,0x00,0x00,
    0x00,0x00,0x00,0x00,0x00,0x00,0x00,0x00,0x00,0x00,0x00,0x00,0x00,0x00,0x00,0x00,
    0x00,0x00,0x00,0x00,0x00,0x00,0x00,0x00,0x00,0x00,0x00,0x00,0x00,0x00,0x00,0x00,
    0x00,0x00,0x00,0x00,0x00,0x00,0x00,0x00,0xFF,0x07,0xEF,0x3B,0x00,0x00,0x00,0x00,
    0x4F,0x3C,0x6E,0x3C,0x6E,0x3C,0x6E,0x3C,0x8F,0x44,0x8F,0x44,0x6F,0x3C,0x6E,0x3C,
    0x6E,0x3C,0x6E,0x3C,0x6E,0x3C,0x6F,0x3C,0x6F,0x3C,0x6F,0x3C,0x6F,0x3C,0x6F,0x3C,
    0x6F,0x3C,0x6F,0x3C,0x6F,0x3C,0x6F,0x3C,0x6F,0x3C,0x6F,0x3C,0x6F,0x3C,0x6F,0x3C,
    0x6F,0x3C,0x6F,0x3C,0x6F,0x3C,0x6E,0x3C,0x6E,0x3C,0x6E,0x3C,0x6E,0x3C,0x6F,0x3C,
    0x8F,0x44,0x8F,0x44,0x6E,0x3C,0x6E,0x3C,0x6E,0x3C,0x4F,0x3C,0x00,0x00,0x00,0x00,
    0xEF,0x3B,0xFF,0x07,0x00,0x00,0x00,0x00,0x00,0x00,0x00,0x00,0x00,0x00,0x00,0x00,
    0x00,0x00,0x00,0x00,0x00,0x00,0x00,0x00,0x00,0x00,0x00,0x00,0x00,0x00,0x00,0x00,
    0x00,0x00,0x00,0x00,0x00,0x00,0x00,0x00,0x00,0x00,0x00,0x00,0x00,0x00,0x00,0x00,
    0x00,0x00,0x00,0x00,0x00,0x00,0x00,0x00,0x00,0x00,0x00,0x00,0x00,0x00,0x00,0x00,
    0x00,0x00,0x00,0x00,0x00,0x00,0x00,0x00,0x00,0x00,0x00,0x00,0x00,0x00,0x00,0x00,
    0x00,0x00,0x00,0x00,0x00,0x00,0x00,0x00,0x00,0x00,0x4A,0x05,0x00,0x00,0x00,0x00,
    0x8F,0x3C,0x6F,0x3C,0x6F,0x3C,0xAF,0x44,0x8F,0x3C,0x6F,0x3C,0x6F,0x3C,0x6E,0x3C,
    0x6F,0x3C,0x6F,0x3C,0x6F,0x3C,0x6F,0x3C,0x6F,0x3C,0x6F,0x3C,0x6F,0x3C,0x6F,0x3C,
    0x6F,0x3C,0x6F,0x3C,0x6F,0x3C,0x6F,0x3C,0x6F,0x3C,0x6F,0x3C,0x6F,0x3C,0x6F,0x3C,
    0x6F,0x3C,0x6F,0x3C,0x6F,0x3C,0x6F,0x3C,0x6F,0x3C,0x6F,0x3C,0x6F,0x3C,0x6F,0x3C,
    0x6F,0x3C,0x6F,0x3C,0x6E,0x3C,0x6F,0x3C,0x6F,0x3C,0x8F,0x3C,0xAF,0x44,0x6F,0x3C,
    0x6F,0x3C,0x8F,0x3C,0x00,0x00,0x00,0x00,0x4A,0x05,0x00,0x00,0x00,0x00,0x00,0x00,
    0x00,0x00,0x00,0x00,0x00,0x00,0x00,0x00,0x00,0x00,0x00,0x00,0x00,0x00,0x00,0x00,
    0x00,0x00,0x00,0x00,0x00,0x00,0x00,0x00,0x00,0x00,0x00,0x00,0x00,0x00,0x00,0x00,
    0x00,0x00,0x00,0x00,0x00,0x00,0x00,0x00,0x00,0x00,0x00,0x00,0x00,0x00,0x00,0x00,
    0x00,0x00,0x00,0x00,0x00,0x00,0x00,0x00,0x00,0x00,0x00,0x00,0x00,0x00,0x00,0x00,
    0x00,0x00,0x00,0x00,0x00,0x00,0x00,0x00,0x00,0x00,0x4A,0x55,0xE0,0x03,0x00,0x00,
    0x8F,0x44,0x6F,0x3C,0x6F,0x3C,0xAF,0x44,0x8F,0x3C,0x6E,0x3C,0x6E,0x3C,0x6F,0x3C,
    0x6F,0x3C,0x6F,0x3C,0x6F,0x3C,0x6F,0x3C,0x6F,0x3C,0x6F,0x3C,0x6F,0x3C,0x6F,0x3C,
    0x6F,0x3C,0x6F,0x3C,0x6F,0x3C,0x6F,0x3C,0x6F,0x3C,0x6F,0x3C,0x6F,0x3C,0x6F,0x3C,
    0x6F,0x3C,0x6F,0x3C,0x6F,0x3C,0x6F,0x3C,0x6F,0x3C,0x6F,0x3C,0x6F,0x3C,0x6F,0x3C,
    0x6F,0x3C,0x6F,0x3C,0x6F,0x3C,0x6F,0x3C,0x6F,0x3C,0x6F,0x3C,0x6F,0x3C,0x6E,0x3C,
    0x6E,0x3C,0x8F,0x3C,0xAF,0x44,0x6F,0x3C,0x6F,0x3C,0x8F,0x44,0x00,0x00,0xE0,0x03,
    0x4A,0x55,0x00,0x00,0x00,0x00,0x00,0x00,0x00,0x00,0x00,0x00,0x00,0x00,0x00,0x00,
    0x00,0x00,0x00,0x00,0x00,0x00,0x00,0x00,0x00,0x00,0x00,0x00,0x00,0x00,0x00,0x00,
    0x00,0x00,0x00,0x00,0x00,0x00,0x00,0x00,0x00,0x00,0x00,0x00,0x00,0x00,0x00,0x00,
    0x00,0x00,0x00,0x00,0x00,0x00,0x00,0x00,0x00,0x00,0x00,0x00,0x00,0x00,0x00,0x00,
    0x00,0x00,0x00,0x00,0x00,0x00,0x00,0x00,0x00,0x00,0x00,0x00,0xEF,0x3B,0x00,0x00,
    0xCC,0x34,0x6F,0x3C,0x6F,0x3C,0xAF,0x44,0x8F,0x3C,0x6E,0x3C,0x6E,0x3C,0x6F,0x3C,
    0x6F,0x3C,0x6F,0x3C,0x6F,0x3C,0x6F,0x3C,0x6F,0x3C,0x6F,0x3C,0x6F,0x3C,0x6F,0x3C,
    0x6F,0x3C,0x6F,0x3C,0x6F,0x3C,0x6F,0x3C,0x6F,0x3C,0x6F,0x3C,0x6F,0x3C,0x6F,0x3C,
    0x6F,0x3C,0x6F,0x3C,0x6F,0x3C,0x6F,0x3C,0x6F,0x3C,0x6F,0x3C,0x6F,0x3C,0x6F,0x3C,
    0x6F,0x3C,0x6F,0x3C,0x6F,0x3C,0x6F,0x3C,0x6F,0x3C,0x6F,0x3C,0x6F,0x3C,0x6F,0x3C,
    0x6F,0x3C,0x6F,0x3C,0x6F,0x3C,0x6E,0x3C,0x6E,0x3C,0x8F,0x3C,0xAF,0x44,0x6F,0x3C,
    0x6F,0x3C,0xCC,0x34,0x00,0x00,0xEF,0x3B,0x00,0x00,0x00,0x00,0x00,0x00,0x00,0x00,
    0x00,0x00,0x00,0x00,0x00,0x00,0x00,0x00,0x00,0x00,0x00,0x00,0x00,0x00,0x00,0x00,
    0x00,0x00,0x00,0x00,0x00,0x00,0x00,0x00,0x00,0x00,0x00,0x00,0x00,0x00,0x00,0x00,
    0x00,0x00,0x00,0x00,0x00,0x00,0x00,0x00,0x00,0x00,0x00,0x00,0x00,0x00,0x00,0x00,
    0x00,0x00,0x00,0x00,0x00,0x00,0x00,0x00,0x00,0x00,0x00,0x00,0xEF,0x03,0xAA,0x52,
    0x00,0x00,0x6E,0x3C,0x6F,0x3C,0x8F,0x44,0x8F,0x3C,0x6F,0x3C,0x6E,0x3C,0x6F,0x3C,
    0x6F,0x3C,0x6F,0x3C,0x6F,0x3C,0x6F,0x3C,0x6F,0x3C,0x6F,0x3C,0x6F,0x3C,0x6F,0x3C,
    0x6F,0x3C,0x6F,0x3C,0x6F,0x3C,0x6F,0x3C,0x6F,0x3C,0x6F,0x3C,0x6F,0x3C,0x6F,0x3C,
    0x6F,0x3C,0x6F,0x3C,0x6F,0x3C,0x6F,0x3C,0x6F,0x3C,0x6F,0x3C,0x6F,0x3C,0x6F,0x3C,
    0x6F,0x3C,0x6F,0x3C,0x6F,0x3C,0x6F,0x3C,0x6F,0x3C,0x6F,0x3C,0x6F,0x3C,0x6F,0x3C,
    0x6F,0x3C,0x6F,0x3C,0x6F,0x3C,0x6F,0x3C,0x6F,0x3C,0x6F,0x3C,0x6F,0x3C,0x6E,0x3C,
    0x6F,0x3C,0x8F,0x3C,0x8F,0x44,0x6F,0x3C,0x6E,0x3C,0x00,0x00,0xAA,0x52,0xEF,0x03,
    0x00,0x00,0x00,0x00,0x00,0x00,0x00,0x00,0x00,0x00,0x00,0x00,0x00,0x00,0x00,0x00,
    0x00,0x00,0x00,0x00,0x00,0x00,0x00,0x00,0x00,0x00,0x00,0x00,0x00,0x00,0x00,0x00,
    0x00,0x00,0x00,0x00,0x00,0x00,0x00,0x00,0x00,0x00,0x00,0x00,0x00,0x00,0x00,0x00,
    0x00,0x00,0x00,0x00,0x00,0x00,0x00,0x00,0x00,0x00,0x00,0x00,0x00,0x00,0xAA,0x52,
    0x00,0x00,0x00,0x00,0x6E,0x3C,0x6F,0x3C,0xAF,0x44,0x6F,0x3C,0x6E,0x3C,0x6F,0x3C,
    0x6F,0x3C,0x6F,0x3C,0x6F,0x3C,0x6F,0x3C,0x6F,0x3C,0x6F,0x3C,0x6F,0x3C,0x6F,0x3C,
    0x6F,0x3C,0x6F,0x3C,0x6F,0x3C,0x6F,0x3C,0x6F,0x3C,0x6F,0x3C,0x6F,0x3C,0x6F,0x3C,
    0x6F,0x3C,0x6F,0x3C,0x6F,0x3C,0x6F,0x3C,0x6F,0x3C,0x6F,0x3C,0x6F,0x3C,0x6F,0x3C,
    0x6F,0x3C,0x6F,0x3C,0x6F,0x3C,0x6F,0x3C,0x6F,0x3C,0x6F,0x3C,0x6F,0x3C,0x6F,0x3C,
    0x6F,0x3C,0x6F,0x3C,0x6F,0x3C,0x6F,0x3C,0x6F,0x3C,0x6F,0x3C,0x6F,0x3C,0x6F,0x3C,
    0x6F,0x3C,0x6F,0x3C,0x6F,0x3C,0x6E,0x3C,0x6F,0x3C,0xAF,0x44,0x6F,0x3C,0x6E,0x3C,
    0x00,0x00,0x00,0x00,0xAA,0x52,0x00,0x00,0x00,0x00,0x00,0x00,0x00,0x00,0x00,0x00,
    0x00,0x00,0x00,0x00,0x00,0x00,0x00,0x00,0x00,0x00,0x00,0x00,0x00,0x00,0x00,0x00,
    0x00,0x00,0x00,0x00,0x00,0x00,0x00,0x00,0x00,0x00,0x00,0x00,0x00,0x00,0x00,0x00,
    0x00,0x00,0x00,0x00,0x00,0x00,0x00,0x00,0x00,0x00,0x00,0x00,0x00,0x00,0x00,0x00,
    0x4A,0x55,0x00,0x00,0xED,0x3B,0x8F,0x3C,0x8F,0x3C,0x8F,0x3C,0x6F,0x3C,0x6F,0x3C,
    0x6F,0x3C,0x6F,0x3C,0x6F,0x3C,0x6F,0x3C,0x6F,0x3C,0x6F,0x3C,0x6F,0x3C,0x6F,0x3C,
    0x6F,0x3C,0x6F,0x3C,0x6F,0x3C,0x6F,0x3C,0x6F,0x3C,0x6F,0x3C,0x6F,0x3C,0x6F,0x3C,
    0x6F,0x3C,0x6F,0x3C,0x6F,0x3C,0x6F,0x3C,0x6F,0x3C,0x6F,0x3C,0x6F,0x3C,0x6F,0x3C,
    0x6F,0x3C,0x6F,0x3C,0x6F,0x3C,0x6F,0x3C,0x6F,0x3C,0x6F,0x3C,0x6F,0x3C,0x6F,0x3C,
    0x6F,0x3C,0x6F,0x3C,0x6F,0x3C,0x6F,0x3C,0x6F,0x3C,0x6F,0x3C,0x6F,0x3C,0x6F,0x3C,
    0x6F,0x3C,0x6F,0x3C,0x6F,0x3C,0x6F,0x3C,0x6F,0x3C,0x6F,0x3C,0x6F,0x3C,0x6F,0x3C,
    0x8F,0x3C,0x8F,0x3C,0x8F,0x3C,0xED,0x3B,0x00,0x00,0x4A,0x55,0x00,0x00,0x00,0x00,
    0x00,0x00,0x00,0x00,0x00,0x00,0x00,0x00,0x00,0x00,0x00,0x00,0x00,0x00,0x00,0x00,
    0x00,0x00,0x00,0x00,0x00,0x00,0x00,0x00,0x00,0x00,0x00,0x00,0x00,0x00,0x00,0x00,
    0x00,0x00,0x00,0x00,0x00,0x00,0x00,0x00,0x00,0x00,0x00,0x00,0x00,0x00,0x00,0x00,
    0x00,0x00,0xEF,0x3B,0x00,0x00,0x8E,0x3C,0x6F,0x3C,0xAF,0x44,0x6E,0x3C,0x6E,0x3C,
    0x6F,0x3C,0x6F,0x3C,0x6F,0x3C,0x6F,0x3C,0x6F,0x3C,0x6F,0x3C,0x6F,0x3C,0x6F,0x3C,
    0x6F,0x3C,0x6F,0x3C,0x6F,0x3C,0x6F,0x3C,0x6F,0x3C,0x6F,0x3C,0x6F,0x3C,0x6F,0x3C,
    0x6F,0x3C,0x6F,0x3C,0x6F,0x3C,0x6F,0x3C,0x6F,0x3C,0x6F,0x3C,0x6F,0x3C,0x6F,0x3C,
    0x6F,0x3C,0x6F,0x3C,0x6F,0x3C,0x6F,0x3C,0x6F,0x3C,0x6F,0x3C,0x6F,0x3C,0x6F,0x3C,
    0x6F,0x3C,0x6F,0x3C,0x6F,0x3C,0x6F,0x3C,0x6F,0x3C,0x6F,0x3C,0x6F,0x3C,0x6F,0x3C,
    0x6F,0x3C,0x6F,0x3C,0x6F,0x3C,0x6F,0x3C,0x6F,0x3C,0x6F,0x3C,0x6F,0x3C,0x6F,0x3C,
    0x6F,0x3C,0x6F,0x3C,0x6E,0x3C,0x6E,0x3C,0xAF,0x44,0x6F,0x3C,0x8E,0x3C,0x00,0x00,
    0xEF,0x3B,0x00,0x00,0x00,0x00,0x00,0x00,0x00,0x00,0x00,0x00,0x00,0x00,0x00,0x00,
    0x00,0x00,0x00,0x00,0x00,0x00,0x00,0x00,0x00,0x00,0x00,0x00,0x00,0x00,0x00,0x00,
    0x00,0x00,0x00,0x00,0x00,0x00,0x00,0x00,0x00,0x00,0x00,0x00,0x00,0x00,0x00,0x00,
    0x00,0x00,0x00,0x00,0xEF,0x3B,0x00,0x00,0x4F,0x3C,0x6F,0x3C,0xAF,0x44,0x6E,0x3C,
    0x6F,0x3C,0x6F,0x3C,0x6F,0x3C,0x6F,0x3C,0x6F,0x3C,0x6F,0x3C,0x6F,0x3C,0x6F,0x3C,
    0x6F,0x3C,0x6F,0x3C,0x6F,0x3C,0x6F,0x3C,0x6F,0x3C,0x6F,0x3C,0x6F,0x3C,0x6F,0x3C,
    0x6F,0x3C,0x6F,0x3C,0x6F,0x3C,0x6F,0x3C,0x6F,0x3C,0x6F,0x3C,0x6F,0x3C,0x6F,0x3C,
    0x6F,0x3C,0x6F,0x3C,0x6F,0x3C,0x6F,0x3C,0x6F,0x3C,0x6F,0x3C,0x6F,0x3C,0x6F,0x3C,
    0x6F,0x3C,0x6F,0x3C,0x6F,0x3C,0x6F,0x3C,0x6F,0x3C,0x6F,0x3C,0x6F,0x3C,0x6F,0x3C,
    0x6F,0x3C,0x6F,0x3C,0x6F,0x3C,0x6F,0x3C,0x6F,0x3C,0x6F,0x3C,0x6F,0x3C,0x6F,0x3C,
    0x6F,0x3C,0x6F,0x3C,0x6F,0x3C,0x6F,0x3C,0x6F,0x3C,0x6F,0x3C,0x6E,0x3C,0xAF,0x44,
    0x6F,0x3C,0x4F,0x3C,0x00,0x00,0xEF,0x3B,0x00,0x00,0x00,0x00,0x00,0x00,0x00,0x00,
    0x00,0x00,0x00,0x00,0x00,0x00,0x00,0x00,0x00,0x00,0x00,0x00,0x00,0x00,0x00,0x00,
    0x00,0x00,0x00,0x00,0x00,0x00,0x00,0x00,0x00,0x00,0x00,0x00,0x00,0x00,0x00,0x00,
    0x00,0x00,0x00,0x00,0x00,0x00,0xE7,0x39,0x00,0x00,0x6F,0x3C,0x8F,0x3C,0x8F,0x44,
    0x6F,0x3C,0x6F,0x3C,0x6F,0x3C,0x6F,0x3C,0x6F,0x3C,0x6F,0x3C,0x6F,0x3C,0x6F,0x3C,
    0x6F,0x3C,0x6F,0x3C,0x6F,0x3C,0x6F,0x3C,0x6F,0x3C,0x6F,0x3C,0x6F,0x3C,0x6F,0x3C,
    0x6F,0x3C,0x6F,0x3C,0x6F,0x3C,0x6F,0x3C,0x6F,0x3C,0x6F,0x3C,0x6F,0x3C,0x6F,0x3C,
    0x6F,0x3C,0x6F,0x3C,0x6F,0x3C,0x6F,0x3C,0x6F,0x3C,0x6F,0x3C,0x6F,0x3C,0x6F,0x3C,
    0x6F,0x3C,0x6F,0x3C,0x6F,0x3C,0x6F,0x3C,0x6F,0x3C,0x6F,0x3C,0x6F,0x3C,0x6F,0x3C,
    0x6F,0x3C,0x6F,0x3C,0x6F,0x3C,0x6F,0x3C,0x6F,0x3C,0x6F,0x3C,0x6F,0x3C,0x6F,0x3C,
    0x6F,0x3C,0x6F,0x3C,0x6F,0x3C,0x6F,0x3C,0x6F,0x3C,0x6F,0x3C,0x6F,0x3C,0x6F,0x3C,
    0x6F,0x3C,0x6F,0x3C,0x8F,0x44,0x8F,0x3C,0x6F,0x3C,0x00,0x00,0xE7,0x39,0x00,0x00,
    0x00,0x00,0x00,0x00,0x00,0x00,0x00,0x00,0x00,0x00,0x00,0x00,0x00,0x00,0x00,0x00,
    0x00,0x00,0x00,0x00,0x00,0x00,0x00,0x00,0x00,0x00,0x00,0x00,0x00,0x00,0x00,0x00,
    0x00,0x00,0x00,0x00,0x00,0x00,0x00,0x00,0x4A,0x55,0x00,0x00,0x4E,0x3C,0x8F,0x3C,
    0x8F,0x44,0x6E,0x3C,0x6F,0x3C,0x6F,0x3C,0x6F,0x3C,0x6F,0x3C,0x6F,0x3C,0x6F,0x3C,
    0x6F,0x3C,0x6F,0x3C,0x6F,0x3C,0x6F,0x3C,0x6F,0x3C,0x6F,0x3C,0x6F,0x3C,0x6F,0x3C,
    0x6F,0x3C,0x6F,0x3C,0x6F,0x3C,0x6F,0x3C,0x6F,0x3C,0x6F,0x3C,0x6F,0x3C,0x6F,0x3C,
    0x6F,0x3C,0x6F,0x3C,0x6F,0x3C,0x6F,0x3C,0x6F,0x3C,0x6F,0x3C,0x6F,0x3C,0x6F,0x3C,
    0x6F,0x3C,0x6F,0x3C,0x6F,0x3C,0x6F,0x3C,0x6F,0x3C,0x6F,0x3C,0x6F,0x3C,0x6F,0x3C,
    0x6F,0x3C,0x6F,0x3C,0x6F,0x3C,0x6F,0x3C,0x6F,0x3C,0x6F,0x3C,0x6F,0x3C,0x6F,0x3C,
    0x6F,0x3C,0x6F,0x3C,0x6F,0x3C,0x6F,0x3C,0x6F,0x3C,0x6F,0x3C,0x6F,0x3C,0x6F,0x3C,
    0x6F,0x3C,0x6F,0x3C,0x6F,0x3C,0x6F,0x3C,0x6E,0x3C,0x8F,0x44,0x8F,0x3C,0x4E,0x3C,
    0x00,0x00,0x4A,0x55,0x00,0x00,0x00,0x00,0x00,0x00,0x00,0x00,0x00,0x00,0x00,0x00,
    0x00,0x00,0x00,0x00,0x00,0x00,0x00,0x00,0x00,0x00,0x00,0x00,0x00,0x00,0x00,0x00,
    0x00,0x00,0x00,0x00,0x00,0x00,0x00,0x00,0x00,0x00,0xEF,0x7B,0x00,0x00,0x6F,0x3C,
    0x6F,0x3C,0x8F,0x44,0x6E,0x3C,0x6F,0x3C,0x6F,0x3C,0x6F,0x3C,0x6F,0x3C,0x6F,0x3C,
    0x6F,0x3C,0x6F,0x3C,0x6F,0x3C,0x6F,0x3C,0x6F,0x3C,0x6F,0x3C,0x6F,0x3C,0x6F,0x3C,
    0x6F,0x3C,0x6F,0x3C,0x6F,0x3C,0x6F,0x3C,0x6F,0x3C,0x6F,0x3C,0x6F,0x3C,0x6F,0x3C,
    0x6F,0x3C,0x6F,0x3C,0x6F,0x3C,0x6F,0x3C,0x6F,0x3C,0x6F,0x3C,0x6F,0x3C,0x6F,0x3C,
    0x6F,0x3C,0x6F,0x3C,0x6F,0x3C,0x6F,0x3C,0x6F,0x3C,0x6F,0x3C,0x6F,0x3C,0x6F,0x3C,
    0x6F,0x3C,0x6F,0x3C,0x6F,0x3C,0x6F,0x3C,0x6F,0x3C,0x6F,0x3C,0x6F,0x3C,0x6F,0x3C,
    0x6F,0x3C,0x6F,0x3C,0x6F,0x3C,0x6F,0x3C,0x6F,0x3C,0x6F,0x3C,0x6F,0x3C,0x6F,0x3C,
    0x6F,0x3C,0x6F,0x3C,0x6F,0x3C,0x6F,0x3C,0x6F,0x3C,0x6F,0x3C,0x6F,0x3C,0x6E,0x3C,
    0x8F,0x44,0x6F,0x3C,0x6F,0x3C,0x00,0x00,0xEF,0x7B,0x00,0x00,0x00,0x00,0x00,0x00,
    0x00,0x00,0x00,0x00,0x00,0x00,0x00,0x00,0x00,0x00,0x00,0x00,0x00,0x00,0x00,0x00,
    0x00,0x00,0x00,0x00,0x00,0x00,0x00,0x00,0x00,0x00,0x00,0x00,0xEF,0x07,0x00,0x00,
    0x6F,0x3C,0x8F,0x44,0x8F,0x44,0x6E,0x3C,0x6F,0x3C,0x6F,0x3C,0x6F,0x3C,0x6F,0x3C,
    0x6F,0x3C,0x6F,0x3C,0x6F,0x3C,0x6F,0x3C,0x6F,0x3C,0x6F,0x3C,0x6F,0x3C,0x6F,0x3C,
    0x6F,0x3C,0x6F,0x3C,0x6F,0x3C,0x6F,0x3C,0x6F,0x3C,0x6F,0x3C,0x6F,0x3C,0x6F,0x3C,
    0x6F,0x3C,0x6F,0x3C,0x6F,0x3C,0x6F,0x3C,0x6F,0x3C,0x6F,0x3C,0x6F,0x3C,0x6F,0x3C,
    0x6F,0x3C,0x6F,0x3C,0x6F,0x3C,0x6F,0x3C,0x6F,0x3C,0x6F,0x3C,0x6F,0x3C,0x6F,0x3C,
    0x6F,0x3C,0x6F,0x3C,0x6F,0x3C,0x6F,0x3C,0x6F,0x3C,0x6F,0x3C,0x6F,0x3C,0x6F,0x3C,
    0x6F,0x3C,0x6F,0x3C,0x6F,0x3C,0x6F,0x3C,0x6F,0x3C,0x6F,0x3C,0x6F,0x3C,0x6F,0x3C,
    0x6F,0x3C,0x6F,0x3C,0x6F,0x3C,0x6F,0x3C,0x6F,0x3C,0x6F,0x3C,0x6F,0x3C,0x6F,0x3C,
    0x6F,0x3C,0x6F,0x3C,0x6E,0x3C,0x8F,0x44,0x8F,0x44,0x6F,0x3C,0x00,0x00,0xEF,0x07,
    0x00,0x00,0x00,0x00,0x00,0x00,0x00,0x00,0x00,0x00,0x00,0x00,0x00,0x00,0x00,0x00,
    0x00,0x00,0x00,0x00,0x00,0x00,0x00,0x00,0x00,0x00,0x00,0x00,0x00,0x00,0xEF,0x03,
    0x4A,0x55,0xED,0x3B,0x6E,0x3C,0xAF,0x44,0x6E,0x3C,0x6F,0x3C,0x6F,0x3C,0x6F,0x3C,
    0x6F,0x3C,0x6F,0x3C,0x6F,0x3C,0x6F,0x3C,0x6F,0x3C,0x6F,0x3C,0x6F,0x3C,0x6F,0x3C,
    0x6F,0x3C,0x6F,0x3C,0x6F,0x3C,0x6F,0x3C,0x6F,0x3C,0x6F,0x3C,0x6F,0x3C,0x6F,0x3C,
    0x6F,0x3C,0x6F,0x3C,0x6F,0x3C,0x6F,0x3C,0x6F,0x3C,0x6F,0x3C,0x6F,0x3C,0x6F,0x3C,
    0x6F,0x3C,0x6F,0x3C,0x6F,0x3C,0x6F,0x3C,0x6F,0x3C,0x6F,0x3C,0x6F,0x3C,0x6F,0x3C,
    0x6F,0x3C,0x6F,0x3C,0x6F,0x3C,0x6F,0x3C,0x6F,0x3C,0x6F,0x3C,0x6F,0x3C,0x6F,0x3C,
    0x6F,0x3C,0x6F,0x3C,0x6F,0x3C,0x6F,0x3C,0x6F,0x3C,0x6F,0x3C,0x6F,0x3C,0x6F,0x3C,
    0x6F,0x3C,0x6F,0x3C,0x6F,0x3C,0x6F,0x3C,0x6F,0x3C,0x6F,0x3C,0x6F,0x3C,0x6F,0x3C,
    0x6F,0x3C,0x6F,0x3C,0x6F,0x3C,0x6F,0x3C,0x6F,0x3C,0x6E,0x3C,0xAF,0x44,0x6E,0x3C,
    0xED,0x3B,0x4A,0x55,0xEF,0x03,0x00,0x00,0x00,0x00,0x00,0x00,0x00,0x00,0x00,0x00,
    0x00,0x00,0x00,0x00,0x00,0x00,0x00,0x00,0x00,0x00,0x00,0x00,0x00,0x00,0x00,0x00,
    0x00,0x00,0xEF,0x03,0x00,0x00,0x4E,0x3C,0xAF,0x44,0x6E,0x3C,0x6F,0x3C,0x6F,0x3C,
    0x6F,0x3C,0x6F,0x3C,0x6F,0x3C,0x6F,0x3C,0x6F,0x3C,0x6F,0x3C,0x6F,0x3C,0x6F,0x3C,
    0x6F,0x3C,0x6F,0x3C,0x6F,0x3C,0x6F,0x3C,0x6F,0x3C,0x6F,0x3C,0x6F,0x3C,0x6F,0x3C,
    0x6F,0x3C,0x6F,0x3C,0x6F,0x3C,0x6F,0x3C,0x6F,0x3C,0x6F,0x3C,0x6F,0x3C,0x6F,0x3C,
    0x6F,0x3C,0x6F,0x3C,0x6F,0x3C,0x6F,0x3C,0x6F,0x3C,0x6F,0x3C,0x6F,0x3C,0x6F,0x3C,
    0x6F,0x3C,0x6F,0x3C,0x6F,0x3C,0x6F,0x3C,0x6F,0x3C,0x6F,0x3C,0x6F,0x3C,0x6F,0x3C,
    0x6F,0x3C,0x6F,0x3C,0x6F,0x3C,0x6F,0x3C,0x6F,0x3C,0x6F,0x3C,0x6F,0x3C,0x6F,0x3C,
    0x6F,0x3C,0x6F,0x3C,0x6F,0x3C,0x6F,0x3C,0x6F,0x3C,0x6F,0x3C,0x6F,0x3C,0x6F,0x3C,
    0x6F,0x3C,0x6F,0x3C,0x6F,0x3C,0x6F,0x3C,0x6F,0x3C,0x6F,0x3C,0x6F,0x3C,0x6F,0x3C,
    0x6E,0x3C,0xAF,0x44,0x4E,0x3C,0x00,0x00,0xEF,0x03,0x00,0x00,0x00,0x00,0x00,0x00,
    0x00,0x00,0x00,0x00,0x00,0x00,0x00,0x00,0x00,0x00,0x00,0x00,0x00,0x00,0x00,0x00,
    0x00,0x00,0x00,0x00,0x4A,0x55,0x00,0x00,0x6F,0x3C,0x8F,0x3C,0x6E,0x3C,0x6F,0x3C,
    0x6F,0x3C,0x6F,0x3C,0x6F,0x3C,0x6F,0x3C,0x6F,0x3C,0x6F,0x3C,0x6F,0x3C,0x6F,0x3C,
    0x6F,0x3C,0x6F,0x3C,0x6F,0x3C,0x6F,0x3C,0x6F,0x3C,0x6F,0x3C,0x6F,0x3C,0x6F,0x3C,
    0x6F,0x3C,0x6F,0x3C,0x6F,0x3C,0x6F,0x3C,0x6F,0x3C,0x6F,0x3C,0x6F,0x3C,0x6F,0x3C,
    0x6F,0x3C,0x6F,0x3C,0x6F,0x3C,0x6F,0x3C,0x6F,0x3C,0x6F,0x3C,0x6F,0x3C,0x6F,0x3C,
    0x6F,0x3C,0x6F,0x3C,0x6F,0x3C,0x6F,0x3C,0x6F,0x3C,0x6F,0x3C,0x6F,0x3C,0x6F,0x3C,
    0x6F,0x3C,0x6F,0x3C,0x6F,0x3C,0x6F,0x3C,0x6F,0x3C,0x6F,0x3C,0x6F,0x3C,0x6F,0x3C,
    0x6F,0x3C,0x6F,0x3C,0x6F,0x3C,0x6F,0x3C,0x6F,0x3C,0x6F,0x3C,0x6F,0x3C,0x6F,0x3C,
    0x6F,0x3C,0x6F,0x3C,0x6F,0x3C,0x6F,0x3C,0x6F,0x3C,0x6F,0x3C,0x6F,0x3C,0x6F,0x3C,
    0x6F,0x3C,0x6F,0x3C,0x6F,0x3C,0x6E,0x3C,0x8F,0x3C,0x6F,0x3C,0x00,0x00,0x4A,0x55,
    0x00,0x00,0x00,0x00,0x00,0x00,0x00,0x00,0x00,0x00,0x00,0x00,0x00,0x00,0x00,0x00,
    0x00,0x00,0x00,0x00,0x00,0x00,0x4A,0x55,0x00,0x00,0x6F,0x44,0x6F,0x3C,0x8F,0x3C,
    0x6E,0x3C,0x6F,0x3C,0x6F,0x3C,0x6F,0x3C,0x6F,0x3C,0x6F,0x3C,0x6F,0x3C,0x6F,0x3C,
    0x6F,0x3C,0x6F,0x3C,0x6F,0x3C,0x6F,0x3C,0x6F,0x3C,0x6F,0x3C,0x6F,0x3C,0x6F,0x3C,
    0x6F,0x3C,0x6F,0x3C,0x6F,0x3C,0x6F,0x3C,0x6F,0x3C,0x6F,0x3C,0x6F,0x3C,0x6F,0x3C,
    0x6F,0x3C,0x6F,0x3C,0x6F,0x3C,0x6F,0x3C,0x6F,0x3C,0x6F,0x3C,0x6F,0x3C,0x6F,0x3C,
    0x6F,0x3C,0x6F,0x3C,0x6F,0x3C,0x6F,0x3C,0x6F,0x3C,0x6F,0x3C,0x6F,0x3C,0x6F,0x3C,
    0x6F,0x3C,0x6F,0x3C,0x6F,0x3C,0x6F,0x3C,0x6F,0x3C,0x6F,0x3C,0x6F,0x3C,0x6F,0x3C,
    0x6F,0x3C,0x6F,0x3C,0x6F,0x3C,0x6F,0x3C,0x6F,0x3C,0x6F,0x3C,0x6F,0x3C,0x6F,0x3C,
    0x6F,0x3C,0x6F,0x3C,0x6F,0x3C,0x6F,0x3C,0x6F,0x3C,0x6F,0x3C,0x6F,0x3C,0x6F,0x3C,
    0x6F,0x3C,0x6F,0x3C,0x6F,0x3C,0x6F,0x3C,0x6F,0x3C,0x6E,0x3C,0x8F,0x3C,0x6F,0x3C,
    0x6F,0x44,0x00,0x00,0x4A,0x55,0x00,0x00,0x00,0x00,0x00,0x00,0x00,0x00,0x00,0x00,
    0x00,0x00,0x00,0x00,0x00,0x00,0x00,0x00,0xFF,0x07,0x4A,0x55,0x4F,0x55,0x6F,0x3C,
    0xAF,0x44,0x6E,0x3C,0x6F,0x3C,0x6F,0x3C,0x6F,0x3C,0x6F,0x3C,0x6F,0x3C,0x6F,0x3C,
    0x6F,0x3C,0x6F,0x3C,0x6F,0x3C,0x6F,0x3C,0x6F,0x3C,0x6F,0x3C,0x6F,0x3C,0x6F,0x3C,
    0x6F,0x3C,0x6F,0x3C,0x6F,0x3C,0x6F,0x3C,0x6F,0x3C,0x6F,0x3C,0x6F,0x3C,0x6F,0x3C,
    0x6F,0x3C,0x6F,0x3C,0x6F,0x3C,0x6F,0x3C,0x6F,0x3C,0x6F,0x3C,0x6F,0x3C,0x6F,0x3C,
    0x6F,0x3C,0x6F,0x3C,0x6F,0x3C,0x6F,0x3C,0x6F,0x3C,0x6F,0x3C,0x6F,0x3C,0x6F,0x3C,
    0x6F,0x3C,0x6F,0x3C,0x6F,0x3C,0x6F,0x3C,0x6F,0x3C,0x6F,0x3C,0x6F,0x3C,0x6F,0x3C,
    0x6F,0x3C,0x6F,0x3C,0x6F,0x3C,0x6F,0x3C,0x6F,0x3C,0x6F,0x3C,0x6F,0x3C,0x6F,0x3C,
    0x6F,0x3C,0x6F,0x3C,0x6F,0x3C,0x6F,0x3C,0x6F,0x3C,0x6F,0x3C,0x6F,0x3C,0x6F,0x3C,
    0x6F,0x3C,0x6F,0x3C,0x6F,0x3C,0x6F,0x3C,0x6F,0x3C,0x6F,0x3C,0x6F,0x3C,0x6F,0x3C,
    0x6E,0x3C,0xAF,0x44,0x6F,0x3C,0x4F,0x55,0x4A,0x55,0xFF,0x07,0x00,0x00,0x00,0x00,
    0x00,0x00,0x00,0x00,0x00,0x00,0x00,0x00,0x00,0x00,0x00,0x00,0x55,0x55,0x00,0x00,
    0x6F,0x3C,0x8F,0x44,0x6F,0x3C,0x6F,0x3C,0x6F,0x3C,0x6F,0x3C,0x6F,0x3C,0x6F,0x3C,
    0x6F,0x3C,0x6F,0x3C,0x6F,0x3C,0x6F,0x3C,0x6F,0x3C,0x6F,0x3C,0x6F,0x3C,0x6F,0x3C,
    0x6F,0x3C,0x6F,0x3C,0x6F,0x3C,0x6F,0x3C,0x6F,0x3C,0x6F,0x3C,0x6F,0x3C,0x6F,0x3C,
    0x6F,0x3C,0x6F,0x3C,0x6F,0x3C,0x6F,0x3C,0x6F,0x3C,0x6F,0x3C,0x6F,0x3C,0x6F,0x3C,
    0x6F,0x3C,0x6F,0x3C,0x6F,0x3C,0x6F,0x3C,0x6F,0x3C,0x6F,0x3C,0x6F,0x3C,0x6F,0x3C,
    0x6F,0x3C,0x6F,0x3C,0x6F,0x3C,0x6F,0x3C,0x6F,0x3C,0x6F,0x3C,0x6F,0x3C,0x6F,0x3C,
    0x6F,0x3C,0x6F,0x3C,0x6F,0x3C,0x6F,0x3C,0x6F,0x3C,0x6F,0x3C,0x6F,0x3C,0x6F,0x3C,
    0x6F,0x3C,0x6F,0x3C,0x6F,0x3C,0x6F,0x3C,0x6F,0x3C,0x6F,0x3C,0x6F,0x3C,0x6F,0x3C,
    0x6F,0x3C,0x6F,0x3C,0x6F,0x3C,0x6F,0x3C,0x6F,0x3C,0x6F,0x3C,0x6F,0x3C,0x6F,0x3C,
    0x6F,0x3C,0x6F,0x3C,0x6F,0x3C,0x6F,0x3C,0x8F,0x44,0x6F,0x3C,0x00,0x00,0x55,0x55,
    0x00,0x00,0x00,0x00,0x00,0x00,0x00,0x00,0x00,0x00,0x00,0x00,0x00,0x00,0x00,0xF8,
    0xE0,0x07,0x8F,0x3C,0x6E,0x3C,0x8F,0x3C,0x6E,0x3C,0x6F,0x3C,0x6F,0x3C,0x6F,0x3C,
    0x6F,0x3C,0x6F,0x3C,0x6F,0x3C,0x6F,0x3C,0x6F,0x3C,0x6F,0x3C,0x6F,0x3C,0x6F,0x3C,
    0x6F,0x3C,0x6F,0x3C,0x6F,0x3C,0x6F,0x3C,0x6F,0x3C,0x6F,0x3C,0x6F,0x3C,0x6F,0x3C,
    0x6F,0x3C,0x6F,0x3C,0x6F,0x3C,0x6F,0x3C,0x6F,0x3C,0x6F,0x3C,0x6F,0x3C,0x6F,0x3C,
    0x6F,0x3C,0x6F,0x3C,0x6F,0x3C,0x6F,0x3C,0x6F,0x3C,0x6F,0x3C,0x6F,0x3C,0x6F,0x3C,
    0x6F,0x3C,0x6F,0x3C,0x6F,0x3C,0x6F,0x3C,0x6F,0x3C,0x6F,0x3C,0x6F,0x3C,0x6F,0x3C,
    0x6F,0x3C,0x6F,0x3C,0x6F,0x3C,0x6F,0x3C,0x6F,0x3C,0x6F,0x3C,0x6F,0x3C,0x6F,0x3C,
    0x6F,0x3C,0x6F,0x3C,0x6F,0x3C,0x6F,0x3C,0x6F,0x3C,0x6F,0x3C,0x6F,0x3C,0x6F,0x3C,
    0x6F,0x3C,0x6F,0x3C,0x6F,0x3C,0x6F,0x3C,0x6F,0x3C,0x6F,0x3C,0x6F,0x3C,0x6F,0x3C,
    0x6F,0x3C,0x6F,0x3C,0x6F,0x3C,0x6F,0x3C,0x6F,0x3C,0x6E,0x3C,0x8F,0x3C,0x6E,0x3C,
    0x8F,0x3C,0xE0,0x07,0x00,0xF8,0x00,0x00,0x00,0x00,0x00,0x00,0x00,0x00,0x00,0x00,
    0x00,0x00,0xEF,0x3B,0x00,0x00,0x6E,0x3C,0x8F,0x44,0x6E,0x3C,0x6F,0x3C,0x6F,0x3C,
    0x6F,0x3C,0x6F,0x3C,0x6F,0x3C,0x6F,0x3C,0x6F,0x3C,0x6F,0x3C,0x6F,0x3C,0x6F,0x3C,
    0x6F,0x3C,0x6F,0x3C,0x6F,0x3C,0x6F,0x3C,0x8F,0x44,0x8F,0x44,0x8F,0x44,0x8F,0x44,
    0x8F,0x44,0x8F,0x44,0x8F,0x44,0x8F,0x44,0x8F,0x44,0x8F,0x44,0x8F,0x44,0x8F,0x44,
    0x8F,0x44,0x8F,0x44,0x8F,0x44,0x8F,0x44,0x8F,0x44,0x8F,0x44,0x8F,0x44,0x8F,0x44,
    0x8F,0x44,0x8F,0x44,0x8F,0x44,0x8F,0x44,0x8F,0x44,0x8F,0x44,0x8F,0x44,0x8F,0x44,
    0x8F,0x44,0x8F,0x44,0x8F,0x44,0x8F,0x44,0x8F,0x44,0x8F,0x44,0x8F,0x44,0x8F,0x44,
    0x8F,0x44,0x8F,0x44,0x6F,0x3C,0x6F,0x3C,0x6F,0x3C,0x6F,0x3C,0x6F,0x3C,0x6F,0x3C,
    0x6F,0x3C,0x6F,0x3C,0x6F,0x3C,0x6F,0x3C,0x6F,0x3C,0x6F,0x3C,0x6F,0x3C,0x6F,0x3C,
    0x6F,0x3C,0x6F,0x3C,0x6F,0x3C,0x6F,0x3C,0x6F,0x3C,0x6F,0x3C,0x6F,0x3C,0x6F,0x3C,
    0x6E,0x3C,0x8F,0x44,0x6E,0x3C,0x00,0x00,0xEF,0x3B,0x00,0x00,0x00,0x00,0x00,0x00,
    0x00,0x00,0x00,0x00,0xAA,0x52,0xE0,0x07,0x6E,0x3C,0x6F,0x3C,0x8F,0x3C,0x6E,0x3C,
    0x6F,0x3C,0x6F,0x3C,0x6F,0x3C,0x6F,0x3C,0x6F,0x3C,0x6F,0x3C,0x6F,0x3C,0x6F,0x3C,
    0x6F,0x3C,0x6F,0x3C,0x6F,0x3C,0x6F,0x3C,0x6F,0x44,0x6E,0x3C,0x0D,0x2C,0x2D,0x2C,
    0x0D,0x2C,0x0D,0x2C,0x0D,0x2C,0x0D,0x2C,0x0D,0x2C,0x0D,0x2C,0x0D,0x2C,0x0D,0x2C,
    0x0D,0x2C,0x0D,0x2C,0x0D,0x2C,0x0D,0x2C,0x0D,0x2C,0x0D,0x2C,0x0D,0x2C,0x0D,0x2C,
    0x0D,0x2C,0x0D,0x2C,0x0D,0x2C,0x0D,0x2C,0x0D,0x2C,0x0D,0x2C,0x0D,0x2C,0x0D,0x2C,
    0x0D,0x2C,0x0D,0x2C,0x0D,0x2C,0x0D,0x2C,0x0D,0x2C,0x0D,0x2C,0x0D,0x2C,0x0D,0x2C,
    0x0D,0x2C,0x0D,0x2C,0x0D,0x2C,0x2D,0x2C,0x6F,0x44,0x6F,0x3C,0x6F,0x3C,0x6F,0x3C,
    0x6F,0x3C,0x6F,0x3C,0x6F,0x3C,0x6F,0x3C,0x6F,0x3C,0x6F,0x3C,0x6F,0x3C,0x6F,0x3C,
    0x6F,0x3C,0x6F,0x3C,0x6F,0x3C,0x6F,0x3C,0x6F,0x3C,0x6F,0x3C,0x6F,0x3C,0x6F,0x3C,
    0x6F,0x3C,0x6F,0x3C,0x6E,0x3C,0x8F,0x3C,0x6F,0x3C,0x6E,0x3C,0xE0,0x07,0xAA,0x52,
    0x00,0x00,0x00,0x00,0x00,0x00,0x00,0x00,0xEF,0x3D,0x00,0x00,0x6F,0x3C,0xB0,0x44,
    0x6E,0x3C,0x6F,0x3C,0x6F,0x3C,0x6F,0x3C,0x6F,0x3C,0x6F,0x3C,0x6F,0x3C,0x6F,0x3C,
    0x6F,0x3C,0x6F,0x3C,0x6F,0x3C,0x6F,0x3C,0x6F,0x3C,0x6F,0x44,0x4E,0x34,0xB0,0x4C,
    0x37,0x9E,0x37,0x9E,0x37,0x9E,0x37,0x9E,0x37,0x9E,0x37,0x9E,0x37,0x9E,0x37,0x9E,
    0x37,0x9E,0x37,0x9E,0x37,0x9E,0x37,0x9E,0x37,0x9E,0x37,0x9E,0x37,0x9E,0x37,0x9E,
    0x37,0x9E,0x37,0x9E,0x37,0x9E,0x37,0x9E,0x37,0x9E,0x37,0x9E,0x37,0x9E,0x37,0x9E,
    0x37,0x9E,0x37,0x9E,0x37,0x9E,0x37,0x9E,0x37,0x9E,0x37,0x9E,0x37,0x9E,0x37,0x9E,
    0x37,0x9E,0x37,0x9E,0x37,0x9E,0x37,0x9E,0x37,0x9E,0x37,0x9E,0x4E,0x34,0x6F,0x3C,
    0x6F,0x3C,0x6F,0x3C,0x6F,0x3C,0x6F,0x3C,0x6F,0x3C,0x6F,0x3C,0x6F,0x3C,0x6F,0x3C,
    0x6F,0x3C,0x6F,0x3C,0x6F,0x3C,0x6F,0x3C,0x6F,0x3C,0x6F,0x3C,0x6F,0x3C,0x6F,0x3C,
    0x6F,0x3C,0x6F,0x3C,0x6F,0x3C,0x6F,0x3C,0x6F,0x3C,0x6E,0x3C,0xB0,0x44,0x6F,0x3C,
    0x00,0x00,0xEF,0x3D,0x00,0x00,0x00,0x00,0x00,0x00,0xEF,0x7B,0xE0,0x07,0x4E,0x3C,
    0x6F,0x3C,0x8F,0x3C,0x6E,0x3C,0x6F,0x3C,0x6F,0x3C,0x6F,0x3C,0x6F,0x3C,0x6F,0x3C,
    0x6F,0x3C,0x6F,0x3C,0x6F,0x3C,0x6F,0x3C,0x6F,0x3C,0x6F,0x3C,0x6F,0x3C,0x4E,0x34,
    0x8F,0x44,0x5C,0xDF,0xFF,0xFF,0xFF,0xFF,0xFF,0xFF,0xFF,0xFF,0xFF,0xFF,0xFF,0xFF,
    0xFF,0xFF,0xFF,0xFF,0xFF,0xFF,0xFF,0xFF,0xFF,0xFF,0xFF,0xFF,0xFF,0xFF,0xFF,0xFF,
    0xFF,0xFF,0xFF,0xFF,0xFF,0xFF,0xFF,0xFF,0xFF,0xFF,0xFF,0xFF,0xFF,0xFF,0xFF,0xFF,
    0xFF,0xFF,0xFF,0xFF,0xFF,0xFF,0xFF,0xFF,0xFF,0xFF,0xFF,0xFF,0xFF,0xFF,0xFF,0xFF,
    0xFF,0xFF,0xFF,0xFF,0xFF,0xFF,0xFF,0xFF,0xFF,0xFF,0xFF,0xFF,0xFF,0xFF,0xFF,0xFF,
    0x99,0xB6,0x2D,0x34,0x6E,0x3C,0x6F,0x3C,0x6F,0x3C,0x6F,0x3C,0x6F,0x3C,0x6F,0x3C,
    0x6F,0x3C,0x6F,0x3C,0x6F,0x3C,0x6F,0x3C,0x6F,0x3C,0x6F,0x3C,0x6F,0x3C,0x6F,0x3C,
    0x6F,0x3C,0x6F,0x3C,0x6F,0x3C,0x6F,0x3C,0x6F,0x3C,0x6F,0x3C,0x6F,0x3C,0x6E,0x3C,
    0x8F,0x3C,0x6F,0x3C,0x4E,0x3C,0xE0,0x07,0xEF,0x7B,0x00,0x00,0x00,0x00,0x4A,0x55,
    0x00,0x00,0x6F,0x3C,0xAF,0x44,0x6E,0x3C,0x6F,0x3C,0x6F,0x3C,0x6F,0x3C,0x6F,0x3C,
    0x6F,0x3C,0x6F,0x3C,0x6F,0x3C,0x6F,0x3C,0x6F,0x3C,0x6F,0x3C,0x6F,0x3C,0x6F,0x3C,
    0x6E,0x3C,0xB0,0x4C,0x5C,0xDF,0xFF,0xFF,0xFF,0xFF,0xDF,0xFF,0xDF,0xF7,0xDF,0xF7,
    0xDF,0xF7,0xDF,0xF7,0xDF,0xF7,0xDF,0xF7,0xDF,0xF7,0xDF,0xF7,0xDF,0xF7,0xDF,0xF7,
    0xDF,0xF7,0xDF,0xF7,0xDF,0xF7,0xDF,0xF7,0xDF,0xF7,0xDF,0xF7,0xDF,0xF7,0xDF,0xF7,
    0xDF,0xF7,0xDF,0xF7,0xDF,0xF7,0xDF,0xF7,0xDF,0xF7,0xDF,0xF7,0xDF,0xF7,0xDF,0xF7,
    0xDF,0xF7,0xDF,0xF7,0xDF,0xF7,0xDF,0xF7,0xDF,0xF7,0xDF,0xF7,0xDF,0xF7,0xDF,0xF7,
    0xDF,0xFF,0xDF,0xFF,0xFF,0xFF,0x99,0xB6,0x6E,0x3C,0x6F,0x3C,0x6F,0x3C,0x6F,0x3C,
    0x6F,0x3C,0x6F,0x3C,0x6F,0x3C,0x6F,0x3C,0x6F,0x3C,0x6F,0x3C,0x6F,0x3C,0x6F,0x3C,
    0x6F,0x3C,0x6F,0x3C,0x6F,0x3C,0x6F,0x3C,0x6F,0x3C,0x6F,0x3C,0x6F,0x3C,0x6F,0x3C,
    0x6F,0x3C,0x6F,0x3C,0x6E,0x3C,0xAF,0x44,0x6F,0x3C,0x00,0x00,0x4A,0x55,0x00,0x00,
    0x00,0x00,0x00,0x00,0x92,0x24,0x6E,0x3C,0x8F,0x3C,0x6E,0x3C,0x6F,0x3C,0x6F,0x3C,
    0x6F,0x3C,0x6F,0x3C,0x6F,0x3C,0x6F,0x3C,0x6F,0x3C,0x6F,0x3C,0x6F,0x3C,0x6F,0x3C,
    0x6F,0x3C,0x8F,0x44,0x0D,0x2C,0x78,0xA6,0xFF,0xFF,0xDF,0xFF,0xFF,0xFF,0xFF,0xFF,
    0xFF,0xFF,0xFF,0xFF,0xFF,0xFF,0xFF,0xFF,0xFF,0xFF,0xFF,0xFF,0xFF,0xFF,0xFF,0xFF,
    0xFF,0xFF,0xFF,0xFF,0xFF,0xFF,0xFF,0xFF,0xFF,0xFF,0xFF,0xFF,0xFF,0xFF,0xFF,0xFF,
    0xFF,0xFF,0xFF,0xFF,0xFF,0xFF,0xFF,0xFF,0xFF,0xFF,0xFF,0xFF,0xFF,0xFF,0xFF,0xFF,
    0xFF,0xFF,0xFF,0xFF,0xFF,0xFF,0xFF,0xFF,0xFF,0xFF,0xFF,0xFF,0xFF,0xFF,0xFF,0xFF,
    0xFF,0xFF,0xFF,0xFF,0xFF,0xFF,0xFF,0xFF,0xFF,0xFF,0xFF,0xFF,0x73,0x6D,0x2D,0x34,
    0x6F,0x44,0x6F,0x3C,0x6F,0x3C,0x6F,0x3C,0x6F,0x3C,0x6F,0x3C,0x6F,0x3C,0x6F,0x3C,
    0x6F,0x3C,0x6F,0x3C,0x6F,0x3C,0x6F,0x3C,0x6F,0x3C,0x6F,0x3C,0x6F,0x3C,0x6F,0x3C,
    0x6F,0x3C,0x6F,0x3C,0x6F,0x3C,0x6F,0x3C,0x6E,0x3C,0x8F,0x3C,0x6E,0x3C,0x92,0x24,
    0x00,0x00,0x00,0x00,0x55,0x55,0x00,0x00,0x6F,0x3C,0x6F,0x3C,0x6F,0x3C,0x6F,0x3C,
    0x6F,0x3C,0x6F,0x3C,0x6F,0x3C,0x6F,0x3C,0x6F,0x3C,0x6F,0x3C,0x6F,0x3C,0x6F,0x3C,
    0x6F,0x3C,0x6F,0x3C,0x6F,0x3C,0x8F,0x44,0x0D,0x2C,0x37,0x9E,0xFF,0xFF,0xDF,0xFF,
    0xFF,0xFF,0xF6,0x8D,0x32,0x65,0x53,0x6D,0x53,0x6D,0x53,0x6D,0x53,0x6D,0x53,0x6D,
    0x53,0x6D,0x53,0x6D,0x53,0x6D,0x53,0x6D,0x53,0x6D,0x53,0x6D,0x53,0x6D,0x53,0x6D,
    0x53,0x6D,0x53,0x6D,0x53,0x6D,0x53,0x6D,0x53,0x6D,0x53,0x6D,0x53,0x6D,0x53,0x6D,
    0x53,0x6D,0x53,0x6D,0x53,0x6D,0x53,0x6D,0x53,0x6D,0x53,0x6D,0x53,0x6D,0x53,0x6D,
    0x53,0x6D,0x53,0x6D,0x53,0x6D,0x11,0x5D,0xB9,0xB6,0xFF,0xFF,0xDF,0xFF,0xFF,0xFF,
    0x52,0x6D,0x4E,0x34,0x6F,0x44,0x6F,0x3C,0x6F,0x3C,0x6F,0x3C,0x6F,0x3C,0x6F,0x3C,
    0x6F,0x3C,0x6F,0x3C,0x6F,0x3C,0x6F,0x3C,0x6F,0x3C,0x6F,0x3C,0x6F,0x3C,0x6F,0x3C,
    0x6F,0x3C,0x6F,0x3C,0x6F,0x3C,0x6F,0x3C,0x6F,0x3C,0x6F,0x3C,0x6F,0x3C,0x6F,0x3C,
    0x6F,0x3C,0x6F,0x3C,0x00,0x00,0x55,0x55,0xEF,0x3B,0x00,0x00,0x6E,0x3C,0x8F,0x44,
    0x6F,0x3C,0x6F,0x3C,0x6F,0x3C,0x6F,0x3C,0x6F,0x3C,0x6F,0x3C,0x6F,0x3C,0x6F,0x3C,
    0x6F,0x3C,0x6F,0x3C,0x6F,0x3C,0x6F,0x3C,0x6F,0x3C,0x8F,0x44,0x0D,0x2C,0x37,0x9E,
    0xFF,0xFF,0xDF,0xF7,0xFF,0xFF,0x32,0x65,0x0D,0x24,0x4E,0x34,0x4E,0x34,0x4E,0x34,
    0x4E,0x34,0x4E,0x34,0x4E,0x34,0x4E,0x34,0x4E,0x34,0x4E,0x34,0x4E,0x34,0x4E,0x34,
    0x4E,0x34,0x4E,0x34,0x4E,0x34,0x4E,0x34,0x4E,0x34,0x4E,0x34,0x4E,0x34,0x4E,0x34,
    0x4E,0x34,0x4E,0x34,0x4E,0x34,0x4E,0x34,0x4E,0x34,0x4E,0x34,0x4E,0x34,0x4E,0x34,
    0x4E,0x34,0x4E,0x34,0x4E,0x34,0x4E,0x34,0x4E,0x34,0xEC,0x23,0x37,0x9E,0xFF,0xFF,
    0xDF,0xF7,0xFF,0xFF,0x53,0x6D,0x4E,0x34,0x6F,0x44,0x6F,0x3C,0x6F,0x3C,0x6F,0x3C,
    0x6F,0x3C,0x6F,0x3C,0x6F,0x3C,0x6F,0x3C,0x6F,0x3C,0x6F,0x3C,0x6F,0x3C,0x6F,0x3C,
    0x6F,0x3C,0x6F,0x3C,0x6F,0x3C,0x6F,0x3C,0x6F,0x3C,0x6F,0x3C,0x6F,0x3C,0x6F,0x3C,
    0x6F,0x3C,0x6F,0x3C,0x8F,0x44,0x6E,0x3C,0x00,0x00,0xEF,0x3B,0xE0,0x07,0x4E,0x44,
    0x6E,0x3C,0x8F,0x44,0x6F,0x3C,0x6F,0x3C,0x6F,0x3C,0x6F,0x3C,0x6F,0x3C,0x6F,0x3C,
    0x6F,0x3C,0x6F,0x3C,0x6F,0x3C,0x6F,0x3C,0x6F,0x3C,0x6F,0x3C,0x6F,0x3C,0x8F,0x44,
    0x0D,0x2C,0x37,0x9E,0xFF,0xFF,0xDF,0xF7,0xFF,0xFF,0x53,0x6D,0x4E,0x34,0x8F,0x44,
    0x6F,0x44,0x6F,0x44,0x6F,0x44,0x6F,0x44,0x6F,0x44,0x6F,0x44,0x6F,0x44,0x6F,0x44,
    0x6F,0x44,0x6F,0x44,0x6F,0x44,0x6F,0x44,0x6F,0x44,0x6F,0x44,0x6F,0x44,0x6F,0x44,
    0x6F,0x44,0x6F,0x44,0x6F,0x44,0x6F,0x44,0x6F,0x44,0x6F,0x44,0x6F,0x44,0x6F,0x44,
    0x6F,0x44,0x6F,0x44,0x6F,0x44,0x6F,0x44,0x6F,0x44,0x6F,0x44,0x8F,0x44,0x2D,0x2C,
    0x57,0xA6,0xFF,0xFF,0xDF,0xF7,0xFF,0xFF,0x53,0x6D,0x4E,0x34,0x6F,0x44,0x6F,0x3C,
    0x6F,0x3C,0x6F,0x3C,0x6F,0x3C,0x6F,0x3C,0x6F,0x3C,0x6F,0x3C,0x6F,0x3C,0x6F,0x3C,
    0x6F,0x3C,0x6F,0x3C,0x6F,0x3C,0x6F,0x3C,0x6F,0x3C,0x6F,0x3C,0x6F,0x3C,0x6F,0x3C,
    0x6F,0x3C,0x6F,0x3C,0x6F,0x3C,0x6F,0x3C,0x8F,0x44,0x6E,0x3C,0x4E,0x44,0xE0,0x07,
    0x00,0x00,0x6F,0x3C,0x6E,0x3C,0x6E,0x3C,0x6F,0x3C,0x6F,0x3C,0x6F,0x3C,0x6F,0x3C,
    0x6F,0x3C,0x6F,0x3C,0x6F,0x3C,0x6F,0x3C,0x6F,0x3C,0x6F,0x3C,0x6F,0x3C,0x6F,0x3C,
    0x6F,0x3C,0x8F,0x44,0x0D,0x2C,0x37,0x9E,0xFF,0xFF,0xDF,0xF7,0xFF,0xFF,0x53,0x6D,
    0x4E,0x34,0x6F,0x44,0x6F,0x3C,0x6F,0x3C,0x6F,0x3C,0x6F,0x3C,0x6F,0x3C,0x6F,0x3C,
    0x6F,0x3C,0x6F,0x3C,0x6F,0x3C,0x6F,0x3C,0x6F,0x3C,0x6F,0x3C,0x6F,0x3C,0x6F,0x3C,
    0x6F,0x3C,0x6F,0x3C,0x6F,0x3C,0x6F,0x3C,0x6F,0x3C,0x6F,0x3C,0x6F,0x3C,0x6F,0x3C,
    0x6F,0x3C,0x6F,0x3C,0x6F,0x3C,0x6F,0x3C,0x6F,0x3C,0x6F,0x3C,0x6F,0x3C,0x6F,0x3C,
    0x8F,0x44,0x0D,0x2C,0x37,0x9E,0xFF,0xFF,0xDF,0xF7,0xFF,0xFF,0x53,0x6D,0x4E,0x34,
    0x6F,0x44,0x6F,0x3C,0x6F,0x3C,0x6F,0x3C,0x6F,0x3C,0x6F,0x3C,0x6F,0x3C,0x6F,0x3C,
    0x6F,0x3C,0x6F,0x3C,0x6F,0x3C,0x6F,0x3C,0x6F,0x3C,0x6F,0x3C,0x6F,0x3C,0x6F,0x3C,
    0x6F,0x3C,0x6F,0x3C,0x6F,0x3C,0x6F,0x3C,0x6F,0x3C,0x6F,0x3C,0x6E,0x3C,0x6E,0x3C,
    0x6F,0x3C,0x00,0x00,0x00,0x00,0x6F,0x3C,0xB0,0x44,0x6E,0x3C,0x6F,0x3C,0x6F,0x3C,
    0x6F,0x3C,0x6F,0x3C,0x6F,0x3C,0x6F,0x3C,0x6F,0x3C,0x6F,0x3C,0x6F,0x3C,0x6F,0x3C,
    0x6F,0x3C,0x6F,0x3C,0x6F,0x3C,0x8F,0x44,0x0D,0x2C,0x37,0x9E,0xFF,0xFF,0xDF,0xF7,
    0xFF,0xFF,0x53,0x6D,0x4E,0x34,0x6F,0x44,0x6F,0x3C,0x6F,0x3C,0x6F,0x3C,0x6F,0x3C,
    0x6F,0x3C,0x6F,0x3C,0x6F,0x3C,0x6F,0x3C,0x6F,0x3C,0x6F,0x3C,0x6F,0x3C,0x6F,0x3C,
    0x6F,0x3C,0x6F,0x3C,0x6F,0x3C,0x6F,0x3C,0x6F,0x3C,0x6F,0x3C,0x6F,0x3C,0x6F,0x3C,
    0x6F,0x3C,0x6F,0x3C,0x6F,0x3C,0x6F,0x3C,0x6F,0x3C,0x6F,0x3C,0x6F,0x3C,0x6F,0x3C,
    0x6F,0x3C,0x6F,0x3C,0x8F,0x44,0x0D,0x2C,0x37,0x9E,0xFF,0xFF,0xDF,0xF7,0xFF,0xFF,
    0x53,0x6D,0x4E,0x34,0x6F,0x44,0x6F,0x3C,0x6F,0x3C,0x6F,0x3C,0x6F,0x3C,0x6F,0x3C,
    0x6F,0x3C,0x6F,0x3C,0x6F,0x3C,0x6F,0x3C,0x6F,0x3C,0x6F,0x3C,0x6F,0x3C,0x6F,0x3C,
    0x6F,0x3C,0x6F,0x3C,0x6F,0x3C,0x6F,0x3C,0x6F,0x3C,0x6F,0x3C,0x6F,0x3C,0x6F,0x3C,
    0x6E,0x3C,0xB0,0x44,0x6F,0x3C,0x00,0x00,0xCC,0x34,0x6E,0x3C,0xAF,0x44,0x6F,0x3C,
    0x6F,0x3C,0x6F,0x3C,0x6F,0x3C,0x6F,0x3C,0x6F,0x3C,0x6F,0x3C,0x6F,0x3C,0x6F,0x3C,
    0x6F,0x3C,0x6F,0x3C,0x6F,0x3C,0x6F,0x3C,0x6F,0x3C,0x8F,0x44,0x0D,0x2C,0x37,0x9E,
    0xFF,0xFF,0xDF,0xF7,0xFF,0xFF,0x53,0x6D,0x4E,0x34,0x6F,0x44,0x6F,0x3C,0x6F,0x3C,
    0x6F,0x3C,0x6F,0x3C,0x6F,0x3C,0x6F,0x3C,0x6F,0x3C,0x6F,0x3C,0x6F,0x3C,0x6F,0x3C,
    0x6F,0x3C,0x6F,0x3C,0x6F,0x3C,0x6F,0x3C,0x6F,0x3C,0x6F,0x3C,0x6F,0x3C,0x6F,0x3C,
    0x6F,0x3C,0x6F,0x3C,0x6F,0x3C,0x6F,0x3C,0x6F,0x3C,0x6F,0x3C,0x6F,0x3C,0x6F,0x3C,
    0x6F,0x3C,0x6F,0x3C,0x6F,0x3C,0x6F,0x3C,0x8F,0x44,0x0D,0x2C,0x37,0x9E,0xFF,0xFF,
    0xDF,0xF7,0xFF,0xFF,0x53,0x6D,0x4E,0x34,0x6F,0x44,0x6F,0x3C,0x6F,0x3C,0x6F,0x3C,
    0x6F,0x3C,0x6F,0x3C,0x6F,0x3C,0x6F,0x3C,0x6F,0x3C,0x6F,0x3C,0x6F,0x3C,0x6F,0x3C,
    0x6F,0x3C,0x6F,0x3C,0x6F,0x3C,0x6F,0x3C,0x6F,0x3C,0x6F,0x3C,0x6F,0x3C,0x6F,0x3C,
    0x6F,0x3C,0x6F,0x3C,0x6F,0x3C,0xAF,0x44,0x6E,0x3C,0xCC,0x34,0xAF,0x3C,0x6F,0x3C,
    0x8F,0x3C,0x6E,0x3C,0x6F,0x3C,0x6F,0x3C,0x6F,0x3C,0x6F,0x3C,0x6F,0x3C,0x6F,0x3C,
    0x6F,0x3C,0x6F,0x3C,0x6F,0x3C,0x6F,0x3C,0x6F,0x3C,0x6F,0x3C,0x6F,0x3C,0x8F,0x44,
    0x0D,0x2C,0x37,0x9E,0xFF,0xFF,0xDF,0xF7,0xFF,0xFF,0x53,0x6D,0x4E,0x34,0x6F,0x44,
    0x6F,0x3C,0x6F,0x3C,0x6F,0x3C,0x6F,0x3C,0x6F,0x3C,0x6F,0x3C,0x6F,0x3C,0x6F,0x3C,
    0x6F,0x3C,0x6F,0x3C,0x6F,0x3C,0x6F,0x3C,0x6F,0x3C,0x6F,0x3C,0x6F,0x3C,0x6F,0x3C,
    0x6F,0x3C,0x6F,0x3C,0x6F,0x3C,0x6F,0x3C,0x6F,0x3C,0x6F,0x3C,0x6F,0x3C,0x6F,0x3C,
    0x6F,0x3C,0x6F,0x3C,0x6F,0x3C,0x6F,0x3C,0x6F,0x3C,0x6F,0x3C,0x8F,0x44,0x0D,0x2C,
    0x37,0x9E,0xFF,0xFF,0xDF,0xF7,0xFF,0xFF,0x53,0x6D,0x4E,0x34,0x6F,0x44,0x6F,0x3C,
    0x6F,0x3C,0x6F,0x3C,0x6F,0x3C,0x6F,0x3C,0x6F,0x3C,0x6F,0x3C,0x6F,0x3C,0x6F,0x3C,
    0x6F,0x3C,0x6F,0x3C,0x6F,0x3C,0x6F,0x3C,0x6F,0x3C,0x6F,0x3C,0x6F,0x3C,0x6F,0x3C,
    0x6F,0x3C,0x6F,0x3C,0x6F,0x3C,0x6F,0x3C,0x6E,0x3C,0x8F,0x3C,0x6F,0x3C,0xAF,0x3C,
    0x6F,0x3C,0x6F,0x3C,0x6F,0x3C,0x6E,0x3C,0x6F,0x3C,0x6F,0x3C,0x6F,0x3C,0x6F,0x3C,
    0x6F,0x3C,0x6F,0x3C,0x6F,0x3C,0x6F,0x3C,0x6F,0x3C,0x6F,0x3C,0x6F,0x3C,0x6F,0x3C,
    0x6F,0x3C,0x8F,0x44,0x0D,0x2C,0x37,0x9E,0xFF,0xFF,0xDF,0xF7,0xFF,0xFF,0x53,0x6D,
    0x4E,0x34,0x6F,0x44,0x6F,0x3C,0x6F,0x3C,0x6F,0x3C,0x6F,0x3C,0x6F,0x3C,0x6F,0x3C,
    0x6F,0x3C,0x6F,0x3C,0x6F,0x3C,0x6F,0x3C,0x6F,0x3C,0x6F,0x3C,0x6F,0x3C,0x6F,0x3C,
    0x6F,0x3C,0x6F,0x3C,0x6F,0x3C,0x6F,0x3C,0x6F,0x3C,0x6F,0x3C,0x6F,0x3C,0x6F,0x3C,
    0x6F,0x3C,0x6F,0x3C,0x6F,0x3C,0x6F,0x3C,0x6F,0x3C,0x6F,0x3C,0x6F,0x3C,0x6F,0x3C,
    0x8F,0x44,0x0D,0x2C,0x37,0x9E,0xFF,0xFF,0xDF,0xF7,0xFF,0xFF,0x53,0x6D,0x4E,0x34,
    0x6F,0x44,0x6F,0x3C,0x6F,0x3C,0x6F,0x3C,0x6F,0x3C,0x6F,0x3C,0x6F,0x3C,0x6F,0x3C,
    0x6F,0x3C,0x6F,0x3C,0x6F,0x3C,0x6F,0x3C,0x6F,0x3C,0x6F,0x3C,0x6F,0x3C,0x6F,0x3C,
    0x6F,0x3C,0x6F,0x3C,0x6F,0x3C,0x6F,0x3C,0x6F,0x3C,0x6F,0x3C,0x6E,0x3C,0x6F,0x3C,
    0x6F,0x3C,0x6F,0x3C,0x6E,0x3C,0xAF,0x44,0x6F,0x3C,0x6F,0x3C,0x6F,0x3C,0x6F,0x3C,
    0x6F,0x3C,0x6F,0x3C,0x6F,0x3C,0x6F,0x3C,0x6F,0x3C,0x6F,0x3C,0x6F,0x3C,0x6F,0x3C,
    0x6F,0x3C,0x6F,0x3C,0x6F,0x3C,0x8F,0x44,0x0D,0x2C,0x37,0x9E,0xFF,0xFF,0xDF,0xF7,
    0xFF,0xFF,0x53,0x6D,0x4E,0x34,0x6F,0x44,0x6F,0x3C,0x6F,0x3C,0x6F,0x3C,0x6F,0x3C,
    0x6F,0x3C,0x6F,0x3C,0x6F,0x3C,0x6F,0x3C,0x6F,0x3C,0x6F,0x3C,0x6F,0x3C,0x6F,0x3C,
    0x6F,0x3C,0x6F,0x3C,0x6F,0x3C,0x6F,0x3C,0x6F,0x3C,0x6F,0x3C,0x6F,0x3C,0x6F,0x3C,
    0x6F,0x3C,0x6F,0x3C,0x6F,0x3C,0x6F,0x3C,0x6F,0x3C,0x6F,0x3C,0x6F,0x3C,0x6F,0x3C,
    0x6F,0x3C,0x6F,0x3C,0x8F,0x44,0x0D,0x2C,0x37,0x9E,0xFF,0xFF,0xDF,0xF7,0xFF,0xFF,
    0x53,0x6D,0x4E,0x34,0x6F,0x44,0x6F,0x3C,0x6F,0x3C,0x6F,0x3C,0x6F,0x3C,0x6F,0x3C,
    0x6F,0x3C,0x6F,0x3C,0x6F,0x3C,0x6F,0x3C,0x6F,0x3C,0x6F,0x3C,0x6F,0x3C,0x6F,0x3C,
    0x6F,0x3C,0x6F,0x3C,0x6F,0x3C,0x6F,0x3C,0x6F,0x3C,0x6F,0x3C,0x6F,0x3C,0x6F,0x3C,
    0x6F,0x3C,0x6F,0x3C,0xAF,0x44,0x6E,0x3C,0x6F,0x3C,0x8F,0x44,0x6F,0x3C,0x6F,0x3C,
    0x6F,0x3C,0x6F,0x3C,0x6F,0x3C,0x6F,0x3C,0x6F,0x3C,0x6F,0x3C,0x6F,0x3C,0x6F,0x3C,
    0x6F,0x3C,0x6F,0x3C,0x6F,0x3C,0x6F,0x3C,0x6F,0x3C,0x8F,0x44,0x0D,0x2C,0x37,0x9E,
    0xFF,0xFF,0xDF,0xF7,0xFF,0xFF,0x53,0x6D,0x4E,0x34,0x6F,0x44,0x6F,0x3C,0x6F,0x3C,
    0x6F,0x3C,0x6F,0x3C,0x6F,0x3C,0x6F,0x3C,0x6F,0x3C,0x6F,0x3C,0x6F,0x3C,0x6F,0x3C,
    0x6F,0x3C,0x6F,0x3C,0x6F,0x3C,0x6F,0x3C,0x6F,0x3C,0x6F,0x3C,0x6F,0x3C,0x6F,0x3C,
    0x6F,0x3C,0x6F,0x3C,0x6F,0x3C,0x6F,0x3C,0x6F,0x3C,0x6F,0x3C,0x6F,0x3C,0x6F,0x3C,
    0x6F,0x3C,0x6F,0x3C,0x6F,0x3C,0x6F,0x3C,0x8F,0x44,0x0D,0x2C,0x37,0x9E,0xFF,0xFF,
    0xDF,0xF7,0xFF,0xFF,0x53,0x6D,0x4E,0x34,0x6F,0x44,0x6F,0x3C,0x6F,0x3C,0x6F,0x3C,
    0x6F,0x3C,0x6F,0x3C,0x6F,0x3C,0x6F,0x3C,0x6F,0x3C,0x6F,0x3C,0x6F,0x3C,0x6F,0x3C,
    0x6F,0x3C,0x6F,0x3C,0x6F,0x3C,0x6F,0x3C,0x6F,0x3C,0x6F,0x3C,0x6F,0x3C,0x6F,0x3C,
    0x6F,0x3C,0x6F,0x3C,0x6F,0x3C,0x6F,0x3C,0x8F,0x44,0x6F,0x3C,0x6F,0x3C,0x8F,0x3C,
    0x6F,0x3C,0x6F,0x3C,0x6F,0x3C,0x6F,0x3C,0x6F,0x3C,0x6F,0x3C,0x6F,0x3C,0x6F,0x3C,
    0x6F,0x3C,0x6F,0x3C,0x6F,0x3C,0x6F,0x3C,0x6F,0x3C,0x6F,0x3C,0x6F,0x3C,0x8F,0x44,
    0x0D,0x2C,0x37,0x9E,0xFF,0xFF,0xDF,0xF7,0xFF,0xFF,0x53,0x6D,0x4E,0x34,0x6F,0x44,
    0x6F,0x3C,0x6F,0x3C,0x6F,0x3C,0x6F,0x3C,0x6F,0x3C,0x6F,0x3C,0x6F,0x3C,0x6F,0x3C,
    0x6F,0x3C,0x6F,0x3C,0x6F,0x3C,0x6F,0x3C,0x6F,0x3C,0x6F,0x3C,0x6F,0x3C,0x6F,0x3C,
    0x6F,0x3C,0x6F,0x3C,0x6F,0x3C,0x6F,0x3C,0x6F,0x3C,0x6F,0x3C,0x6F,0x3C,0x6F,0x3C,
    0x6F,0x3C,0x6F,0x3C,0x6F,0x3C,0x6F,0x3C,0x6F,0x3C,0x6F,0x3C,0x8F,0x44,0x0D,0x2C,
    0x37,0x9E,0xFF,0xFF,0xDF,0xF7,0xFF,0xFF,0x53,0x6D,0x4E,0x34,0x6F,0x44,0x6F,0x3C,
    0x6F,0x3C,0x6F,0x3C,0x6F,0x3C,0x6F,0x3C,0x6F,0x3C,0x6F,0x3C,0x6F,0x3C,0x6F,0x3C,
    0x6F,0x3C,0x6F,0x3C,0x6F,0x3C,0x6F,0x3C,0x6F,0x3C,0x6F,0x3C,0x6F,0x3C,0x6F,0x3C,
    0x6F,0x3C,0x6F,0x3C,0x6F,0x3C,0x6F,0x3C,0x6F,0x3C,0x6F,0x3C,0x8F,0x3C,0x6F,0x3C,
    0x6E,0x3C,0x6F,0x3C,0x6E,0x3C,0x6F,0x3C,0x6F,0x3C,0x6F,0x3C,0x6F,0x3C,0x6F,0x3C,
    0x6F,0x3C,0x6F,0x3C,0x6F,0x3C,0x6F,0x3C,0x6F,0x3C,0x6F,0x3C,0x6F,0x3C,0x6F,0x3C,
    0x6F,0x3C,0x8F,0x44,0x0D,0x2C,0x37,0x9E,0xFF,0xFF,0xDF,0xF7,0xFF,0xFF,0x53,0x6D,
    0x4E,0x34,0x6F,0x44,0x6F,0x3C,0x6F,0x3C,0x6F,0x3C,0x6F,0x3C,0x6F,0x3C,0x6F,0x3C,
    0x6F,0x3C,0x6F,0x3C,0x6F,0x3C,0x6F,0x3C,0x6F,0x3C,0x6F,0x3C,0x6F,0x3C,0x6F,0x3C,
    0x6F,0x3C,0x6F,0x3C,0x6F,0x3C,0x6F,0x3C,0x6F,0x3C,0x6F,0x3C,0x6F,0x3C,0x6F,0x3C,
    0x6F,0x3C,0x6F,0x3C,0x6F,0x3C,0x6F,0x3C,0x6F,0x3C,0x6F,0x3C,0x6F,0x3C,0x6F,0x3C,
    0x8F,0x44,0x0D,0x2C,0x37,0x9E,0xFF,0xFF,0xDF,0xF7,0xFF,0xFF,0x53,0x6D,0x4E,0x34,
    0x6F,0x44,0x6F,0x3C,0x6F,0x3C,0x6F,0x3C,0x6F,0x3C,0x6F,0x3C,0x6F,0x3C,0x6F,0x3C,
    0x6F,0x3C,0x6F,0x3C,0x6F,0x3C,0x6F,0x3C,0x6F,0x3C,0x6F,0x3C,0x6F,0x3C,0x6F,0x3C,
    0x6F,0x3C,0x6F,0x3C,0x6F,0x3C,0x6F,0x3C,0x6F,0x3C,0x6F,0x3C,0x6F,0x3C,0x6E,0x3C,
    0x6F,0x3C,0x6E,0x3C,0x6E,0x3C,0x6F,0x3C,0x6E,0x3C,0x6F,0x3C,0x6F,0x3C,0x6F,0x3C,
    0x6F,0x3C,0x6F,0x3C,0x6F,0x3C,0x6F,0x3C,0x6F,0x3C,0x6F,0x3C,0x6F,0x3C,0x6F,0x3C,
    0x6F,0x3C,0x6F,0x3C,0x6F,0x3C,0x8F,0x44,0x0D,0x2C,0x37,0x9E,0xFF,0xFF,0xDF,0xF7,
    0xFF,0xFF,0x53,0x6D,0x4E,0x34,0x6F,0x44,0x6F,0x3C,0x6F,0x3C,0x6F,0x3C,0x6F,0x3C,
    0x6F,0x3C,0x6F,0x3C,0x6F,0x3C,0x6F,0x3C,0x6F,0x3C,0x6F,0x3C,0x6F,0x3C,0x6F,0x3C,
    0x6F,0x3C,0x6F,0x3C,0x6F,0x3C,0x6F,0x3C,0x6F,0x3C,0x6F,0x3C,0x6F,0x3C,0x6F,0x3C,
    0x6F,0x3C,0x6F,0x3C,0x6F,0x3C,0x6F,0x3C,0x6F,0x3C,0x6F,0x3C,0x6F,0x3C,0x6F,0x3C,
    0x6F,0x3C,0x6F,0x3C,0x8F,0x44,0x0D,0x2C,0x37,0x9E,0xFF,0xFF,0xDF,0xF7,0xFF,0xFF,
    0x53,0x6D,0x4E,0x34,0x6F,0x44,0x6F,0x3C,0x6F,0x3C,0x6F,0x3C,0x6F,0x3C,0x6F,0x3C,
    0x6F,0x3C,0x6F,0x3C,0x6F,0x3C,0x6F,0x3C,0x6F,0x3C,0x6F,0x3C,0x6F,0x3C,0x6F,0x3C,
    0x6F,0x3C,0x6F,0x3C,0x6F,0x3C,0x6F,0x3C,0x6F,0x3C,0x6F,0x3C,0x6F,0x3C,0x6F,0x3C,
    0x6F,0x3C,0x6E,0x3C,0x6F,0x3C,0x6E,0x3C,0x6E,0x3C,0x6F,0x3C,0x6F,0x3C,0x6F,0x3C,
    0x6F,0x3C,0x6F,0x3C,0x6F,0x3C,0x6F,0x3C,0x6F,0x3C,0x6F,0x3C,0x6F,0x3C,0x6F,0x3C,
    0x6F,0x3C,0x6F,0x3C,0x6F,0x3C,0x6F,0x3C,0x6F,0x3C,0x8F,0x44,0x0D,0x2C,0x37,0x9E,
    0xFF,0xFF,0xDF,0xF7,0xFF,0xFF,0x53,0x6D,0x4E,0x34,0x6F,0x44,0x6F,0x3C,0x6F,0x3C,
    0x6F,0x3C,0x6F,0x3C,0x6F,0x3C,0x6F,0x3C,0x6F,0x3C,0x6F,0x3C,0x6F,0x3C,0x6F,0x3C,
    0x6F,0x3C,0x6F,0x3C,0x6F,0x3C,0x6F,0x3C,0x6F,0x3C,0x6F,0x3C,0x6F,0x3C,0x6F,0x3C,
    0x6F,0x3C,0x6F,0x3C,0x6F,0x3C,0x6F,0x3C,0x6F,0x3C,0x6F,0x3C,0x6F,0x3C,0x6F,0x3C,
    0x6F,0x3C,0x6F,0x3C,0x6F,0x3C,0x6F,0x3C,0x8F,0x44,0x0D,0x2C,0x37,0x9E,0xFF,0xFF,
    0xDF,0xF7,0xFF,0xFF,0x53,0x6D,0x4E,0x34,0x6F,0x44,0x6F,0x3C,0x6F,0x3C,0x6F,0x3C,
    0x6F,0x3C,0x6F,0x3C,0x6F,0x3C,0x6F,0x3C,0x6F,0x3C,0x6F,0x3C,0x6F,0x3C,0x6F,0x3C,
    0x6F,0x3C,0x6F,0x3C,0x6F,0x3C,0x6F,0x3C,0x6F,0x3C,0x6F,0x3C,0x6F,0x3C,0x6F,0x3C,
    0x6F,0x3C,0x6F,0x3C,0x6F,0x3C,0x6F,0x3C,0x6F,0x3C,0x6E,0x3C,0x6F,0x3C,0x6F,0x3C,
    0x6F,0x3C,0x6F,0x3C,0x6F,0x3C,0x6F,0x3C,0x6F,0x3C,0x6F,0x3C,0x6F,0x3C,0x6F,0x3C,
    0x6F,0x3C,0x6F,0x3C,0x6F,0x3C,0x6F,0x3C,0x6F,0x3C,0x6F,0x3C,0x6F,0x3C,0x8F,0x44,
    0x0D,0x2C,0x37,0x9E,0xFF,0xFF,0xDF,0xF7,0xFF,0xFF,0x53,0x6D,0x4E,0x34,0x6F,0x44,
    0x6F,0x3C,0x6F,0x3C,0x6F,0x3C,0x6F,0x3C,0x6F,0x3C,0x6F,0x3C,0x6F,0x3C,0x6F,0x3C,
    0x6F,0x3C,0x6F,0x3C,0x6F,0x3C,0x6F,0x3C,0x6F,0x3C,0x6F,0x3C,0x6F,0x3C,0x6F,0x3C,
    0x6F,0x3C,0x6F,0x3C,0x6F,0x3C,0x6F,0x3C,0x6F,0x3C,0x6F,0x3C,0x6F,0x3C,0x6F,0x3C,
    0x6F,0x3C,0x6F,0x3C,0x6F,0x3C,0x6F,0x3C,0x6F,0x3C,0x6F,0x3C,0x8F,0x44,0x0D,0x2C,
    0x37,0x9E,0xFF,0xFF,0xDF,0xF7,0xFF,0xFF,0x53,0x6D,0x4E,0x34,0x6F,0x44,0x6F,0x3C,
    0x6F,0x3C,0x6F,0x3C,0x6F,0x3C,0x6F,0x3C,0x6F,0x3C,0x6F,0x3C,0x6F,0x3C,0x6F,0x3C,
    0x6F,0x3C,0x6F,0x3C,0x6F,0x3C,0x6F,0x3C,0x6F,0x3C,0x6F,0x3C,0x6F,0x3C,0x6F,0x3C,
    0x6F,0x3C,0x6F,0x3C,0x6F,0x3C,0x6F,0x3C,0x6F,0x3C,0x6F,0x3C,0x6F,0x3C,0x6F,0x3C,
    0x6F,0x3C,0x6F,0x3C,0x6F,0x3C,0x6F,0x3C,0x6F,0x3C,0x6F,0x3C,0x6F,0x3C,0x6F,0x3C,
    0x6F,0x3C,0x6F,0x3C,0x6F,0x3C,0x6F,0x3C,0x6F,0x3C,0x6F,0x3C,0x6F,0x3C,0x6F,0x3C,
    0x6F,0x3C,0x8F,0x44,0x0D,0x2C,0x37,0x9E,0xFF,0xFF,0xDF,0xF7,0xFF,0xFF,0x53,0x6D,
    0x4E,0x34,0x6F,0x44,0x6F,0x3C,0x6F,0x3C,0x6F,0x3C,0x6F,0x3C,0x6F,0x3C,0x6F,0x3C,
    0x6F,0x3C,0x6F,0x3C,0x6F,0x3C,0x6F,0x3C,0x6F,0x3C,0x6F,0x3C,0x6F,0x3C,0x6F,0x3C,
    0x6F,0x3C,0x6F,0x3C,0x6F,0x3C,0x6F,0x3C,0x6F,0x3C,0x6F,0x3C,0x6F,0x3C,0x6F,0x3C,
    0x6F,0x3C,0x6F,0x3C,0x6F,0x3C,0x6F,0x3C,0x6F,0x3C,0x6F,0x3C,0x6F,0x3C,0x6F,0x3C,
    0x8F,0x44,0x0D,0x2C,0x37,0x9E,0xFF,0xFF,0xDF,0xF7,0xFF,0xFF,0x53,0x6D,0x4E,0x34,
    0x6F,0x44,0x6F,0x3C,0x6F,0x3C,0x6F,0x3C,0x6F,0x3C,0x6F,0x3C,0x6F,0x3C,0x6F,0x3C,
    0x6F,0x3C,0x6F,0x3C,0x6F,0x3C,0x6F,0x3C,0x6F,0x3C,0x6F,0x3C,0x6F,0x3C,0x6F,0x3C,
    0x6F,0x3C,0x6F,0x3C,0x6F,0x3C,0x6F,0x3C,0x6F,0x3C,0x6F,0x3C,0x6F,0x3C,0x6F,0x3C,
    0x6F,0x3C,0x6F,0x3C,0x6F,0x3C,0x6F,0x3C,0x6F,0x3C,0x6F,0x3C,0x6F,0x3C,0x6F,0x3C,
    0x6F,0x3C,0x6F,0x3C,0x6F,0x3C,0x6F,0x3C,0x6F,0x3C,0x6F,0x3C,0x6F,0x3C,0x6F,0x3C,
    0x6F,0x3C,0x6F,0x3C,0x6F,0x3C,0x8F,0x44,0x0D,0x2C,0x37,0x9E,0xFF,0xFF,0xDF,0xF7,
    0xFF,0xFF,0x53,0x6D,0x4E,0x34,0x6F,0x44,0x6F,0x3C,0x6F,0x3C,0x6F,0x3C,0x6F,0x3C,
    0x6F,0x3C,0x6F,0x3C,0x6F,0x3C,0x6F,0x3C,0x6F,0x3C,0x6F,0x3C,0x6F,0x3C,0x6F,0x3C,
    0x6F,0x3C,0x6F,0x3C,0x6F,0x3C,0x6F,0x3C,0x6F,0x3C,0x6F,0x3C,0x6F,0x3C,0x6F,0x3C,
    0x6F,0x3C,0x6F,0x3C,0x6F,0x3C,0x6F,0x3C,0x6F,0x3C,0x6F,0x3C,0x6F,0x3C,0x6F,0x3C,
    0x6F,0x3C,0x6F,0x3C,0x8F,0x44,0x0D,0x2C,0x37,0x9E,0xFF,0xFF,0xDF,0xF7,0xFF,0xFF,
    0x53,0x6D,0x4E,0x34,0x6F,0x44,0x6F,0x3C,0x6F,0x3C,0x6F,0x3C,0x6F,0x3C,0x6F,0x3C,
    0x6F,0x3C,0x6F,0x3C,0x6F,0x3C,0x6F,0x3C,0x6F,0x3C,0x6F,0x3C,0x6F,0x3C,0x6F,0x3C,
    0x6F,0x3C,0x6F,0x3C,0x6F,0x3C,0x6F,0x3C,0x6F,0x3C,0x6F,0x3C,0x6F,0x3C,0x6F,0x3C,
    0x6F,0x3C,0x6F,0x3C,0x6F,0x3C,0x6F,0x3C,0x6F,0x3C,0x6F,0x3C,0x6F,0x3C,0x6F,0x3C,
    0x6F,0x3C,0x6F,0x3C,0x6F,0x3C,0x6F,0x3C,0x6F,0x3C,0x6F,0x3C,0x6F,0x3C,0x6F,0x3C,
    0x6F,0x3C,0x6F,0x3C,0x6F,0x3C,0x6F,0x3C,0x6F,0x3C,0x8F,0x44,0x0D,0x2C,0x37,0x9E,
    0xFF,0xFF,0xDF,0xF7,0xFF,0xFF,0x53,0x6D,0x4E,0x34,0x6F,0x44,0x6F,0x3C,0x6F,0x3C,
    0x6F,0x3C,0x6F,0x3C,0x6F,0x3C,0x6F,0x3C,0x6F,0x3C,0x6F,0x3C,0x6F,0x3C,0x6F,0x3C,
    0x6F,0x3C,0x6F,0x3C,0x6F,0x3C,0x6F,0x3C,0x6F,0x3C,0x6F,0x3C,0x6F,0x3C,0x6F,0x3C,
    0x6F,0x3C,0x6F,0x3C,0x6F,0x3C,0x6F,0x3C,0x6F,0x3C,0x6F,0x3C,0x6F,0x3C,0x6F,0x3C,
    0x6F,0x3C,0x6F,0x3C,0x6F,0x3C,0x6F,0x3C,0x8F,0x44,0x0D,0x2C,0x37,0x9E,0xFF,0xFF,
    0xDF,0xF7,0xFF,0xFF,0x53,0x6D,0x4E,0x34,0x6F,0x44,0x6F,0x3C,0x6F,0x3C,0x6F,0x3C,
    0x6F,0x3C,0x6F,0x3C,0x6F,0x3C,0x6F,0x3C,0x6F,0x3C,0x6F,0x3C,0x6F,0x3C,0x6F,0x3C,
    0x6F,0x3C,0x6F,0x3C,0x6F,0x3C,0x6F,0x3C,0x6F,0x3C,0x6F,0x3C,0x6F,0x3C,0x6F,0x3C,
    0x6F,0x3C,0x6F,0x3C,0x6F,0x3C,0x6F,0x3C,0x6F,0x3C,0x6F,0x3C,0x6E,0x3C,0x6F,0x3C,
    0x6F,0x3C,0x6F,0x3C,0x6F,0x3C,0x6F,0x3C,0x6F,0x3C,0x6F,0x3C,0x6F,0x3C,0x6F,0x3C,
    0x6F,0x3C,0x6F,0x3C,0x6F,0x3C,0x6F,0x3C,0x6F,0x3C,0x6F,0x3C,0x6F,0x3C,0x8F,0x44,
    0x0D,0x2C,0x37,0x9E,0xFF,0xFF,0xDF,0xF7,0xFF,0xFF,0x53,0x6D,0x4E,0x34,0x6F,0x44,
    0x6F,0x3C,0x6F,0x3C,0x6F,0x3C,0x6F,0x3C,0x6F,0x3C,0x6F,0x3C,0x6F,0x3C,0x6F,0x3C,
    0x6F,0x3C,0x6F,0x3C,0x6F,0x3C,0x6F,0x3C,0x6F,0x3C,0x6F,0x3C,0x6F,0x3C,0x6F,0x3C,
    0x6F,0x3C,0x6F,0x3C,0x6F,0x3C,0x6F,0x3C,0x6F,0x3C,0x6F,0x3C,0x6F,0x3C,0x6F,0x3C,
    0x6F,0x3C,0x6F,0x3C,0x6F,0x3C,0x6F,0x3C,0x6F,0x3C,0x6F,0x3C,0x8F,0x44,0x0D,0x2C,
    0x37,0x9E,0xFF,0xFF,0xDF,0xF7,0xFF,0xFF,0x53,0x6D,0x4E,0x34,0x6F,0x44,0x6F,0x3C,
    0x6F,0x3C,0x6F,0x3C,0x6F,0x3C,0x6F,0x3C,0x6F,0x3C,0x6F,0x3C,0x6F,0x3C,0x6F,0x3C,
    0x6F,0x3C,0x6F,0x3C,0x6F,0x3C,0x6F,0x3C,0x6F,0x3C,0x6F,0x3C,0x6F,0x3C,0x6F,0x3C,
    0x6F,0x3C,0x6F,0x3C,0x6F,0x3C,0x6F,0x3C,0x6F,0x3C,0x6F,0x3C,0x6F,0x3C,0x6E,0x3C,
    0x6E,0x3C,0x6F,0x3C,0x6E,0x3C,0x6F,0x3C,0x6F,0x3C,0x6F,0x3C,0x6F,0x3C,0x6F,0x3C,
    0x6F,0x3C,0x6F,0x3C,0x6F,0x3C,0x6F,0x3C,0x6F,0x3C,0x6F,0x3C,0x6F,0x3C,0x6F,0x3C,
    0x6F,0x3C,0x8F,0x44,0x0D,0x2C,0x37,0x9E,0xFF,0xFF,0xDF,0xF7,0xFF,0xFF,0x53,0x6D,
    0x4E,0x34,0x6F,0x44,0x6F,0x3C,0x6F,0x3C,0x6F,0x3C,0x6F,0x3C,0x6F,0x3C,0x6F,0x3C,
    0x6F,0x3C,0x6F,0x3C,0x6F,0x3C,0x6F,0x3C,0x6F,0x3C,0x6F,0x3C,0x6F,0x3C,0x6F,0x3C,
    0x6F,0x3C,0x6F,0x3C,0x6F,0x3C,0x6F,0x3C,0x6F,0x3C,0x6F,0x3C,0x6F,0x3C,0x6F,0x3C,
    0x6F,0x3C,0x6F,0x3C,0x6F,0x3C,0x6F,0x3C,0x6F,0x3C,0x6F,0x3C,0x6F,0x3C,0x6F,0x3C,
    0x8F,0x44,0x0D,0x2C,0x37,0x9E,0xFF,0xFF,0xDF,0xF7,0xFF,0xFF,0x53,0x6D,0x4E,0x34,
    0x6F,0x44,0x6F,0x3C,0x6F,0x3C,0x6F,0x3C,0x6F,0x3C,0x6F,0x3C,0x6F,0x3C,0x6F,0x3C,
    0x6F,0x3C,0x6F,0x3C,0x6F,0x3C,0x6F,0x3C,0x6F,0x3C,0x6F,0x3C,0x6F,0x3C,0x6F,0x3C,
    0x6F,0x3C,0x6F,0x3C,0x6F,0x3C,0x6F,0x3C,0x6F,0x3C,0x6F,0x3C,0x6F,0x3C,0x6E,0x3C,
    0x6F,0x3C,0x6E,0x3C,0x6E,0x3C,0x6F,0x3C,0x6E,0x3C,0x6F,0x3C,0x6F,0x3C,0x6F,0x3C,
    0x6F,0x3C,0x6F,0x3C,0x6F,0x3C,0x6F,0x3C,0x6F,0x3C,0x6F,0x3C,0x6F,0x3C,0x6F,0x3C,
    0x6F,0x3C,0x6F,0x3C,0x6F,0x3C,0x8F,0x44,0x0D,0x2C,0x37,0x9E,0xFF,0xFF,0xDF,0xF7,
    0xFF,0xFF,0x53,0x6D,0x4E,0x34,0x6F,0x44,0x6F,0x3C,0x6F,0x3C,0x6F,0x3C,0x6F,0x3C,
    0x6F,0x3C,0x6F,0x3C,0x6F,0x3C,0x6F,0x3C,0x6F,0x3C,0x6F,0x3C,0x6F,0x3C,0x6F,0x3C,
    0x6F,0x3C,0x6F,0x3C,0x6F,0x3C,0x6F,0x3C,0x6F,0x3C,0x6F,0x3C,0x6F,0x3C,0x6F,0x3C,
    0x6F,0x3C,0x6F,0x3C,0x6F,0x3C,0x6F,0x3C,0x6F,0x3C,0x6F,0x3C,0x6F,0x3C,0x6F,0x3C,
    0x6F,0x3C,0x6F,0x3C,0x8F,0x44,0x0D,0x2C,0x37,0x9E,0xFF,0xFF,0xDF,0xF7,0xFF,0xFF,
    0x53,0x6D,0x4E,0x34,0x6F,0x44,0x6F,0x3C,0x6F,0x3C,0x6F,0x3C,0x6F,0x3C,0x6F,0x3C,
    0x6F,0x3C,0x6F,0x3C,0x6F,0x3C,0x6F,0x3C,0x6F,0x3C,0x6F,0x3C,0x6F,0x3C,0x6F,0x3C,
    0x6F,0x3C,0x6F,0x3C,0x6F,0x3C,0x6F,0x3C,0x6F,0x3C,0x6F,0x3C,0x6F,0x3C,0x6F,0x3C,
    0x6F,0x3C,0x6E,0x3C,0x6F,0x3C,0x6E,0x3C,0x6F,0x3C,0x8F,0x3C,0x6F,0x3C,0x6F,0x3C,
    0x6F,0x3C,0x6F,0x3C,0x6F,0x3C,0x6F,0x3C,0x6F,0x3C,0x6F,0x3C,0x6F,0x3C,0x6F,0x3C,
    0x6F,0x3C,0x6F,0x3C,0x6F,0x3C,0x6F,0x3C,0x6F,0x3C,0x8F,0x44,0x0D,0x2C,0x37,0x9E,
    0xFF,0xFF,0xDF,0xF7,0xFF,0xFF,0x53,0x6D,0x4E,0x3C,0x8F,0x44,0x8F,0x44,0x8F,0x44,
    0x8F,0x44,0x8F,0x44,0x8F,0x44,0x8F,0x44,0x8F,0x44,0x8F,0x44,0x8F,0x44,0x8F,0x44,
    0x8F,0x44,0x8F,0x44,0x8F,0x44,0x8F,0x44,0x8F,0x44,0x8F,0x44,0x8F,0x44,0x8F,0x44,
    0x8F,0x44,0x8F,0x44,0x8F,0x44,0x8F,0x44,0x8F,0x44,0x8F,0x44,0x8F,0x44,0x8F,0x44,
    0x8F,0x44,0x8F,0x44,0x8F,0x44,0x8F,0x44,0xAF,0x44,0x2D,0x34,0x57,0xA6,0xFF,0xFF,
    0xDF,0xF7,0xFF,0xFF,0x53,0x6D,0x4E,0x34,0x6F,0x44,0x6F,0x3C,0x6F,0x3C,0x6F,0x3C,
    0x6F,0x3C,0x6F,0x3C,0x6F,0x3C,0x6F,0x3C,0x6F,0x3C,0x6F,0x3C,0x6F,0x3C,0x6F,0x3C,
    0x6F,0x3C,0x6F,0x3C,0x6F,0x3C,0x6F,0x3C,0x6F,0x3C,0x6F,0x3C,0x6F,0x3C,0x6F,0x3C,
    0x6F,0x3C,0x6F,0x3C,0x6F,0x3C,0x6F,0x3C,0x8F,0x3C,0x6F,0x3C,0x6F,0x3C,0x8F,0x44,
    0x6F,0x3C,0x6F,0x3C,0x6F,0x3C,0x6F,0x3C,0x6F,0x3C,0x6F,0x3C,0x6F,0x3C,0x6F,0x3C,
    0x6F,0x3C,0x6F,0x3C,0x6F,0x3C,0x6F,0x3C,0x6F,0x3C,0x6F,0x3C,0x6F,0x3C,0x8F,0x44,
    0x0D,0x2C,0x37,0x9E,0xFF,0xFF,0xDF,0xF7,0xFF,0xFF,0x11,0x5D,0xEC,0x23,0x2D,0x2C,
    0x0D,0x2C,0x0D,0x2C,0x0D,0x2C,0x0D,0x2C,0x0D,0x2C,0x0D,0x2C,0x0D,0x2C,0x0D,0x2C,
    0x0D,0x2C,0x0D,0x2C,0x0D,0x2C,0x0D,0x2C,0x0D,0x2C,0x0D,0x2C,0x0D,0x2C,0x0D,0x2C,
    0x0D,0x2C,0x0D,0x2C,0x0D,0x2C,0x0D,0x2C,0x0D,0x2C,0x0D,0x2C,0x0D,0x2C,0x0D,0x2C,
    0x0D,0x2C,0x0D,0x2C,0x0D,0x2C,0x0D,0x2C,0x0D,0x2C,0x0D,0x2C,0x2D,0x34,0xAB,0x1B,
    0x16,0x96,0xFF,0xFF,0xDF,0xF7,0xFF,0xFF,0x53,0x6D,0x4E,0x34,0x6F,0x44,0x6F,0x3C,
    0x6F,0x3C,0x6F,0x3C,0x6F,0x3C,0x6F,0x3C,0x6F,0x3C,0x6F,0x3C,0x6F,0x3C,0x6F,0x3C,
    0x6F,0x3C,0x6F,0x3C,0x6F,0x3C,0x6F,0x3C,0x6F,0x3C,0x6F,0x3C,0x6F,0x3C,0x6F,0x3C,
    0x6F,0x3C,0x6F,0x3C,0x6F,0x3C,0x6F,0x3C,0x6F,0x3C,0x6F,0x3C,0x8F,0x44,0x6F,0x3C,
    0x6E,0x3C,0xAF,0x44,0x6F,0x3C,0x6F,0x3C,0x6F,0x3C,0x6F,0x3C,0x6F,0x3C,0x6F,0x3C,
    0x6F,0x3C,0x6F,0x3C,0x6F,0x3C,0x6F,0x3C,0x6F,0x3C,0x6F,0x3C,0x6F,0x3C,0x6F,0x3C,
    0x6F,0x3C,0x8F,0x44,0x0D,0x2C,0x57,0xA6,0xFF,0xFF,0xDF,0xFF,0xFF,0xFF,0xB9,0xB6,
    0x37,0x9E,0x37,0xA6,0x37,0x9E,0x37,0x9E,0x37,0x9E,0x37,0x9E,0x37,0x9E,0x37,0x9E,
    0x37,0x9E,0x37,0x9E,0x37,0x9E,0x37,0x9E,0x37,0x9E,0x37,0x9E,0x37,0x9E,0x37,0x9E,
    0x37,0x9E,0x37,0x9E,0x37,0x9E,0x37,0x9E,0x37,0x9E,0x37,0x9E,0x37,0x9E,0x37,0x9E,
    0x37,0x9E,0x37,0x9E,0x37,0x9E,0x37,0x9E,0x37,0x9E,0x37,0x9E,0x37,0x9E,0x37,0x9E,
    0x57,0xA6,0x16,0x96,0x1B,0xCF,0xFF,0xFF,0xFF,0xFF,0xFF,0xFF,0x53,0x6D,0x4E,0x34,
    0x6F,0x44,0x6F,0x3C,0x6F,0x3C,0x6F,0x3C,0x6F,0x3C,0x6F,0x3C,0x6F,0x3C,0x6F,0x3C,
    0x6F,0x3C,0x6F,0x3C,0x6F,0x3C,0x6F,0x3C,0x6F,0x3C,0x6F,0x3C,0x6F,0x3C,0x6F,0x3C,
    0x6F,0x3C,0x6F,0x3C,0x6F,0x3C,0x6F,0x3C,0x6F,0x3C,0x6F,0x3C,0x6F,0x3C,0x6F,0x3C,
    0xAF,0x44,0x6E,0x3C,0x6F,0x3C,0x6F,0x3C,0x6F,0x3C,0x6E,0x3C,0x6F,0x3C,0x6F,0x3C,
    0x6F,0x3C,0x6F,0x3C,0x6F,0x3C,0x6F,0x3C,0x6F,0x3C,0x6F,0x3C,0x6F,0x3C,0x6F,0x3C,
    0x6F,0x3C,0x6F,0x3C,0x6F,0x3C,0x8F,0x44,0x2D,0x2C,0x37,0x9E,0xFF,0xFF,0xDF,0xFF,
    0xFF,0xFF,0xFF,0xFF,0xFF,0xFF,0xFF,0xFF,0xFF,0xFF,0xFF,0xFF,0xFF,0xFF,0xFF,0xFF,
    0xFF,0xFF,0xFF,0xFF,0xFF,0xFF,0xFF,0xFF,0xFF,0xFF,0xFF,0xFF,0xFF,0xFF,0xFF,0xFF,
    0xFF,0xFF,0xFF,0xFF,0xFF,0xFF,0xFF,0xFF,0xFF,0xFF,0xFF,0xFF,0xFF,0xFF,0xFF,0xFF,
    0xFF,0xFF,0xFF,0xFF,0xFF,0xFF,0xFF,0xFF,0xFF,0xFF,0xFF,0xFF,0xFF,0xFF,0xFF,0xFF,
    0xFF,0xFF,0xFF,0xFF,0xFF,0xFF,0xFF,0xFF,0xFF,0xFF,0xFF,0xFF,0xFF,0xFF,0xFF,0xFF,
    0x32,0x6D,0x4E,0x34,0x6F,0x44,0x6F,0x3C,0x6F,0x3C,0x6F,0x3C,0x6F,0x3C,0x6F,0x3C,
    0x6F,0x3C,0x6F,0x3C,0x6F,0x3C,0x6F,0x3C,0x6F,0x3C,0x6F,0x3C,0x6F,0x3C,0x6F,0x3C,
    0x6F,0x3C,0x6F,0x3C,0x6F,0x3C,0x6F,0x3C,0x6F,0x3C,0x6F,0x3C,0x6F,0x3C,0x6F,0x3C,
    0x6E,0x3C,0x6F,0x3C,0x6F,0x3C,0x6F,0x3C,0xAF,0x3C,0x6F,0x3C,0x8F,0x3C,0x6E,0x3C,
    0x6F,0x3C,0x6F,0x3C,0x6F,0x3C,0x6F,0x3C,0x6F,0x3C,0x6F,0x3C,0x6F,0x3C,0x6F,0x3C,
    0x6F,0x3C,0x6F,0x3C,0x6F,0x3C,0x6F,0x3C,0x6F,0x3C,0x6F,0x3C,0x6F,0x44,0x4E,0x34,
    0x99,0xB6,0xFF,0xFF,0xFF,0xFF,0xDF,0xFF,0xDF,0xF7,0xDF,0xF7,0xDF,0xF7,0xDF,0xF7,
    0xDF,0xF7,0xDF,0xF7,0xDF,0xF7,0xDF,0xF7,0xDF,0xF7,0xDF,0xF7,0xDF,0xF7,0xDF,0xF7,
    0xDF,0xF7,0xDF,0xF7,0xDF,0xF7,0xDF,0xF7,0xDF,0xF7,0xDF,0xF7,0xDF,0xF7,0xDF,0xF7,
    0xDF,0xF7,0xDF,0xF7,0xDF,0xF7,0xDF,0xF7,0xDF,0xF7,0xDF,0xF7,0xDF,0xF7,0xDF,0xF7,
    0xDF,0xF7,0xDF,0xF7,0xDF,0xF7,0xDF,0xF7,0xDF,0xF7,0xDF,0xF7,0xFF,0xFF,0xDF,0xFF,
    0xFF,0xFF,0xD5,0x85,0x4E,0x34,0x8F,0x44,0x6F,0x3C,0x6F,0x3C,0x6F,0x3C,0x6F,0x3C,
    0x6F,0x3C,0x6F,0x3C,0x6F,0x3C,0x6F,0x3C,0x6F,0x3C,0x6F,0x3C,0x6F,0x3C,0x6F,0x3C,
    0x6F,0x3C,0x6F,0x3C,0x6F,0x3C,0x6F,0x3C,0x6F,0x3C,0x6F,0x3C,0x6F,0x3C,0x6F,0x3C,
    0x6F,0x3C,0x6F,0x3C,0x6E,0x3C,0x8F,0x3C,0x6F,0x3C,0xAF,0x3C,0xCC,0x34,0x6E,0x3C,
    0xAF,0x44,0x6F,0x3C,0x6F,0x3C,0x6F,0x3C,0x6F,0x3C,0x6F,0x3C,0x6F,0x3C,0x6F,0x3C,
    0x6F,0x3C,0x6F,0x3C,0x6F,0x3C,0x6F,0x3C,0x6F,0x3C,0x6F,0x3C,0x6F,0x3C,0x6F,0x3C,
    0x6F,0x3C,0x6F,0x3C,0x2D,0x34,0xB9,0xB6,0xFF,0xFF,0xFF,0xFF,0xFF,0xFF,0xFF,0xFF,
    0xFF,0xFF,0xFF,0xFF,0xFF,0xFF,0xFF,0xFF,0xFF,0xFF,0xFF,0xFF,0xFF,0xFF,0xFF,0xFF,
    0xFF,0xFF,0xFF,0xFF,0xFF,0xFF,0xFF,0xFF,0xFF,0xFF,0xFF,0xFF,0xFF,0xFF,0xFF,0xFF,
    0xFF,0xFF,0xFF,0xFF,0xFF,0xFF,0xFF,0xFF,0xFF,0xFF,0xFF,0xFF,0xFF,0xFF,0xFF,0xFF,
    0xFF,0xFF,0xFF,0xFF,0xFF,0xFF,0xFF,0xFF,0xFF,0xFF,0xFF,0xFF,0xFF,0xFF,0xFF,0xFF,
    0xFF,0xFF,0xFF,0xFF,0xD5,0x8D,0x2D,0x2C,0x8F,0x44,0x6F,0x3C,0x6F,0x3C,0x6F,0x3C,
    0x6F,0x3C,0x6F,0x3C,0x6F,0x3C,0x6F,0x3C,0x6F,0x3C,0x6F,0x3C,0x6F,0x3C,0x6F,0x3C,
    0x6F,0x3C,0x6F,0x3C,0x6F,0x3C,0x6F,0x3C,0x6F,0x3C,0x6F,0x3C,0x6F,0x3C,0x6F,0x3C,
    0x6F,0x3C,0x6F,0x3C,0x6F,0x3C,0x6F,0x3C,0x6F,0x3C,0xAF,0x44,0x6E,0x3C,0xCC,0x34,
    0x00,0x00,0x6F,0x3C,0xB0,0x44,0x6E,0x3C,0x6F,0x3C,0x6F,0x3C,0x6F,0x3C,0x6F,0x3C,
    0x6F,0x3C,0x6F,0x3C,0x6F,0x3C,0x6F,0x3C,0x6F,0x3C,0x6F,0x3C,0x6F,0x3C,0x6F,0x3C,
    0x6F,0x3C,0x6F,0x3C,0x6F,0x3C,0x6F,0x3C,0x6E,0x3C,0x6E,0x3C,0x53,0x6D,0x52,0x6D,
    0x53,0x6D,0x53,0x6D,0x53,0x6D,0x53,0x6D,0x53,0x6D,0x53,0x6D,0x53,0x6D,0x53,0x6D,
    0x53,0x6D,0x53,0x6D,0x53,0x6D,0x53,0x6D,0x53,0x6D,0x53,0x6D,0x53,0x6D,0x53,0x6D,
    0x53,0x6D,0x53,0x6D,0x53,0x6D,0x53,0x6D,0x53,0x6D,0x53,0x6D,0x53,0x6D,0x53,0x6D,
    0x53,0x6D,0x53,0x6D,0x53,0x6D,0x53,0x6D,0x53,0x6D,0x53,0x6D,0x53,0x6D,0x53,0x6D,
    0x53,0x6D,0x53,0x6D,0x53,0x6D,0x32,0x6D,0x4E,0x34,0x8F,0x44,0x6F,0x3C,0x6F,0x3C,
    0x6F,0x3C,0x6F,0x3C,0x6F,0x3C,0x6F,0x3C,0x6F,0x3C,0x6F,0x3C,0x6F,0x3C,0x6F,0x3C,
    0x6F,0x3C,0x6F,0x3C,0x6F,0x3C,0x6F,0x3C,0x6F,0x3C,0x6F,0x3C,0x6F,0x3C,0x6F,0x3C,
    0x6F,0x3C,0x6F,0x3C,0x6F,0x3C,0x6F,0x3C,0x6F,0x3C,0x6F,0x3C,0x6E,0x3C,0xB0,0x44,
    0x6F,0x3C,0x00,0x00,0x00,0x00,0x6F,0x3C,0x6E,0x3C,0x6E,0x3C,0x6F,0x3C,0x6F,0x3C,
    0x6F,0x3C,0x6F,0x3C,0x6F,0x3C,0x6F,0x3C,0x6F,0x3C,0x6F,0x3C,0x6F,0x3C,0x6F,0x3C,
    0x6F,0x3C,0x6F,0x3C,0x6F,0x3C,0x6F,0x3C,0x6F,0x3C,0x6F,0x3C,0x6F,0x3C,0x6F,0x3C,
    0x4E,0x34,0x4E,0x34,0x4E,0x34,0x4E,0x34,0x4E,0x34,0x4E,0x34,0x4E,0x34,0x4E,0x34,
    0x4E,0x34,0x4E,0x34,0x4E,0x34,0x4E,0x34,0x4E,0x34,0x4E,0x34,0x4E,0x34,0x4E,0x34,
    0x4E,0x34,0x4E,0x34,0x4E,0x34,0x4E,0x34,0x4E,0x34,0x4E,0x34,0x4E,0x34,0x4E,0x34,
    0x4E,0x34,0x4E,0x34,0x4E,0x34,0x4E,0x34,0x4E,0x34,0x4E,0x34,0x4E,0x34,0x4E,0x34,
    0x4E,0x34,0x4E,0x34,0x4E,0x34,0x4E,0x34,0x4E,0x34,0x4E,0x34,0x8F,0x44,0x6F,0x3C,
    0x6F,0x3C,0x6F,0x3C,0x6F,0x3C,0x6F,0x3C,0x6F,0x3C,0x6F,0x3C,0x6F,0x3C,0x6F,0x3C,
    0x6F,0x3C,0x6F,0x3C,0x6F,0x3C,0x6F,0x3C,0x6F,0x3C,0x6F,0x3C,0x6F,0x3C,0x6F,0x3C,
    0x6F,0x3C,0x6F,0x3C,0x6F,0x3C,0x6F,0x3C,0x6F,0x3C,0x6F,0x3C,0x6F,0x3C,0x6F,0x3C,
    0x6E,0x3C,0x6E,0x3C,0x6F,0x3C,0x00,0x00,0xE0,0x07,0x4E,0x44,0x6E,0x3C,0x8F,0x44,
    0x6F,0x3C,0x6F,0x3C,0x6F,0x3C,0x6F,0x3C,0x6F,0x3C,0x6F,0x3C,0x6F,0x3C,0x6F,0x3C,
    0x6F,0x3C,0x6F,0x3C,0x6F,0x3C,0x6F,0x3C,0x6F,0x3C,0x6F,0x3C,0x6F,0x3C,0x6F,0x3C,
    0x6F,0x3C,0x6F,0x3C,0x6F,0x44,0x6F,0x44,0x6F,0x44,0x6F,0x44,0x6F,0x44,0x6F,0x44,
    0x6F,0x44,0x6F,0x44,0x6F,0x44,0x6F,0x44,0x6F,0x44,0x6F,0x44,0x6F,0x44,0x6F,0x44,
    0x6F,0x44,0x6F,0x44,0x6F,0x44,0x6F,0x44,0x6F,0x44,0x6F,0x44,0x6F,0x44,0x6F,0x44,
    0x6F,0x44,0x6F,0x44,0x6F,0x44,0x6F,0x44,0x6F,0x44,0x6F,0x44,0x6F,0x44,0x6F,0x44,
    0x6F,0x44,0x6F,0x44,0x6F,0x44,0x6F,0x44,0x6F,0x44,0x6F,0x44,0x6F,0x44,0x6F,0x44,
    0x6F,0x3C,0x6F,0x3C,0x6F,0x3C,0x6F,0x3C,0x6F,0x3C,0x6F,0x3C,0x6F,0x3C,0x6F,0x3C,
    0x6F,0x3C,0x6F,0x3C,0x6F,0x3C,0x6F,0x3C,0x6F,0x3C,0x6F,0x3C,0x6F,0x3C,0x6F,0x3C,
    0x6F,0x3C,0x6F,0x3C,0x6F,0x3C,0x6F,0x3C,0x6F,0x3C,0x6F,0x3C,0x6F,0x3C,0x6F,0x3C,
    0x6F,0x3C,0x6F,0x3C,0x8F,0x44,0x6E,0x3C,0x4E,0x44,0xE0,0x07,0xEF,0x3B,0x00,0x00,
    0x6E,0x3C,0x8F,0x44,0x6F,0x3C,0x6F,0x3C,0x6F,0x3C,0x6F,0x3C,0x6F,0x3C,0x6F,0x3C,
    0x6F,0x3C,0x6F,0x3C,0x6F,0x3C,0x6F,0x3C,0x6F,0x3C,0x6F,0x3C,0x6F,0x3C,0x6F,0x3C,
    0x6F,0x3C,0x6F,0x3C,0x6F,0x3C,0x6F,0x3C,0x6F,0x3C,0x6F,0x3C,0x6F,0x3C,0x6F,0x3C,
    0x6F,0x3C,0x6F,0x3C,0x6F,0x3C,0x6F,0x3C,0x6F,0x3C,0x6F,0x3C,0x6F,0x3C,0x6F,0x3C,
    0x6F,0x3C,0x6F,0x3C,0x6F,0x3C,0x6F,0x3C,0x6F,0x3C,0x6F,0x3C,0x6F,0x3C,0x6F,0x3C,
    0x6F,0x3C,0x6F,0x3C,0x6F,0x3C,0x6F,0x3C,0x6F,0x3C,0x6F,0x3C,0x6F,0x3C,0x6F,0x3C,
    0x6F,0x3C,0x6F,0x3C,0x6F,0x3C,0x6F,0x3C,0x6F,0x3C,0x6F,0x3C,0x6F,0x3C,0x6F,0x3C,
    0x6F,0x3C,0x6F,0x3C,0x6F,0x3C,0x6F,0x3C,0x6F,0x3C,0x6F,0x3C,0x6F,0x3C,0x6F,0x3C,
    0x6F,0x3C,0x6F,0x3C,0x6F,0x3C,0x6F,0x3C,0x6F,0x3C,0x6F,0x3C,0x6F,0x3C,0x6F,0x3C,
    0x6F,0x3C,0x6F,0x3C,0x6F,0x3C,0x6F,0x3C,0x6F,0x3C,0x6F,0x3C,0x6F,0x3C,0x6F,0x3C,
    0x6F,0x3C,0x6F,0x3C,0x6F,0x3C,0x6F,0x3C,0x8F,0x44,0x6E,0x3C,0x00,0x00,0xEF,0x3B,
    0x55,0x55,0x00,0x00,0x6F,0x3C,0x6F,0x3C,0x6F,0x3C,0x6F,0x3C,0x6F,0x3C,0x6F,0x3C,
    0x6F,0x3C,0x6F,0x3C,0x6F,0x3C,0x6F,0x3C,0x6F,0x3C,0x6F,0x3C,0x6F,0x3C,0x6F,0x3C,
    0x6F,0x3C,0x6F,0x3C,0x6F,0x3C,0x6F,0x3C,0x6F,0x3C,0x6F,0x3C,0x6F,0x3C,0x6F,0x3C,
    0x6F,0x3C,0x6F,0x3C,0x6F,0x3C,0x6F,0x3C,0x6F,0x3C,0x6F,0x3C,0x6F,0x3C,0x6F,0x3C,
    0x6F,0x3C,0x6F,0x3C,0x6F,0x3C,0x6F,0x3C,0x6F,0x3C,0x6F,0x3C,0x6F,0x3C,0x6F,0x3C,
    0x6F,0x3C,0x6F,0x3C,0x6F,0x3C,0x6F,0x3C,0x6F,0x3C,0x6F,0x3C,0x6F,0x3C,0x6F,0x3C,
    0x6F,0x3C,0x6F,0x3C,0x6F,0x3C,0x6F,0x3C,0x6F,0x3C,0x6F,0x3C,0x6F,0x3C,0x6F,0x3C,
    0x6F,0x3C,0x6F,0x3C,0x6F,0x3C,0x6F,0x3C,0x6F,0x3C,0x6F,0x3C,0x6F,0x3C,0x6F,0x3C,
    0x6F,0x3C,0x6F,0x3C,0x6F,0x3C,0x6F,0x3C,0x6F,0x3C,0x6F,0x3C,0x6F,0x3C,0x6F,0x3C,
    0x6F,0x3C,0x6F,0x3C,0x6F,0x3C,0x6F,0x3C,0x6F,0x3C,0x6F,0x3C,0x6F,0x3C,0x6F,0x3C,
    0x6F,0x3C,0x6F,0x3C,0x6F,0x3C,0x6F,0x3C,0x6F,0x3C,0x6F,0x3C,0x6F,0x3C,0x6F,0x3C,
    0x00,0x00,0x55,0x55,0x00,0x00,0x00,0x00,0x92,0x24,0x6E,0x3C,0x8F,0x3C,0x6E,0x3C,
    0x6F,0x3C,0x6F,0x3C,0x6F,0x3C,0x6F,0x3C,0x6F,0x3C,0x6F,0x3C,0x6F,0x3C,0x6F,0x3C,
    0x6F,0x3C,0x6F,0x3C,0x6F,0x3C,0x6F,0x3C,0x6F,0x3C,0x6F,0x3C,0x6F,0x3C,0x6F,0x3C,
    0x6F,0x3C,0x6F,0x3C,0x6F,0x3C,0x6F,0x3C,0x6F,0x3C,0x6F,0x3C,0x6F,0x3C,0x6F,0x3C,
    0x6F,0x3C,0x6F,0x3C,0x6F,0x3C,0x6F,0x3C,0x6F,0x3C,0x6F,0x3C,0x6F,0x3C,0x6F,0x3C,
    0x6F,0x3C,0x6F,0x3C,0x6F,0x3C,0x6F,0x3C,0x6F,0x3C,0x6F,0x3C,0x6F,0x3C,0x6F,0x3C,
    0x6F,0x3C,0x6F,0x3C,0x6F,0x3C,0x6F,0x3C,0x6F,0x3C,0x6F,0x3C,0x6F,0x3C,0x6F,0x3C,
    0x6F,0x3C,0x6F,0x3C,0x6F,0x3C,0x6F,0x3C,0x6F,0x3C,0x6F,0x3C,0x6F,0x3C,0x6F,0x3C,
    0x6F,0x3C,0x6F,0x3C,0x6F,0x3C,0x6F,0x3C,0x6F,0x3C,0x6F,0x3C,0x6F,0x3C,0x6F,0x3C,
    0x6F,0x3C,0x6F,0x3C,0x6F,0x3C,0x6F,0x3C,0x6F,0x3C,0x6F,0x3C,0x6F,0x3C,0x6F,0x3C,
    0x6F,0x3C,0x6F,0x3C,0x6F,0x3C,0x6F,0x3C,0x6F,0x3C,0x6F,0x3C,0x6E,0x3C,0x8F,0x3C,
    0x6E,0x3C,0x92,0x24,0x00,0x00,0x00,0x00,0x00,0x00,0x4A,0x55,0x00,0x00,0x6F,0x3C,
    0xAF,0x44,0x6E,0x3C,0x6F,0x3C,0x6F,0x3C,0x6F,0x3C,0x6F,0x3C,0x6F,0x3C,0x6F,0x3C,
    0x6F,0x3C,0x6F,0x3C,0x6F,0x3C,0x6F,0x3C,0x6F,0x3C,0x6F,0x3C,0x6F,0x3C,0x6F,0x3C,
    0x6F,0x3C,0x6F,0x3C,0x6F,0x3C,0x6F,0x3C,0x6F,0x3C,0x6F,0x3C,0x6F,0x3C,0x6F,0x3C,
    0x6F,0x3C,0x6F,0x3C,0x6F,0x3C,0x6F,0x3C,0x6F,0x3C,0x6F,0x3C,0x6F,0x3C,0x6F,0x3C,
    0x6F,0x3C,0x6F,0x3C,0x6F,0x3C,0x6F,0x3C,0x6F,0x3C,0x6F,0x3C,0x6F,0x3C,0x6F,0x3C,
    0x6F,0x3C,0x6F,0x3C,0x6F,0x3C,0x6F,0x3C,0x6F,0x3C,0x6F,0x3C,0x6F,0x3C,0x6F,0x3C,
    0x6F,0x3C,0x6F,0x3C,0x6F,0x3C,0x6F,0x3C,0x6F,0x3C,0x6F,0x3C,0x6F,0x3C,0x6F,0x3C,
    0x6F,0x3C,0x6F,0x3C,0x6F,0x3C,0x6F,0x3C,0x6F,0x3C,0x6F,0x3C,0x6F,0x3C,0x6F,0x3C,
    0x6F,0x3C,0x6F,0x3C,0x6F,0x3C,0x6F,0x3C,0x6F,0x3C,0x6F,0x3C,0x6F,0x3C,0x6F,0x3C,
    0x6F,0x3C,0x6F,0x3C,0x6F,0x3C,0x6F,0x3C,0x6F,0x3C,0x6F,0x3C,0x6F,0x3C,0x6F,0x3C,
    0x6E,0x3C,0xAF,0x44,0x6F,0x3C,0x00,0x00,0x4A,0x55,0x00,0x00,0x00,0x00,0xEF,0x7B,
    0xE0,0x07,0x4E,0x3C,0x6F,0x3C,0x8F,0x3C,0x6E,0x3C,0x6F,0x3C,0x6F,0x3C,0x6F,0x3C,
    0x6F,0x3C,0x6F,0x3C,0x6F,0x3C,0x6F,0x3C,0x6F,0x3C,0x6F,0x3C,0x6F,0x3C,0x6F,0x3C,
    0x6F,0x3C,0x6F,0x3C,0x6F,0x3C,0x6F,0x3C,0x6F,0x3C,0x6F,0x3C,0x6F,0x3C,0x6F,0x3C,
    0x6F,0x3C,0x6F,0x3C,0x6F,0x3C,0x6F,0x3C,0x6F,0x3C,0x6F,0x3C,0x6F,0x3C,0x6F,0x3C,
    0x6F,0x3C,0x6F,0x3C,0x6F,0x3C,0x6F,0x3C,0x6F,0x3C,0x6F,0x3C,0x6F,0x3C,0x6F,0x3C,
    0x6F,0x3C,0x6F,0x3C,0x6F,0x3C,0x6F,0x3C,0x6F,0x3C,0x6F,0x3C,0x6F,0x3C,0x6F,0x3C,
    0x6F,0x3C,0x6F,0x3C,0x6F,0x3C,0x6F,0x3C,0x6F,0x3C,0x6F,0x3C,0x6F,0x3C,0x6F,0x3C,
    0x6F,0x3C,0x6F,0x3C,0x6F,0x3C,0x6F,0x3C,0x6F,0x3C,0x6F,0x3C,0x6F,0x3C,0x6F,0x3C,
    0x6F,0x3C,0x6F,0x3C,0x6F,0x3C,0x6F,0x3C,0x6F,0x3C,0x6F,0x3C,0x6F,0x3C,0x6F,0x3C,
    0x6F,0x3C,0x6F,0x3C,0x6F,0x3C,0x6F,0x3C,0x6F,0x3C,0x6F,0x3C,0x6F,0x3C,0x6F,0x3C,
    0x6F,0x3C,0x6E,0x3C,0x8F,0x3C,0x6F,0x3C,0x4E,0x3C,0xE0,0x07,0xEF,0x7B,0x00,0x00,
    0x00,0x00,0x00,0x00,0xEF,0x3D,0x00,0x00,0x6F,0x3C,0xB0,0x44,0x6E,0x3C,0x6F,0x3C,
    0x6F,0x3C,0x6F,0x3C,0x6F,0x3C,0x6F,0x3C,0x6F,0x3C,0x6F,0x3C,0x6F,0x3C,0x6F,0x3C,
    0x6F,0x3C,0x6F,0x3C,0x6F,0x3C,0x6F,0x3C,0x6F,0x3C,0x6F,0x3C,0x6F,0x3C,0x6F,0x3C,
    0x6F,0x3C,0x6F,0x3C,0x6F,0x3C,0x6F,0x3C,0x6F,0x3C,0x6F,0x3C,0x6F,0x3C,0x6F,0x3C,
    0x6F,0x3C,0x6F,0x3C,0x6F,0x3C,0x6F,0x3C,0x6F,0x3C,0x6F,0x3C,0x6F,0x3C,0x6F,0x3C,
    0x6F,0x3C,0x6F,0x3C,0x6F,0x3C,0x6F,0x3C,0x6F,0x3C,0x6F,0x3C,0x6F,0x3C,0x6F,0x3C,
    0x6E,0x3C,0x6E,0x3C,0x6E,0x3C,0x6E,0x3C,0x6E,0x3C,0x6E,0x3C,0x6E,0x3C,0x6E,0x3C,
    0x6E,0x3C,0x6E,0x3C,0x6E,0x3C,0x6E,0x3C,0x6E,0x3C,0x6E,0x3C,0x6E,0x3C,0x6E,0x3C,
    0x6E,0x3C,0x6E,0x3C,0x6E,0x3C,0x6E,0x3C,0x6E,0x3C,0x6E,0x3C,0x6E,0x3C,0x6E,0x3C,
    0x6E,0x3C,0x6E,0x3C,0x6E,0x3C,0x6F,0x3C,0x6F,0x3C,0x6F,0x3C,0x6F,0x3C,0x6F,0x3C,
    0x6F,0x3C,0x6F,0x3C,0x6F,0x3C,0x6E,0x3C,0xB0,0x44,0x6F,0x3C,0x00,0x00,0xEF,0x3D,
    0x00,0x00,0x00,0x00,0x00,0x00,0x00,0x00,0xAA,0x52,0xE0,0x07,0x6E,0x3C,0x6F,0x3C,
    0x8F,0x3C,0x6E,0x3C,0x6F,0x3C,0x6F,0x3C,0x6F,0x3C,0x6F,0x3C,0x6F,0x3C,0x6F,0x3C,
    0x6F,0x3C,0x6F,0x3C,0x6F,0x3C,0x6F,0x3C,0x6F,0x3C,0x6F,0x3C,0x6F,0x3C,0x6F,0x3C,
    0x6F,0x3C,0x6F,0x3C,0x6F,0x3C,0x6F,0x3C,0x6F,0x3C,0x6F,0x3C,0x6F,0x3C,0x6F,0x3C,
    0x6F,0x3C,0x6F,0x3C,0x6F,0x3C,0x6F,0x3C,0x6F,0x3C,0x6F,0x3C,0x6F,0x3C,0x6F,0x3C,
    0x6F,0x3C,0x6F,0x3C,0x6F,0x3C,0x6F,0x3C,0x6F,0x3C,0x6F,0x3C,0x6F,0x3C,0x6F,0x3C,
    0x6F,0x3C,0x6F,0x44,0xB0,0x4C,0x8F,0x44,0x8F,0x44,0x8F,0x44,0x8F,0x44,0x8F,0x44,
    0x8F,0x44,0x8F,0x44,0x8F,0x44,0x8F,0x44,0x8F,0x44,0x8F,0x44,0x8F,0x44,0x8F,0x44,
    0x8F,0x44,0x8F,0x44,0x8F,0x44,0x8F,0x44,0x8F,0x44,0x8F,0x44,0x8F,0x44,0x8F,0x44,
    0x8F,0x44,0x8F,0x44,0x8F,0x44,0xAF,0x44,0x8F,0x44,0x6E,0x3C,0x6F,0x3C,0x6F,0x3C,
    0x6F,0x3C,0x6F,0x3C,0x6F,0x3C,0x6F,0x3C,0x6E,0x3C,0x8F,0x3C,0x6F,0x3C,0x6E,0x3C,
    0xE0,0x07,0xAA,0x52,0x00,0x00,0x00,0x00,0x00,0x00,0x00,0x00,0x00,0x00,0xEF,0x3B,
    0x00,0x00,0x6E,0x3C,0x8F,0x44,0x6E,0x3C,0x6F,0x3C,0x6F,0x3C,0x6F,0x3C,0x6F,0x3C,
    0x6F,0x3C,0x6F,0x3C,0x6F,0x3C,0x6F,0x3C,0x6F,0x3C,0x6F,0x3C,0x6F,0x3C,0x6F,0x3C,
    0x6F,0x3C,0x6F,0x3C,0x6F,0x3C,0x6F,0x3C,0x6F,0x3C,0x6F,0x3C,0x6F,0x3C,0x6F,0x3C,
    0x6F,0x3C,0x6F,0x3C,0x6F,0x3C,0x6F,0x3C,0x6F,0x3C,0x6F,0x3C,0x6F,0x3C,0x6F,0x3C,
    0x6F,0x3C,0x6F,0x3C,0x6F,0x3C,0x6F,0x3C,0x6F,0x3C,0x6F,0x3C,0x6F,0x3C,0x6F,0x3C,
    0x6F,0x3C,0x6F,0x3C,0x6E,0x3C,0x6F,0x3C,0x5C,0xD7,0xFF,0xFF,0xDF,0xF7,0xDF,0xFF,
    0xDF,0xFF,0xDF,0xFF,0xDF,0xFF,0xDF,0xFF,0xDF,0xFF,0xDF,0xFF,0xDF,0xFF,0xDF,0xFF,
    0xDF,0xFF,0xDF,0xFF,0xDF,0xFF,0xDF,0xFF,0xDF,0xFF,0xDF,0xFF,0xDF,0xFF,0xDF,0xFF,
    0xDF,0xFF,0xDF,0xFF,0xDF,0xFF,0xDF,0xF7,0xDF,0xFF,0xBE,0xEF,0xF1,0x5C,0x4E,0x34,
    0x6F,0x3C,0x6F,0x3C,0x6F,0x3C,0x6F,0x3C,0x6F,0x3C,0x6F,0x3C,0x6E,0x3C,0x8F,0x44,
    0x6E,0x3C,0x00,0x00,0xEF,0x3B,0x00,0x00,0x00,0x00,0x00,0x00,0x00,0x00,0x00,0x00,
    0x00,0x00,0x00,0xF8,0xE0,0x07,0x8F,0x3C,0x6E,0x3C,0x8F,0x3C,0x6E,0x3C,0x6F,0x3C,
    0x6F,0x3C,0x6F,0x3C,0x6F,0x3C,0x6F,0x3C,0x6F,0x3C,0x6F,0x3C,0x6F,0x3C,0x6F,0x3C,
    0x6F,0x3C,0x6F,0x3C,0x6F,0x3C,0x6F,0x3C,0x6F,0x3C,0x6F,0x3C,0x6F,0x3C,0x6F,0x3C,
    0x6F,0x3C,0x6F,0x3C,0x6F,0x3C,0x6F,0x3C,0x6F,0x3C,0x6F,0x3C,0x6F,0x3C,0x6F,0x3C,
    0x6F,0x3C,0x6F,0x3C,0x6F,0x3C,0x6F,0x3C,0x6F,0x3C,0x6F,0x3C,0x6F,0x3C,0x6F,0x3C,
    0x6F,0x3C,0x6F,0x3C,0x6F,0x3C,0x6F,0x3C,0x6F,0x3C,0x6E,0x3C,0x8F,0x44,0x5C,0xDF,
    0xFF,0xFF,0xFF,0xFF,0xFF,0xFF,0xFF,0xFF,0xFF,0xFF,0xFF,0xFF,0xFF,0xFF,0xFF,0xFF,
    0xFF,0xFF,0xFF,0xFF,0xFF,0xFF,0xFF,0xFF,0xFF,0xFF,0xFF,0xFF,0xFF,0xFF,0xFF,0xFF,
    0xFF,0xFF,0xFF,0xFF,0xFF,0xFF,0xFF,0xFF,0xFF,0xFF,0xFF,0xFF,0xDF,0xF7,0x12,0x65,
    0x2E,0x34,0x8F,0x44,0x6F,0x3C,0x6F,0x3C,0x6F,0x3C,0x6F,0x3C,0x6F,0x3C,0x6E,0x3C,
    0x8F,0x3C,0x6E,0x3C,0x8F,0x3C,0xE0,0x07,0x00,0xF8,0x00,0x00,0x00,0x00,0x00,0x00,
    0x00,0x00,0x00,0x00,0x00,0x00,0x00,0x00,0x55,0x55,0x00,0x00,0x6F,0x3C,0x8F,0x44,
    0x6F,0x3C,0x6F,0x3C,0x6F,0x3C,0x6F,0x3C,0x6F,0x3C,0x6F,0x3C,0x6F,0x3C,0x6F,0x3C,
    0x6F,0x3C,0x6F,0x3C,0x6F,0x3C,0x6F,0x3C,0x6F,0x3C,0x6F,0x3C,0x6F,0x3C,0x6F,0x3C,
    0x6F,0x3C,0x6F,0x3C,0x6F,0x3C,0x6F,0x3C,0x6F,0x3C,0x6F,0x3C,0x6F,0x3C,0x6F,0x3C,
    0x6F,0x3C,0x6F,0x3C,0x6F,0x3C,0x6F,0x3C,0x6F,0x3C,0x6F,0x3C,0x6F,0x3C,0x6F,0x3C,
    0x6F,0x3C,0x6F,0x3C,0x6F,0x3C,0x6F,0x3C,0x6F,0x3C,0x6F,0x3C,0x6F,0x3C,0x8F,0x44,
    0x4E,0x3C,0x8F,0x44,0x5C,0xDF,0xFF,0xFF,0xFF,0xFF,0xFF,0xFF,0xFF,0xFF,0xFF,0xFF,
    0xFF,0xFF,0xFF,0xFF,0xFF,0xFF,0xFF,0xFF,0xFF,0xFF,0xFF,0xFF,0xFF,0xFF,0xFF,0xFF,
    0xFF,0xFF,0xFF,0xFF,0xFF,0xFF,0xFF,0xFF,0xFF,0xFF,0xFF,0xFF,0xFF,0xFF,0xFF,0xFF,
    0x12,0x65,0x2D,0x34,0x8F,0x44,0x6F,0x3C,0x6F,0x3C,0x6F,0x3C,0x6F,0x3C,0x6F,0x3C,
    0x6F,0x3C,0x6F,0x3C,0x8F,0x44,0x6F,0x3C,0x00,0x00,0x55,0x55,0x00,0x00,0x00,0x00,
    0x00,0x00,0x00,0x00,0x00,0x00,0x00,0x00,0x00,0x00,0x00,0x00,0xFF,0x07,0x4A,0x55,
    0x4F,0x55,0x6F,0x3C,0xAF,0x44,0x6E,0x3C,0x6F,0x3C,0x6F,0x3C,0x6F,0x3C,0x6F,0x3C,
    0x6F,0x3C,0x6F,0x3C,0x6F,0x3C,0x6F,0x3C,0x6F,0x3C,0x6F,0x3C,0x6F,0x3C,0x6F,0x3C,
    0x6F,0x3C,0x6F,0x3C,0x6F,0x3C,0x6F,0x3C,0x6F,0x3C,0x6F,0x3C,0x6F,0x3C,0x6F,0x3C,
    0x6F,0x3C,0x6F,0x3C,0x6F,0x3C,0x6F,0x3C,0x6F,0x3C,0x6F,0x3C,0x6F,0x3C,0x6F,0x3C,
    0x6F,0x3C,0x6F,0x3C,0x6F,0x3C,0x6F,0x3C,0x6F,0x3C,0x6F,0x3C,0x6F,0x3C,0x6F,0x3C,
    0x6F,0x3C,0x6F,0x3C,0x8F,0x44,0x4E,0x3C,0x8F,0x44,0x7D,0xDF,0xFF,0xFF,0xFF,0xFF,
    0xFF,0xFF,0xFF,0xFF,0xFF,0xFF,0xFF,0xFF,0xFF,0xFF,0xFF,0xFF,0xFF,0xFF,0xFF,0xFF,
    0xFF,0xFF,0xFF,0xFF,0xFF,0xFF,0xFF,0xFF,0xFF,0xFF,0xFF,0xFF,0xFF,0xFF,0xFF,0xFF,
    0xDE,0xF7,0x11,0x5D,0x2D,0x34,0x8F,0x44,0x6F,0x3C,0x6F,0x3C,0x6F,0x3C,0x6F,0x3C,
    0x6F,0x3C,0x6F,0x3C,0x6E,0x3C,0xAF,0x44,0x6F,0x3C,0x4F,0x55,0x4A,0x55,0xFF,0x07,
    0x00,0x00,0x00,0x00,0x00,0x00,0x00,0x00,0x00,0x00,0x00,0x00,0x00,0x00,0x00,0x00,
    0x00,0x00,0x4A,0x55,0x00,0x00,0x6F,0x44,0x6F,0x3C,0x8F,0x3C,0x6E,0x3C,0x6F,0x3C,
    0x6F,0x3C,0x6F,0x3C,0x6F,0x3C,0x6F,0x3C,0x6F,0x3C,0x6F,0x3C,0x6F,0x3C,0x6F,0x3C,
    0x6F,0x3C,0x6F,0x3C,0x6F,0x3C,0x6F,0x3C,0x6F,0x3C,0x6F,0x3C,0x6F,0x3C,0x6F,0x3C,
    0x6F,0x3C,0x6F,0x3C,0x6F,0x3C,0x6F,0x3C,0x6F,0x3C,0x6F,0x3C,0x6F,0x3C,0x6F,0x3C,
    0x6F,0x3C,0x6F,0x3C,0x6F,0x3C,0x6F,0x3C,0x6F,0x3C,0x6F,0x3C,0x6F,0x3C,0x6F,0x3C,
    0x6F,0x3C,0x6F,0x3C,0x6F,0x3C,0x6F,0x3C,0x6F,0x3C,0x6F,0x44,0x4E,0x3C,0x6F,0x3C,
    0x5C,0xD7,0xFF,0xFF,0xFF,0xFF,0xFF,0xFF,0xFF,0xFF,0xFF,0xFF,0xFF,0xFF,0xFF,0xFF,
    0xFF,0xFF,0xFF,0xFF,0xFF,0xFF,0xFF,0xFF,0xFF,0xFF,0xFF,0xFF,0xFF,0xFF,0xFF,0xFF,
    0xFF,0xFF,0xDE,0xF7,0x11,0x5D,0x2D,0x34,0x8F,0x44,0x6F,0x3C,0x6F,0x3C,0x6F,0x3C,
    0x6F,0x3C,0x6F,0x3C,0x6F,0x3C,0x6E,0x3C,0x8F,0x3C,0x6F,0x3C,0x6F,0x44,0x00,0x00,
    0x4A,0x55,0x00,0x00,0x00,0x00,0x00,0x00,0x00,0x00,0x00,0x00,0x00,0x00,0x00,0x00,
    0x00,0x00,0x00,0x00,0x00,0x00,0x00,0x00,0x4A,0x55,0x00,0x00,0x6F,0x3C,0x8F,0x3C,
    0x6E,0x3C,0x6F,0x3C,0x6F,0x3C,0x6F,0x3C,0x6F,0x3C,0x6F,0x3C,0x6F,0x3C,0x6F,0x3C,
    0x6F,0x3C,0x6F,0x3C,0x6F,0x3C,0x6F,0x3C,0x6F,0x3C,0x6F,0x3C,0x6F,0x3C,0x6F,0x3C,
    0x6F,0x3C,0x6F,0x3C,0x6F,0x3C,0x6F,0x3C,0x6F,0x3C,0x6F,0x3C,0x6F,0x3C,0x6F,0x3C,
    0x6F,0x3C,0x6F,0x3C,0x6F,0x3C,0x6F,0x3C,0x6F,0x3C,0x6F,0x3C,0x6F,0x3C,0x6F,0x3C,
    0x6F,0x3C,0x6F,0x3C,0x6F,0x3C,0x6F,0x3C,0x6F,0x3C,0x6F,0x3C,0x6F,0x3C,0x6F,0x3C,
    0x8F,0x44,0x4E,0x3C,0x8F,0x44,0x3C,0xD7,0xFF,0xFF,0xFF,0xFF,0xFF,0xFF,0xFF,0xFF,
    0xFF,0xFF,0xFF,0xFF,0xFF,0xFF,0xFF,0xFF,0xFF,0xFF,0xFF,0xFF,0xFF,0xFF,0xFF,0xFF,
    0xFF,0xFF,0xFF,0xFF,0xBE,0xF7,0x12,0x65,0x2D,0x34,0x8F,0x44,0x6F,0x3C,0x6F,0x3C,
    0x6F,0x3C,0x6F,0x3C,0x6F,0x3C,0x6F,0x3C,0x6F,0x3C,0x6E,0x3C,0x8F,0x3C,0x6F,0x3C,
    0x00,0x00,0x4A,0x55,0x00,0x00,0x00,0x00,0x00,0x00,0x00,0x00,0x00,0x00,0x00,0x00,
    0x00,0x00,0x00,0x00,0x00,0x00,0x00,0x00,0x00,0x00,0x00,0x00,0x00,0x00,0xEF,0x03,
    0x00,0x00,0x4E,0x3C,0xAF,0x44,0x6E,0x3C,0x6F,0x3C,0x6F,0x3C,0x6F,0x3C,0x6F,0x3C,
    0x6F,0x3C,0x6F,0x3C,0x6F,0x3C,0x6F,0x3C,0x6F,0x3C,0x6F,0x3C,0x6F,0x3C,0x6F,0x3C,
    0x6F,0x3C,0x6F,0x3C,0x6F,0x3C,0x6F,0x3C,0x6F,0x3C,0x6F,0x3C,0x6F,0x3C,0x6F,0x3C,
    0x6F,0x3C,0x6F,0x3C,0x6F,0x3C,0x6F,0x3C,0x6F,0x3C,0x6F,0x3C,0x6F,0x3C,0x6F,0x3C,
    0x6F,0x3C,0x6F,0x3C,0x6F,0x3C,0x6F,0x3C,0x6F,0x3C,0x6F,0x3C,0x6F,0x3C,0x6F,0x3C,
    0x6F,0x3C,0x6F,0x3C,0x6F,0x3C,0x8F,0x44,0x6E,0x3C,0x6E,0x3C,0x12,0x65,0xDE,0xF7,
    0xFF,0xFF,0xFF,0xFF,0xFF,0xFF,0xFF,0xFF,0xFF,0xFF,0xFF,0xFF,0xFF,0xFF,0xFF,0xFF,
    0xFF,0xFF,0xFF,0xFF,0xFF,0xFF,0xD5,0x85,0x4E,0x3C,0x6E,0x3C,0x8F,0x44,0x6F,0x3C,
    0x6F,0x3C,0x6F,0x3C,0x6F,0x3C,0x6F,0x3C,0x6F,0x3C,0x6F,0x3C,0x6E,0x3C,0xAF,0x44,
    0x4E,0x3C,0x00,0x00,0xEF,0x03,0x00,0x00,0x00,0x00,0x00,0x00,0x00,0x00,0x00,0x00,
    0x00,0x00,0x00,0x00,0x00,0x00,0x00,0x00,0x00,0x00,0x00,0x00,0x00,0x00,0x00,0x00,
    0x00,0x00,0xEF,0x03,0x4A,0x55,0xED,0x3B,0x6E,0x3C,0xAF,0x44,0x6E,0x3C,0x6F,0x3C,
    0x6F,0x3C,0x6F,0x3C,0x6F,0x3C,0x6F,0x3C,0x6F,0x3C,0x6F,0x3C,0x6F,0x3C,0x6F,0x3C,
    0x6F,0x3C,0x6F,0x3C,0x6F,0x3C,0x6F,0x3C,0x6F,0x3C,0x6F,0x3C,0x6F,0x3C,0x6F,0x3C,
    0x6F,0x3C,0x6F,0x3C,0x6F,0x3C,0x6F,0x3C,0x6F,0x3C,0x6F,0x3C,0x6F,0x3C,0x6F,0x3C,
    0x6F,0x3C,0x6F,0x3C,0x6F,0x3C,0x6F,0x3C,0x6F,0x3C,0x6F,0x3C,0x6F,0x3C,0x6F,0x3C,
    0x6F,0x3C,0x6F,0x3C,0x6F,0x3C,0x6F,0x3C,0x6F,0x3C,0x6F,0x3C,0x6F,0x3C,0x6F,0x44,
    0x2D,0x34,0x11,0x5D,0xDE,0xF7,0xFF,0xFF,0xFF,0xFF,0xFF,0xFF,0xFF,0xFF,0xFF,0xFF,
    0xFF,0xFF,0xFF,0xFF,0xFF,0xFF,0xFF,0xFF,0xD5,0x8D,0x2D,0x2C,0x6F,0x3C,0x6F,0x3C,
    0x6F,0x3C,0x6F,0x3C,0x6F,0x3C,0x6F,0x3C,0x6F,0x3C,0x6F,0x3C,0x6F,0x3C,0x6E,0x3C,
    0xAF,0x44,0x6E,0x3C,0xED,0x3B,0x4A,0x55,0xEF,0x03,0x00,0x00,0x00,0x00,0x00,0x00,
    0x00,0x00,0x00,0x00,0x00,0x00,0x00,0x00,0x00,0x00,0x00,0x00,0x00,0x00,0x00,0x00,
    0x00,0x00,0x00,0x00,0x00,0x00,0x00,0x00,0xEF,0x07,0x00,0x00,0x6F,0x3C,0x8F,0x44,
    0x8F,0x44,0x6E,0x3C,0x6F,0x3C,0x6F,0x3C,0x6F,0x3C,0x6F,0x3C,0x6F,0x3C,0x6F,0x3C,
    0x6F,0x3C,0x6F,0x3C,0x6F,0x3C,0x6F,0x3C,0x6F,0x3C,0x6F,0x3C,0x6F,0x3C,0x6F,0x3C,
    0x6F,0x3C,0x6F,0x3C,0x6F,0x3C,0x6F,0x3C,0x6F,0x3C,0x6F,0x3C,0x6F,0x3C,0x6F,0x3C,
    0x6F,0x3C,0x6F,0x3C,0x6F,0x3C,0x6F,0x3C,0x6F,0x3C,0x6F,0x3C,0x6F,0x3C,0x6F,0x3C,
    0x6F,0x3C,0x6F,0x3C,0x6F,0x3C,0x6F,0x3C,0x6F,0x3C,0x6F,0x3C,0x6F,0x3C,0x6F,0x3C,
    0x6F,0x3C,0x6F,0x3C,0x8F,0x44,0x2D,0x34,0x12,0x65,0xFF,0xFF,0xFF,0xFF,0xFF,0xFF,
    0xFF,0xFF,0xFF,0xFF,0xFF,0xFF,0xFF,0xFF,0xFF,0xFF,0xD5,0x8D,0x2D,0x2C,0x8F,0x44,
    0x6F,0x3C,0x6F,0x3C,0x6F,0x3C,0x6F,0x3C,0x6F,0x3C,0x6F,0x3C,0x6F,0x3C,0x6F,0x3C,
    0x6E,0x3C,0x8F,0x44,0x8F,0x44,0x6F,0x3C,0x00,0x00,0xEF,0x07,0x00,0x00,0x00,0x00,
    0x00,0x00,0x00,0x00,0x00,0x00,0x00,0x00,0x00,0x00,0x00,0x00,0x00,0x00,0x00,0x00,
    0x00,0x00,0x00,0x00,0x00,0x00,0x00,0x00,0x00,0x00,0x00,0x00,0x00,0x00,0xEF,0x7B,
    0x00,0x00,0x6F,0x3C,0x6F,0x3C,0x8F,0x44,0x6E,0x3C,0x6F,0x3C,0x6F,0x3C,0x6F,0x3C,
    0x6F,0x3C,0x6F,0x3C,0x6F,0x3C,0x6F,0x3C,0x6F,0x3C,0x6F,0x3C,0x6F,0x3C,0x6F,0x3C,
    0x6F,0x3C,0x6F,0x3C,0x6F,0x3C,0x6F,0x3C,0x6F,0x3C,0x6F,0x3C,0x6F,0x3C,0x6F,0x3C,
    0x6F,0x3C,0x6F,0x3C,0x6F,0x3C,0x6F,0x3C,0x6F,0x3C,0x6F,0x3C,0x6F,0x3C,0x6F,0x3C,
    0x6F,0x3C,0x6F,0x3C,0x6F,0x3C,0x6F,0x3C,0x6F,0x3C,0x6F,0x3C,0x6F,0x3C,0x6F,0x3C,
    0x6F,0x3C,0x6F,0x3C,0x6F,0x3C,0x6F,0x3C,0x6F,0x3C,0x8F,0x44,0x2D,0x34,0x11,0x5D,
    0xDE,0xF7,0xFF,0xFF,0xFF,0xFF,0xFF,0xFF,0xFF,0xFF,0xFF,0xFF,0xD5,0x85,0x0D,0x2C,
    0x8F,0x44,0x6F,0x3C,0x6F,0x3C,0x6F,0x3C,0x6F,0x3C,0x6F,0x3C,0x6F,0x3C,0x6F,0x3C,
    0x6F,0x3C,0x6E,0x3C,0x8F,0x44,0x6F,0x3C,0x6F,0x3C,0x00,0x00,0xEF,0x7B,0x00,0x00,
    0x00,0x00,0x00,0x00,0x00,0x00,0x00,0x00,0x00,0x00,0x00,0x00,0x00,0x00,0x00,0x00,
    0x00,0x00,0x00,0x00,0x00,0x00,0x00,0x00,0x00,0x00,0x00,0x00,0x00,0x00,0x00,0x00,
    0x00,0x00,0x00,0x00,0x4A,0x55,0x00,0x00,0x4E,0x3C,0x8F,0x3C,0x8F,0x44,0x6E,0x3C,
    0x6F,0x3C,0x6F,0x3C,0x6F,0x3C,0x6F,0x3C,0x6F,0x3C,0x6F,0x3C,0x6F,0x3C,0x6F,0x3C,
    0x6F,0x3C,0x6F,0x3C,0x6F,0x3C,0x6F,0x3C,0x6F,0x3C,0x6F,0x3C,0x6F,0x3C,0x6F,0x3C,
    0x6F,0x3C,0x6F,0x3C,0x6F,0x3C,0x6F,0x3C,0x6F,0x3C,0x6F,0x3C,0x6F,0x3C,0x6F,0x3C,
    0x6F,0x3C,0x6F,0x3C,0x6F,0x3C,0x6F,0x3C,0x6F,0x3C,0x6F,0x3C,0x6F,0x3C,0x6F,0x3C,
    0x6F,0x3C,0x6F,0x3C,0x6F,0x3C,0x6F,0x3C,0x6F,0x3C,0x6F,0x3C,0x6F,0x3C,0x6F,0x3C,
    0x8F,0x44,0x2D,0x34,0x11,0x5D,0xDE,0xF7,0xFF,0xFF,0xFF,0xFF,0xFF,0xFF,0xD5,0x8D,
    0x2D,0x2C,0x8F,0x44,0x6F,0x3C,0x6F,0x3C,0x6F,0x3C,0x6F,0x3C,0x6F,0x3C,0x6F,0x3C,
    0x6F,0x3C,0x6F,0x3C,0x6E,0x3C,0x8F,0x44,0x8F,0x3C,0x4E,0x3C,0x00,0x00,0x4A,0x55,
    0x00,0x00,0x00,0x00,0x00,0x00,0x00,0x00,0x00,0x00,0x00,0x00,0x00,0x00,0x00,0x00,
    0x00,0x00,0x00,0x00,0x00,0x00,0x00,0x00,0x00,0x00,0x00,0x00,0x00,0x00,0x00,0x00,
    0x00,0x00,0x00,0x00,0x00,0x00,0x00,0x00,0x00,0x00,0xE7,0x39,0x00,0x00,0x6F,0x3C,
    0x8F,0x3C,0x8F,0x44,0x6F,0x3C,0x6F,0x3C,0x6F,0x3C,0x6F,0x3C,0x6F,0x3C,0x6F,0x3C,
    0x6F,0x3C,0x6F,0x3C,0x6F,0x3C,0x6F,0x3C,0x6F,0x3C,0x6F,0x3C,0x6F,0x3C,0x6F,0x3C,
    0x6F,0x3C,0x6F,0x3C,0x6F,0x3C,0x6F,0x3C,0x6F,0x3C,0x6F,0x3C,0x6F,0x3C,0x6F,0x3C,
    0x6F,0x3C,0x6F,0x3C,0x6F,0x3C,0x6F,0x3C,0x6F,0x3C,0x6F,0x3C,0x6F,0x3C,0x6F,0x3C,
    0x6F,0x3C,0x6F,0x3C,0x6F,0x3C,0x6F,0x3C,0x6F,0x3C,0x6F,0x3C,0x6F,0x3C,0x6F,0x3C,
    0x6F,0x3C,0x6F,0x3C,0x6F,0x3C,0x8F,0x44,0x2D,0x34,0x12,0x65,0xDF,0xF7,0xFF,0xFF,
    0xD5,0x8D,0x2D,0x2C,0x8F,0x44,0x6F,0x3C,0x6F,0x3C,0x6F,0x3C,0x6F,0x3C,0x6F,0x3C,
    0x6F,0x3C,0x6F,0x3C,0x6F,0x3C,0x6F,0x3C,0x8F,0x44,0x8F,0x3C,0x6F,0x3C,0x00,0x00,
    0xE7,0x39,0x00,0x00,0x00,0x00,0x00,0x00,0x00,0x00,0x00,0x00,0x00,0x00,0x00,0x00,
    0x00,0x00,0x00,0x00,0x00,0x00,0x00,0x00,0x00,0x00,0x00,0x00,0x00,0x00,0x00,0x00,
    0x00,0x00,0x00,0x00,0x00,0x00,0x00,0x00,0x00,0x00,0x00,0x00,0x00,0x00,0x00,0x00,
    0xEF,0x3B,0x00,0x00,0x4F,0x3C,0x6F,0x3C,0xAF,0x44,0x6E,0x3C,0x6F,0x3C,0x6F,0x3C,
    0x6F,0x3C,0x6F,0x3C,0x6F,0x3C,0x6F,0x3C,0x6F,0x3C,0x6F,0x3C,0x6F,0x3C,0x6F,0x3C,
    0x6F,0x3C,0x6F,0x3C,0x6F,0x3C,0x6F,0x3C,0x6F,0x3C,0x6F,0x3C,0x6F,0x3C,0x6F,0x3C,
    0x6F,0x3C,0x6F,0x3C,0x6F,0x3C,0x6F,0x3C,0x6F,0x3C,0x6F,0x3C,0x6F,0x3C,0x6F,0x3C,
    0x6F,0x3C,0x6F,0x3C,0x6F,0x3C,0x6F,0x3C,0x6F,0x3C,0x6F,0x3C,0x6F,0x3C,0x6F,0x3C,
    0x6F,0x3C,0x6F,0x3C,0x6F,0x3C,0x6F,0x3C,0x6F,0x3C,0x6F,0x3C,0x8F,0x44,0x2D,0x2C,
    0x73,0x75,0x16,0x96,0x0D,0x2C,0x8F,0x44,0x6F,0x3C,0x6F,0x3C,0x6F,0x3C,0x6F,0x3C,
    0x6F,0x3C,0x6F,0x3C,0x6F,0x3C,0x6F,0x3C,0x6E,0x3C,0xAF,0x44,0x6F,0x3C,0x4F,0x3C,
    0x00,0x00,0xEF,0x3B,0x00,0x00,0x00,0x00,0x00,0x00,0x00,0x00,0x00,0x00,0x00,0x00,
    0x00,0x00,0x00,0x00,0x00,0x00,0x00,0x00,0x00,0x00,0x00,0x00,0x00,0x00,0x00,0x00,
    0x00,0x00,0x00,0x00,0x00,0x00,0x00,0x00,0x00,0x00,0x00,0x00,0x00,0x00,0x00,0x00,
    0x00,0x00,0x00,0x00,0x00,0x00,0xEF,0x3B,0x00,0x00,0x8E,0x3C,0x6F,0x3C,0xAF,0x44,
    0x6E,0x3C,0x6E,0x3C,0x6F,0x3C,0x6F,0x3C,0x6F,0x3C,0x6F,0x3C,0x6F,0x3C,0x6F,0x3C,
    0x6F,0x3C,0x6F,0x3C,0x6F,0x3C,0x6F,0x3C,0x6F,0x3C,0x6F,0x3C,0x6F,0x3C,0x6F,0x3C,
    0x6F,0x3C,0x6F,0x3C,0x6F,0x3C,0x6F,0x3C,0x6F,0x3C,0x6F,0x3C,0x6F,0x3C,0x6F,0x3C,
    0x6F,0x3C,0x6F,0x3C,0x6F,0x3C,0x6F,0x3C,0x6F,0x3C,0x6F,0x3C,0x6F,0x3C,0x6F,0x3C,
    0x6F,0x3C,0x6F,0x3C,0x6F,0x3C,0x6F,0x3C,0x6F,0x3C,0x6F,0x3C,0x6F,0x3C,0x6F,0x3C,
    0x6F,0x3C,0x6F,0x44,0x4E,0x3C,0x4E,0x34,0x8F,0x44,0x6F,0x3C,0x6F,0x3C,0x6F,0x3C,
    0x6F,0x3C,0x6F,0x3C,0x6F,0x3C,0x6F,0x3C,0x6E,0x3C,0x6E,0x3C,0xAF,0x44,0x6F,0x3C,
    0x8E,0x3C,0x00,0x00,0xEF,0x3B,0x00,0x00,0x00,0x00,0x00,0x00,0x00,0x00,0x00,0x00,
    0x00,0x00,0x00,0x00,0x00,0x00,0x00,0x00,0x00,0x00,0x00,0x00,0x00,0x00,0x00,0x00,
    0x00,0x00,0x00,0x00,0x00,0x00,0x00,0x00,0x00,0x00,0x00,0x00,0x00,0x00,0x00,0x00,
    0x00,0x00,0x00,0x00,0x00,0x00,0x00,0x00,0x00,0x00,0x00,0x00,0x4A,0x55,0x00,0x00,
    0xED,0x3B,0x8F,0x3C,0x8F,0x3C,0x8F,0x3C,0x6F,0x3C,0x6F,0x3C,0x6F,0x3C,0x6F,0x3C,
    0x6F,0x3C,0x6F,0x3C,0x6F,0x3C,0x6F,0x3C,0x6F,0x3C,0x6F,0x3C,0x6F,0x3C,0x6F,0x3C,
    0x6F,0x3C,0x6F,0x3C,0x6F,0x3C,0x6F,0x3C,0x6F,0x3C,0x6F,0x3C,0x6F,0x3C,0x6F,0x3C,
    0x6F,0x3C,0x6F,0x3C,0x6F,0x3C,0x6F,0x3C,0x6F,0x3C,0x6F,0x3C,0x6F,0x3C,0x6F,0x3C,
    0x6F,0x3C,0x6F,0x3C,0x6F,0x3C,0x6F,0x3C,0x6F,0x3C,0x6F,0x3C,0x6F,0x3C,0x6F,0x3C,
    0x6F,0x3C,0x6F,0x3C,0x6F,0x3C,0x6F,0x3C,0x6F,0x3C,0x6F,0x44,0x6F,0x3C,0x6F,0x3C,
    0x6F,0x3C,0x6F,0x3C,0x6F,0x3C,0x6F,0x3C,0x6F,0x3C,0x6F,0x3C,0x8F,0x3C,0x8F,0x3C,
    0x8F,0x3C,0xED,0x3B,0x00,0x00,0x4A,0x55,0x00,0x00,0x00,0x00,0x00,0x00,0x00,0x00,
    0x00,0x00,0x00,0x00,0x00,0x00,0x00,0x00,0x00,0x00,0x00,0x00,0x00,0x00,0x00,0x00,
    0x00,0x00,0x00,0x00,0x00,0x00,0x00,0x00,0x00,0x00,0x00,0x00,0x00,0x00,0x00,0x00,
    0x00,0x00,0x00,0x00,0x00,0x00,0x00,0x00,0x00,0x00,0x00,0x00,0x00,0x00,0x00,0x00,
    0x00,0x00,0xAA,0x52,0x00,0x00,0x00,0x00,0x6E,0x3C,0x6F,0x3C,0xAF,0x44,0x6F,0x3C,
    0x6E,0x3C,0x6F,0x3C,0x6F,0x3C,0x6F,0x3C,0x6F,0x3C,0x6F,0x3C,0x6F,0x3C,0x6F,0x3C,
    0x6F,0x3C,0x6F,0x3C,0x6F,0x3C,0x6F,0x3C,0x6F,0x3C,0x6F,0x3C,0x6F,0x3C,0x6F,0x3C,
    0x6F,0x3C,0x6F,0x3C,0x6F,0x3C,0x6F,0x3C,0x6F,0x3C,0x6F,0x3C,0x6F,0x3C,0x6F,0x3C,
    0x6F,0x3C,0x6F,0x3C,0x6F,0x3C,0x6F,0x3C,0x6F,0x3C,0x6F,0x3C,0x6F,0x3C,0x6F,0x3C,
    0x6F,0x3C,0x6F,0x3C,0x6F,0x3C,0x6F,0x3C,0x6F,0x3C,0x6F,0x3C,0x6F,0x3C,0x6F,0x3C,
    0x6F,0x3C,0x6F,0x3C,0x6F,0x3C,0x6F,0x3C,0x6F,0x3C,0x6E,0x3C,0x6F,0x3C,0xAF,0x44,
    0x6F,0x3C,0x6E,0x3C,0x00,0x00,0x00,0x00,0xAA,0x52,0x00,0x00,0x00,0x00,0x00,0x00,
    0x00,0x00,0x00,0x00,0x00,0x00,0x00,0x00,0x00,0x00,0x00,0x00,0x00,0x00,0x00,0x00,
    0x00,0x00,0x00,0x00,0x00,0x00,0x00,0x00,0x00,0x00,0x00,0x00,0x00,0x00,0x00,0x00,
    0x00,0x00,0x00,0x00,0x00,0x00,0x00,0x00,0x00,0x00,0x00,0x00,0x00,0x00,0x00,0x00,
    0x00,0x00,0x00,0x00,0x00,0x00,0x00,0x00,0xEF,0x03,0xAA,0x52,0x00,0x00,0x6E,0x3C,
    0x6F,0x3C,0x8F,0x44,0x8F,0x3C,0x6F,0x3C,0x6E,0x3C,0x6F,0x3C,0x6F,0x3C,0x6F,0x3C,
    0x6F,0x3C,0x6F,0x3C,0x6F,0x3C,0x6F,0x3C,0x6F,0x3C,0x6F,0x3C,0x6F,0x3C,0x6F,0x3C,
    0x6F,0x3C,0x6F,0x3C,0x6F,0x3C,0x6F,0x3C,0x6F,0x3C,0x6F,0x3C,0x6F,0x3C,0x6F,0x3C,
    0x6F,0x3C,0x6F,0x3C,0x6F,0x3C,0x6F,0x3C,0x6F,0x3C,0x6F,0x3C,0x6F,0x3C,0x6F,0x3C,
    0x6F,0x3C,0x6F,0x3C,0x6F,0x3C,0x6F,0x3C,0x6F,0x3C,0x6F,0x3C,0x6F,0x3C,0x6F,0x3C,
    0x6F,0x3C,0x6F,0x3C,0x6F,0x3C,0x6F,0x3C,0x6F,0x3C,0x6E,0x3C,0x6F,0x3C,0x8F,0x3C,
    0x8F,0x44,0x6F,0x3C,0x6E,0x3C,0x00,0x00,0xAA,0x52,0xEF,0x03,0x00,0x00,0x00,0x00,
    0x00,0x00,0x00,0x00,0x00,0x00,0x00,0x00,0x00,0x00,0x00,0x00,0x00,0x00,0x00,0x00,
    0x00,0x00,0x00,0x00,0x00,0x00,0x00,0x00,0x00,0x00,0x00,0x00,0x00,0x00,0x00,0x00,
    0x00,0x00,0x00,0x00,0x00,0x00,0x00,0x00,0x00,0x00,0x00,0x00,0x00,0x00,0x00,0x00,
    0x00,0x00,0x00,0x00,0x00,0x00,0x00,0x00,0x00,0x00,0x00,0x00,0x00,0x00,0x00,0x00,
    0xEF,0x3B,0x00,0x00,0xCC,0x34,0x6F,0x3C,0x6F,0x3C,0xAF,0x44,0x8F,0x3C,0x6E,0x3C,
    0x6E,0x3C,0x6F,0x3C,0x6F,0x3C,0x6F,0x3C,0x6F,0x3C,0x6F,0x3C,0x6F,0x3C,0x6F,0x3C,
    0x6F,0x3C,0x6F,0x3C,0x6F,0x3C,0x6F,0x3C,0x6F,0x3C,0x6F,0x3C,0x6F,0x3C,0x6F,0x3C,
    0x6F,0x3C,0x6F,0x3C,0x6F,0x3C,0x6F,0x3C,0x6F,0x3C,0x6F,0x3C,0x6F,0x3C,0x6F,0x3C,
    0x6F,0x3C,0x6F,0x3C,0x6F,0x3C,0x6F,0x3C,0x6F,0x3C,0x6F,0x3C,0x6F,0x3C,0x6F,0x3C,
    0x6F,0x3C,0x6F,0x3C,0x6F,0x3C,0x6F,0x3C,0x6F,0x3C,0x6E,0x3C,0x6E,0x3C,0x8F,0x3C,
    0xAF,0x44,0x6F,0x3C,0x6F,0x3C,0xCC,0x34,0x00,0x00,0xEF,0x3B,0x00,0x00,0x00,0x00,
    0x00,0x00,0x00,0x00,0x00,0x00,0x00,0x00,0x00,0x00,0x00,0x00,0x00,0x00,0x00,0x00,
    0x00,0x00,0x00,0x00,0x00,0x00,0x00,0x00,0x00,0x00,0x00,0x00,0x00,0x00,0x00,0x00,
    0x00,0x00,0x00,0x00,0x00,0x00,0x00,0x00,0x00,0x00,0x00,0x00,0x00,0x00,0x00,0x00,
    0x00,0x00,0x00,0x00,0x00,0x00,0x00,0x00,0x00,0x00,0x00,0x00,0x00,0x00,0x00,0x00,
    0x00,0x00,0x00,0x00,0x00,0x00,0x4A,0x55,0xE0,0x03,0x00,0x00,0x8F,0x44,0x6F,0x3C,
    0x6F,0x3C,0xAF,0x44,0x8F,0x3C,0x6E,0x3C,0x6E,0x3C,0x6F,0x3C,0x6F,0x3C,0x6F,0x3C,
    0x6F,0x3C,0x6F,0x3C,0x6F,0x3C,0x6F,0x3C,0x6F,0x3C,0x6F,0x3C,0x6F,0x3C,0x6F,0x3C,
    0x6F,0x3C,0x6F,0x3C,0x6F,0x3C,0x6F,0x3C,0x6F,0x3C,0x6F,0x3C,0x6F,0x3C,0x6F,0x3C,
    0x6F,0x3C,0x6F,0x3C,0x6F,0x3C,0x6F,0x3C,0x6F,0x3C,0x6F,0x3C,0x6F,0x3C,0x6F,0x3C,
    0x6F,0x3C,0x6F,0x3C,0x6F,0x3C,0x6F,0x3C,0x6F,0x3C,0x6E,0x3C,0x6E,0x3C,0x8F,0x3C,
    0xAF,0x44,0x6F,0x3C,0x6F,0x3C,0x8F,0x44,0x00,0x00,0xE0,0x03,0x4A,0x55,0x00,0x00,
    0x00,0x00,0x00,0x00,0x00,0x00,0x00,0x00,0x00,0x00,0x00,0x00,0x00,0x00,0x00,0x00,
    0x00,0x00,0x00,0x00,0x00,0x00,0x00,0x00,0x00,0x00,0x00,0x00,0x00,0x00,0x00,0x00,
    0x00,0x00,0x00,0x00,0x00,0x00,0x00,0x00,0x00,0x00,0x00,0x00,0x00,0x00,0x00,0x00,
    0x00,0x00,0x00,0x00,0x00,0x00,0x00,0x00,0x00,0x00,0x00,0x00,0x00,0x00,0x00,0x00,
    0x00,0x00,0x00,0x00,0x00,0x00,0x00,0x00,0x00,0x00,0x00,0x00,0x00,0x00,0x4A,0x05,
    0x00,0x00,0x00,0x00,0x8F,0x3C,0x6F,0x3C,0x6F,0x3C,0xAF,0x44,0x8F,0x3C,0x6F,0x3C,
    0x6F,0x3C,0x6E,0x3C,0x6F,0x3C,0x6F,0x3C,0x6F,0x3C,0x6F,0x3C,0x6F,0x3C,0x6F,0x3C,
    0x6F,0x3C,0x6F,0x3C,0x6F,0x3C,0x6F,0x3C,0x6F,0x3C,0x6F,0x3C,0x6F,0x3C,0x6F,0x3C,
    0x6F,0x3C,0x6F,0x3C,0x6F,0x3C,0x6F,0x3C,0x6F,0x3C,0x6F,0x3C,0x6F,0x3C,0x6F,0x3C,
    0x6F,0x3C,0x6F,0x3C,0x6F,0x3C,0x6F,0x3C,0x6E,0x3C,0x6F,0x3C,0x6F,0x3C,0x8F,0x3C,
    0xAF,0x44,0x6F,0x3C,0x6F,0x3C,0x8F,0x3C,0x00,0x00,0x00,0x00,0x4A,0x05,0x00,0x00,
    0x00,0x00,0x00,0x00,0x00,0x00,0x00,0x00,0x00,0x00,0x00,0x00,0x00,0x00,0x00,0x00,
    0x00,0x00,0x00,0x00,0x00,0x00,0x00,0x00,0x00,0x00,0x00,0x00,0x00,0x00,0x00,0x00,
    0x00,0x00,0x00,0x00,0x00,0x00,0x00,0x00,0x00,0x00,0x00,0x00,0x00,0x00,0x00,0x00,
    0x00,0x00,0x00,0x00,0x00,0x00,0x00,0x00,0x00,0x00,0x00,0x00,0x00,0x00,0x00,0x00,
    0x00,0x00,0x00,0x00,0x00,0x00,0x00,0x00,0x00,0x00,0x00,0x00,0x00,0x00,0x00,0x00,
    0x00,0x00,0x00,0x00,0xFF,0x07,0xEF,0x3B,0x00,0x00,0x00,0x00,0x4F,0x3C,0x6E,0x3C,
    0x6E,0x3C,0x6E,0x3C,0x8F,0x44,0x8F,0x44,0x6F,0x3C,0x6E,0x3C,0x6E,0x3C,0x6E,0x3C,
    0x6E,0x3C,0x6F,0x3C,0x6F,0x3C,0x6F,0x3C,0x6F,0x3C,0x6F,0x3C,0x6F,0x3C,0x6F,0x3C,
    0x6F,0x3C,0x6F,0x3C,0x6F,0x3C,0x6F,0x3C,0x6F,0x3C,0x6F,0x3C,0x6F,0x3C,0x6F,0x3C,
    0x6F,0x3C,0x6E,0x3C,0x6E,0x3C,0x6E,0x3C,0x6E,0x3C,0x6F,0x3C,0x8F,0x44,0x8F,0x44,
    0x6E,0x3C,0x6E,0x3C,0x6E,0x3C,0x4F,0x3C,0x00,0x00,0x00,0x00,0xEF,0x3B,0xFF,0x07,
    0x00,0x00,0x00,0x00,0x00,0x00,0x00,0x00,0x00,0x00,0x00,0x00,0x00,0x00,0x00,0x00,
    0x00,0x00,0x00,0x00,0x00,0x00,0x00,0x00,0x00,0x00,0x00,0x00,0x00,0x00,0x00,0x00,
    0x00,0x00,0x00,0x00,0x00,0x00,0x00,0x00,0x00,0x00,0x00,0x00,0x00,0x00,0x00,0x00,
    0x00,0x00,0x00,0x00,0x00,0x00,0x00,0x00,0x00,0x00,0x00,0x00,0x00,0x00,0x00,0x00,
    0x00,0x00,0x00,0x00,0x00,0x00,0x00,0x00,0x00,0x00,0x00,0x00,0x00,0x00,0x00,0x00,
    0x00,0x00,0x00,0x00,0x00,0x00,0x00,0x00,0x00,0x00,0x00,0x00,0x4A,0x55,0xCC,0x64,
    0x00,0x00,0x00,0x00,0x6E,0x54,0x6F,0x3C,0x6E,0x3C,0x6E,0x3C,0x6F,0x3C,0xAF,0x44,
    0xAF,0x44,0x8F,0x3C,0x6E,0x3C,0x6F,0x3C,0x6F,0x3C,0x6F,0x3C,0x6E,0x3C,0x6E,0x3C,
    0x6F,0x3C,0x6F,0x3C,0x6F,0x3C,0x6F,0x3C,0x6F,0x3C,0x6F,0x3C,0x6E,0x3C,0x6E,0x3C,
    0x6F,0x3C,0x6F,0x3C,0x6F,0x3C,0x6E,0x3C,0x8F,0x3C,0xAF,0x44,0xAF,0x44,0x6F,0x3C,
    0x6E,0x3C,0x6E,0x3C,0x6F,0x3C,0x6E,0x54,0x00,0x00,0x00,0x00,0xCC,0x64,0x4A,0x55,
    0x00,0x00,0x00,0x00,0x00,0x00,0x00,0x00,0x00,0x00,0x00,0x00,0x00,0x00,0x00,0x00,
    0x00,0x00,0x00,0x00,0x00,0x00,0x00,0x00,0x00,0x00,0x00,0x00,0x00,0x00,0x00,0x00,
    0x00,0x00,0x00,0x00,0x00,0x00,0x00,0x00,0x00,0x00,0x00,0x00,0x00,0x00,0x00,0x00,
    0x00,0x00,0x00,0x00,0x00,0x00,0x00,0x00,0x00,0x00,0x00,0x00,0x00,0x00,0x00,0x00,
    0x00,0x00,0x00,0x00,0x00,0x00,0x00,0x00,0x00,0x00,0x00,0x00,0x00,0x00,0x00,0x00,
    0x00,0x00,0x00,0x00,0x00,0x00,0x00,0x00,0x00,0x00,0x00,0x00,0x00,0x00,0x00,0x00,
    0x00,0x00,0x00,0x00,0xEF,0x03,0xEF,0x03,0x00,0x00,0x00,0x00,0x00,0x00,0x4E,0x44,
    0x6E,0x3C,0x6F,0x3C,0x6F,0x3C,0x6F,0x3C,0x6E,0x3C,0xAF,0x44,0x8F,0x44,0x8F,0x3C,
    0x6F,0x3C,0x6F,0x3C,0x6F,0x3C,0x6F,0x3C,0x6F,0x3C,0x6F,0x3C,0x6F,0x3C,0x6F,0x3C,
    0x6F,0x3C,0x6F,0x3C,0x8F,0x3C,0x8F,0x44,0xAF,0x44,0x6E,0x3C,0x6F,0x3C,0x6F,0x3C,
    0x6F,0x3C,0x6E,0x3C,0x4E,0x44,0x00,0x00,0x00,0x00,0x00,0x00,0xEF,0x03,0xEF,0x03,
    0x00,0x00,0x00,0x00,0x00,0x00,0x00,0x00,0x00,0x00,0x00,0x00,0x00,0x00,0x00,0x00,
    0x00,0x00,0x00,0x00,0x00,0x00,0x00,0x00,0x00,0x00,0x00,0x00,0x00,0x00,0x00,0x00,
    0x00,0x00,0x00,0x00,0x00,0x00,0x00,0x00,0x00,0x00,0x00,0x00,0x00,0x00,0x00,0x00,
    0x00,0x00,0x00,0x00,0x00,0x00,0x00,0x00,0x00,0x00,0x00,0x00,0x00,0x00,0x00,0x00,
    0x00,0x00,0x00,0x00,0x00,0x00,0x00,0x00,0x00,0x00,0x00,0x00,0x00,0x00,0x00,0x00,
    0x00,0x00,0x00,0x00,0x00,0x00,0x00,0x00,0x00,0x00,0x00,0x00,0x00,0x00,0x00,0x00,
    0x00,0x00,0x00,0x00,0x00,0x00,0x00,0x00,0x00,0x00,0x00,0x00,0x00,0x00,0x4A,0x55,
    0xEF,0x3B,0x00,0x00,0x00,0x00,0x00,0x00,0xEF,0x7B,0x8E,0x44,0x6E,0x44,0x6F,0x3C,
    0x6E,0x3C,0x6F,0x3C,0x6F,0x3C,0x6E,0x3C,0x6F,0x3C,0x6F,0x3C,0x6F,0x3C,0x6F,0x3C,
    0x6F,0x3C,0x6F,0x3C,0x6E,0x3C,0x6F,0x3C,0x6F,0x3C,0x6E,0x3C,0x6F,0x3C,0x6E,0x44,
    0x8E,0x44,0xEF,0x7B,0x00,0x00,0x00,0x00,0x00,0x00,0xEF,0x3B,0x4A,0x55,0x00,0x00,
    0x00,0x00,0x00,0x00,0x00,0x00,0x00,0x00,0x00,0x00,0x00,0x00,0x00,0x00,0x00,0x00,
    0x00,0x00,0x00,0x00,0x00,0x00,0x00,0x00,0x00,0x00,0x00,0x00,0x00,0x00,0x00,0x00,
    0x00,0x00,0x00,0x00,0x00,0x00,0x00,0x00,0x00,0x00,0x00,0x00,0x00,0x00,0x00,0x00,
    0x00,0x00,0x00,0x00,0x00,0x00,0x00,0x00,0x00,0x00,0x00,0x00,0x00,0x00,0x00,0x00,
    0x00,0x00,0x00,0x00,0x00,0x00,0x00,0x00,0x00,0x00,0x00,0x00,0x00,0x00,0x00,0x00,
    0x00,0x00,0x00,0x00,0x00,0x03,0x04,0x00,0x00,0x00,0x02,0x1E,0x36,0x61,0x91,0xAE,
    0xD3,0xD9,0xF6,0xFF,0xFE,0xFE,0xFF,0xF6,0xD9,0xD3,0xAE,0x91,0x61,0x36,0x1E,0x02,
    0x00,0x00,0x00,0x04,0x03,0x00,0x00,0x00,0x00,0x00,0x00,0x00,0x00,0x00,0x00,0x00,
    0x00,0x00,0x00,0x00,0x00,0x00,0x00,0x00,0x00,0x00,0x00,0x00,0x00,0x00,0x00,0x00,
    0x00,0x00,0x00,0x00,0x00,0x00,0x00,0x00,0x00,0x00,0x00,0x00,0x00,0x00,0x00,0x00,
    0x00,0x00,0x00,0x00,0x00,0x00,0x00,0x00,0x00,0x00,0x00,0x00,0x02,0x02,0x00,0x00,
    0x00,0x0F,0x49,0x7B,0xAC,0xD9,0xF9,0xFF,0xFF,0xFF,0xFF,0xFF,0xFF,0xFF,0xFF,0xFF,
    0xFF,0xFF,0xFF,0xFF,0xFF,0xFF,0xFF,0xF9,0xD9,0xAC,0x7B,0x49,0x0F,0x00,0x00,0x00,
    0x02,0x02,0x00,0x00,0x00,0x00,0x00,0x00,0x00,0x00,0x00,0x00,0x00,0x00,0x00,0x00,
    0x00,0x00,0x00,0x00,0x00,0x00,0x00,0x00,0x00,0x00,0x00,0x00,0x00,0x00,0x00,0x00,
    0x00,0x00,0x00,0x00,0x00,0x00,0x00,0x00,0x00,0x00,0x00,0x00,0x00,0x00,0x00,0x00,
    0x00,0x00,0x00,0x00,0x03,0x05,0x00,0x00,0x09,0x44,0x95,0xD5,0xF8,0xFF,0xFF,0xFF,
    0xFE,0xFC,0xFC,0xFC,0xFD,0xFE,0xFF,0xFF,0xFF,0xFF,0xFF,0xFF,0xFE,0xFD,0xFC,0xFC,
    0xFC,0xFE,0xFF,0xFF,0xFF,0xF8,0xD5,0x95,0x44,0x09,0x00,0x00,0x05,0x03,0x00,0x00,
    0x00,0x00,0x00,0x00,0x00,0x00,0x00,0x00,0x00,0x00,0x00,0x00,0x00,0x00,0x00,0x00,
    0x00,0x00,0x00,0x00,0x00,0x00,0x00,0x00,0x00,0x00,0x00,0x00,0x00,0x00,0x00,0x00,
    0x00,0x00,0x00,0x00,0x00,0x00,0x00,0x00,0x00,0x00,0x00,0x00,0x01,0x04,0x00,0x00,
    0x1F,0x71,0xCF,0xFD,0xFF,0xFF,0xFE,0xFA,0xFB,0xFD,0xFE,0xFF,0xFF,0xFF,0xFF,0xFF,
    0xFF,0xFF,0xFF,0xFF,0xFF,0xFF,0xFF,0xFF,0xFF,0xFF,0xFF,0xFE,0xFD,0xFB,0xFA,0xFE,
    0xFF,0xFF,0xFD,0xCF,0x71,0x1F,0x00,0x00,0x04,0x01,0x00,0x00,0x00,0x00,0x00,0x00,
    0x00,0x00,0x00,0x00,0x00,0x00,0x00,0x00,0x00,0x00,0x00,0x00,0x00,0x00,0x00,0x00,
    0x00,0x00,0x00,0x00,0x00,0x00,0x00,0x00,0x00,0x00,0x00,0x00,0x00,0x00,0x00,0x00,
    0x00,0x00,0x00,0x00,0x01,0x03,0x00,0x00,0x2C,0x88,0xE0,0xFF,0xFF,0xFF,0xFC,0xFD,
    0xFE,0xFF,0xFF,0xFF,0xFF,0xFF,0xFF,0xFF,0xFF,0xFF,0xFF,0xFF,0xFF,0xFF,0xFF,0xFF,
    0xFF,0xFF,0xFF,0xFF,0xFF,0xFF,0xFF,0xFF,0xFF,0xFE,0xFD,0xFC,0xFF,0xFF,0xFF,0xE0,
    0x88,0x2C,0x00,0x00,0x03,0x01,0x00,0x00,0x00,0x00,0x00,0x00,0x00,0x00,0x00,0x00,
    0x00,0x00,0x00,0x00,0x00,0x00,0x00,0x00,0x00,0x00,0x00,0x00,0x00,0x00,0x00,0x00,
    0x00,0x00,0x00,0x00,0x00,0x00,0x00,0x00,0x00,0x00,0x00,0x00,0x00,0x03,0x02,0x00,
    0x17,0x83,0xE7,0xFF,0xFF,0xFB,0xFD,0xFF,0xFF,0xFF,0xFF,0xFF,0xFF,0xFF,0xFF,0xFF,
    0xFF,0xFF,0xFF,0xFF,0xFF,0xFF,0xFF,0xFF,0xFF,0xFF,0xFF,0xFF,0xFF,0xFF,0xFF,0xFF,
    0xFF,0xFF,0xFF,0xFF,0xFF,0xFF,0xFF,0xFD,0xFB,0xFF,0xFF,0xE7,0x83,0x17,0x00,0x02,
    0x03,0x00,0x00,0x00,0x00,0x00,0x00,0x00,0x00,0x00,0x00,0x00,0x00,0x00,0x00,0x00,
    0x00,0x00,0x00,0x00,0x00,0x00,0x00,0x00,0x00,0x00,0x00,0x00,0x00,0x00,0x00,0x00,
    0x00,0x00,0x00,0x00,0x00,0x00,0x04,0x00,0x05,0x59,0xDD,0xFF,0xFF,0xFA,0xFD,0xFF,
    0xFF,0xFF,0xFF,0xFF,0xFF,0xFF,0xFF,0xFF,0xFF,0xFF,0xFF,0xFF,0xFF,0xFF,0xFF,0xFF,
    0xFF,0xFF,0xFF,0xFF,0xFF,0xFF,0xFF,0xFF,0xFF,0xFF,0xFF,0xFF,0xFF,0xFF,0xFF,0xFF,
    0xFF,0xFF,0xFF,0xFD,0xFA,0xFF,0xFF,0xDD,0x59,0x05,0x00,0x04,0x00,0x00,0x00,0x00,
    0x00,0x00,0x00,0x00,0x00,0x00,0x00,0x00,0x00,0x00,0x00,0x00,0x00,0x00,0x00,0x00,
    0x00,0x00,0x00,0x00,0x00,0x00,0x00,0x00,0x00,0x00,0x00,0x00,0x00,0x00,0x02,0x03,
    0x00,0x2B,0xAF,0xFF,0xFF,0xFC,0xFE,0xFF,0xFF,0xFF,0xFF,0xFF,0xFF,0xFF,0xFF,0xFF,
    0xFF,0xFF,0xFF,0xFF,0xFF,0xFF,0xFF,0xFF,0xFF,0xFF,0xFF,0xFF,0xFF,0xFF,0xFF,0xFF,
    0xFF,0xFF,0xFF,0xFF,0xFF,0xFF,0xFF,0xFF,0xFF,0xFF,0xFF,0xFF,0xFF,0xFF,0xFF,0xFE,
    0xFC,0xFF,0xFF,0xAF,0x2B,0x00,0x03,0x02,0x00,0x00,0x00,0x00,0x00,0x00,0x00,0x00,
    0x00,0x00,0x00,0x00,0x00,0x00,0x00,0x00,0x00,0x00,0x00,0x00,0x00,0x00,0x00,0x00,
    0x00,0x00,0x00,0x00,0x00,0x00,0x00,0x03,0x00,0x00,0x5E,0xE7,0xFF,0xFB,0xFD,0xFF,
    0xFF,0xFF,0xFF,0xFF,0xFF,0xFF,0xFF,0xFF,0xFF,0xFF,0xFF,0xFF,0xFF,0xFF,0xFF,0xFF,
    0xFF,0xFF,0xFF,0xFF,0xFF,0xFF,0xFF,0xFF,0xFF,0xFF,0xFF,0xFF,0xFF,0xFF,0xFF,0xFF,
    0xFF,0xFF,0xFF,0xFF,0xFF,0xFF,0xFF,0xFF,0xFF,0xFF,0xFF,0xFD,0xFB,0xFF,0xE7,0x5E,
    0x00,0x00,0x03,0x00,0x00,0x00,0x00,0x00,0x00,0x00,0x00,0x00,0x00,0x00,0x00,0x00,
    0x00,0x00,0x00,0x00,0x00,0x00,0x00,0x00,0x00,0x00,0x00,0x00,0x00,0x00,0x00,0x00,
    0x03,0x00,0x0C,0x8F,0xFF,0xFF,0xFA,0xFF,0xFF,0xFF,0xFF,0xFF,0xFF,0xFF,0xFF,0xFF,
    0xFF,0xFF,0xFF,0xFF,0xFF,0xFF,0xFF,0xFF,0xFF,0xFF,0xFF,0xFF,0xFF,0xFF,0xFF,0xFF,
    0xFF,0xFF,0xFF,0xFF,0xFF,0xFF,0xFF,0xFF,0xFF,0xFF,0xFF,0xFF,0xFF,0xFF,0xFF,0xFF,
    0xFF,0xFF,0xFF,0xFF,0xFF,0xFF,0xFF,0xFA,0xFF,0xFF,0x8F,0x0C,0x00,0x03,0x00,0x00,
    0x00,0x00,0x00,0x00,0x00,0x00,0x00,0x00,0x00,0x00,0x00,0x00,0x00,0x00,0x00,0x00,
    0x00,0x00,0x00,0x00,0x00,0x00,0x00,0x00,0x00,0x04,0x00,0x21,0xBE,0xFF,0xFD,0xFD,
    0xFF,0xFF,0xFF,0xFF,0xFF,0xFF,0xFF,0xFF,0xFF,0xFF,0xFF,0xFF,0xFF,0xFF,0xFF,0xFF,
    0xFF,0xFF,0xFF,0xFF,0xFF,0xFF,0xFF,0xFF,0xFF,0xFF,0xFF,0xFF,0xFF,0xFF,0xFF,0xFF,
    0xFF,0xFF,0xFF,0xFF,0xFF,0xFF,0xFF,0xFF,0xFF,0xFF,0xFF,0xFF,0xFF,0xFF,0xFF,0xFF,
    0xFF,0xFF,0xFD,0xFD,0xFF,0xBE,0x21,0x00,0x04,0x00,0x00,0x00,0x00,0x00,0x00,0x00,
    0x00,0x00,0x00,0x00,0x00,0x00,0x00,0x00,0x00,0x00,0x00,0x00,0x00,0x00,0x00,0x00,
    0x00,0x00,0x04,0x00,0x2A,0xD6,0xFF,0xFA,0xFF,0xFF,0xFF,0xFF,0xFF,0xFF,0xFF,0xFF,
    0xFF,0xFF,0xFF,0xFF,0xFF,0xFF,0xFF,0xFF,0xFF,0xFF,0xFF,0xFF,0xFF,0xFF,0xFF,0xFF,
    0xFF,0xFF,0xFF,0xFF,0xFF,0xFF,0xFF,0xFF,0xFF,0xFF,0xFF,0xFF,0xFF,0xFF,0xFF,0xFF,
    0xFF,0xFF,0xFF,0xFF,0xFF,0xFF,0xFF,0xFF,0xFF,0xFF,0xFF,0xFF,0xFF,0xFF,0xFA,0xFF,
    0xD6,0x2A,0x00,0x04,0x00,0x00,0x00,0x00,0x00,0x00,0x00,0x00,0x00,0x00,0x00,0x00,
    0x00,0x00,0x00,0x00,0x00,0x00,0x00,0x00,0x00,0x00,0x00,0x04,0x00,0x41,0xE6,0xFF,
    0xF9,0xFF,0xFF,0xFF,0xFF,0xFF,0xFF,0xFF,0xFF,0xFF,0xFF,0xFF,0xFF,0xFF,0xFF,0xFF,
    0xFF,0xFF,0xFF,0xFF,0xFF,0xFF,0xFF,0xFF,0xFF,0xFF,0xFF,0xFF,0xFF,0xFF,0xFF,0xFF,
    0xFF,0xFF,0xFF,0xFF,0xFF,0xFF,0xFF,0xFF,0xFF,0xFF,0xFF,0xFF,0xFF,0xFF,0xFF,0xFF,
    0xFF,0xFF,0xFF,0xFF,0xFF,0xFF,0xFF,0xFF,0xFF,0xF9,0xFF,0xE6,0x41,0x00,0x04,0x00,
    0x00,0x00,0x00,0x00,0x00,0x00,0x00,0x00,0x00,0x00,0x00,0x00,0x00,0x00,0x00,0x00,
    0x00,0x00,0x00,0x00,0x03,0x00,0x40,0xE8,0xFF,0xFB,0xFF,0xFF,0xFF,0xFF,0xFF,0xFF,
    0xFF,0xFF,0xFF,0xFF,0xFF,0xFF,0xFF,0xFF,0xFF,0xFF,0xFF,0xFF,0xFF,0xFF,0xFF,0xFF,
    0xFF,0xFF,0xFF,0xFF,0xFF,0xFF,0xFF,0xFF,0xFF,0xFF,0xFF,0xFF,0xFF,0xFF,0xFF,0xFF,
    0xFF,0xFF,0xFF,0xFF,0xFF,0xFF,0xFF,0xFF,0xFF,0xFF,0xFF,0xFF,0xFF,0xFF,0xFF,0xFF,
    0xFF,0xFF,0xFF,0xFF,0xFB,0xFF,0xE8,0x40,0x00,0x03,0x00,0x00,0x00,0x00,0x00,0x00,
    0x00,0x00,0x00,0x00,0x00,0x00,0x00,0x00,0x00,0x00,0x00,0x00,0x00,0x02,0x00,0x28,
    0xEB,0xFF,0xFD,0xFF,0xFF,0xFF,0xFF,0xFF,0xFF,0xFF,0xFF,0xFF,0xFF,0xFF,0xFF,0xFF,
    0xFF,0xFF,0xFF,0xFF,0xFF,0xFF,0xFF,0xFF,0xFF,0xFF,0xFF,0xFF,0xFF,0xFF,0xFF,0xFF,
    0xFF,0xFF,0xFF,0xFF,0xFF,0xFF,0xFF,0xFF,0xFF,0xFF,0xFF,0xFF,0xFF,0xFF,0xFF,0xFF,
    0xFF,0xFF,0xFF,0xFF,0xFF,0xFF,0xFF,0xFF,0xFF,0xFF,0xFF,0xFF,0xFF,0xFF,0xFF,0xFD,
    0xFF,0xEB,0x28,0x00,0x02,0x00,0x00,0x00,0x00,0x00,0x00,0x00,0x00,0x00,0x00,0x00,
    0x00,0x00,0x00,0x00,0x00,0x00,0x02,0x00,0x1D,0xD3,0xFF,0xFB,0xFF,0xFF,0xFF,0xFF,
    0xFF,0xFF,0xFF,0xFF,0xFF,0xFF,0xFF,0xFF,0xFF,0xFF,0xFF,0xFF,0xFF,0xFF,0xFF,0xFF,
    0xFF,0xFF,0xFF,0xFF,0xFF,0xFF,0xFF,0xFF,0xFF,0xFF,0xFF,0xFF,0xFF,0xFF,0xFF,0xFF,
    0xFF,0xFF,0xFF,0xFF,0xFF,0xFF,0xFF,0xFF,0xFF,0xFF,0xFF,0xFF,0xFF,0xFF,0xFF,0xFF,
    0xFF,0xFF,0xFF,0xFF,0xFF,0xFF,0xFF,0xFF,0xFF,0xFF,0xFB,0xFF,0xD3,0x1D,0x00,0x02,
    0x00,0x00,0x00,0x00,0x00,0x00,0x00,0x00,0x00,0x00,0x00,0x00,0x00,0x00,0x00,0x02,
    0x03,0x0C,0xC0,0xFF,0xFA,0xFF,0xFF,0xFF,0xFF,0xFF,0xFF,0xFF,0xFF,0xFF,0xFF,0xFF,
    0xFF,0xFF,0xFF,0xFF,0xFF,0xFF,0xFF,0xFF,0xFF,0xFF,0xFF,0xFF,0xFF,0xFF,0xFF,0xFF,
    0xFF,0xFF,0xFF,0xFF,0xFF,0xFF,0xFF,0xFF,0xFF,0xFF,0xFF,0xFF,0xFF,0xFF,0xFF,0xFF,
    0xFF,0xFF,0xFF,0xFF,0xFF,0xFF,0xFF,0xFF,0xFF,0xFF,0xFF,0xFF,0xFF,0xFF,0xFF,0xFF,
    0xFF,0xFF,0xFF,0xFF,0xFF,0xFA,0xFF,0xC0,0x0C,0x03,0x02,0x00,0x00,0x00,0x00,0x00,
    0x00,0x00,0x00,0x00,0x00,0x00,0x00,0x00,0x00,0x04,0x00,0x90,0xFF,0xFC,0xFF,0xFF,
    0xFF,0xFF,0xFF,0xFF,0xFF,0xFF,0xFF,0xFF,0xFF,0xFF,0xFF,0xFF,0xFF,0xFF,0xFF,0xFF,
    0xFF,0xFF,0xFF,0xFF,0xFF,0xFF,0xFF,0xFF,0xFF,0xFF,0xFF,0xFF,0xFF,0xFF,0xFF,0xFF,
    0xFF,0xFF,0xFF,0xFF,0xFF,0xFF,0xFF,0xFF,0xFF,0xFF,0xFF,0xFF,0xFF,0xFF,0xFF,0xFF,
    0xFF,0xFF,0xFF,0xFF,0xFF,0xFF,0xFF,0xFF,0xFF,0xFF,0xFF,0xFF,0xFF,0xFF,0xFF,0xFF,
    0xFC,0xFF,0x90,0x00,0x04,0x00,0x00,0x00,0x00,0x00,0x00,0x00,0x00,0x00,0x00,0x00,
    0x00,0x00,0x03,0x00,0x5B,0xFF,0xFC,0xFF,0xFF,0xFF,0xFF,0xFF,0xFF,0xFF,0xFF,0xFF,
    0xFF,0xFF,0xFF,0xFF,0xFF,0xFF,0xFF,0xFF,0xFF,0xFF,0xFF,0xFF,0xFF,0xFF,0xFF,0xFF,
    0xFF,0xFF,0xFF,0xFF,0xFF,0xFF,0xFF,0xFF,0xFF,0xFF,0xFF,0xFF,0xFF,0xFF,0xFF,0xFF,
    0xFF,0xFF,0xFF,0xFF,0xFF,0xFF,0xFF,0xFF,0xFF,0xFF,0xFF,0xFF,0xFF,0xFF,0xFF,0xFF,
    0xFF,0xFF,0xFF,0xFF,0xFF,0xFF,0xFF,0xFF,0xFF,0xFF,0xFF,0xFC,0xFF,0x5B,0x00,0x03,
    0x00,0x00,0x00,0x00,0x00,0x00,0x00,0x00,0x00,0x00,0x00,0x03,0x01,0x26,0xEB,0xFD,
    0xFD,0xFF,0xFF,0xFF,0xFF,0xFF,0xFF,0xFF,0xFF,0xFF,0xFF,0xFF,0xFF,0xFF,0xFF,0xFF,
    0xFF,0xFF,0xFF,0xFF,0xFF,0xFF,0xFF,0xFF,0xFF,0xFF,0xFF,0xFF,0xFF,0xFF,0xFF,0xFF,
    0xFF,0xFF,0xFF,0xFF,0xFF,0xFF,0xFF,0xFF,0xFF,0xFF,0xFF,0xFF,0xFF,0xFF,0xFF,0xFF,
    0xFF,0xFF,0xFF,0xFF,0xFF,0xFF,0xFF,0xFF,0xFF,0xFF,0xFF,0xFF,0xFF,0xFF,0xFF,0xFF,
    0xFF,0xFF,0xFF,0xFF,0xFF,0xFD,0xFD,0xEB,0x26,0x01,0x03,0x00,0x00,0x00,0x00,0x00,
    0x00,0x00,0x00,0x00,0x01,0x03,0x06,0xB0,0xFF,0xFB,0xFF,0xFF,0xFF,0xFF,0xFF,0xFF,
    0xFF,0xFF,0xFF,0xFF,0xFF,0xFF,0xFF,0xFF,0xFF,0xFF,0xFF,0xFF,0xFF,0xFF,0xFF,0xFF,
    0xFF,0xFF,0xFF,0xFF,0xFF,0xFF,0xFF,0xFF,0xFF,0xFF,0xFF,0xFF,0xFF,0xFF,0xFF,0xFF,
    0xFF,0xFF,0xFF,0xFF,0xFF,0xFF,0xFF,0xFF,0xFF,0xFF,0xFF,0xFF,0xFF,0xFF,0xFF,0xFF,
    0xFF,0xFF,0xFF,0xFF,0xFF,0xFF,0xFF,0xFF,0xFF,0xFF,0xFF,0xFF,0xFF,0xFF,0xFF,0xFF,
    0xFB,0xFF,0xB0,0x06,0x03,0x01,0x00,0x00,0x00,0x00,0x00,0x00,0x00,0x00,0x03,0x00,
    0x58,0xFF,0xFA,0xFF,0xFF,0xFF,0xFF,0xFF,0xFF,0xFF,0xFF,0xFF,0xFF,0xFF,0xFF,0xFF,
    0xFF,0xFF,0xFF,0xFF,0xFF,0xFF,0xFF,0xFF,0xFF,0xFF,0xFF,0xFF,0xFF,0xFF,0xFF,0xFF,
    0xFF,0xFF,0xFF,0xFF,0xFF,0xFF,0xFF,0xFF,0xFF,0xFF,0xFF,0xFF,0xFF,0xFF,0xFF,0xFF,
    0xFF,0xFF,0xFF,0xFF,0xFF,0xFF,0xFF,0xFF,0xFF,0xFF,0xFF,0xFF,0xFF,0xFF,0xFF,0xFF,
    0xFF,0xFF,0xFF,0xFF,0xFF,0xFF,0xFF,0xFF,0xFF,0xFF,0xFF,0xFA,0xFF,0x58,0x00,0x03,
    0x00,0x00,0x00,0x00,0x00,0x00,0x00,0x01,0x01,0x15,0xDE,0xFF,0xFD,0xFF,0xFF,0xFF,
    0xFF,0xFF,0xFF,0xFF,0xFF,0xFF,0xFF,0xFF,0xFF,0xFF,0xFF,0xFF,0xFF,0xFF,0xFF,0xFF,
    0xFF,0xFF,0xFF,0xFF,0xFF,0xFF,0xFF,0xFF,0xFF,0xFF,0xFF,0xFF,0xFF,0xFF,0xFF,0xFF,
    0xFF,0xFF,0xFF,0xFF,0xFF,0xFF,0xFF,0xFF,0xFF,0xFF,0xFF,0xFF,0xFF,0xFF,0xFF,0xFF,
    0xFF,0xFF,0xFF,0xFF,0xFF,0xFF,0xFF,0xFF,0xFF,0xFF,0xFF,0xFF,0xFF,0xFF,0xFF,0xFF,
    0xFF,0xFF,0xFF,0xFF,0xFF,0xFD,0xFF,0xDE,0x15,0x01,0x01,0x00,0x00,0x00,0x00,0x00,
    0x00,0x04,0x00,0x84,0xFF,0xFD,0xFF,0xFF,0xFF,0xFF,0xFF,0xFF,0xFF,0xFF,0xFF,0xFF,
    0xFF,0xFF,0xFF,0xFF,0xFF,0xFF,0xFF,0xFF,0xFF,0xFF,0xFF,0xFF,0xFF,0xFF,0xFF,0xFF,
    0xFF,0xFF,0xFF,0xFF,0xFF,0xFF,0xFF,0xFF,0xFF,0xFF,0xFF,0xFF,0xFF,0xFF,0xFF,0xFF,
    0xFF,0xFF,0xFF,0xFF,0xFF,0xFF,0xFF,0xFF,0xFF,0xFF,0xFF,0xFF,0xFF,0xFF,0xFF,0xFF,
    0xFF,0xFF,0xFF,0xFF,0xFF,0xFF,0xFF,0xFF,0xFF,0xFF,0xFF,0xFF,0xFF,0xFF,0xFF,0xFF,
    0xFD,0xFF,0x84,0x00,0x04,0x00,0x00,0x00,0x00,0x00,0x03,0x01,0x2B,0xE8,0xFD,0xFD,
    0xFF,0xFF,0xFF,0xFF,0xFF,0xFF,0xFF,0xFF,0xFF,0xFF,0xFF,0xFF,0xFF,0xFF,0xFF,0xFF,
    0xFF,0xFF,0xFF,0xFF,0xFF,0xFF,0xFF,0xFF,0xFF,0xFF,0xFF,0xFF,0xFF,0xFF,0xFF,0xFF,
    0xFF,0xFF,0xFF,0xFF,0xFF,0xFF,0xFF,0xFF,0xFF,0xFF,0xFF,0xFF,0xFF,0xFF,0xFF,0xFF,
    0xFF,0xFF,0xFF,0xFF,0xFF,0xFF,0xFF,0xFF,0xFF,0xFF,0xFF,0xFF,0xFF,0xFF,0xFF,0xFF,
    0xFF,0xFF,0xFF,0xFF,0xFF,0xFF,0xFF,0xFF,0xFF,0xFF,0xFD,0xFD,0xE8,0x2B,0x01,0x03,
    0x00,0x00,0x00,0x00,0x04,0x00,0x88,0xFF,0xFA,0xFF,0xFF,0xFF,0xFF,0xFF,0xFF,0xFF,
    0xFF,0xFF,0xFF,0xFF,0xFF,0xFF,0xFF,0xFF,0xFF,0xFF,0xFF,0xFF,0xFF,0xFF,0xFF,0xFF,
    0xFF,0xFF,0xFF,0xFF,0xFF,0xFF,0xFF,0xFF,0xFF,0xFF,0xFF,0xFF,0xFF,0xFF,0xFF,0xFF,
    0xFF,0xFF,0xFF,0xFF,0xFF,0xFF,0xFF,0xFF,0xFF,0xFF,0xFF,0xFF,0xFF,0xFF,0xFF,0xFF,
    0xFF,0xFF,0xFF,0xFF,0xFF,0xFF,0xFF,0xFF,0xFF,0xFF,0xFF,0xFF,0xFF,0xFF,0xFF,0xFF,
    0xFF,0xFF,0xFF,0xFF,0xFF,0xFA,0xFF,0x88,0x00,0x04,0x00,0x00,0x00,0x02,0x01,0x1E,
    0xE0,0xFE,0xFD,0xFF,0xFF,0xFF,0xFF,0xFF,0xFF,0xFF,0xFF,0xFF,0xFF,0xFF,0xFF,0xFF,
    0xFF,0xFF,0xFF,0xFF,0xFF,0xFF,0xFF,0xFF,0xFF,0xFF,0xFF,0xFF,0xFF,0xFF,0xFF,0xFF,
    0xFF,0xFF,0xFF,0xFF,0xFF,0xFF,0xFF,0xFF,0xFF,0xFF,0xFF,0xFF,0xFF,0xFF,0xFF,0xFF,
    0xFF,0xFF,0xFF,0xFF,0xFF,0xFF,0xFF,0xFF,0xFF,0xFF,0xFF,0xFF,0xFF,0xFF,0xFF,0xFF,
    0xFF,0xFF,0xFF,0xFF,0xFF,0xFF,0xFF,0xFF,0xFF,0xFF,0xFF,0xFF,0xFF,0xFF,0xFF,0xFD,
    0xFE,0xE0,0x1E,0x01,0x02,0x00,0x00,0x03,0x00,0x6F,0xFF,0xFB,0xFF,0xFF,0xFF,0xFF,
    0xFF,0xFF,0xFF,0xFF,0xFF,0xFF,0xFF,0xFF,0xFF,0xFF,0xFF,0xFF,0xFF,0xFF,0xFF,0xFF,
    0xFF,0xFF,0xFF,0xFF,0xFF,0xFF,0xFF,0xFF,0xFF,0xFF,0xFF,0xFF,0xFF,0xFF,0xFF,0xFF,
    0xFF,0xFF,0xFF,0xFF,0xFF,0xFF,0xFF,0xFF,0xFF,0xFF,0xFF,0xFF,0xFF,0xFF,0xFF,0xFF,
    0xFF,0xFF,0xFF,0xFF,0xFF,0xFF,0xFF,0xFF,0xFF,0xFF,0xFF,0xFF,0xFF,0xFF,0xFF,0xFF,
    0xFF,0xFF,0xFF,0xFF,0xFF,0xFF,0xFF,0xFF,0xFF,0xFF,0xFB,0xFF,0x6F,0x00,0x03,0x00,
    0x00,0x00,0x07,0xCF,0xFE,0xFD,0xFF,0xFF,0xFF,0xFF,0xFF,0xFF,0xFF,0xFF,0xFF,0xFF,
    0xFF,0xFF,0xFF,0xFF,0xFF,0xFF,0xFF,0xFF,0xFF,0xFF,0xFF,0xFF,0xFF,0xFF,0xFF,0xFF,
    0xFF,0xFF,0xFF,0xFF,0xFF,0xFF,0xFF,0xFF,0xFF,0xFF,0xFF,0xFF,0xFF,0xFF,0xFF,0xFF,
    0xFF,0xFF,0xFF,0xFF,0xFF,0xFF,0xFF,0xFF,0xFF,0xFF,0xFF,0xFF,0xFF,0xFF,0xFF,0xFF,
    0xFF,0xFF,0xFF,0xFF,0xFF,0xFF,0xFF,0xFF,0xFF,0xFF,0xFF,0xFF,0xFF,0xFF,0xFF,0xFF,
    0xFF,0xFF,0xFF,0xFF,0xFD,0xFE,0xCF,0x07,0x00,0x00,0x03,0x01,0x44,0xFD,0xFE,0xFF,
    0xFF,0xFF,0xFF,0xFF,0xFF,0xFF,0xFF,0xFF,0xFF,0xFF,0xFF,0xFF,0xFF,0xFF,0xFF,0xFF,
    0xFF,0xFF,0xFF,0xFF,0xFF,0xFF,0xFF,0xFF,0xFF,0xFF,0xFF,0xFF,0xFF,0xFF,0xFF,0xFF,
    0xFF,0xFF,0xFF,0xFF,0xFF,0xFF,0xFF,0xFF,0xFF,0xFF,0xFF,0xFF,0xFF,0xFF,0xFF,0xFF,
    0xFF,0xFF,0xFF,0xFF,0xFF,0xFF,0xFF,0xFF,0xFF,0xFF,0xFF,0xFF,0xFF,0xFF,0xFF,0xFF,
    0xFF,0xFF,0xFF,0xFF,0xFF,0xFF,0xFF,0xFF,0xFF,0xFF,0xFF,0xFF,0xFF,0xFF,0xFF,0xFE,
    0xFD,0x44,0x01,0x03,0x04,0x00,0x96,0xFF,0xFC,0xFF,0xFF,0xFF,0xFF,0xFF,0xFF,0xFF,
    0xFF,0xFF,0xFF,0xFF,0xFF,0xFF,0xFF,0xFF,0xFF,0xFF,0xFF,0xFF,0xFF,0xFF,0xFF,0xFF,
    0xFF,0xFF,0xFF,0xFF,0xFF,0xFF,0xFF,0xFF,0xFF,0xFF,0xFF,0xFF,0xFF,0xFF,0xFF,0xFF,
    0xFF,0xFF,0xFF,0xFF,0xFF,0xFF,0xFF,0xFF,0xFF,0xFF,0xFF,0xFF,0xFF,0xFF,0xFF,0xFF,
    0xFF,0xFF,0xFF,0xFF,0xFF,0xFF,0xFF,0xFF,0xFF,0xFF,0xFF,0xFF,0xFF,0xFF,0xFF,0xFF,
    0xFF,0xFF,0xFF,0xFF,0xFF,0xFF,0xFF,0xFF,0xFF,0xFC,0xFF,0x96,0x00,0x04,0x01,0x0F,
    0xD4,0xFF,0xFC,0xFF,0xFF,0xFF,0xFF,0xFF,0xFF,0xFF,0xFF,0xFF,0xFF,0xFF,0xFF,0xFF,
    0xFF,0xFF,0xFF,0xFF,0xFF,0xFF,0xFF,0xFF,0xFF,0xFF,0xFF,0xFF,0xFF,0xFF,0xFF,0xFF,
    0xFF,0xFF,0xFF,0xFF,0xFF,0xFF,0xFF,0xFF,0xFF,0xFF,0xFF,0xFF,0xFF,0xFF,0xFF,0xFF,
    0xFF,0xFF,0xFF,0xFF,0xFF,0xFF,0xFF,0xFF,0xFF,0xFF,0xFF,0xFF,0xFF,0xFF,0xFF,0xFF,
    0xFF,0xFF,0xFF,0xFF,0xFF,0xFF,0xFF,0xFF,0xFF,0xFF,0xFF,0xFF,0xFF,0xFF,0xFF,0xFF,
    0xFF,0xFF,0xFF,0xFC,0xFF,0xD4,0x0F,0x01,0x00,0x4A,0xF9,0xFD,0xFE,0xFF,0xFF,0xFF,
    0xFF,0xFF,0xFF,0xFF,0xFF,0xFF,0xFF,0xFF,0xFF,0xFF,0xFF,0xFF,0xFF,0xFF,0xFF,0xFF,
    0xFF,0xFF,0xFF,0xFF,0xFF,0xFF,0xFF,0xFF,0xFF,0xFF,0xFF,0xFF,0xFF,0xFF,0xFF,0xFF,
    0xFF,0xFF,0xFF,0xFF,0xFF,0xFF,0xFF,0xFF,0xFF,0xFF,0xFF,0xFF,0xFF,0xFF,0xFF,0xFF,
    0xFF,0xFF,0xFF,0xFF,0xFF,0xFF,0xFF,0xFF,0xFF,0xFF,0xFF,0xFF,0xFF,0xFF,0xFF,0xFF,
    0xFF,0xFF,0xFF,0xFF,0xFF,0xFF,0xFF,0xFF,0xFF,0xFF,0xFF,0xFF,0xFF,0xFE,0xFD,0xF9,
    0x4A,0x00,0x00,0x7B,0xFF,0xFB,0xFF,0xFF,0xFF,0xFF,0xFF,0xFF,0xFF,0xFF,0xFF,0xFF,
    0xFF,0xFF,0xFF,0xFF,0xFF,0xFF,0xFF,0xFF,0xFF,0xFF,0xFF,0xFF,0xFF,0xFF,0xFF,0xFF,
    0xFF,0xFF,0xFF,0xFF,0xFF,0xFF,0xFF,0xFF,0xFF,0xFF,0xFF,0xFF,0xFF,0xFF,0xFF,0xFF,
    0xFF,0xFF,0xFF,0xFF,0xFF,0xFF,0xFF,0xFF,0xFF,0xFF,0xFF,0xFF,0xFF,0xFF,0xFF,0xFF,
    0xFF,0xFF,0xFF,0xFF,0xFF,0xFF,0xFF,0xFF,0xFF,0xFF,0xFF,0xFF,0xFF,0xFF,0xFF,0xFF,
    0xFF,0xFF,0xFF,0xFF,0xFF,0xFF,0xFF,0xFF,0xFB,0xFF,0x7B,0x00,0x05,0xAB,0xFF,0xFA,
    0xFF,0xFF,0xFF,0xFF,0xFF,0xFF,0xFF,0xFF,0xFF,0xFF,0xFF,0xFF,0xFF,0xFF,0xFF,0xFF,
    0xFF,0xFF,0xFF,0xFF,0xFF,0xFF,0xFF,0xFF,0xFF,0xFF,0xFF,0xFF,0xFF,0xFF,0xFF,0xFF,
    0xFF,0xFF,0xFF,0xFF,0xFF,0xFF,0xFF,0xFF,0xFF,0xFF,0xFF,0xFF,0xFF,0xFF,0xFF,0xFF,
    0xFF,0xFF,0xFF,0xFF,0xFF,0xFF,0xFF,0xFF,0xFF,0xFF,0xFF,0xFF,0xFF,0xFF,0xFF,0xFF,
    0xFF,0xFF,0xFF,0xFF,0xFF,0xFF,0xFF,0xFF,0xFF,0xFF,0xFF,0xFF,0xFF,0xFF,0xFF,0xFF,
    0xFF,0xFF,0xFA,0xFF,0xAB,0x05,0x1D,0xDA,0xFF,0xFD,0xFF,0xFF,0xFF,0xFF,0xFF,0xFF,
    0xFF,0xFF,0xFF,0xFF,0xFF,0xFF,0xFF,0xFF,0xFF,0xFF,0xFF,0xFF,0xFF,0xFF,0xFF,0xFF,
    0xFF,0xFF,0xFF,0xFF,0xFF,0xFF,0xFF,0xFF,0xFF,0xFF,0xFF,0xFF,0xFF,0xFF,0xFF,0xFF,
    0xFF,0xFF,0xFF,0xFF,0xFF,0xFF,0xFF,0xFF,0xFF,0xFF,0xFF,0xFF,0xFF,0xFF,0xFF,0xFF,
    0xFF,0xFF,0xFF,0xFF,0xFF,0xFF,0xFF,0xFF,0xFF,0xFF,0xFF,0xFF,0xFF,0xFF,0xFF,0xFF,
    0xFF,0xFF,0xFF,0xFF,0xFF,0xFF,0xFF,0xFF,0xFF,0xFF,0xFF,0xFF,0xFD,0xFF,0xDA,0x1D,
    0x39,0xF8,0xFE,0xFE,0xFF,0xFF,0xFF,0xFF,0xFF,0xFF,0xFF,0xFF,0xFF,0xFF,0xFF,0xFF,
    0xFF,0xFF,0xFF,0xFF,0xFF,0xFF,0xFF,0xFF,0xFF,0xFF,0xFF,0xFF,0xFF,0xFF,0xFF,0xFF,
    0xFF,0xFF,0xFF,0xFF,0xFF,0xFF,0xFF,0xFF,0xFF,0xFF,0xFF,0xFF,0xFF,0xFF,0xFF,0xFF,
    0xFF,0xFF,0xFF,0xFF,0xFF,0xFF,0xFF,0xFF,0xFF,0xFF,0xFF,0xFF,0xFF,0xFF,0xFF,0xFF,
    0xFF,0xFF,0xFF,0xFF,0xFF,0xFF,0xFF,0xFF,0xFF,0xFF,0xFF,0xFF,0xFF,0xFF,0xFF,0xFF,
    0xFF,0xFF,0xFF,0xFF,0xFF,0xFF,0xFE,0xFE,0xF8,0x39,0x62,0xFF,0xFC,0xFF,0xFF,0xFF,
    0xFF,0xFF,0xFF,0xFF,0xFF,0xFF,0xFF,0xFF,0xFF,0xFF,0xFF,0xFF,0xFF,0xFF,0xFF,0xFF,
    0xFF,0xFF,0xFF,0xFF,0xFF,0xFF,0xFF,0xFF,0xFF,0xFF,0xFF,0xFF,0xFF,0xFF,0xFF,0xFF,
    0xFF,0xFF,0xFF,0xFF,0xFF,0xFF,0xFF,0xFF,0xFF,0xFF,0xFF,0xFF,0xFF,0xFF,0xFF,0xFF,
    0xFF,0xFF,0xFF,0xFF,0xFF,0xFF,0xFF,0xFF,0xFF,0xFF,0xFF,0xFF,0xFF,0xFF,0xFF,0xFF,
    0xFF,0xFF,0xFF,0xFF,0xFF,0xFF,0xFF,0xFF,0xFF,0xFF,0xFF,0xFF,0xFF,0xFF,0xFF,0xFF,
    0xFF,0xFC,0xFF,0x62,0x90,0xFF,0xFC,0xFF,0xFF,0xFF,0xFF,0xFF,0xFF,0xFF,0xFF,0xFF,
    0xFF,0xFF,0xFF,0xFF,0xFF,0xFF,0xFF,0xFF,0xFF,0xFF,0xFF,0xFF,0xFF,0xFF,0xFF,0xFF,
    0xFF,0xFF,0xFF,0xFF,0xFF,0xFF,0xFF,0xFF,0xFF,0xFF,0xFF,0xFF,0xFF,0xFF,0xFF,0xFF,
    0xFF,0xFF,0xFF,0xFF,0xFF,0xFF,0xFF,0xFF,0xFF,0xFF,0xFF,0xFF,0xFF,0xFF,0xFF,0xFF,
    0xFF,0xFF,0xFF,0xFF,0xFF,0xFF,0xFF,0xFF,0xFF,0xFF,0xFF,0xFF,0xFF,0xFF,0xFF,0xFF,
    0xFF,0xFF,0xFF,0xFF,0xFF,0xFF,0xFF,0xFF,0xFF,0xFF,0xFF,0xFC,0xFF,0x90,0xAE,0xFF,
    0xFC,0xFF,0xFF,0xFF,0xFF,0xFF,0xFF,0xFF,0xFF,0xFF,0xFF,0xFF,0xFF,0xFF,0xFF,0xFF,
    0xFF,0xFF,0xFF,0xFF,0xFF,0xFF,0xFF,0xFF,0xFF,0xFF,0xFF,0xFF,0xFF,0xFF,0xFF,0xFF,
    0xFF,0xFF,0xFF,0xFF,0xFF,0xFF,0xFF,0xFF,0xFF,0xFF,0xFF,0xFF,0xFF,0xFF,0xFF,0xFF,
    0xFF,0xFF,0xFF,0xFF,0xFF,0xFF,0xFF,0xFF,0xFF,0xFF,0xFF,0xFF,0xFF,0xFF,0xFF,0xFF,
    0xFF,0xFF,0xFF,0xFF,0xFF,0xFF,0xFF,0xFF,0xFF,0xFF,0xFF,0xFF,0xFF,0xFF,0xFF,0xFF,
    0xFF,0xFF,0xFF,0xFF,0xFF,0xFC,0xFF,0xAE,0xD5,0xFF,0xFE,0xFF,0xFF,0xFF,0xFF,0xFF,
    0xFF,0xFF,0xFF,0xFF,0xFF,0xFF,0xFF,0xFF,0xFF,0xFF,0xFF,0xFF,0xFF,0xFF,0xFF,0xFF,
    0xFF,0xFF,0xFF,0xFF,0xFF,0xFF,0xFF,0xFF,0xFF,0xFF,0xFF,0xFF,0xFF,0xFF,0xFF,0xFF,
    0xFF,0xFF,0xFF,0xFF,0xFF,0xFF,0xFF,0xFF,0xFF,0xFF,0xFF,0xFF,0xFF,0xFF,0xFF,0xFF,
    0xFF,0xFF,0xFF,0xFF,0xFF,0xFF,0xFF,0xFF,0xFF,0xFF,0xFF,0xFF,0xFF,0xFF,0xFF,0xFF,
    0xFF,0xFF,0xFF,0xFF,0xFF,0xFF,0xFF,0xFF,0xFF,0xFF,0xFF,0xFF,0xFF,0xFF,0xFF,0xFE,
    0xFF,0xD5,0xD9,0xFF,0xFD,0xFF,0xFF,0xFF,0xFF,0xFF,0xFF,0xFF,0xFF,0xFF,0xFF,0xFF,
    0xFF,0xFF,0xFF,0xFF,0xFF,0xFF,0xFF,0xFF,0xFF,0xFF,0xFF,0xFF,0xFF,0xFF,0xFF,0xFF,
    0xFF,0xFF,0xFF,0xFF,0xFF,0xFF,0xFF,0xFF,0xFF,0xFF,0xFF,0xFF,0xFF,0xFF,0xFF,0xFF,
    0xFF,0xFF,0xFF,0xFF,0xFF,0xFF,0xFF,0xFF,0xFF,0xFF,0xFF,0xFF,0xFF,0xFF,0xFF,0xFF,
    0xFF,0xFF,0xFF,0xFF,0xFF,0xFF,0xFF,0xFF,0xFF,0xFF,0xFF,0xFF,0xFF,0xFF,0xFF,0xFF,
    0xFF,0xFF,0xFF,0xFF,0xFF,0xFF,0xFF,0xFF,0xFF,0xFD,0xFF,0xD9,0xF6,0xFF,0xFE,0xFF,
    0xFF,0xFF,0xFF,0xFF,0xFF,0xFF,0xFF,0xFF,0xFF,0xFF,0xFF,0xFF,0xFF,0xFF,0xFF,0xFF,
    0xFF,0xFF,0xFF,0xFF,0xFF,0xFF,0xFF,0xFF,0xFF,0xFF,0xFF,0xFF,0xFF,0xFF,0xFF,0xFF,
    0xFF,0xFF,0xFF,0xFF,0xFF,0xFF,0xFF,0xFF,0xFF,0xFF,0xFF,0xFF,0xFF,0xFF,0xFF,0xFF,
    0xFF,0xFF,0xFF,0xFF,0xFF,0xFF,0xFF,0xFF,0xFF,0xFF,0xFF,0xFF,0xFF,0xFF,0xFF,0xFF,
    0xFF,0xFF,0xFF,0xFF,0xFF,0xFF,0xFF,0xFF,0xFF,0xFF,0xFF,0xFF,0xFF,0xFF,0xFF,0xFF,
    0xFF,0xFF,0xFF,0xFE,0xFF,0xF6,0xFF,0xFF,0xFF,0xFF,0xFF,0xFF,0xFF,0xFF,0xFF,0xFF,
    0xFF,0xFF,0xFF,0xFF,0xFF,0xFF,0xFF,0xFF,0xFF,0xFF,0xFF,0xFF,0xFF,0xFF,0xFF,0xFF,
    0xFF,0xFF,0xFF,0xFF,0xFF,0xFF,0xFF,0xFF,0xFF,0xFF,0xFF,0xFF,0xFF,0xFF,0xFF,0xFF,
    0xFF,0xFF,0xFF,0xFF,0xFF,0xFF,0xFF,0xFF,0xFF,0xFF,0xFF,0xFF,0xFF,0xFF,0xFF,0xFF,
    0xFF,0xFF,0xFF,0xFF,0xFF,0xFF,0xFF,0xFF,0xFF,0xFF,0xFF,0xFF,0xFF,0xFF,0xFF,0xFF,
    0xFF,0xFF,0xFF,0xFF,0xFF,0xFF,0xFF,0xFF,0xFF,0xFF,0xFF,0xFF,0xFF,0xFF,0xFF,0xFF,
    0xFF,0xFF,0xFF,0xFF,0xFF,0xFF,0xFF,0xFF,0xFF,0xFF,0xFF,0xFF,0xFF,0xFF,0xFF,0xFF,
    0xFF,0xFF,0xFF,0xFF,0xFF,0xFF,0xFF,0xFF,0xFF,0xFF,0xFF,0xFF,0xFF,0xFF,0xFF,0xFF,
    0xFF,0xFF,0xFF,0xFF,0xFF,0xFF,0xFF,0xFF,0xFF,0xFF,0xFF,0xFF,0xFF,0xFF,0xFF,0xFF,
    0xFF,0xFF,0xFF,0xFF,0xFF,0xFF,0xFF,0xFF,0xFF,0xFF,0xFF,0xFF,0xFF,0xFF,0xFF,0xFF,
    0xFF,0xFF,0xFF,0xFF,0xFF,0xFF,0xFF,0xFF,0xFF,0xFF,0xFF,0xFF,0xFF,0xFF,0xFF,0xFF,
    0xFF,0xFF,0xFF,0xFF,0xFF,0xFF,0xFF,0xFF,0xFF,0xFF,0xFF,0xFF,0xFF,0xFF,0xFF,0xFF,
    0xFF,0xFF,0xFF,0xFF,0xFF,0xFF,0xFF,0xFF,0xFF,0xFF,0xFF,0xFF,0xFF,0xFF,0xFF,0xFF,
    0xFF,0xFF,0xFF,0xFF,0xFF,0xFF,0xFF,0xFF,0xFF,0xFF,0xFF,0xFF,0xFF,0xFF,0xFF,0xFF,
    0xFF,0xFF,0xFF,0xFF,0xFF,0xFF,0xFF,0xFF,0xFF,0xFF,0xFF,0xFF,0xFF,0xFF,0xFF,0xFF,
    0xFF,0xFF,0xFF,0xFF,0xFF,0xFF,0xFF,0xFF,0xFF,0xFF,0xFF,0xFF,0xFF,0xFF,0xFF,0xFF,
    0xFF,0xFF,0xFF,0xFF,0xFF,0xFF,0xFF,0xFF,0xFF,0xFF,0xFF,0xFF,0xFF,0xFF,0xFF,0xFF,
    0xFF,0xFF,0xFF,0xFF,0xFF,0xFF,0xFF,0xFF,0xFF,0xFF,0xFF,0xFF,0xFF,0xFF,0xFF,0xFF,
    0xFF,0xFF,0xFF,0xFF,0xFF,0xFF,0xFF,0xFF,0xFF,0xFF,0xFF,0xFF,0xFF,0xFF,0xFF,0xFF,
    0xFF,0xFF,0xFF,0xFF,0xFF,0xFF,0xFF,0xFF,0xFF,0xFF,0xFF,0xFF,0xFF,0xFF,0xFF,0xFF,
    0xFF,0xFF,0xFF,0xFF,0xFF,0xFF,0xFF,0xFF,0xFF,0xFF,0xFF,0xFF,0xFF,0xFF,0xFF,0xFF,
    0xFF,0xFF,0xFF,0xFF,0xFF,0xFF,0xFF,0xFF,0xFF,0xFF,0xFF,0xFF,0xFF,0xFF,0xFF,0xFF,
    0xFF,0xFF,0xFF,0xFF,0xFF,0xFF,0xFF,0xFF,0xFF,0xFF,0xFF,0xFF,0xFF,0xFF,0xF6,0xFF,
    0xFE,0xFF,0xFF,0xFF,0xFF,0xFF,0xFF,0xFF,0xFF,0xFF,0xFF,0xFF,0xFF,0xFF,0xFF,0xFF,
    0xFF,0xFF,0xFF,0xFF,0xFF,0xFF,0xFF,0xFF,0xFF,0xFF,0xFF,0xFF,0xFF,0xFF,0xFF,0xFF,
    0xFF,0xFF,0xFF,0xFF,0xFF,0xFF,0xFF,0xFF,0xFF,0xFF,0xFF,0xFF,0xFF,0xFF,0xFF,0xFF,
    0xFF,0xFF,0xFF,0xFF,0xFF,0xFF,0xFF,0xFF,0xFF,0xFF,0xFF,0xFF,0xFF,0xFF,0xFF,0xFF,
    0xFF,0xFF,0xFF,0xFF,0xFF,0xFF,0xFF,0xFF,0xFF,0xFF,0xFF,0xFF,0xFF,0xFF,0xFF,0xFF,
    0xFF,0xFF,0xFF,0xFF,0xFF,0xFE,0xFF,0xF6,0xD9,0xFF,0xFD,0xFF,0xFF,0xFF,0xFF,0xFF,
    0xFF,0xFF,0xFF,0xFF,0xFF,0xFF,0xFF,0xFF,0xFF,0xFF,0xFF,0xFF,0xFF,0xFF,0xFF,0xFF,
    0xFF,0xFF,0xFF,0xFF,0xFF,0xFF,0xFF,0xFF,0xFF,0xFF,0xFF,0xFF,0xFF,0xFF,0xFF,0xFF,
    0xFF,0xFF,0xFF,0xFF,0xFF,0xFF,0xFF,0xFF,0xFF,0xFF,0xFF,0xFF,0xFF,0xFF,0xFF,0xFF,
    0xFF,0xFF,0xFF,0xFF,0xFF,0xFF,0xFF,0xFF,0xFF,0xFF,0xFF,0xFF,0xFF,0xFF,0xFF,0xFF,
    0xFF,0xFF,0xFF,0xFF,0xFF,0xFF,0xFF,0xFF,0xFF,0xFF,0xFF,0xFF,0xFF,0xFF,0xFF,0xFD,
    0xFF,0xD9,0xD5,0xFF,0xFE,0xFF,0xFF,0xFF,0xFF,0xFF,0xFF,0xFF,0xFF,0xFF,0xFF,0xFF,
    0xFF,0xFF,0xFF,0xFF,0xFF,0xFF,0xFF,0xFF,0xFF,0xFF,0xFF,0xFF,0xFF,0xFF,0xFF,0xFF,
    0xFF,0xFF,0xFF,0xFF,0xFF,0xFF,0xFF,0xFF,0xFF,0xFF,0xFF,0xFF,0xFF,0xFF,0xFF,0xFF,
    0xFF,0xFF,0xFF,0xFF,0xFF,0xFF,0xFF,0xFF,0xFF,0xFF,0xFF,0xFF,0xFF,0xFF,0xFF,0xFF,
    0xFF,0xFF,0xFF,0xFF,0xFF,0xFF,0xFF,0xFF,0xFF,0xFF,0xFF,0xFF,0xFF,0xFF,0xFF,0xFF,
    0xFF,0xFF,0xFF,0xFF,0xFF,0xFF,0xFF,0xFF,0xFF,0xFE,0xFF,0xD5,0xAE,0xFF,0xFC,0xFF,
    0xFF,0xFF,0xFF,0xFF,0xFF,0xFF,0xFF,0xFF,0xFF,0xFF,0xFF,0xFF,0xFF,0xFF,0xFF,0xFF,
    0xFF,0xFF,0xFF,0xFF,0xFF,0xFF,0xFF,0xFF,0xFF,0xFF,0xFF,0xFF,0xFF,0xFF,0xFF,0xFF,
    0xFF,0xFF,0xFF,0xFF,0xFF,0xFF,0xFF,0xFF,0xFF,0xFF,0xFF,0xFF,0xFF,0xFF,0xFF,0xFF,
    0xFF,0xFF,0xFF,0xFF,0xFF,0xFF,0xFF,0xFF,0xFF,0xFF,0xFF,0xFF,0xFF,0xFF,0xFF,0xFF,
    0xFF,0xFF,0xFF,0xFF,0xFF,0xFF,0xFF,0xFF,0xFF,0xFF,0xFF,0xFF,0xFF,0xFF,0xFF,0xFF,
    0xFF,0xFF,0xFF,0xFC,0xFF,0xAE,0x90,0xFF,0xFC,0xFF,0xFF,0xFF,0xFF,0xFF,0xFF,0xFF,
    0xFF,0xFF,0xFF,0xFF,0xFF,0xFF,0xFF,0xFF,0xFF,0xFF,0xFF,0xFF,0xFF,0xFF,0xFF,0xFF,
    0xFF,0xFF,0xFF,0xFF,0xFF,0xFF,0xFF,0xFF,0xFF,0xFF,0xFF,0xFF,0xFF,0xFF,0xFF,0xFF,
    0xFF,0xFF,0xFF,0xFF,0xFF,0xFF,0xFF,0xFF,0xFF,0xFF,0xFF,0xFF,0xFF,0xFF,0xFF,0xFF,
    0xFF,0xFF,0xFF,0xFF,0xFF,0xFF,0xFF,0xFF,0xFF,0xFF,0xFF,0xFF,0xFF,0xFF,0xFF,0xFF,
    0xFF,0xFF,0xFF,0xFF,0xFF,0xFF,0xFF,0xFF,0xFF,0xFF,0xFF,0xFF,0xFF,0xFC,0xFF,0x90,
    0x62,0xFF,0xFC,0xFF,0xFF,0xFF,0xFF,0xFF,0xFF,0xFF,0xFF,0xFF,0xFF,0xFF,0xFF,0xFF,
    0xFF,0xFF,0xFF,0xFF,0xFF,0xFF,0xFF,0xFF,0xFF,0xFF,0xFF,0xFF,0xFF,0xFF,0xFF,0xFF,
    0xFF,0xFF,0xFF,0xFF,0xFF,0xFF,0xFF,0xFF,0xFF,0xFF,0xFF,0xFF,0xFF,0xFF,0xFF,0xFF,
    0xFF,0xFF,0xFF,0xFF,0xFF,0xFF,0xFF,0xFF,0xFF,0xFF,0xFF,0xFF,0xFF,0xFF,0xFF,0xFF,
    0xFF,0xFF,0xFF,0xFF,0xFF,0xFF,0xFF,0xFF,0xFF,0xFF,0xFF,0xFF,0xFF,0xFF,0xFF,0xFF,
    0xFF,0xFF,0xFF,0xFF,0xFF,0xFF,0xFF,0xFC,0xFF,0x62,0x39,0xF8,0xFE,0xFE,0xFF,0xFF,
    0xFF,0xFF,0xFF,0xFF,0xFF,0xFF,0xFF,0xFF,0xFF,0xFF,0xFF,0xFF,0xFF,0xFF,0xFF,0xFF,
    0xFF,0xFF,0xFF,0xFF,0xFF,0xFF,0xFF,0xFF,0xFF,0xFF,0xFF,0xFF,0xFF,0xFF,0xFF,0xFF,
    0xFF,0xFF,0xFF,0xFF,0xFF,0xFF,0xFF,0xFF,0xFF,0xFF,0xFF,0xFF,0xFF,0xFF,0xFF,0xFF,
    0xFF,0xFF,0xFF,0xFF,0xFF,0xFF,0xFF,0xFF,0xFF,0xFF,0xFF,0xFF,0xFF,0xFF,0xFF,0xFF,
    0xFF,0xFF,0xFF,0xFF,0xFF,0xFF,0xFF,0xFF,0xFF,0xFF,0xFF,0xFF,0xFF,0xFF,0xFF,0xFF,
    0xFE,0xFE,0xF8,0x39,0x1D,0xDA,0xFF,0xFD,0xFF,0xFF,0xFF,0xFF,0xFF,0xFF,0xFF,0xFF,
    0xFF,0xFF,0xFF,0xFF,0xFF,0xFF,0xFF,0xFF,0xFF,0xFF,0xFF,0xFF,0xFF,0xFF,0xFF,0xFF,
    0xFF,0xFF,0xFF,0xFF,0xFF,0xFF,0xFF,0xFF,0xFF,0xFF,0xFF,0xFF,0xFF,0xFF,0xFF,0xFF,
    0xFF,0xFF,0xFF,0xFF,0xFF,0xFF,0xFF,0xFF,0xFF,0xFF,0xFF,0xFF,0xFF,0xFF,0xFF,0xFF,
    0xFF,0xFF,0xFF,0xFF,0xFF,0xFF,0xFF,0xFF,0xFF,0xFF,0xFF,0xFF,0xFF,0xFF,0xFF,0xFF,
    0xFF,0xFF,0xFF,0xFF,0xFF,0xFF,0xFF,0xFF,0xFF,0xFF,0xFD,0xFF,0xDA,0x1D,0x05,0xAB,
    0xFF,0xFA,0xFF,0xFF,0xFF,0xFF,0xFF,0xFF,0xFF,0xFF,0xFF,0xFF,0xFF,0xFF,0xFF,0xFF,
    0xFF,0xFF,0xFF,0xFF,0xFF,0xFF,0xFF,0xFF,0xFF,0xFF,0xFF,0xFF,0xFF,0xFF,0xFF,0xFF,
    0xFF,0xFF,0xFF,0xFF,0xFF,0xFF,0xFF,0xFF,0xFF,0xFF,0xFF,0xFF,0xFF,0xFF,0xFF,0xFF,
    0xFF,0xFF,0xFF,0xFF,0xFF,0xFF,0xFF,0xFF,0xFF,0xFF,0xFF,0xFF,0xFF,0xFF,0xFF,0xFF,
    0xFF,0xFF,0xFF,0xFF,0xFF,0xFF,0xFF,0xFF,0xFF,0xFF,0xFF,0xFF,0xFF,0xFF,0xFF,0xFF,
    0xFF,0xFF,0xFF,0xFF,0xFA,0xFF,0xAB,0x05,0x00,0x7B,0xFF,0xFB,0xFF,0xFF,0xFF,0xFF,
    0xFF,0xFF,0xFF,0xFF,0xFF,0xFF,0xFF,0xFF,0xFF,0xFF,0xFF,0xFF,0xFF,0xFF,0xFF,0xFF,
    0xFF,0xFF,0xFF,0xFF,0xFF,0xFF,0xFF,0xFF,0xFF,0xFF,0xFF,0xFF,0xFF,0xFF,0xFF,0xFF,
    0xFF,0xFF,0xFF,0xFF,0xFF,0xFF,0xFF,0xFF,0xFF,0xFF,0xFF,0xFF,0xFF,0xFF,0xFF,0xFF,
    0xFF,0xFF,0xFF,0xFF,0xFF,0xFF,0xFF,0xFF,0xFF,0xFF,0xFF,0xFF,0xFF,0xFF,0xFF,0xFF,
    0xFF,0xFF,0xFF,0xFF,0xFF,0xFF,0xFF,0xFF,0xFF,0xFF,0xFF,0xFF,0xFF,0xFF,0xFB,0xFF,
    0x7B,0x00,0x00,0x4A,0xF9,0xFD,0xFE,0xFF,0xFF,0xFF,0xFF,0xFF,0xFF,0xFF,0xFF,0xFF,
    0xFF,0xFF,0xFF,0xFF,0xFF,0xFF,0xFF,0xFF,0xFF,0xFF,0xFF,0xFF,0xFF,0xFF,0xFF,0xFF,
    0xFF,0xFF,0xFF,0xFF,0xFF,0xFF,0xFF,0xFF,0xFF,0xFF,0xFF,0xFF,0xFF,0xFF,0xFF,0xFF,
    0xFF,0xFF,0xFF,0xFF,0xFF,0xFF,0xFF,0xFF,0xFF,0xFF,0xFF,0xFF,0xFF,0xFF,0xFF,0xFF,
    0xFF,0xFF,0xFF,0xFF,0xFF,0xFF,0xFF,0xFF,0xFF,0xFF,0xFF,0xFF,0xFF,0xFF,0xFF,0xFF,
    0xFF,0xFF,0xFF,0xFF,0xFF,0xFF,0xFF,0xFE,0xFD,0xF9,0x4A,0x00,0x01,0x0F,0xD4,0xFF,
    0xFC,0xFF,0xFF,0xFF,0xFF,0xFF,0xFF,0xFF,0xFF,0xFF,0xFF,0xFF,0xFF,0xFF,0xFF,0xFF,
    0xFF,0xFF,0xFF,0xFF,0xFF,0xFF,0xFF,0xFF,0xFF,0xFF,0xFF,0xFF,0xFF,0xFF,0xFF,0xFF,
    0xFF,0xFF,0xFF,0xFF,0xFF,0xFF,0xFF,0xFF,0xFF,0xFF,0xFF,0xFF,0xFF,0xFF,0xFF,0xFF,
    0xFF,0xFF,0xFF,0xFF,0xFF,0xFF,0xFF,0xFF,0xFF,0xFF,0xFF,0xFF,0xFF,0xFF,0xFF,0xFF,
    0xFF,0xFF,0xFF,0xFF,0xFF,0xFF,0xFF,0xFF,0xFF,0xFF,0xFF,0xFF,0xFF,0xFF,0xFF,0xFF,
    0xFF,0xFC,0xFF,0xD4,0x0F,0x01,0x04,0x00,0x96,0xFF,0xFC,0xFF,0xFF,0xFF,0xFF,0xFF,
    0xFF,0xFF,0xFF,0xFF,0xFF,0xFF,0xFF,0xFF,0xFF,0xFF,0xFF,0xFF,0xFF,0xFF,0xFF,0xFF,
    0xFF,0xFF,0xFF,0xFF,0xFF,0xFF,0xFF,0xFF,0xFF,0xFF,0xFF,0xFF,0xFF,0xFF,0xFF,0xFF,
    0xFF,0xFF,0xFF,0xFF,0xFF,0xFF,0xFF,0xFF,0xFF,0xFF,0xFF,0xFF,0xFF,0xFF,0xFF,0xFF,
    0xFF,0xFF,0xFF,0xFF,0xFF,0xFF,0xFF,0xFF,0xFF,0xFF,0xFF,0xFF,0xFF,0xFF,0xFF,0xFF,
    0xFF,0xFF,0xFF,0xFF,0xFF,0xFF,0xFF,0xFF,0xFF,0xFF,0xFF,0xFC,0xFF,0x96,0x00,0x04,
    0x03,0x01,0x44,0xFD,0xFE,0xFF,0xFF,0xFF,0xFF,0xFF,0xFF,0xFF,0xFF,0xFF,0xFF,0xFF,
    0xFF,0xFF,0xFF,0xFF,0xFF,0xFF,0xFF,0xFF,0xFF,0xFF,0xFF,0xFF,0xFF,0xFF,0xFF,0xFF,
    0xFF,0xFF,0xFF,0xFF,0xFF,0xFF,0xFF,0xFF,0xFF,0xFF,0xFF,0xFF,0xFF,0xFF,0xFF,0xFF,
    0xFF,0xFF,0xFF,0xFF,0xFF,0xFF,0xFF,0xFF,0xFF,0xFF,0xFF,0xFF,0xFF,0xFF,0xFF,0xFF,
    0xFF,0xFF,0xFF,0xFF,0xFF,0xFF,0xFF,0xFF,0xFF,0xFF,0xFF,0xFF,0xFF,0xFF,0xFF,0xFF,
    0xFF,0xFF,0xFF,0xFF,0xFF,0xFE,0xFD,0x44,0x01,0x03,0x00,0x00,0x07,0xCF,0xFE,0xFD,
    0xFF,0xFF,0xFF,0xFF,0xFF,0xFF,0xFF,0xFF,0xFF,0xFF,0xFF,0xFF,0xFF,0xFF,0xFF,0xFF,
    0xFF,0xFF,0xFF,0xFF,0xFF,0xFF,0xFF,0xFF,0xFF,0xFF,0xFF,0xFF,0xFF,0xFF,0xFF,0xFF,
    0xFF,0xFF,0xFF,0xFF,0xFF,0xFF,0xFF,0xFF,0xFF,0xFF,0xFF,0xFF,0xFF,0xFF,0xFF,0xFF,
    0xFF,0xFF,0xFF,0xFF,0xFF,0xFF,0xFF,0xFF,0xFF,0xFF,0xFF,0xFF,0xFF,0xFF,0xFF,0xFF,
    0xFF,0xFF,0xFF,0xFF,0xFF,0xFF,0xFF,0xFF,0xFF,0xFF,0xFF,0xFF,0xFF,0xFF,0xFD,0xFE,
    0xCF,0x07,0x00,0x00,0x00,0x03,0x00,0x6F,0xFF,0xFB,0xFF,0xFF,0xFF,0xFF,0xFF,0xFF,
    0xFF,0xFF,0xFF,0xFF,0xFF,0xFF,0xFF,0xFF,0xFF,0xFF,0xFF,0xFF,0xFF,0xFF,0xFF,0xFF,
    0xFF,0xFF,0xFF,0xFF,0xFF,0xFF,0xFF,0xFF,0xFF,0xFF,0xFF,0xFF,0xFF,0xFF,0xFF,0xFF,
    0xFF,0xFF,0xFF,0xFF,0xFF,0xFF,0xFF,0xFF,0xFF,0xFF,0xFF,0xFF,0xFF,0xFF,0xFF,0xFF,
    0xFF,0xFF,0xFF,0xFF,0xFF,0xFF,0xFF,0xFF,0xFF,0xFF,0xFF,0xFF,0xFF,0xFF,0xFF,0xFF,
    0xFF,0xFF,0xFF,0xFF,0xFF,0xFF,0xFF,0xFF,0xFB,0xFF,0x6F,0x00,0x03,0x00,0x00,0x02,
    0x01,0x1E,0xE0,0xFE,0xFD,0xFF,0xFF,0xFF,0xFF,0xFF,0xFF,0xFF,0xFF,0xFF,0xFF,0xFF,
    0xFF,0xFF,0xFF,0xFF,0xFF,0xFF,0xFF,0xFF,0xFF,0xFF,0xFF,0xFF,0xFF,0xFF,0xFF,0xFF,
    0xFF,0xFF,0xFF,0xFF,0xFF,0xFF,0xFF,0xFF,0xFF,0xFF,0xFF,0xFF,0xFF,0xFF,0xFF,0xFF,
    0xFF,0xFF,0xFF,0xFF,0xFF,0xFF,0xFF,0xFF,0xFF,0xFF,0xFF,0xFF,0xFF,0xFF,0xFF,0xFF,
    0xFF,0xFF,0xFF,0xFF,0xFF,0xFF,0xFF,0xFF,0xFF,0xFF,0xFF,0xFF,0xFF,0xFF,0xFF,0xFF,
    0xFF,0xFD,0xFE,0xE0,0x1E,0x01,0x02,0x00,0x00,0x00,0x04,0x00,0x88,0xFF,0xFA,0xFF,
    0xFF,0xFF,0xFF,0xFF,0xFF,0xFF,0xFF,0xFF,0xFF,0xFF,0xFF,0xFF,0xFF,0xFF,0xFF,0xFF,
    0xFF,0xFF,0xFF,0xFF,0xFF,0xFF,0xFF,0xFF,0xFF,0xFF,0xFF,0xFF,0xFF,0xFF,0xFF,0xFF,
    0xFF,0xFF,0xFF,0xFF,0xFF,0xFF,0xFF,0xFF,0xFF,0xFF,0xFF,0xFF,0xFF,0xFF,0xFF,0xFF,
    0xFF,0xFF,0xFF,0xFF,0xFF,0xFF,0xFF,0xFF,0xFF,0xFF,0xFF,0xFF,0xFF,0xFF,0xFF,0xFF,
    0xFF,0xFF,0xFF,0xFF,0xFF,0xFF,0xFF,0xFF,0xFF,0xFF,0xFF,0xFA,0xFF,0x88,0x00,0x04,
    0x00,0x00,0x00,0x00,0x03,0x01,0x2B,0xE8,0xFD,0xFD,0xFF,0xFF,0xFF,0xFF,0xFF,0xFF,
    0xFF,0xFF,0xFF,0xFF,0xFF,0xFF,0xFF,0xFF,0xFF,0xFF,0xFF,0xFF,0xFF,0xFF,0xFF,0xFF,
    0xFF,0xFF,0xFF,0xFF,0xFF,0xFF,0xFF,0xFF,0xFF,0xFF,0xFF,0xFF,0xFF,0xFF,0xFF,0xFF,
    0xFF,0xFF,0xFF,0xFF,0xFF,0xFF,0xFF,0xFF,0xFF,0xFF,0xFF,0xFF,0xFF,0xFF,0xFF,0xFF,
    0xFF,0xFF,0xFF,0xFF,0xFF,0xFF,0xFF,0xFF,0xFF,0xFF,0xFF,0xFF,0xFF,0xFF,0xFF,0xFF,
    0xFF,0xFF,0xFF,0xFF,0xFD,0xFD,0xE8,0x2B,0x01,0x03,0x00,0x00,0x00,0x00,0x00,0x04,
    0x00,0x84,0xFF,0xFD,0xFF,0xFF,0xFF,0xFF,0xFF,0xFF,0xFF,0xFF,0xFF,0xFF,0xFF,0xFF,
    0xFF,0xFF,0xFF,0xFF,0xFF,0xFF,0xFF,0xFF,0xFF,0xFF,0xFF,0xFF,0xFF,0xFF,0xFF,0xFF,
    0xFF,0xFF,0xFF,0xFF,0xFF,0xFF,0xFF,0xFF,0xFF,0xFF,0xFF,0xFF,0xFF,0xFF,0xFF,0xFF,
    0xFF,0xFF,0xFF,0xFF,0xFF,0xFF,0xFF,0xFF,0xFF,0xFF,0xFF,0xFF,0xFF,0xFF,0xFF,0xFF,
    0xFF,0xFF,0xFF,0xFF,0xFF,0xFF,0xFF,0xFF,0xFF,0xFF,0xFF,0xFF,0xFF,0xFF,0xFD,0xFF,
    0x84,0x00,0x04,0x00,0x00,0x00,0x00,0x00,0x00,0x01,0x01,0x15,0xDE,0xFF,0xFD,0xFF,
    0xFF,0xFF,0xFF,0xFF,0xFF,0xFF,0xFF,0xFF,0xFF,0xFF,0xFF,0xFF,0xFF,0xFF,0xFF,0xFF,
    0xFF,0xFF,0xFF,0xFF,0xFF,0xFF,0xFF,0xFF,0xFF,0xFF,0xFF,0xFF,0xFF,0xFF,0xFF,0xFF,
    0xFF,0xFF,0xFF,0xFF,0xFF,0xFF,0xFF,0xFF,0xFF,0xFF,0xFF,0xFF,0xFF,0xFF,0xFF,0xFF,
    0xFF,0xFF,0xFF,0xFF,0xFF,0xFF,0xFF,0xFF,0xFF,0xFF,0xFF,0xFF,0xFF,0xFF,0xFF,0xFF,
    0xFF,0xFF,0xFF,0xFF,0xFF,0xFF,0xFF,0xFD,0xFF,0xDE,0x15,0x01,0x01,0x00,0x00,0x00,
    0x00,0x00,0x00,0x00,0x03,0x00,0x58,0xFF,0xFA,0xFF,0xFF,0xFF,0xFF,0xFF,0xFF,0xFF,
    0xFF,0xFF,0xFF,0xFF,0xFF,0xFF,0xFF,0xFF,0xFF,0xFF,0xFF,0xFF,0xFF,0xFF,0xFF,0xFF,
    0xFF,0xFF,0xFF,0xFF,0xFF,0xFF,0xFF,0xFF,0xFF,0xFF,0xFF,0xFF,0xFF,0xFF,0xFF,0xFF,
    0xFF,0xFF,0xFF,0xFF,0xFF,0xFF,0xFF,0xFF,0xFF,0xFF,0xFF,0xFF,0xFF,0xFF,0xFF,0xFF,
    0xFF,0xFF,0xFF,0xFF,0xFF,0xFF,0xFF,0xFF,0xFF,0xFF,0xFF,0xFF,0xFF,0xFF,0xFF,0xFF,
    0xFF,0xFA,0xFF,0x58,0x00,0x03,0x00,0x00,0x00,0x00,0x00,0x00,0x00,0x00,0x01,0x03,
    0x06,0xB0,0xFF,0xFB,0xFF,0xFF,0xFF,0xFF,0xFF,0xFF,0xFF,0xFF,0xFF,0xFF,0xFF,0xFF,
    0xFF,0xFF,0xFF,0xFF,0xFF,0xFF,0xFF,0xFF,0xFF,0xFF,0xFF,0xFF,0xFF,0xFF,0xFF,0xFF,
    0xFF,0xFF,0xFF,0xFF,0xFF,0xFF,0xFF,0xFF,0xFF,0xFF,0xFF,0xFF,0xFF,0xFF,0xFF,0xFF,
    0xFF,0xFF,0xFF,0xFF,0xFF,0xFF,0xFF,0xFF,0xFF,0xFF,0xFF,0xFF,0xFF,0xFF,0xFF,0xFF,
    0xFF,0xFF,0xFF,0xFF,0xFF,0xFF,0xFF,0xFF,0xFF,0xFF,0xFB,0xFF,0xB0,0x06,0x03,0x01,
    0x00,0x00,0x00,0x00,0x00,0x00,0x00,0x00,0x00,0x03,0x01,0x26,0xEB,0xFD,0xFD,0xFF,
    0xFF,0xFF,0xFF,0xFF,0xFF,0xFF,0xFF,0xFF,0xFF,0xFF,0xFF,0xFF,0xFF,0xFF,0xFF,0xFF,
    0xFF,0xFF,0xFF,0xFF,0xFF,0xFF,0xFF,0xFF,0xFF,0xFF,0xFF,0xFF,0xFF,0xFF,0xFF,0xFF,
    0xFF,0xFF,0xFF,0xFF,0xFF,0xFF,0xFF,0xFF,0xFF,0xFF,0xFF,0xFF,0xFF,0xFF,0xFF,0xFF,
    0xFF,0xFF,0xFF,0xFF,0xFF,0xFF,0xFF,0xFF,0xFF,0xFF,0xFF,0xFF,0xFF,0xFF,0xFF,0xFF,
    0xFF,0xFF,0xFF,0xFD,0xFD,0xEB,0x26,0x01,0x03,0x00,0x00,0x00,0x00,0x00,0x00,0x00,
    0x00,0x00,0x00,0x00,0x03,0x00,0x5B,0xFF,0xFC,0xFF,0xFF,0xFF,0xFF,0xFF,0xFF,0xFF,
    0xFF,0xFF,0xFF,0xFF,0xFF,0xFF,0xFF,0xFF,0xFF,0xFF,0xFF,0xFF,0xFF,0xFF,0xFF,0xFF,
    0xFF,0xFF,0xFF,0xFF,0xFF,0xFF,0xFF,0xFF,0xFF,0xFF,0xFF,0xFF,0xFF,0xFF,0xFF,0xFF,
    0xFF,0xFF,0xFF,0xFF,0xFF,0xFF,0xFF,0xFF,0xFF,0xFF,0xFF,0xFF,0xFF,0xFF,0xFF,0xFF,
    0xFF,0xFF,0xFF,0xFF,0xFF,0xFF,0xFF,0xFF,0xFF,0xFF,0xFF,0xFF,0xFF,0xFC,0xFF,0x5B,
    0x00,0x03,0x00,0x00,0x00,0x00,0x00,0x00,0x00,0x00,0x00,0x00,0x00,0x00,0x00,0x04,
    0x00,0x90,0xFF,0xFC,0xFF,0xFF,0xFF,0xFF,0xFF,0xFF,0xFF,0xFF,0xFF,0xFF,0xFF,0xFF,
    0xFF,0xFF,0xFF,0xFF,0xFF,0xFF,0xFF,0xFF,0xFF,0xFF,0xFF,0xFF,0xFF,0xFF,0xFF,0xFF,
    0xFF,0xFF,0xFF,0xFF,0xFF,0xFF,0xFF,0xFF,0xFF,0xFF,0xFF,0xFF,0xFF,0xFF,0xFF,0xFF,
    0xFF,0xFF,0xFF,0xFF,0xFF,0xFF,0xFF,0xFF,0xFF,0xFF,0xFF,0xFF,0xFF,0xFF,0xFF,0xFF,
    0xFF,0xFF,0xFF,0xFF,0xFF,0xFF,0xFC,0xFF,0x90,0x00,0x04,0x00,0x00,0x00,0x00,0x00,
    0x00,0x00,0x00,0x00,0x00,0x00,0x00,0x00,0x00,0x02,0x03,0x0C,0xC0,0xFF,0xFA,0xFF,
    0xFF,0xFF,0xFF,0xFF,0xFF,0xFF,0xFF,0xFF,0xFF,0xFF,0xFF,0xFF,0xFF,0xFF,0xFF,0xFF,
    0xFF,0xFF,0xFF,0xFF,0xFF,0xFF,0xFF,0xFF,0xFF,0xFF,0xFF,0xFF,0xFF,0xFF,0xFF,0xFF,
    0xFF,0xFF,0xFF,0xFF,0xFF,0xFF,0xFF,0xFF,0xFF,0xFF,0xFF,0xFF,0xFF,0xFF,0xFF,0xFF,
    0xFF,0xFF,0xFF,0xFF,0xFF,0xFF,0xFF,0xFF,0xFF,0xFF,0xFF,0xFF,0xFF,0xFF,0xFF,0xFA,
    0xFF,0xC0,0x0C,0x03,0x02,0x00,0x00,0x00,0x00,0x00,0x00,0x00,0x00,0x00,0x00,0x00,
    0x00,0x00,0x00,0x00,0x02,0x00,0x1D,0xD3,0xFF,0xFB,0xFF,0xFF,0xFF,0xFF,0xFF,0xFF,
    0xFF,0xFF,0xFF,0xFF,0xFF,0xFF,0xFF,0xFF,0xFF,0xFF,0xFF,0xFF,0xFF,0xFF,0xFF,0xFF,
    0xFF,0xFF,0xFF,0xFF,0xFF,0xFF,0xFF,0xFF,0xFF,0xFF,0xFF,0xFF,0xFF,0xFF,0xFF,0xFF,
    0xFF,0xFF,0xFF,0xFF,0xFF,0xFF,0xFF,0xFF,0xFF,0xFF,0xFF,0xFF,0xFF,0xFF,0xFF,0xFF,
    0xFF,0xFF,0xFF,0xFF,0xFF,0xFF,0xFF,0xFF,0xFB,0xFF,0xD3,0x1D,0x00,0x02,0x00,0x00,
    0x00,0x00,0x00,0x00,0x00,0x00,0x00,0x00,0x00,0x00,0x00,0x00,0x00,0x00,0x00,0x02,
    0x00,0x28,0xEB,0xFF,0xFD,0xFF,0xFF,0xFF,0xFF,0xFF,0xFF,0xFF,0xFF,0xFF,0xFF,0xFF,
    0xFF,0xFF,0xFF,0xFF,0xFF,0xFF,0xFF,0xFF,0xFF,0xFF,0xFF,0xFF,0xFF,0xFF,0xFF,0xFF,
    0xFF,0xFF,0xFF,0xFF,0xFF,0xFF,0xFF,0xFF,0xFF,0xFF,0xFF,0xFF,0xFF,0xFF,0xFF,0xFF,
    0xFF,0xFF,0xFF,0xFF,0xFF,0xFF,0xFF,0xFF,0xFF,0xFF,0xFF,0xFF,0xFF,0xFF,0xFF,0xFF,
    0xFF,0xFD,0xFF,0xEB,0x28,0x00,0x02,0x00,0x00,0x00,0x00,0x00,0x00,0x00,0x00,0x00,
    0x00,0x00,0x00,0x00,0x00,0x00,0x00,0x00,0x00,0x00,0x03,0x00,0x40,0xE8,0xFF,0xFB,
    0xFF,0xFF,0xFF,0xFF,0xFF,0xFF,0xFF,0xFF,0xFF,0xFF,0xFF,0xFF,0xFF,0xFF,0xFF,0xFF,
    0xFF,0xFF,0xFF,0xFF,0xFF,0xFF,0xFF,0xFF,0xFF,0xFF,0xFF,0xFF,0xFF,0xFF,0xFF,0xFF,
    0xFF,0xFF,0xFF,0xFF,0xFF,0xFF,0xFF,0xFF,0xFF,0xFF,0xFF,0xFF,0xFF,0xFF,0xFF,0xFF,
    0xFF,0xFF,0xFF,0xFF,0xFF,0xFF,0xFF,0xFF,0xFF,0xFF,0xFB,0xFF,0xE8,0x40,0x00,0x03,
    0x00,0x00,0x00,0x00,0x00,0x00,0x00,0x00,0x00,0x00,0x00,0x00,0x00,0x00,0x00,0x00,
    0x00,0x00,0x00,0x00,0x00,0x04,0x00,0x41,0xE6,0xFF,0xF9,0xFF,0xFF,0xFF,0xFF,0xFF,
    0xFF,0xFF,0xFF,0xFF,0xFF,0xFF,0xFF,0xFF,0xFF,0xFF,0xFF,0xFF,0xFF,0xFF,0xFF,0xFF,
    0xFF,0xFF,0xFF,0xFF,0xFF,0xFF,0xFF,0xFF,0xFF,0xFF,0xFF,0xFF,0xFF,0xFF,0xFF,0xFF,
    0xFF,0xFF,0xFF,0xFF,0xFF,0xFF,0xFF,0xFF,0xFF,0xFF,0xFF,0xFF,0xFF,0xFF,0xFF,0xFF,
    0xFF,0xFF,0xFF,0xF9,0xFF,0xE6,0x41,0x00,0x04,0x00,0x00,0x00,0x00,0x00,0x00,0x00,
    0x00,0x00,0x00,0x00,0x00,0x00,0x00,0x00,0x00,0x00,0x00,0x00,0x00,0x00,0x00,0x00,
    0x04,0x00,0x2A,0xD6,0xFF,0xFA,0xFF,0xFF,0xFF,0xFF,0xFF,0xFF,0xFF,0xFF,0xFF,0xFF,
    0xFF,0xFF,0xFF,0xFF,0xFF,0xFF,0xFF,0xFF,0xFF,0xFF,0xFF,0xFF,0xFF,0xFF,0xFF,0xFF,
    0xFF,0xFF,0xFF,0xFF,0xFF,0xFF,0xFF,0xFF,0xFF,0xFF,0xFF,0xFF,0xFF,0xFF,0xFF,0xFF,
    0xFF,0xFF,0xFF,0xFF,0xFF,0xFF,0xFF,0xFF,0xFF,0xFF,0xFF,0xFF,0xFA,0xFF,0xD6,0x2A,
    0x00,0x04,0x00,0x00,0x00,0x00,0x00,0x00,0x00,0x00,0x00,0x00,0x00,0x00,0x00,0x00,
    0x00,0x00,0x00,0x00,0x00,0x00,0x00,0x00,0x00,0x00,0x00,0x04,0x00,0x21,0xBE,0xFF,
    0xFD,0xFD,0xFF,0xFF,0xFF,0xFF,0xFF,0xFF,0xFF,0xFF,0xFF,0xFF,0xFF,0xFF,0xFF,0xFF,
    0xFF,0xFF,0xFF,0xFF,0xFF,0xFF,0xFF,0xFF,0xFF,0xFF,0xFF,0xFF,0xFF,0xFF,0xFF,0xFF,
    0xFF,0xFF,0xFF,0xFF,0xFF,0xFF,0xFF,0xFF,0xFF,0xFF,0xFF,0xFF,0xFF,0xFF,0xFF,0xFF,
    0xFF,0xFF,0xFF,0xFF,0xFD,0xFD,0xFF,0xBE,0x21,0x00,0x04,0x00,0x00,0x00,0x00,0x00,
    0x00,0x00,0x00,0x00,0x00,0x00,0x00,0x00,0x00,0x00,0x00,0x00,0x00,0x00,0x00,0x00,
    0x00,0x00,0x00,0x00,0x00,0x00,0x03,0x00,0x0C,0x8F,0xFF,0xFF,0xFA,0xFF,0xFF,0xFF,
    0xFF,0xFF,0xFF,0xFF,0xFF,0xFF,0xFF,0xFF,0xFF,0xFF,0xFF,0xFF,0xFF,0xFF,0xFF,0xFF,
    0xFF,0xFF,0xFF,0xFF,0xFF,0xFF,0xFF,0xFF,0xFF,0xFF,0xFF,0xFF,0xFF,0xFF,0xFF,0xFF,
    0xFF,0xFF,0xFF,0xFF,0xFF,0xFF,0xFF,0xFF,0xFF,0xFF,0xFF,0xFF,0xFF,0xFA,0xFF,0xFF,
    0x8F,0x0C,0x00,0x03,0x00,0x00,0x00,0x00,0x00,0x00,0x00,0x00,0x00,0x00,0x00,0x00,
    0x00,0x00,0x00,0x00,0x00,0x00,0x00,0x00,0x00,0x00,0x00,0x00,0x00,0x00,0x00,0x00,
    0x00,0x03,0x00,0x00,0x5E,0xE7,0xFF,0xFB,0xFD,0xFF,0xFF,0xFF,0xFF,0xFF,0xFF,0xFF,
    0xFF,0xFF,0xFF,0xFF,0xFF,0xFF,0xFF,0xFF,0xFF,0xFF,0xFF,0xFF,0xFF,0xFF,0xFF,0xFF,
    0xFF,0xFF,0xFF,0xFF,0xFF,0xFF,0xFF,0xFF,0xFF,0xFF,0xFF,0xFF,0xFF,0xFF,0xFF,0xFF,
    0xFF,0xFF,0xFF,0xFF,0xFF,0xFD,0xFB,0xFF,0xE7,0x5E,0x00,0x00,0x03,0x00,0x00,0x00,
    0x00,0x00,0x00,0x00,0x00,0x00,0x00,0x00,0x00,0x00,0x00,0x00,0x00,0x00,0x00,0x00,
    0x00,0x00,0x00,0x00,0x00,0x00,0x00,0x00,0x00,0x00,0x00,0x00,0x02,0x03,0x00,0x2B,
    0xAF,0xFF,0xFF,0xFC,0xFE,0xFF,0xFF,0xFF,0xFF,0xFF,0xFF,0xFF,0xFF,0xFF,0xFF,0xFF,
    0xFF,0xFF,0xFF,0xFF,0xFF,0xFF,0xFF,0xFF,0xFF,0xFF,0xFF,0xFF,0xFF,0xFF,0xFF,0xFF,
    0xFF,0xFF,0xFF,0xFF,0xFF,0xFF,0xFF,0xFF,0xFF,0xFF,0xFF,0xFF,0xFF,0xFE,0xFC,0xFF,
    0xFF,0xAF,0x2B,0x00,0x03,0x02,0x00,0x00,0x00,0x00,0x00,0x00,0x00,0x00,0x00,0x00,
    0x00,0x00,0x00,0x00,0x00,0x00,0x00,0x00,0x00,0x00,0x00,0x00,0x00,0x00,0x00,0x00,
    0x00,0x00,0x00,0x00,0x00,0x00,0x00,0x00,0x04,0x00,0x05,0x59,0xDD,0xFF,0xFF,0xFA,
    0xFD,0xFF,0xFF,0xFF,0xFF,0xFF,0xFF,0xFF,0xFF,0xFF,0xFF,0xFF,0xFF,0xFF,0xFF,0xFF,
    0xFF,0xFF,0xFF,0xFF,0xFF,0xFF,0xFF,0xFF,0xFF,0xFF,0xFF,0xFF,0xFF,0xFF,0xFF,0xFF,
    0xFF,0xFF,0xFF,0xFF,0xFF,0xFD,0xFA,0xFF,0xFF,0xDD,0x59,0x05,0x00,0x04,0x00,0x00,
    0x00,0x00,0x00,0x00,0x00,0x00,0x00,0x00,0x00,0x00,0x00,0x00,0x00,0x00,0x00,0x00,
    0x00,0x00,0x00,0x00,0x00,0x00,0x00,0x00,0x00,0x00,0x00,0x00,0x00,0x00,0x00,0x00,
    0x00,0x00,0x00,0x03,0x02,0x00,0x17,0x83,0xE7,0xFF,0xFF,0xFB,0xFD,0xFF,0xFF,0xFF,
    0xFF,0xFF,0xFF,0xFF,0xFF,0xFF,0xFF,0xFF,0xFF,0xFF,0xFF,0xFF,0xFF,0xFF,0xFF,0xFF,
    0xFF,0xFF,0xFF,0xFF,0xFF,0xFF,0xFF,0xFF,0xFF,0xFF,0xFF,0xFF,0xFF,0xFD,0xFB,0xFF,
    0xFF,0xE7,0x83,0x17,0x00,0x02,0x03,0x00,0x00,0x00,0x00,0x00,0x00,0x00,0x00,0x00,
    0x00,0x00,0x00,0x00,0x00,0x00,0x00,0x00,0x00,0x00,0x00,0x00,0x00,0x00,0x00,0x00,
    0x00,0x00,0x00,0x00,0x00,0x00,0x00,0x00,0x00,0x00,0x00,0x00,0x00,0x00,0x01,0x03,
    0x00,0x00,0x2C,0x88,0xE0,0xFF,0xFF,0xFF,0xFC,0xFD,0xFE,0xFF,0xFF,0xFF,0xFF,0xFF,
    0xFF,0xFF,0xFF,0xFF,0xFF,0xFF,0xFF,0xFF,0xFF,0xFF,0xFF,0xFF,0xFF,0xFF,0xFF,0xFF,
    0xFF,0xFF,0xFF,0xFE,0xFD,0xFC,0xFF,0xFF,0xFF,0xE0,0x88,0x2C,0x00,0x00,0x03,0x01,
    0x00,0x00,0x00,0x00,0x00,0x00,0x00,0x00,0x00,0x00,0x00,0x00,0x00,0x00,0x00,0x00,
    0x00,0x00,0x00,0x00,0x00,0x00,0x00,0x00,0x00,0x00,0x00,0x00,0x00,0x00,0x00,0x00,
    0x00,0x00,0x00,0x00,0x00,0x00,0x00,0x00,0x00,0x00,0x01,0x04,0x00,0x00,0x1F,0x71,
    0xCF,0xFD,0xFF,0xFF,0xFE,0xFA,0xFB,0xFD,0xFE,0xFF,0xFF,0xFF,0xFF,0xFF,0xFF,0xFF,
    0xFF,0xFF,0xFF,0xFF,0xFF,0xFF,0xFF,0xFF,0xFF,0xFE,0xFD,0xFB,0xFA,0xFE,0xFF,0xFF,
    0xFD,0xCF,0x71,0x1F,0x00,0x00,0x04,0x01,0x00,0x00,0x00,0x00,0x00,0x00,0x00,0x00,
    0x00,0x00,0x00,0x00,0x00,0x00,0x00,0x00,0x00,0x00,0x00,0x00,0x00,0x00,0x00,0x00,
    0x00,0x00,0x00,0x00,0x00,0x00,0x00,0x00,0x00,0x00,0x00,0x00,0x00,0x00,0x00,0x00,
    0x00,0x00,0x00,0x00,0x00,0x00,0x03,0x05,0x00,0x00,0x09,0x44,0x95,0xD5,0xF8,0xFF,
    0xFF,0xFF,0xFE,0xFC,0xFC,0xFC,0xFD,0xFE,0xFF,0xFF,0xFF,0xFF,0xFF,0xFF,0xFE,0xFD,
    0xFC,0xFC,0xFC,0xFE,0xFF,0xFF,0xFF,0xF8,0xD5,0x95,0x44,0x09,0x00,0x00,0x05,0x03,
    0x00,0x00,0x00,0x00,0x00,0x00,0x00,0x00,0x00,0x00,0x00,0x00,0x00,0x00,0x00,0x00,
    0x00,0x00,0x00,0x00,0x00,0x00,0x00,0x00,0x00,0x00,0x00,0x00,0x00,0x00,0x00,0x00,
    0x00,0x00,0x00,0x00,0x00,0x00,0x00,0x00,0x00,0x00,0x00,0x00,0x00,0x00,0x00,0x00,
    0x00,0x00,0x02,0x02,0x00,0x00,0x00,0x0F,0x49,0x7B,0xAC,0xD9,0xF9,0xFF,0xFF,0xFF,
    0xFF,0xFF,0xFF,0xFF,0xFF,0xFF,0xFF,0xFF,0xFF,0xFF,0xFF,0xFF,0xFF,0xF9,0xD9,0xAC,
    0x7B,0x49,0x0F,0x00,0x00,0x00,0x02,0x02,0x00,0x00,0x00,0x00,0x00,0x00,0x00,0x00,
    0x00,0x00,0x00,0x00,0x00,0x00,0x00,0x00,0x00,0x00,0x00,0x00,0x00,0x00,0x00,0x00,
    0x00,0x00,0x00,0x00,0x00,0x00,0x00,0x00,0x00,0x00,0x00,0x00,0x00,0x00,0x00,0x00,
    0x00,0x00,0x00,0x00,0x00,0x00,0x00,0x00,0x00,0x00,0x00,0x00,0x00,0x00,0x00,0x03,
    0x04,0x00,0x00,0x00,0x02,0x1E,0x36,0x61,0x91,0xAE,0xD3,0xD9,0xF6,0xFF,0xFE,0xFE,
    0xFF,0xF6,0xD9,0xD3,0xAE,0x91,0x61,0x36,0x1E,0x02,0x00,0x00,0x00,0x04,0x03,0x00,
    0x00,0x00,0x00,0x00,0x00,0x00,0x00,0x00,0x00,0x00,0x00,0x00,0x00,0x00,0x00,0x00,
    0x00,0x00,0x00,0x00,0x00,0x00,0x00,0x00,0x00,0x00,0x00,0x00,
};

const lv_image_dsc_t app_icon_present = {
    .header = {
        .magic  = LV_IMAGE_HEADER_MAGIC,
        .cf     = LV_COLOR_FORMAT_RGB565A8,
        .flags  = 0,
        .w      = 90,
        .h      = 90,
        .stride = 180,
    },
    .data_size = sizeof(app_icon_present_map),
    .data      = app_icon_present_map,
};
